fonKodu,fonUnvan,fonTipi,fonSinifi,durum,kurucu,fundOid,kategori,kategoriKaynak
AAJ,AGESA HAYAT VE EMEKLİLİK A.Ş. OKS STANDART EMEKLİLİK YATIRIM FONU,OKS,DG,faal,AGESA HAYAT VE EMEKLİLİK A.Ş.,4028328c5fc60da8016077d53b7b311c,Diğer,unvan
AAL,ATA PORTFÖY PARA PİYASASI (TL) FONU,YF,DG,faal,ATA PORTFÖY YÖNETİMİ A.Ş.,33E5FED7E36300EAE0530A4A622B2AEA,Para Piyasası,unvan
AAS,ATA PORTFÖY FON SEPETİ SERBEST FON,YF,SF,faal,ATA PORTFÖY YÖNETİMİ A.Ş.,33E5FED7E74300EAE0530A4A622B2AEA,Fon Sepeti,unvan
AAV,ATA PORTFÖY İKİNCİ HİSSE SENEDİ (TL) FONU (HİSSE SENEDİ YOĞUN FON),YF,HS,faal,ATA PORTFÖY YÖNETİMİ A.Ş.,33E5FED7EE3700EAE0530A4A622B2AEA,Hisse Senedi,unvan
AB1,AKFEN GAYRİMENKUL VE GİRİŞİM SERMAYESİ PORTFÖY YÖNETİMİ A.Ş. BİRİNCİ GAYRİMENKUL YATIRIM FONU,GMF,DG,faal,AKFEN GAYRİMENKUL VE GİRİŞİM SERMAYESİ PORTFÖY YÖNETİMİ A.Ş.,4028328d65442dfb016580b17cfe42b7,Diğer,unvan
AB2,ALLBATROSS PORTFÖY YÖNETİMİ A.Ş. İKİNCİ GAYRİMENKUL YATIRIM FONU,GMF,DG,faal,ALLBATROSS PORTFÖY YÖNETİMİ A.Ş.,4028328c93c3b40d0193f36292cd4da8,Diğer,unvan
AB5,AK PORTFÖY ÖZEL SEKTÖR BORÇLANMA ARAÇLARINA YATIRIM YAPAN %115 ANAPARA KORUMA AMAÇLI ALTMIŞBEŞİNCİ FON,YF,DG,faal,AK PORTFÖY YÖNETİMİ A.Ş.,4028328d9d7b24c9019df89f7d2e0ead,Borçlanma Araçları,unvan
ABE,ANADOLU HAYAT EMEKLİLİK A.Ş. S&P 500 YABANCI BYF FON SEPETİ EMEKLİLİK YATIRIM FONU,EYF,DG,faal,ANADOLU HAYAT EMEKLİLİK A.Ş.,33E5FED7EE7300EAE0530A4A622B2AEA,Fon Sepeti,unvan
ABG,ATLAS PORTFÖY DÖRDÜNCÜ SERBEST (TL) FON,YF,SF,faal,ATLAS PORTFÖY YÖNETİMİ A.Ş.,4028328d8305029e01837f6087017ae8,Serbest,unvan
ABH,PARDUS PORTFÖY YÖNETİMİ A.Ş. PARDUS TEKNOLOJİ GİRİŞİM SERMAYESİ YATIRIM FONU,GSF,DG,faal,PARDUS PORTFÖY YÖNETİMİ A.Ş.,4028328d80e91791018128e4ef2c1791,Diğer,unvan
ABJ,ALLBATROSS PORTFÖY BENZ HİSSE SENEDİ SERBEST (TL) ÖZEL FON (HİSSE SENEDİ YOĞUN FON),YF,HS,faal,ALLBATROSS PORTFÖY YÖNETİMİ A.Ş.,4028328c84686b410184855f32316c02,Hisse Senedi,unvan
ABM,PARDUS PORTFÖY YÖNETİMİ A.Ş. PARDUS VİZYON GİRİŞİM SERMAYESİ YATIRIM FONU,GSF,DG,faal,PARDUS PORTFÖY YÖNETİMİ A.Ş.,4028328d80e91791018128e5cf7317a0,Diğer,unvan
ABS,AK PORTFÖY ÖPY MUTLAK GETİRİ HEDEFLİ SERBEST ÖZEL FON,YF,SF,faal,AK PORTFÖY YÖNETİMİ A.Ş.,33E5FED7E76700EAE0530A4A622B2AEA,Serbest,unvan
ABU,AK PORTFÖY BİREBİR BANKACILIK DEĞİŞKEN ÖZEL FON,YF,DG,faal,AK PORTFÖY YÖNETİMİ A.Ş.,33E5FED7EE5300EAE0530A4A622B2AEA,Değişken,unvan
ABW,AZİMUT PORTFÖY YÖNETİMİ A.Ş. BLUE WORLD GİRİŞİM SERMAYESİ YATIRIM FONU,GSF,DG,faal,AZİMUT PORTFÖY YÖNETİMİ A.Ş.,4028328d9373bab00193bfce38174c31,Diğer,unvan
ABZ,ALBARAKA PORTFÖY YÖNETİMİ A.Ş. DOKUZUNCU KARMA GAYRİMENKUL YATIRIM FONU,GMF,DG,faal,ALBARAKA PORTFÖY YÖNETİMİ A.Ş.,4028328d86d233bf01880fd290ff2c56,Karma,unvan
AC1,PARDUS PORTFÖY KISA VADELİ KATILIM SERBEST FON,YF,KTF,faal,PARDUS PORTFÖY YÖNETİMİ A.Ş.,4028328d838f7dce0183f5f4ad6b66f6,Kısa Vadeli Borçlanma,unvan
AC2,PARDUS PORTFÖY İKİNCİ SERBEST FON,YF,SF,faal,PARDUS PORTFÖY YÖNETİMİ A.Ş.,4028328d838f7dce0183f5edaecc668f,Serbest,unvan
AC3,PARDUS PORTFÖY ÜÇÜNCÜ SERBEST (DÖVİZ) FON,YF,SF,faal,PARDUS PORTFÖY YÖNETİMİ A.Ş.,4028328d838f7dce0183f5f1b5aa66d4,Serbest,unvan
AC4,PARDUS PORTFÖY PARA PİYASASI (TL) FON,YF,DG,faal,PARDUS PORTFÖY YÖNETİMİ A.Ş.,4028328d838f7dce0183f5fb2d366769,Para Piyasası,unvan
AC5,PARDUS PORTFÖY İSTATİSTİKSEL ARBİTRAJ HİSSE SENEDİ SERBEST (TL) FON (HİSSE SENEDİ YOĞUN FON),YF,HS,faal,PARDUS PORTFÖY YÖNETİMİ A.Ş.,4028328d838f7dce0183f5f3bd3066e6,Hisse Senedi,unvan
AC6,PARDUS PORTFÖY DÖRDÜNCÜ SERBEST (DÖVİZ) FON,YF,SF,faal,PARDUS PORTFÖY YÖNETİMİ A.Ş.,4028328c84686b410184e75606b834f2,Serbest,unvan
AC7,PARDUS PORTFÖY BİRİNCİ HİSSE SENEDİ SERBEST (TL) FON (HİSSE SENEDİ YOĞUN FON),YF,HS,faal,PARDUS PORTFÖY YÖNETİMİ A.Ş.,4028328c84686b410184e77902a4366c,Hisse Senedi,unvan
AC8,PARDUS PORTFÖY İKİNCİ HİSSE SENEDİ SERBEST (TL) FON (HİSSE SENEDİ YOĞUN FON),YF,HS,faal,PARDUS PORTFÖY YÖNETİMİ A.Ş.,4028328c84686b410184e778dfda365f,Hisse Senedi,unvan
ACC,İSTANBUL PORTFÖY DÖRDÜNCÜ HİSSE SENEDİ FONU (HİSSE SENEDİ YOĞUN FON),YF,HS,faal,İSTANBUL PORTFÖY YÖNETİMİ A.Ş.,4028328c55a2cb380155e8ee23a61563,Hisse Senedi,unvan
ACD,İSTANBUL PORTFÖY İKİNCİ DEĞİŞKEN FON,YF,DG,faal,İSTANBUL PORTFÖY YÖNETİMİ A.Ş.,33E5FED7E6E300EAE0530A4A622B2AEA,Değişken,unvan
ACF,İSTANBUL PORTFÖY YÖNETİMİ A.Ş. LOGO VENTURES GİRİŞİM SERMAYESİ YATIRIM FONU,GSF,DG,faal,İSTANBUL PORTFÖY YÖNETİMİ A.Ş.,4028328d767bb19d0176b8e448493879,Diğer,unvan
ACG,İSTANBUL PORTFÖY YÖNETİMİ A.Ş. ACTUS GAZİANTEP ENTEGRE SAĞLIK KAMPÜSÜ PPP GİRİŞİM SERMAYESİ YATIRIM FONU,GSF,DG,faal,İSTANBUL PORTFÖY YÖNETİMİ A.Ş.,4028328d767bb19d0176b8e1fd1d3854,Diğer,unvan
ACN,İSTANBUL PORTFÖY LİDYA SERBEST (DÖVİZ) FON,YF,SF,faal,İSTANBUL PORTFÖY YÖNETİMİ A.Ş.,4028328c610a7f0001612c5936cf6ede,Serbest,unvan
ACU,İSTANBUL PORTFÖY URARTU SERBEST (DÖVİZ) FON,YF,SF,faal,İSTANBUL PORTFÖY YÖNETİMİ A.Ş.,4028328c6233239d01626c46dd551663,Serbest,unvan
ACV,ALLIANZ YAŞAM VE EMEKLİLİK A.Ş. BAŞLANGIÇ KATILIM EMEKLİLİK YATIRIM FONU,OKS,DG,faal,ALLIANZ YAŞAM VE EMEKLİLİK A.Ş.,4028328d594ca01e01594f96c0311332,Katılım,unvan
AD4,AK PORTFÖY ÖZEL SEKTÖR BORÇLANMA ARAÇLARINA YATIRIM YAPAN %115 ANAPARA KORUMA AMAÇLI ALTMIŞDÖRDÜNCÜ FON,YF,DG,faal,AK PORTFÖY YÖNETİMİ A.Ş.,4028328d9d7b24c9019df89faa340eb8,Borçlanma Araçları,unvan
ADE,AK PORTFÖY MUTLAK GETİRİ HEDEFLİ DEĞİŞKEN FON,YF,DG,faal,AK PORTFÖY YÖNETİMİ A.Ş.,33E5FED7E3F700EAE0530A4A622B2AEA,Değişken,unvan
ADP,AK PORTFÖY BIST BANKA ENDEKSİ HİSSE SENEDİ (TL) FONU (HİSSE SENEDİ YOĞUN FON),YF,HS,faal,AK PORTFÖY YÖNETİMİ A.Ş.,33E5FED7E65300EAE0530A4A622B2AEA,Hisse Senedi,unvan
AE1,AGESA HAYAT VE EMEKLİLİK A.Ş. BİRİNCİ PARA PİYASASI EMEKLİLİK YATIRIM FONU,EYF,,faal,AGESA HAYAT VE EMEKLİLİK A.Ş.,33E5FED7EB3700EAE0530A4A622B2AEA,Para Piyasası,unvan
AE2,AGESA HAYAT VE EMEKLİLİK A.Ş. BORÇLANMA ARAÇLARI EMEKLİLİK YATIRIM FONU,EYF,,faal,AGESA HAYAT VE EMEKLİLİK A.Ş.,33E5FED7EB3B00EAE0530A4A622B2AEA,Borçlanma Araçları,unvan
AE3,AGESA HAYAT VE EMEKLİLİK A.Ş. DİNAMİK DEĞİŞKEN EMEKLİLİK YATIRIM FONU,EYF,,faal,AGESA HAYAT VE EMEKLİLİK A.Ş.,33E5FED7EB3F00EAE0530A4A622B2AEA,Değişken,unvan
AEA,ANADOLU HAYAT EMEKLİLİK A.Ş. ALTIN KATILIM EMEKLİLİK YATIRIM FONU,EYF,,faal,ANADOLU HAYAT EMEKLİLİK A.Ş.,33E5FED7ED6300EAE0530A4A622B2AEA,Kıymetli Madenler,unvan
AEB,AGESA HAYAT VE EMEKLİLİK A.Ş. HİSSE SENEDİ GRUP EMEKLİLİK YATIRIM FONU,EYF,,faal,AGESA HAYAT VE EMEKLİLİK A.Ş.,33E5FED7EB4F00EAE0530A4A622B2AEA,Hisse Senedi,unvan
AEC,ALLIANZ YAŞAM VE EMEKLİLİK A.Ş. UNİLEVER BİRİNCİ DEĞİŞKEN GRUP EMEKLİLİK YATIRIM FONU,EYF,,faal,ALLIANZ YAŞAM VE EMEKLİLİK A.Ş.,33E5FED7EF6F00EAE0530A4A622B2AEA,Değişken,unvan
AED,ATA PORTFÖY BİRİNCİ DEĞİŞKEN FON,YF,DG,faal,ATA PORTFÖY YÖNETİMİ A.Ş.,33E5FED7E73F00EAE0530A4A622B2AEA,Değişken,unvan
AEH,AGESA HAYAT VE EMEKLİLİK A.Ş. HİSSE SENEDİ EMEKLİLİK YATIRIM FONU,EYF,,faal,AGESA HAYAT VE EMEKLİLİK A.Ş.,33E5FED7EB4700EAE0530A4A622B2AEA,Hisse Senedi,unvan
AEI,AGESA HAYAT VE EMEKLİLİK A.Ş. KATKI EMEKLİLİK YATIRIM FONU,EYF,,faal,AGESA HAYAT VE EMEKLİLİK A.Ş.,33E5FED7EB5F00EAE0530A4A622B2AEA,Diğer,unvan
AEK,AGESA HAYAT VE EMEKLİLİK A.Ş. BORÇLANMA ARAÇLARI GRUP EMEKLİLİK YATIRIM FONU,EYF,,faal,AGESA HAYAT VE EMEKLİLİK A.Ş.,33E5FED7EB4B00EAE0530A4A622B2AEA,Borçlanma Araçları,unvan
AEN,ALLIANZ YAŞAM VE EMEKLİLİK A.Ş. ÖZEL SEKTÖR BORÇLANMA ARAÇLARI EMEKLİLİK YATIRIM FONU,EYF,,faal,ALLIANZ YAŞAM VE EMEKLİLİK A.Ş.,33E5FED7EEF300EAE0530A4A622B2AEA,Borçlanma Araçları,unvan
AEP,ALLIANZ YAŞAM VE EMEKLİLİK A.Ş. UNİLEVER İKİNCİ DEĞİŞKEN GRUP EMEKLİLİK YATIRIM FONU,EYF,,faal,ALLIANZ YAŞAM VE EMEKLİLİK A.Ş.,33E5FED7EF7300EAE0530A4A622B2AEA,Değişken,unvan
AER,ANADOLU HAYAT EMEKLİLİK A.Ş. KATILIM KATKI EMEKLİLİK YATIRIM FONU,EYF,,faal,ANADOLU HAYAT EMEKLİLİK A.Ş.,33E5FED7EE8700EAE0530A4A622B2AEA,Katılım,unvan
AES,AK PORTFÖY PETROL YABANCI BYF FON SEPETİ FONU,YF,DG,faal,AK PORTFÖY YÖNETİMİ A.Ş.,33E5FED7E76F00EAE0530A4A622B2AEA,Fon Sepeti,unvan
AET,ANADOLU HAYAT EMEKLİLİK A.Ş. KATKI EMEKLİLİK YATIRIM FONU,EYF,,faal,ANADOLU HAYAT EMEKLİLİK A.Ş.,33E5FED7ED6700EAE0530A4A622B2AEA,Diğer,unvan
AEU,ALLIANZ YAŞAM VE EMEKLİLİK A.Ş. BIST TEMETTÜ ENDEKSİ EMEKLİLİK YATIRIM FONU,EYF,,faal,ALLIANZ YAŞAM VE EMEKLİLİK A.Ş.,33E5FED7EEF700EAE0530A4A622B2AEA,Diğer,unvan
AEV,ALLBATROSS PORTFÖY SANAYİ ŞİRKETLERİ HİSSE SENEDİ (TL) FONU (HİSSE SENEDİ YOĞUN FON),YF,HS,faal,ALLBATROSS PORTFÖY YÖNETİMİ A.Ş.,4028328d86d233be0187506436f7058d,Hisse Senedi,unvan
AEY,VIENNALIFE EMEKLİLİK VE HAYAT A.Ş. KATKI EMEKLİLİK YATIRIM FONU,EYF,DG,faal,VIENNALIFE EMEKLİLİK VE HAYAT A.Ş.,33E5FED7EF1300EAE0530A4A622B2AEA,Diğer,unvan
AEZ,ALLIANZ YAŞAM VE EMEKLİLİK A.Ş. YAPI KREDİ FON SEPETİ EMEKLİLİK YATIRIM FONU,EYF,,faal,ALLIANZ YAŞAM VE EMEKLİLİK A.Ş.,33E5FED7F16B00EAE0530A4A622B2AEA,Fon Sepeti,unvan
AFA,AK PORTFÖY AMERİKA YABANCI HİSSE SENEDİ FONU,YF,DG,faal,AK PORTFÖY YÖNETİMİ A.Ş.,33E5FED7E40B00EAE0530A4A622B2AEA,Hisse Senedi,unvan
AFH,ANADOLU HAYAT EMEKLİLİK A.Ş. OKS STANDART EMEKLİLİK YATIRIM FONU,OKS,DG,faal,ANADOLU HAYAT EMEKLİLİK A.Ş.,4028328d5fc61027016072a954797e68,Diğer,unvan
AFJ,ALLIANZ YAŞAM VE EMEKLİLİK A.Ş. OKS TEMKİNLİ DEĞİŞKEN EMEKLİLİK YATIRIM FONU,OKS,DG,faal,ALLIANZ YAŞAM VE EMEKLİLİK A.Ş.,4028328c5c459c6f015cc45de0f5395e,Değişken,unvan
AFO,AK PORTFÖY ALTIN FONU,YF,DG,faal,AK PORTFÖY YÖNETİMİ A.Ş.,33E5FED7E76B00EAE0530A4A622B2AEA,Kıymetli Madenler,unvan
AFP,ANADOLU HAYAT EMEKLİLİK A.Ş. OKS KATILIM STANDART EMEKLİLİK YATIRIM FONU,OKS,DG,faal,ANADOLU HAYAT EMEKLİLİK A.Ş.,4028328d5fc61027016072aa5aa07e8d,Katılım,unvan
AFS,AK PORTFÖY SAĞLIK SEKTÖRÜ YABANCI HİSSE SENEDİ FONU,YF,DG,faal,AK PORTFÖY YÖNETİMİ A.Ş.,33E5FED7E40700EAE0530A4A622B2AEA,Hisse Senedi,unvan
AFT,AK PORTFÖY YENİ TEKNOLOJİLER YABANCI HİSSE SENEDİ FONU,YF,DG,faal,AK PORTFÖY YÖNETİMİ A.Ş.,33E5FED7E77300EAE0530A4A622B2AEA,Hisse Senedi,unvan
AFV,AK PORTFÖY AVRUPA YABANCI HİSSE SENEDİ FONU,YF,DG,faal,AK PORTFÖY YÖNETİMİ A.Ş.,33E5FED7E3FF00EAE0530A4A622B2AEA,Hisse Senedi,unvan
AG1,ANADOLU HAYAT EMEKLİLİK A.Ş. İKİNCİ BORÇLANMA ARAÇLARI GRUP EMEKLİLİK YATIRIM FONU,EYF,,faal,ANADOLU HAYAT EMEKLİLİK A.Ş.,33E5FED7ED4F00EAE0530A4A622B2AEA,Borçlanma Araçları,unvan
AG2,ANADOLU HAYAT EMEKLİLİK A.Ş. BORÇLANMA ARAÇLARI GRUP EMEKLİLİK YATIRIM FONU,EYF,,faal,ANADOLU HAYAT EMEKLİLİK A.Ş.,33E5FED7ED5300EAE0530A4A622B2AEA,Borçlanma Araçları,unvan
AG3,ANADOLU HAYAT EMEKLİLİK A.Ş. HİSSE SENEDİ GRUP EMEKLİLİK YATIRIM FONU,EYF,,faal,ANADOLU HAYAT EMEKLİLİK A.Ş.,33E5FED7ED5700EAE0530A4A622B2AEA,Hisse Senedi,unvan
AG4,ANADOLU HAYAT EMEKLİLİK A.Ş. TEMKİNLİ DEĞİŞKEN GRUP EMEKLİLİK YATIRIM FONU,EYF,,faal,ANADOLU HAYAT EMEKLİLİK A.Ş.,33E5FED7EE7B00EAE0530A4A622B2AEA,Değişken,unvan
AG7,ALBARAKA PORTFÖY YÖNETİMİ A.Ş. METROPOL GAYRİMENKUL YATIRIM FONU,GMF,DG,faal,ALBARAKA PORTFÖY YÖNETİMİ A.Ş.,4028328d65fd445501660f896cb817ab,Diğer,unvan
AG9,ALBARAKA PORTFÖY YÖNETİMİ A.Ş. CONTRA TEKNOLOJİ GİRİŞİM SERMAYESİ FONU,GSF,DG,faal,ALBARAKA PORTFÖY YÖNETİMİ A.Ş.,4028328d7707357e01771fa873864c8d,Diğer,unvan
AGA,BEREKET EMEKLİLİK VE HAYAT A.Ş. ALTIN KATILIM EMEKLİLİK YATIRIM FONU,EYF,,faal,BEREKET EMEKLİLİK VE HAYAT A.Ş.,33E5FED7EB6B00EAE0530A4A622B2AEA,Kıymetli Madenler,unvan
AGB,BEREKET EMEKLİLİK VE HAYAT A.Ş. BÜYÜME KATILIM DEĞİŞKEN EMEKLİLİK YATIRIM FONU,EYF,,faal,BEREKET EMEKLİLİK VE HAYAT A.Ş.,33E5FED7EB6F00EAE0530A4A622B2AEA,Katılım,unvan
AGC,AK PORTFÖY İKİNCİ DEĞİŞKEN FON,YF,DG,faal,AK PORTFÖY YÖNETİMİ A.Ş.,4028328c67565bc501677e6f339e0687,Değişken,unvan
AGD,BEREKET EMEKLİLİK VE HAYAT A.Ş. KATILIM STANDART EMEKLİLİK YATIRIM FONU,EYF,,faal,BEREKET EMEKLİLİK VE HAYAT A.Ş.,33E5FED7EE8B00EAE0530A4A622B2AEA,Katılım,unvan
AGE,ANADOLU HAYAT EMEKLİLİK A.Ş. KATILIM STANDART EMEKLİLİK YATIRIM FONU,EYF,,faal,ANADOLU HAYAT EMEKLİLİK A.Ş.,33E5FED7EE6F00EAE0530A4A622B2AEA,Katılım,unvan
AGG,BEREKET EMEKLİLİK VE HAYAT A.Ş. KATILIM DEĞİŞKEN GRUP EMEKLİLİK YATIRIM FONU,EYF,,faal,BEREKET EMEKLİLİK VE HAYAT A.Ş.,33E5FED7EB7300EAE0530A4A622B2AEA,Katılım,unvan
AGH,BEREKET EMEKLİLİK VE HAYAT A.Ş. KATILIM HİSSE SENEDİ EMEKLİLİK YATIRIM FONU,EYF,,faal,BEREKET EMEKLİLİK VE HAYAT A.Ş.,33E5FED7EB7700EAE0530A4A622B2AEA,Hisse Senedi,unvan
AGM,BEREKET EMEKLİLİK VE HAYAT A.Ş. MUHAFAZAKAR KATILIM DEĞİŞKEN EMEKLİLİK YATIRIM FONU,EYF,,faal,BEREKET EMEKLİLİK VE HAYAT A.Ş.,33E5FED7EB7B00EAE0530A4A622B2AEA,Katılım,unvan
AGN,AK PORTFÖY YÖNETİMİ A.Ş. BİRİNCİ GİRİŞİM SERMAYESİ YATIRIM FONU,GSF,DG,faal,AK PORTFÖY YÖNETİMİ A.Ş.,4028328d767bb19d01768ad14893508d,Diğer,unvan
AGT,BEREKET EMEKLİLİK VE HAYAT A.Ş. KATILIM KATKI EMEKLİLİK YATIRIM FONU,EYF,,faal,BEREKET EMEKLİLİK VE HAYAT A.Ş.,33E5FED7EB7F00EAE0530A4A622B2AEA,Katılım,unvan
AH1,ANADOLU HAYAT EMEKLİLİK A.Ş. İKİNCİ BORÇLANMA ARAÇLARI EMEKLİLİK YATIRIM FONU,EYF,,faal,ANADOLU HAYAT EMEKLİLİK A.Ş.,33E5FED7ED3700EAE0530A4A622B2AEA,Borçlanma Araçları,unvan
AH2,ANADOLU HAYAT EMEKLİLİK A.Ş. PARA PİYASASI EMEKLİLİK YATIRIM FONU,EYF,,faal,ANADOLU HAYAT EMEKLİLİK A.Ş.,33E5FED7ED3B00EAE0530A4A622B2AEA,Para Piyasası,unvan
AH3,ANADOLU HAYAT EMEKLİLİK A.Ş. BİRİNCİ KAMU DIŞ BORÇLANMA ARAÇLARI EMEKLİLİK YATIRIM FONU,EYF,,faal,ANADOLU HAYAT EMEKLİLİK A.Ş.,33E5FED7ED3F00EAE0530A4A622B2AEA,Borçlanma Araçları,unvan
AH4,ANADOLU HAYAT EMEKLİLİK A.Ş. İKİNCİ KAMU DIŞ BORÇLANMA ARAÇLARI EMEKLİLİK YATIRIM FONU,EYF,,faal,ANADOLU HAYAT EMEKLİLİK A.Ş.,33E5FED7ED4300EAE0530A4A622B2AEA,Borçlanma Araçları,unvan
AH5,ANADOLU HAYAT EMEKLİLİK A.Ş. HİSSE SENEDİ EMEKLİLİK YATIRIM FONU,EYF,,faal,ANADOLU HAYAT EMEKLİLİK A.Ş.,33E5FED7ED4700EAE0530A4A622B2AEA,Hisse Senedi,unvan
AH6,ANADOLU HAYAT EMEKLİLİK A.Ş. BİRİNCİ DEĞİŞKEN EMEKLİLİK YATIRIM FONU,EYF,,faal,ANADOLU HAYAT EMEKLİLİK A.Ş.,33E5FED7EE5F00EAE0530A4A622B2AEA,Değişken,unvan
AH8,ANADOLU HAYAT EMEKLİLİK A.Ş. KARMA EMEKLİLİK YATIRIM FONU,EYF,,faal,ANADOLU HAYAT EMEKLİLİK A.Ş.,33E5FED7EE6300EAE0530A4A622B2AEA,Karma,unvan
AH9,ANADOLU HAYAT EMEKLİLİK A.Ş. ATAK DEĞİŞKEN EMEKLİLİK YATIRIM FONU,EYF,,faal,ANADOLU HAYAT EMEKLİLİK A.Ş.,33E5FED7EE6700EAE0530A4A622B2AEA,Değişken,unvan
AHB,ANADOLU HAYAT EMEKLİLİK A.Ş. İKİNCİ HİSSE SENEDİ EMEKLİLİK YATIRIM FONU,EYF,,faal,ANADOLU HAYAT EMEKLİLİK A.Ş.,33E5FED7EE8300EAE0530A4A622B2AEA,Hisse Senedi,unvan
AHC,ANADOLU HAYAT EMEKLİLİK A.Ş. ÖZEL SEKTÖR BORÇLANMA ARAÇLARI EMEKLİLİK YATIRIM FONU,EYF,,faal,ANADOLU HAYAT EMEKLİLİK A.Ş.,33E5FED7EE7700EAE0530A4A622B2AEA,Borçlanma Araçları,unvan
AHH,AZİMUT PORTFÖY DİNAMİK DAĞILIMLI SERBEST FON,YF,SF,faal,AZİMUT PORTFÖY YÖNETİMİ A.Ş.,4028328d5fc610270160503b396a5fef,Serbest,unvan
AHI,ATLAS PORTFÖY BİRİNCİ HİSSE SENEDİ FONU (HİSSE SENEDİ YOĞUN FON),YF,HS,faal,ATLAS PORTFÖY YÖNETİMİ A.Ş.,33E5FED7E32B00EAE0530A4A622B2AEA,Hisse Senedi,unvan
AHJ,AGESA HAYAT VE EMEKLİLİK A.Ş. BAŞLANGIÇ EMEKLİLİK YATIRIM FONU,OKS,DG,faal,AGESA HAYAT VE EMEKLİLİK A.Ş.,4028328c595ae6b801595f9f6ee4347f,Diğer,unvan
AHL,ANADOLU HAYAT EMEKLİLİK A.Ş. AGRESİF DEĞİŞKEN EMEKLİLİK YATIRIM FONU,EYF,,faal,ANADOLU HAYAT EMEKLİLİK A.Ş.,33E5FED7ED4B00EAE0530A4A622B2AEA,Değişken,unvan
AHN,ATLAS PORTFÖY SERBEST (DÖVİZ) FON,YF,SF,faal,ATLAS PORTFÖY YÖNETİMİ A.Ş.,4028328d552fd7b1015533e32aa50a56,Serbest,unvan
AHR,ALBARAKA PORTFÖY YÖNETİMİ A.Ş. ONUNCU KARMA GAYRİMENKUL YATIRIM FONU,GMF,DG,faal,ALBARAKA PORTFÖY YÖNETİMİ A.Ş.,4028328d86d233bf01880fcff3452b8e,Karma,unvan
AHU,ATLAS PORTFÖY BİRİNCİ ÖZEL SEKTÖR BORÇLANMA ARAÇLARI FONU,YF,DG,faal,ATLAS PORTFÖY YÖNETİMİ A.Ş.,4028328d5d88e96c015dcc92d1a17257,Borçlanma Araçları,unvan
AHV,AZİMUT PORTFÖY DENGELİ FON SEPETİ FONU,YF,SF,faal,AZİMUT PORTFÖY YÖNETİMİ A.Ş.,4028328d5fc610270160503a55785fdf,Fon Sepeti,unvan
AHZ,AZİMUT PORTFÖY ATAK FON SEPETİ SERBEST FON,YF,SF,faal,AZİMUT PORTFÖY YÖNETİMİ A.Ş.,4028328d5fc610270160503961335fcc,Fon Sepeti,unvan
AI1,ATA PORTFÖY BİRİNCİ İSTATİSTİKSEL ARBİTRAJ SERBEST FON,YF,SF,faal,ATA PORTFÖY YÖNETİMİ A.Ş.,4028328c998ee9d5019aa11db5d413b3,Serbest,unvan
AIE,ALLIANZ YAŞAM VE EMEKLİLİK A.Ş. OKS BÜYÜME KATILIM DEĞİŞKEN EMEKLİLİK YATIRIM FONU,OKS,DG,faal,ALLIANZ YAŞAM VE EMEKLİLİK A.Ş.,4028328c5c459c6f015cc46341da399f,Katılım,unvan
AIH,AK PORTFÖY RTH HİSSE SENEDİ SERBEST ÖZEL FON (HİSSE SENEDİ YOĞUN FON),YF,HS,faal,AK PORTFÖY YÖNETİMİ A.Ş.,4028328d5b3ef6c7015bf2dc3d656732,Hisse Senedi,unvan
AII,AZİMUT PORTFÖY ÇINAR SERBEST (DÖVİZ) ÖZEL FON,YF,SF,faal,AZİMUT PORTFÖY YÖNETİMİ A.Ş.,4028328c67f69c050168178e29707d7d,Serbest,unvan
AIM,AK PORTFÖY MİMKA HİSSE SENEDİ SERBEST ÖZEL FON (HİSSE SENEDİ YOĞUN FON),YF,HS,faal,AK PORTFÖY YÖNETİMİ A.Ş.,4028328d5b3ef6c7015bf2daa1ac66cd,Hisse Senedi,unvan
AIP,ALLIANZ YAŞAM VE EMEKLİLİK A.Ş. OKS AGRESİF KATILIM DEĞİŞKEN EMEKLİLİK YATIRIM FONU,OKS,DG,faal,ALLIANZ YAŞAM VE EMEKLİLİK A.Ş.,4028328c5c459c6f015cc4643ad839b0,Katılım,unvan
AIR,AZİMUT PORTFÖY ESİN SERBEST (DÖVİZ) ÖZEL FON,YF,SF,faal,AZİMUT PORTFÖY YÖNETİMİ A.Ş.,33E5FED7F08700EAE0530A4A622B2AEA,Serbest,unvan
AIS,AK PORTFÖY PARA PİYASASI KATILIM FONU,YF,KTF,faal,AK PORTFÖY YÖNETİMİ A.Ş.,33E5FED7EBFB00EAE0530A4A622B2AEA,Para Piyasası,unvan
AIV,ARZ GAYRİMENKUL VE GİRİŞİM SERMAYESİ PORTFÖY YÖNETİMİ A.Ş. BİRİNCİ GİRİŞİM SERMAYESİ YATIRIM FONU,GSF,DG,faal,ARZ GAYRİMENKUL VE GİRİŞİM SERMAYESİ PORTFÖY YÖNETİMİ A.Ş.,4028328d74f01f57017579c47a844c47,Diğer,unvan
AJ1,A1 CAPİTAL PORTFÖY İSTATİSTİKSEL ARBİTRAJ HİSSE SENEDİ SERBEST FON (HİSSE SENEDİ YOĞUN FON),YF,HS,faal,A1 CAPİTAL PORTFÖY YÖNETİMİ A.Ş.,4028328d98455cf6019898f3075d1ac0,Hisse Senedi,unvan
AJA,ANADOLU HAYAT EMEKLİLİK A.Ş. OKS AGRESİF DEĞİŞKEN EMEKLİLİK YATIRIM FONU,OKS,DG,faal,ANADOLU HAYAT EMEKLİLİK A.Ş.,4028328c5c459c6d015cc5090e575148,Değişken,unvan
AJB,ANADOLU HAYAT EMEKLİLİK A.Ş. OKS ATAK DEĞİŞKEN EMEKLİLİK YATIRIM FONU,OKS,DG,faal,ANADOLU HAYAT EMEKLİLİK A.Ş.,4028328c5c459c6d015cc507ed035139,Değişken,unvan
AJC,ANADOLU HAYAT EMEKLİLİK A.Ş. OKS DENGELİ DEĞİŞKEN EMEKLİLİK YATIRIM FONU,OKS,DG,faal,ANADOLU HAYAT EMEKLİLİK A.Ş.,4028328c5c459c6d015cc50702b35126,Değişken,unvan
AJE,AK PORTFÖY ÜÇÜNCÜ SERBEST (DÖVİZ) FON,YF,SF,faal,AK PORTFÖY YÖNETİMİ A.Ş.,4028328d63530eab01638319bce25143,Serbest,unvan
AJF,ANADOLU HAYAT EMEKLİLİK A.Ş. OKS TEMKİNLİ DEĞİŞKEN EMEKLİLİK YATIRIM FONU,OKS,DG,faal,ANADOLU HAYAT EMEKLİLİK A.Ş.,4028328c5c459c6d015cc505dcc95118,Değişken,unvan
AJG,ANADOLU HAYAT EMEKLİLİK A.Ş. OKS AGRESİF KATILIM DEĞİŞKEN EMEKLİLİK YATIRIM FONU,OKS,DG,faal,ANADOLU HAYAT EMEKLİLİK A.Ş.,4028328c5c459c6d015cc50ae9b35164,Katılım,unvan
AJH,ANADOLU HAYAT EMEKLİLİK A.Ş. OKS ATAK KATILIM DEĞİŞKEN EMEKLİLİK YATIRIM FONU,OKS,DG,faal,ANADOLU HAYAT EMEKLİLİK A.Ş.,4028328c5c459c6d015cc509f5875156,Katılım,unvan
AJK,AK PORTFÖY 0-5 YIL VADELİ SERBEST (DÖVİZ) FON,YF,SF,faal,AK PORTFÖY YÖNETİMİ A.Ş.,4028328d63530eab0163831816c75113,Serbest,unvan
AJL,AK PORTFÖY BEŞİNCİ SERBEST (DÖVİZ) FON,YF,SF,faal,AK PORTFÖY YÖNETİMİ A.Ş.,4028328d6cc2716d016cce104b001944,Serbest,unvan
AJN,AK PORTFÖY DÖRDÜNCÜ SERBEST (DÖVİZ) FON,YF,SF,faal,AK PORTFÖY YÖNETİMİ A.Ş.,4028328c6cc24aaa016cce0472641afa,Serbest,unvan
AJP,AXA HAYAT VE EMEKLİLİK A.Ş. OKS ATAK DEĞİŞKEN EMEKLİLİK YATIRIM FONU,OKS,DG,faal,AXA HAYAT VE EMEKLİLİK A.Ş.,4028328c5c459c6d015d2cc3cc0c5faa,Değişken,unvan
AJR,AXA HAYAT VE EMEKLİLİK A.Ş. OKS AGRESİF DEĞİŞKEN EMEKLİLİK YATIRIM FONU,OKS,DG,faal,AXA HAYAT VE EMEKLİLİK A.Ş.,4028328c5c459c6d015d2cc4ec3c601f,Değişken,unvan
AJT,AXA HAYAT VE EMEKLİLİK A.Ş. OKS TEMKİNLİ DEĞİŞKEN EMEKLİLİK YATIRIM FONU,OKS,DG,faal,AXA HAYAT VE EMEKLİLİK A.Ş.,4028328c5c459c6d015d2cc18ba65ed0,Değişken,unvan
AJV,AXA HAYAT VE EMEKLİLİK A.Ş. OKS DENGELİ DEĞİŞKEN EMEKLİLİK YATIRIM FONU,OKS,DG,faal,AXA HAYAT VE EMEKLİLİK A.Ş.,4028328c5c459c6d015d2cc279a85f20,Değişken,unvan
AJY,AXA HAYAT VE EMEKLİLİK A.Ş. OKS ATAK KATILIM DEĞİŞKEN EMEKLİLİK YATIRIM FONU,OKS,DG,faal,AXA HAYAT VE EMEKLİLİK A.Ş.,4028328c5c459c6d015d2cc73f2f612b,Katılım,unvan
AJZ,AXA HAYAT VE EMEKLİLİK A.Ş. OKS AGRESİF KATILIM DEĞİŞKEN EMEKLİLİK YATIRIM FONU,OKS,DG,faal,AXA HAYAT VE EMEKLİLİK A.Ş.,4028328c5c459c6d015d2cc5d3a56092,Katılım,unvan
AK2,AK PORTFÖY UZUN VADELİ BORÇLANMA ARAÇLARI FONU,YF,DG,faal,AK PORTFÖY YÖNETİMİ A.Ş.,33E5FED7E3F300EAE0530A4A622B2AEA,Borçlanma Araçları,unvan
AK3,AK PORTFÖY HİSSE SENEDİ (TL) FONU (HİSSE SENEDİ YOĞUN FON),YF,HS,faal,AK PORTFÖY YÖNETİMİ A.Ş.,33E5FED7E64F00EAE0530A4A622B2AEA,Hisse Senedi,unvan
AK4,AK PORTFÖY YÖNETİMİ A.Ş. BİRİNCİ TEKNOLOJİ GİRİŞİM SERMAYESİ YATIRIM FONU,GSF,DG,faal,AK PORTFÖY YÖNETİMİ A.Ş.,4028328d8563fe9f018586d9250a417f,Diğer,unvan
AK5,AK PORTFÖY YÖNETİMİ A.Ş. AKBANK VENTURE BUİLDER ÖZEL GİRİŞİM SERMAYESİ YATIRIM FONU,GSF,DG,faal,AK PORTFÖY YÖNETİMİ A.Ş.,4028328d8563fe9f018586fb868a44dc,Diğer,unvan
AK6,ALBARAKA PORTFÖY YÖNETİMİ A.Ş. ALTINCI KARMA GİRİŞİM SERMAYESİ YATIRIM FONU,GSF,DG,faal,ALBARAKA PORTFÖY YÖNETİMİ A.Ş.,4028328c969f29550197363f786d5528,Karma,unvan
AKE,AK PORTFÖY EUROBOND (AMERİKAN DOLARI) BORÇLANMA ARAÇLARI FONU,YF,DG,faal,AK PORTFÖY YÖNETİMİ A.Ş.,33E5FED7E65F00EAE0530A4A622B2AEA,Borçlanma Araçları,unvan
AKU,AK PORTFÖY BIST 30 ENDEKSİ HİSSE SENEDİ (TL) FONU (HİSSE SENEDİ YOĞUN FON),YF,HS,faal,AK PORTFÖY YÖNETİMİ A.Ş.,33E5FED7E65700EAE0530A4A622B2AEA,Hisse Senedi,unvan
AL4,ALBARAKA PORTFÖY ALBARAKA TÜRK KISA VADELİ KATILIM SERBEST (TL) FON,YF,KTF,faal,ALBARAKA PORTFÖY YÖNETİMİ A.Ş.,4028328d84686d1201852a463bb34c95,Kısa Vadeli Borçlanma,unvan
AL5,ALBARAKA PORTFÖY KATILIM SERBEST (DÖVİZ) FON,YF,KTF,faal,ALBARAKA PORTFÖY YÖNETİMİ A.Ş.,4028328d84686d1201852a4618374c88,Katılım,unvan
AL6,ALBARAKA PORTFÖY VAKIF KATILIM KISA VADELİ KATILIM SERBEST (TL) FON,YF,KTF,faal,ALBARAKA PORTFÖY YÖNETİMİ A.Ş.,4028328d853ff39a01855e5df1240ed5,Kısa Vadeli Borçlanma,unvan
AL7,ALBARAKA PORTFÖY İKİNCİ KISA VADELİ KATILIM SERBEST (TL) FON,YF,KTF,faal,ALBARAKA PORTFÖY YÖNETİMİ A.Ş.,4028328d853ff39a01855e5dc77d0ecb,Kısa Vadeli Borçlanma,unvan
AL8,ALBARAKA PORTFÖY YÖNETİMİ A.Ş. CAPİTAL INVEST GİRİŞİM SERMAYESİ YATIRIM FONU,GSF,DG,faal,ALBARAKA PORTFÖY YÖNETİMİ A.Ş.,4028328d8b2fcee7018d1cb4f5de0389,Diğer,unvan
ALC,AK PORTFÖY KAR PAYI ÖDEYEN ŞİRKETLER HİSSE SENEDİ (TL) FONU (HİSSE SENEDİ YOĞUN FON),YF,HS,faal,AK PORTFÖY YÖNETİMİ A.Ş.,33E5FED7EA5F00EAE0530A4A622B2AEA,Hisse Senedi,unvan
ALDUK,ALBARAKA PORTFÖY YÖNETİMİ A.Ş. DÜKKAN GAYRİMENKUL YATIRIM FONU,GMF,DG,faal,ALBARAKA PORTFÖY YÖNETİMİ A.Ş.,4028328c5fc60da7015fdf1a524659c1,Diğer,unvan
ALE,AK PORTFÖY PARA PİYASASI (TL) FONU,YF,DG,faal,AK PORTFÖY YÖNETİMİ A.Ş.,33E5FED7E9B300EAE0530A4A622B2AEA,Para Piyasası,unvan
ALI,ALLIANZ YAŞAM VE EMEKLİLİK A.Ş. KOÇ İŞTİRAK ENDEKSİ EMEKLİLİK YATIRIM FONU,EYF,,faal,ALLIANZ YAŞAM VE EMEKLİLİK A.Ş.,33E5FED7EEEF00EAE0530A4A622B2AEA,Diğer,unvan
ALJ,ALLIANZ YAŞAM VE EMEKLİLİK A.Ş. OKS AGRESİF DEĞİŞKEN EMEKLİLİK YATIRIM FONU,OKS,DG,faal,ALLIANZ YAŞAM VE EMEKLİLİK A.Ş.,4028328c5c459c6f015cc46173d63988,Değişken,unvan
ALONE,ALBARAKA PORTFÖY YÖNETİMİ A.Ş. SEKİZİNCİ KARMA GAYRİMENKUL YATIRIM FONU,GMF,DG,faal,ALBARAKA PORTFÖY YÖNETİMİ A.Ş.,4028328c5fc60da7015fdf19315859a1,Karma,unvan
ALR,ALLIANZ YAŞAM VE EMEKLİLİK A.Ş. KARMA EMEKLİLİK YATIRIM FONU,EYF,,faal,ALLIANZ YAŞAM VE EMEKLİLİK A.Ş.,33E5FED7EEBF00EAE0530A4A622B2AEA,Karma,unvan
ALS,ALLIANZ YAŞAM VE EMEKLİLİK A.Ş. DEĞİŞKEN EMEKLİLİK YATIRIM FONU,EYF,,faal,ALLIANZ YAŞAM VE EMEKLİLİK A.Ş.,33E5FED7EC4300EAE0530A4A622B2AEA,Değişken,unvan
ALU,ALLIANZ YAŞAM VE EMEKLİLİK A.Ş. KATILIM HİSSE SENEDİ EMEKLİLİK YATIRIM FONU,EYF,,faal,ALLIANZ YAŞAM VE EMEKLİLİK A.Ş.,33E5FED7EC5300EAE0530A4A622B2AEA,Hisse Senedi,unvan
ALZ,ALLIANZ YAŞAM VE EMEKLİLİK A.Ş. BAŞLANGIÇ EMEKLİLİK YATIRIM FONU,OKS,DG,faal,ALLIANZ YAŞAM VE EMEKLİLİK A.Ş.,4028328d594ca01e01594f94f3681312,Diğer,unvan
AMF,ALLIANZ YAŞAM VE EMEKLİLİK A.Ş. KATKI EMEKLİLİK YATIRIM FONU,EYF,,faal,ALLIANZ YAŞAM VE EMEKLİLİK A.Ş.,33E5FED7EEFB00EAE0530A4A622B2AEA,Diğer,unvan
AMG,ALLIANZ YAŞAM VE EMEKLİLİK A.Ş. BİRİNCİ KAMU DIŞ BORÇLANMA ARAÇLARI EMEKLİLİK YATIRIM FONU,EYF,,faal,ALLIANZ YAŞAM VE EMEKLİLİK A.Ş.,33E5FED7EC4700EAE0530A4A622B2AEA,Borçlanma Araçları,unvan
AMR,ALLIANZ YAŞAM VE EMEKLİLİK A.Ş. KAMU DIŞ BORÇLANMA ARAÇLARI (ABD DOLARI 0-5 YIL VADELİ) EMEKLİLİK YATIRIM FONU,EYF,,faal,ALLIANZ YAŞAM VE EMEKLİLİK A.Ş.,33E5FED7EECF00EAE0530A4A622B2AEA,Borçlanma Araçları,unvan
AMY,ALLIANZ YAŞAM VE EMEKLİLİK A.Ş. KARMA GRUP EMEKLİLİK YATIRIM FONU,EYF,,faal,ALLIANZ YAŞAM VE EMEKLİLİK A.Ş.,33E5FED7EEC300EAE0530A4A622B2AEA,Karma,unvan
AMZ,ALLIANZ YAŞAM VE EMEKLİLİK A.Ş. ALTIN EMEKLİLİK YATIRIM FONU,EYF,,faal,ALLIANZ YAŞAM VE EMEKLİLİK A.Ş.,33E5FED7EF0300EAE0530A4A622B2AEA,Kıymetli Madenler,unvan
AN1,STRATEJİ PORTFÖY BİRİNCİ DEĞİŞKEN FON,YF,DG,faal,STRATEJİ PORTFÖY YÖNETİMİ A.Ş.,33E5FED7E64300EAE0530A4A622B2AEA,Değişken,unvan
AN6,ANATOLIA GAYRİMENKUL VE GİRİŞİM SERMAYESİ PORTFÖY YÖNETİMİ A.Ş. ALTINCI GAYRİMENKUL YATIRIM FONU,GMF,DG,faal,ANATOLIA GAYRİMENKUL VE GİRİŞİM SERMAYESİ PORTFÖY YÖNETİMİ A.Ş.,4028328c9f0a0859019f26fbb20f5af5,Diğer,unvan
ANE,VIENNALIFE EMEKLİLİK VE HAYAT A.Ş. KARMA EMEKLİLİK YATIRIM FONU,EYF,DG,faal,VIENNALIFE EMEKLİLİK VE HAYAT A.Ş.,33E5FED7EC8700EAE0530A4A622B2AEA,Karma,unvan
ANG,VIENNALIFE EMEKLİLİK VE HAYAT A.Ş. STANDART EMEKLİLİK YATIRIM FONU,EYF,DG,faal,VIENNALIFE EMEKLİLİK VE HAYAT A.Ş.,33E5FED7EC8B00EAE0530A4A622B2AEA,Diğer,unvan
ANJ,ALLIANZ YAŞAM VE EMEKLİLİK A.Ş. OKS DENGELİ DEĞİŞKEN EMEKLİLİK YATIRIM FONU,OKS,DG,faal,ALLIANZ YAŞAM VE EMEKLİLİK A.Ş.,4028328c5c459c6f015cc45f041a396c,Değişken,unvan
ANK,VIENNALIFE EMEKLİLİK VE HAYAT A.Ş. PARA PİYASASI EMEKLİLİK YATIRIM FONU,EYF,DG,faal,VIENNALIFE EMEKLİLİK VE HAYAT A.Ş.,33E5FED7EC8F00EAE0530A4A622B2AEA,Para Piyasası,unvan
ANL,AK PORTFÖY ALTERNATİF BANK PARA PİYASASI (TL) FONU,YF,DG,faal,AK PORTFÖY YÖNETİMİ A.Ş.,33E5FED7E24300EAE0530A4A622B2AEA,Para Piyasası,unvan
ANP,ALLIANZ YAŞAM VE EMEKLİLİK A.Ş. OKS DİNAMİK DEĞİŞKEN EMEKLİLİK YATIRIM FONU,OKS,DG,faal,ALLIANZ YAŞAM VE EMEKLİLİK A.Ş.,4028328c5c459c6f015cc46067d5397a,Değişken,unvan
ANS,VIENNALIFE EMEKLİLİK VE HAYAT A.Ş. HİSSE SENEDİ EMEKLİLİK YATIRIM FONU,EYF,DG,faal,VIENNALIFE EMEKLİLİK VE HAYAT A.Ş.,33E5FED7EC9300EAE0530A4A622B2AEA,Hisse Senedi,unvan
ANZ,ATA PORTFÖY DÖRDÜNCÜ SERBEST (DÖVİZ) FON,YF,SF,faal,ATA PORTFÖY YÖNETİMİ A.Ş.,33E5FED7F11B00EAE0530A4A622B2AEA,Serbest,unvan
AO1,ANADOLU HAYAT EMEKLİLİK A.Ş. BAŞLANGIÇ EMEKLİLİK YATIRIM FONU,OKS,DG,faal,ANADOLU HAYAT EMEKLİLİK A.Ş.,4028328c588b7b75015949f14c367d86,Diğer,unvan
AO2,ANADOLU HAYAT EMEKLİLİK A.Ş. BAŞLANGIÇ KATILIM EMEKLİLİK YATIRIM FONU,OKS,DG,faal,ANADOLU HAYAT EMEKLİLİK A.Ş.,4028328c588b7b75015949f26dc97d94,Katılım,unvan
AO7,ARZ GAYRİMENKUL VE GİRİŞİM SERMAYESİ PORTFÖY YÖNETİMİ A.Ş. BİRİNCİ FON SEPETİ GİRİŞİM SERMAYESİ YATIRIM FONU,GSF,DG,faal,ARZ GAYRİMENKUL VE GİRİŞİM SERMAYESİ PORTFÖY YÖNETİMİ A.Ş.,4028328c976d29880197d5a129062de2,Fon Sepeti,unvan
AO9,ARZ GAYRİMENKUL VE GİRİŞİM SERMAYESİ PORTFÖY YÖNETİMİ A.Ş. ONDOKUZUNCU GİRİŞİM SERMAYESİ YATIRIM FONU,GSF,DG,faal,ARZ GAYRİMENKUL VE GİRİŞİM SERMAYESİ PORTFÖY YÖNETİMİ A.Ş.,4028328c9aaa2bfa019ae90cfc4127a4,Diğer,unvan
AOJ,ALLBATROSS PORTFÖY İNŞAAT SEKTÖRÜ HİSSE SENEDİ SERBEST (TL) FON (HİSSE SENEDİ YOĞUN FON),YF,HS,faal,ALLBATROSS PORTFÖY YÖNETİMİ A.Ş.,4028328d86d233be01875064146e0581,Hisse Senedi,unvan
AOY,AK PORTFÖY ALTERNATİF ENERJİ YABANCI HİSSE SENEDİ FONU,YF,DG,faal,AK PORTFÖY YÖNETİMİ A.Ş.,33E5FED7E3FB00EAE0530A4A622B2AEA,Hisse Senedi,unvan
AP2,ATLAS PORTFÖY BEŞİNCİ SERBEST (TL) FON,YF,DG,faal,ATLAS PORTFÖY YÖNETİMİ A.Ş.,4028328c8439974801846654c68a0bdf,Serbest,unvan
AP4,ATLAS PORTFÖY DÖRDÜNCÜ HİSSE SENEDİ SERBEST FON (HİSSE SENEDİ YOĞUN FON),YF,HS,faal,ATLAS PORTFÖY YÖNETİMİ A.Ş.,4028328d969f29540196b4c05be20811,Hisse Senedi,unvan
AP5,ATLAS PORTFÖY BEŞİNCİ HİSSE SENEDİ SERBEST FON (HİSSE SENEDİ YOĞUN FON),YF,HS,faal,ATLAS PORTFÖY YÖNETİMİ A.Ş.,4028328d98455cf601987a3b475b7aa0,Hisse Senedi,unvan
AP6,PARDUS PORTFÖY ALTINCI HİSSE SENEDİ SERBEST (TL) FON (HİSSE SENEDİ YOĞUN FON),YF,HS,faal,PARDUS PORTFÖY YÖNETİMİ A.Ş.,4028328d8b2fcee7018cd9e62abb67d0,Hisse Senedi,unvan
AP7,PARDUS PORTFÖY ALGO ETNA İSTATİSTİKSEL ARBİTRAJ SERBEST FON,YF,HS,faal,PARDUS PORTFÖY YÖNETİMİ A.Ş.,4028328c8b2fcee8018cd9e94f693f8c,Serbest,unvan
AP9,ATA PORTFÖY DOKUZUNCU SERBEST (DÖVİZ) FON,YF,SF,faal,ATA PORTFÖY YÖNETİMİ A.Ş.,4028328c998ee9d5019aa11d07311373,Serbest,unvan
APALP,ATLAS PORTFÖY YÖNETİMİ A.Ş. ALP GİRİŞİM SERMAYESİ YATIRIM FONU,GSF,DG,faal,ATLAS PORTFÖY YÖNETİMİ A.Ş.,4028328c9af2405e019b27a711607484,Diğer,unvan
APBDL,AK PORTFÖY BIST BANKA DIŞI LİKİT 10 ENDEKSİ HİSSE SENEDİ YOĞUN BORSA YATIRIM FONU,BYF,HS,faal,AK PORTFÖY YÖNETİMİ A.Ş.,4028328c89555baa0189d5a2325742f1,Hisse Senedi,unvan
APG,ALLIANZ YAŞAM VE EMEKLİLİK A.Ş. YENİLENEBİLİR ENERJİ FON SEPETİ EMEKLİLİK YATIRIM FONU,EYF,,faal,ALLIANZ YAŞAM VE EMEKLİLİK A.Ş.,33E5FED7EEEB00EAE0530A4A622B2AEA,Fon Sepeti,unvan
APGLD,AK PORTFÖY ALTIN KATILIM BORSA YATIRIM FONU,BYF,KTF,faal,AK PORTFÖY YÖNETİMİ A.Ş.,4028328d9b827483019c1db5701a7f99,Kıymetli Madenler,unvan
APJ,AK PORTFÖY BIST ŞİRKETLERİ FON SEPETİ FONU,YF,DG,faal,AK PORTFÖY YÖNETİMİ A.Ş.,4028328c5fc60da70160795c7d216cc6,Fon Sepeti,unvan
APLIB,AK PORTFÖY BIST LİKİT BANKA ENDEKSİ HİSSE SENEDİ YOĞUN BORSA YATIRIM FONU,BYF,HS,faal,AK PORTFÖY YÖNETİMİ A.Ş.,4028328c89555baa0189d5a2513d4303,Hisse Senedi,unvan
APMDL,AK PORTFÖY BIST 100 ENDEKSİ MODEL PORTFÖY HİSSE SENEDİ YOĞUN BORSA YATIRIM FONU,BYF,HS,faal,AK PORTFÖY YÖNETİMİ A.Ş.,4028328d98455cf60198984e136404eb,Hisse Senedi,unvan
APP,AK PORTFÖY P1 SERBEST ÖZEL FON,YF,SF,faal,AK PORTFÖY YÖNETİMİ A.Ş.,33E5FED7F0F700EAE0530A4A622B2AEA,Serbest,unvan
APT,AK PORTFÖY ORTA VADELİ BORÇLANMA ARAÇLARI FONU,YF,DG,faal,AK PORTFÖY YÖNETİMİ A.Ş.,33E5FED7E65B00EAE0530A4A622B2AEA,Borçlanma Araçları,unvan
APTPR,AZİMUT PORTFÖY YÖNETİMİ A.Ş. TOPRAKTAN PROJE GAYRİMENKUL YATIRIM FONU,GMF,DG,faal,AZİMUT PORTFÖY YÖNETİMİ A.Ş.,4028328d98455cf70198d1b47f06759c,Diğer,unvan
APX30,AK PORTFÖY BIST 30 ENDEKSİ HİSSE SENEDİ YOĞUN BORSA YATIRIM FONU,BYF,HS,faal,AK PORTFÖY YÖNETİMİ A.Ş.,4028328c89555baa0189d5a2037942c9,Hisse Senedi,unvan
APYKF,ALBARAKA PORTFÖY YÖNETİMİ A.Ş. İKİNCİ KİRA SERTİFİKALARI KATILIM GİRİŞİM SERMAYESİ YATIRIM FONU,GSF,DG,faal,ALBARAKA PORTFÖY YÖNETİMİ A.Ş.,4028328c84686b400184c281f8515dee,Katılım,unvan
APYKS,ALBARAKA PORTFÖY YÖNETİMİ A.Ş. KİRA SERTİFİKALARI KATILIM GİRİŞİM SERMAYESİ YATIRIM FONU,GSF,DG,faal,ALBARAKA PORTFÖY YÖNETİMİ A.Ş.,4028328c7da7e73b017e52530ec80cc3,Katılım,unvan
APYMD,ALBARAKA PORTFÖY YÖNETİMİ A.Ş. MEDİLA GİRİŞİM SERMAYESİ YATIRIM FONU,GSF,DG,faal,ALBARAKA PORTFÖY YÖNETİMİ A.Ş.,4028328d7da7e96d017f6a0dd05e28cc,Diğer,unvan
APYNT,ALBARAKA PORTFÖY YÖNETİMİ A.Ş. YENİ NESİL TEKNOLOJİ GİRİŞİM SERMAYESİ YATIRIM FONU,GSF,DG,faal,ALBARAKA PORTFÖY YÖNETİMİ A.Ş.,4028328c930ce8de0193633011392880,Diğer,unvan
APYVC,ALBARAKA PORTFÖY YÖNETİMİ A.Ş. START-UP GİRİŞİM SERMAYESİ YATIRIM FONU,GSF,DG,faal,ALBARAKA PORTFÖY YÖNETİMİ A.Ş.,4028328d7436db6901744edb3d0d6ceb,Diğer,unvan
AR1,ARZ GAYRİMENKUL VE GİRİŞİM SERMAYESİ PORTFÖY YÖNETİMİ A.Ş. BEŞİNCİ GİRİŞİM SERMAYESİ YATIRIM FONU,GSF,DG,faal,ARZ GAYRİMENKUL VE GİRİŞİM SERMAYESİ PORTFÖY YÖNETİMİ A.Ş.,4028328d794d3bd70179a8be79211fe4,Diğer,unvan
AR6,ARZ GAYRİMENKUL VE GİRİŞİM SERMAYESİ PORTFÖY YÖNETİMİ A.Ş. ALTINCI GİRİŞİM SERMAYESİ YATIRIM FONU,GSF,DG,faal,ARZ GAYRİMENKUL VE GİRİŞİM SERMAYESİ PORTFÖY YÖNETİMİ A.Ş.,4028328d7a4e446d017a8609720402f9,Diğer,unvan
AR9,ARZ GAYRİMENKUL VE GİRİŞİM SERMAYESİ PORTFÖY YÖNETİMİ A.Ş. SEKİZİNCİ GAYRİMENKUL YATIRIM FONU,GMF,DG,faal,ARZ GAYRİMENKUL VE GİRİŞİM SERMAYESİ PORTFÖY YÖNETİMİ A.Ş.,4028328c8b2fcee7018bd6df424b748e,Diğer,unvan
ARE,İSTANBUL PORTFÖY YABANCI HİSSE SENEDİ FONU,YF,DG,faal,İSTANBUL PORTFÖY YÖNETİMİ A.Ş.,33E5FED7E69F00EAE0530A4A622B2AEA,Hisse Senedi,unvan
ARF,AK PORTFÖY ÖPY İKİNCİ SERBEST (TL) ÖZEL FON,YF,SF,faal,AK PORTFÖY YÖNETİMİ A.Ş.,33E5FED7F19F00EAE0530A4A622B2AEA,Serbest,unvan
ARL,AK PORTFÖY BİRİNCİ FON SEPETİ FONU,YF,DG,faal,AK PORTFÖY YÖNETİMİ A.Ş.,33E5FED7F0E700EAE0530A4A622B2AEA,Fon Sepeti,unvan
ARM,AK PORTFÖY İKİNCİ FON SEPETİ FONU,YF,DG,faal,AK PORTFÖY YÖNETİMİ A.Ş.,33E5FED7F0EB00EAE0530A4A622B2AEA,Fon Sepeti,unvan
ARP,AK PORTFÖY ÖPY BİRİNCİ SERBEST ÖZEL FON,YF,SF,faal,AK PORTFÖY YÖNETİMİ A.Ş.,33E5FED7E32700EAE0530A4A622B2AEA,Serbest,unvan
ARZSA,ARZ GAYRİMENKUL VE GİRİŞİM SERMAYESİ PORTFÖY YÖNETİMİ A.Ş. STARTUPCENTRUM ALPHA GİRİŞİM SERMAYESİ YATIRIM FONU,GSF,DG,faal,ARZ GAYRİMENKUL VE GİRİŞİM SERMAYESİ PORTFÖY YÖNETİMİ A.Ş.,4028328d8b2fcee7018bccd67e475b51,Diğer,unvan
AS1,ALLBATROSS PORTFÖY BİRİNCİ SERBEST (DÖVİZ) FON,YF,SF,faal,ALLBATROSS PORTFÖY YÖNETİMİ A.Ş.,4028328c89555ba9018a9910c2a176b8,Serbest,unvan
AS2,ALLBATROSS PORTFÖY YÖNETİMİ A.Ş. BİRİNCİ GİRİŞİM SERMAYESİ YATIRIM FONU,GSF,DG,faal,ALLBATROSS PORTFÖY YÖNETİMİ A.Ş.,4028328c86d231ff01879dd5dd107788,Diğer,unvan
AS3,ALLBATROSS PORTFÖY ATLAS SERBEST FON,YF,SF,faal,ALLBATROSS PORTFÖY YÖNETİMİ A.Ş.,4028328c8e21cef7018e84be8f855438,Serbest,unvan
ASJ,AKTİF PORTFÖY HİSSE SENEDİ (TL) FONU (HİSSE SENEDİ YOĞUN FON),YF,HS,faal,AKTİF PORTFÖY YÖNETİMİ A.Ş.,4028328d86d233bd018713dbee70531d,Hisse Senedi,unvan
AT1,ATLAS PORTFÖY YÖNETİMİ A.Ş. ANADOLU TARIM GİRİŞİM SERMAYESİ YATIRIM FONU,GSF,DG,faal,ATLAS PORTFÖY YÖNETİMİ A.Ş.,4028328c976d29890197874e51bb5fbc,Diğer,unvan
ATE,ANADOLU HAYAT EMEKLİLİK A.Ş. İŞ BANKASI İŞTİRAK ENDEKSİ EMEKLİLİK YATIRIM FONU,EYF,,faal,ANADOLU HAYAT EMEKLİLİK A.Ş.,33E5FED7ED5F00EAE0530A4A622B2AEA,Diğer,unvan
ATJ,AZİMUT PORTFÖY İKİNCİ DEĞİŞKEN FON,YF,DG,faal,AZİMUT PORTFÖY YÖNETİMİ A.Ş.,4028328c67f69c050168178f54ac7d91,Değişken,unvan
ATK,ANADOLU HAYAT EMEKLİLİK A.Ş. STANDART EMEKLİLİK YATIRIM FONU,EYF,,faal,ANADOLU HAYAT EMEKLİLİK A.Ş.,33E5FED7ED5B00EAE0530A4A622B2AEA,Diğer,unvan
ATPAY,ATLAS PORTFÖY YÖNETİMİ A.Ş. AVRUPA YATIRIM GİRİŞİM SERMAYESİ YATIRIM FONU,GSF,DG,faal,ATLAS PORTFÖY YÖNETİMİ A.Ş.,4028328c8b2fcee8018d5a76225d4dc3,Diğer,unvan
AU1,A1 CAPİTAL PORTFÖY ALTIN FONU,YF,DG,faal,A1 CAPİTAL PORTFÖY YÖNETİMİ A.Ş.,4028328c998ee9d50199c2d5e4ba6fe4,Kıymetli Madenler,unvan
AU3,AK PORTFÖY ÖZEL SEKTÖR BORÇLANMA ARAÇLARINA YATIRIM YAPAN %115 ANAPARA KORUMA AMAÇLI ALTMIŞÜÇÜNCÜ FON,YF,DG,faal,AK PORTFÖY YÖNETİMİ A.Ş.,4028328d9d7b24c9019df89fd6050ec3,Borçlanma Araçları,unvan
AUA,ALLIANZ YAŞAM VE EMEKLİLİK A.Ş. FON SEPETİ EMEKLİLİK YATIRIM FONU,EYF,,faal,ALLIANZ YAŞAM VE EMEKLİLİK A.Ş.,33E5FED7EFFB00EAE0530A4A622B2AEA,Fon Sepeti,unvan
AUG,ALLIANZ HAYAT VE EMEKLİLİK A.Ş. İKİNCİ KARMA EMEKLİLİK YATIRIM FONU,EYF,,faal,ALLIANZ HAYAT VE EMEKLİLİK A.Ş.,33E5FED7E8B700EAE0530A4A622B2AEA,Karma,unvan
AUV,AK PORTFÖY UZUN VADELİ SERBEST (DÖVİZ) FON,YF,SF,faal,AK PORTFÖY YÖNETİMİ A.Ş.,4028328d8f3f7793018fa58ac7b6093b,Serbest,unvan
AVB,AGESA HAYAT VE EMEKLİLİK A.Ş. KAMU DIŞ BORÇLANMA ARAÇLARI (ABD DOLARI 5-15 YIL VADELİ) EMEKLİLİK YATIRIM FONU,EYF,,faal,AGESA HAYAT VE EMEKLİLİK A.Ş.,33E5FED7EC1B00EAE0530A4A622B2AEA,Borçlanma Araçları,unvan
AVC,ATA PORTFÖY İKİNCİ SERBEST (TL) FON,YF,SF,faal,ATA PORTFÖY YÖNETİMİ A.Ş.,33E5FED7F1BB00EAE0530A4A622B2AEA,Serbest,unvan
AVD,AGESA HAYAT VE EMEKLİLİK A.Ş. KARMA EMEKLİLİK YATIRIM FONU,EYF,,faal,AGESA HAYAT VE EMEKLİLİK A.Ş.,33E5FED7EC1F00EAE0530A4A622B2AEA,Karma,unvan
AVG,AGESA HAYAT VE EMEKLİLİK A.Ş. DIŞ BORÇLANMA ARAÇLARI EMEKLİLİK YATIRIM FONU,EYF,,faal,AGESA HAYAT VE EMEKLİLİK A.Ş.,33E5FED7EC2700EAE0530A4A622B2AEA,Borçlanma Araçları,unvan
AVJ,AGESA HAYAT VE EMEKLİLİK A.Ş. BAŞLANGIÇ KATILIM EMEKLİLİK YATIRIM FONU,OKS,DG,faal,AGESA HAYAT VE EMEKLİLİK A.Ş.,4028328c595ae6b801595f9e9e7b3435,Katılım,unvan
AVN,AGESA HAYAT VE EMEKLİLİK A.Ş. STANDART EMEKLİLİK YATIRIM FONU,EYF,,faal,AGESA HAYAT VE EMEKLİLİK A.Ş.,33E5FED7EB6700EAE0530A4A622B2AEA,Diğer,unvan
AVO,AGESA HAYAT VE EMEKLİLİK A.Ş. ÖZEL SEKTÖR BORÇLANMA ARAÇLARI EMEKLİLİK YATIRIM FONU,EYF,,faal,AGESA HAYAT VE EMEKLİLİK A.Ş.,33E5FED7EF5300EAE0530A4A622B2AEA,Borçlanma Araçları,unvan
AVR,AGESA HAYAT VE EMEKLİLİK A.Ş. TEKNOLOJİ SEKTÖRÜ YABANCI DEĞİŞKEN EMEKLİLİK YATIRIM FONU,EYF,,faal,AGESA HAYAT VE EMEKLİLİK A.Ş.,33E5FED7EB5B00EAE0530A4A622B2AEA,Değişken,unvan
AVT,AK PORTFÖY KISA VADELİ BORÇLANMA ARAÇLARI (TL) FONU,YF,DG,faal,AK PORTFÖY YÖNETİMİ A.Ş.,33E5FED7E3EF00EAE0530A4A622B2AEA,Kısa Vadeli Borçlanma,unvan
AVZ,AK PORTFÖY EMS SERBEST (DÖVİZ) ÖZEL FON,YF,SF,faal,AK PORTFÖY YÖNETİMİ A.Ş.,4028328c5842c9700158633d8de7553c,Serbest,unvan
AWZ,ANATOLIA GAYRİMENKUL VE GİRİŞİM SERMAYESİ PORTFÖY YÖNETİMİ A.Ş. DÖRDÜNCÜ GİRİŞİM SERMAYESİ YATIRIM FONU,GSF,DG,faal,ANATOLIA GAYRİMENKUL VE GİRİŞİM SERMAYESİ PORTFÖY YÖNETİMİ A.Ş.,4028328d9e2771a0019e91a389334846,Diğer,unvan
AY1,ANATOLIA GAYRİMENKUL VE GİRİŞİM SERMAYESİ PORTFÖY YÖNETİMİ A.Ş. BMS GAYRİMENKUL YATIRIM FONU,GMF,DG,faal,ANATOLIA GAYRİMENKUL VE GİRİŞİM SERMAYESİ PORTFÖY YÖNETİMİ A.Ş.,4028328d992f6f66019952e6265c1553,Diğer,unvan
AY2,ANATOLIA GAYRİMENKUL VE GİRİŞİM SERMAYESİ PORTFÖY YÖNETİMİ A.Ş. ARVA GAYRİMENKUL YATIRIM FONU,GMF,DG,faal,ANATOLIA GAYRİMENKUL VE GİRİŞİM SERMAYESİ PORTFÖY YÖNETİMİ A.Ş.,4028328d998eebe8019aa57fff7f4e98,Diğer,unvan
AY6,AZİMUT PORTFÖY 26.0 SERBEST FON,YF,SF,faal,AZİMUT PORTFÖY YÖNETİMİ A.Ş.,4028328c976d298801979bb94f880f37,Serbest,unvan
AY7,AZİMUT PORTFÖY 27.0 SERBEST FON,YF,SF,faal,AZİMUT PORTFÖY YÖNETİMİ A.Ş.,4028328c976d298801979bb973d10f42,Serbest,unvan
AYA,ATA PORTFÖY KAR PAYI ÖDEYEN HİSSE SENEDİ (TL) FONU (HİSSE SENEDİ YOĞUN FON),YF,HS,faal,ATA PORTFÖY YÖNETİMİ A.Ş.,33E5FED7E73B00EAE0530A4A622B2AEA,Hisse Senedi,unvan
AYJ,AGESA HAYAT VE EMEKLİLİK A.Ş. OKS KATILIM STANDART EMEKLİLİK YATIRIM FONU,OKS,DG,faal,AGESA HAYAT VE EMEKLİLİK A.Ş.,4028328c5fc60da8016077d69906313f,Katılım,unvan
AYR,AK PORTFÖY ÖZEL SEKTÖR BORÇLANMA ARAÇLARI (TL) FONU,YF,DG,faal,AK PORTFÖY YÖNETİMİ A.Ş.,33E5FED7EE2B00EAE0530A4A622B2AEA,Borçlanma Araçları,unvan
AZ1,ARZ GAYRİMENKUL VE GİRİŞİM SERMAYESİ PORTFÖY YÖNETİMİ A.Ş.BİRİNCİ GAYRİMENKUL YATIRIM FONU,GMF,DG,faal,ARZ GAYRİMENKUL VE GİRİŞİM SERMAYESİ PORTFÖY YÖNETİMİ A.Ş.,4028328c64479334016548521bcd08f0,Diğer,unvan
AZ2,ARZ GAYRİMENKUL VE GİRİŞİM SERMAYESİ PORTFÖY YÖNETİMİ A.Ş.İKİNCİ GAYRİMENKUL YATIRIM FONU,GMF,DG,faal,ARZ GAYRİMENKUL VE GİRİŞİM SERMAYESİ PORTFÖY YÖNETİMİ A.Ş.,4028328c644793340165485344470934,Diğer,unvan
AZ3,ARZ GAYRİMENKUL VE GİRİŞİM SERMAYESİ PORTFÖY YÖNETİMİ A.Ş.ÜÇÜNCÜ GAYRİMENKUL YATIRIM FONU,GMF,DG,faal,ARZ GAYRİMENKUL VE GİRİŞİM SERMAYESİ PORTFÖY YÖNETİMİ A.Ş.,4028328c6447933401654854ea5a099a,Diğer,unvan
AZ4,ARZ GAYRİMENKUL VE GİRİŞİM SERMAYESİ PORTFÖY YÖNETİMİ A.Ş. İKİNCİ GİRİŞİM SERMAYESİ YATIRIM FONU,GSF,DG,faal,ARZ GAYRİMENKUL VE GİRİŞİM SERMAYESİ PORTFÖY YÖNETİMİ A.Ş.,4028328d74f01f57017579c62cae4cb7,Diğer,unvan
AZ5,ARZ GAYRİMENKUL VE GİRİŞİM SERMAYESİ PORTFÖY YÖNETİMİ A.Ş. ÜÇÜNCÜ GİRİŞİM SERMAYESİ YATIRIM FONU,GSF,DG,faal,ARZ GAYRİMENKUL VE GİRİŞİM SERMAYESİ PORTFÖY YÖNETİMİ A.Ş.,4028328d74f01f57017579c76f874cdc,Diğer,unvan
AZ6,ARZ GAYRİMENKUL VE GİRİŞİM SERMAYESİ PORTFÖY YÖNETİMİ A.Ş. DÖRDÜNCÜ GAYRİMENKUL YATIRIM FONU,GMF,DG,faal,ARZ GAYRİMENKUL VE GİRİŞİM SERMAYESİ PORTFÖY YÖNETİMİ A.Ş.,4028328d6efb12d5016f6aa0a85f186b,Diğer,unvan
AZ7,ARZ GAYRİMENKUL VE GİRİŞİM SERMAYESİ PORTFÖY YÖNETİMİ A.Ş. BEŞİNCİ GAYRİMENKUL YATIRIM FONU,GMF,DG,faal,ARZ GAYRİMENKUL VE GİRİŞİM SERMAYESİ PORTFÖY YÖNETİMİ A.Ş.,4028328d71bc3c640172eb8e89a424aa,Diğer,unvan
AZ8,ARZ GAYRİMENKUL VE GİRİŞİM SERMAYESİ PORTFÖY YÖNETİMİ A.Ş. TEKNOGİRİŞİM GİRİŞİM SERMAYESİ YATIRIM FONU,GSF,DG,faal,ARZ GAYRİMENKUL VE GİRİŞİM SERMAYESİ PORTFÖY YÖNETİMİ A.Ş.,4028328c767baf670176d25bd02d68db,Diğer,unvan
AZ9,ARZ GAYRİMENKUL VE GİRİŞİM SERMAYESİ PORTFÖY YÖNETİMİ A.Ş. DÖRDÜNCÜ GİRİŞİM SERMAYESİ YATIRIM FONU,GSF,DG,faal,ARZ GAYRİMENKUL VE GİRİŞİM SERMAYESİ PORTFÖY YÖNETİMİ A.Ş.,4028328c7707357d01772473d3aa5a47,Diğer,unvan
AZA,ALLIANZ HAYAT VE EMEKLİLİK A.Ş. BORÇLANMA ARAÇLARI GRUP EMEKLİLİK YATIRIM FONU,EYF,,faal,ALLIANZ HAYAT VE EMEKLİLİK A.Ş.,33E5FED7EAFF00EAE0530A4A622B2AEA,Borçlanma Araçları,unvan
AZD,ALLIANZ HAYAT VE EMEKLİLİK A.Ş. BİRİNCİ KARMA EMEKLİLİK YATIRIM FONU,EYF,,faal,ALLIANZ HAYAT VE EMEKLİLİK A.Ş.,33E5FED7E8BB00EAE0530A4A622B2AEA,Karma,unvan
AZF,AK PORTFÖY PY ÖZEL SEKTÖR BORÇLANMA ARAÇLARI (TL) ÖZEL FONU,YF,DG,faal,AK PORTFÖY YÖNETİMİ A.Ş.,33E5FED7EA9300EAE0530A4A622B2AEA,Borçlanma Araçları,unvan
AZH,ALLIANZ HAYAT VE EMEKLİLİK A.Ş. HİSSE SENEDİ EMEKLİLİK YATIRIM FONU,EYF,,faal,ALLIANZ HAYAT VE EMEKLİLİK A.Ş.,33E5FED7E8AF00EAE0530A4A622B2AEA,Hisse Senedi,unvan
AZJ,AZİMUT PYŞ STRATEJİ-1 SERBEST FON,YF,SF,faal,AZİMUT PORTFÖY YÖNETİMİ A.Ş.,4028328d5fc610270160503c1f7c6007,Serbest,unvan
AZK,ALLIANZ HAYAT VE EMEKLİLİK A.Ş. BORÇLANMA ARAÇLARI EMEKLİLİK YATIRIM FONU,EYF,,faal,ALLIANZ HAYAT VE EMEKLİLİK A.Ş.,33E5FED7E8B300EAE0530A4A622B2AEA,Borçlanma Araçları,unvan
AZL,ALLIANZ HAYAT VE EMEKLİLİK A.Ş. PARA PİYASASI EMEKLİLİK YATIRIM FONU,EYF,,faal,ALLIANZ HAYAT VE EMEKLİLİK A.Ş.,33E5FED7E8A700EAE0530A4A622B2AEA,Para Piyasası,unvan
AZS,ALLIANZ HAYAT VE EMEKLİLİK A.Ş. STANDART EMEKLİLİK YATIRIM FONU,EYF,,faal,ALLIANZ HAYAT VE EMEKLİLİK A.Ş.,33E5FED7E8E300EAE0530A4A622B2AEA,Diğer,unvan
AZV,AZİMUT PORTFÖY BKS SERBEST (DÖVİZ) ÖZEL FON,YF,SF,faal,AZİMUT PORTFÖY YÖNETİMİ A.Ş.,33E5FED7F1B300EAE0530A4A622B2AEA,Serbest,unvan
AZY,ALLIANZ HAYAT VE EMEKLİLİK A.Ş. TARIM VE GIDA FON SEPETİ EMEKLİLİK YATIRIM FONU,EYF,,faal,ALLIANZ HAYAT VE EMEKLİLİK A.Ş.,33E5FED7EB0700EAE0530A4A622B2AEA,Fon Sepeti,unvan
AZZ,AK PORTFÖY ÖPY MUTLAK GETİRİ HEDEFLİ SERBEST (DÖVİZ) ÖZEL FON,YF,SF,faal,AK PORTFÖY YÖNETİMİ A.Ş.,4028328d554abe5a015552894bf34e8e,Serbest,unvan
BA1,GLOBAL MD PORTFÖY BİRİNCİ SERBEST FON,YF,SF,faal,GLOBAL MD PORTFÖY YÖNETİMİ A.Ş.,4028328c998ee9d70199e2a3e7c138bb,Serbest,unvan
BAC,ATLAS PORTFÖY BİRİNCİ HİSSE SENEDİ SERBEST FON (HİSSE SENEDİ YOĞUN FON),YF,HS,faal,ATLAS PORTFÖY YÖNETİMİ A.Ş.,4028328c8d6db292018dcb601bba2ee0,Hisse Senedi,unvan
BAE,ALLIANZ YAŞAM VE EMEKLİLİK A.Ş. BORÇLANMA ARAÇLARI EMEKLİLİK YATIRIM FONU,EYF,,faal,ALLIANZ YAŞAM VE EMEKLİLİK A.Ş.,4028328c9e276fa9019e2af1196423e8,Borçlanma Araçları,unvan
BAG,BULLS PORTFÖY ATAK DEĞİŞKEN FON,YF,DG,faal,BULLS PORTFÖY YÖNETİMİ A.Ş.,4028328d992f6f66019980afc2901338,Değişken,unvan
BAI,BV PORTFÖY ALTIN KATILIM FONU,YF,KTF,faal,BV PORTFÖY YÖNETİMİ A.Ş.,4028328c9f0a085a019f3d0503a27f9b,Kıymetli Madenler,unvan
BAK,ATLAS PORTFÖY YÖNETİMİ A.Ş. BAKIRCI PROJE GAYRİMENKUL YATIRIM FONU,GMF,DG,faal,ATLAS PORTFÖY YÖNETİMİ A.Ş.,4028328c969f29550196af885c5f5c28,Diğer,unvan
BAL,QNB PORTFÖY BALY SERBEST (DÖVİZ) ÖZEL FON,YF,SF,faal,QNB PORTFÖY YÖNETİMİ A.Ş.,4028328c992f6d57019960d824a611fe,Serbest,unvan
BAO,AZİMUT PORTFÖY BARKIN SERBEST (TL) ÖZEL FON,YF,SF,faal,AZİMUT PORTFÖY YÖNETİMİ A.Ş.,4028328c86845fa80186bc590f40082a,Serbest,unvan
BAS,İŞ PORTFÖY BAŞAK SERBEST (DÖVİZ) ÖZEL FON,YF,DG,faal,İŞ PORTFÖY YÖNETİMİ A.Ş.,4028328d93c3b68c01941d0c5f146a60,Serbest,unvan
BBD,BNP PARİBAS CARDİF EMEKLİLİK A.Ş. BIST30 DIŞI ŞİRKETLER HİSSE SENEDİ EMEKLİLİK YATIRIM FONU,EYF,,faal,BNP PARIBAS CARDIF EMEKLİLİK A.Ş.,4028328d998eebe8019a3abfac306d05,Hisse Senedi,unvan
BBF,PARDUS PORTFÖY BİRİNCİ BORÇLANMA ARAÇLARI (TL) FON,YF,DG,faal,PARDUS PORTFÖY YÖNETİMİ A.Ş.,4028328d8b2fcee7018b428388b87283,Borçlanma Araçları,unvan
BBH,HDI FİBA EMEKLİLİK VE HAYAT A.Ş. HİSSE SENEDİ GRUP EMEKLİLİK YATIRIM FONU,EYF,,faal,HDI FİBA EMEKLİLİK VE HAYAT A.Ş.,33E5FED7EC0700EAE0530A4A622B2AEA,Hisse Senedi,unvan
BBI,ALLBATROSS PORTFÖY BİANCO SERBEST (TL) FON,YF,SF,faal,ALLBATROSS PORTFÖY YÖNETİMİ A.Ş.,4028328c838f7bfd018437f25f035c65,Serbest,unvan
BBN,BULLS PORTFÖY BİRİNCİ HİSSE SENEDİ SERBEST (TL) FON (HİSSE SENEDİ YOĞUN FON),YF,HS,faal,BULLS PORTFÖY YÖNETİMİ A.Ş.,4028328d969f29540196f2db2e7a2645,Hisse Senedi,unvan
BBO,BULLS PORTFÖY BANKACILIK SEKTÖRÜ DIŞI ŞİRKETLER HİSSE SENEDİ SERBEST FON (HİSSE SENEDİ YOĞUN FON),YF,HS,faal,BULLS PORTFÖY YÖNETİMİ A.Ş.,4028328d998eebe80199ec5b27f860e9,Hisse Senedi,unvan
BBP,ALLBATROSS PORTFÖY BİRİNCİ BORÇLANMA ARAÇLARI FONU,YF,DG,faal,ALLBATROSS PORTFÖY YÖNETİMİ A.Ş.,4028328c906f3e7b0190ca0848061e2b,Borçlanma Araçları,unvan
BBR,ALBARAKA PORTFÖY YÖNETİMİ A.Ş. BİRİNCİ GİRİŞİM SERMAYESİ YATIRIM FONU,GSF,DG,faal,ALBARAKA PORTFÖY YÖNETİMİ A.Ş.,4028328d98455cf70198c73bf8ce324f,Diğer,unvan
BBS,BULLS PORTFÖY BİRİNCİ SERBEST (TL) FON,YF,SF,faal,BULLS PORTFÖY YÖNETİMİ A.Ş.,4028328d969f29560196d396070a1d63,Serbest,unvan
BCC,ASTRA PORTFÖY BCC SERBEST (DÖVİZ) ÖZEL FON,YF,SF,faal,ASTRA PORTFÖY YÖNETİMİ A.Ş.,4028328d8d6db484018d7da925153a24,Serbest,unvan
BCG,ATA PORTFÖY BİRİNCİ GİRİŞİM SERMAYESİ YATIRIM FONU,GSF,DG,faal,ATA PORTFÖY YÖNETİMİ A.Ş.,4028328d906f407a019092779b1c3c72,Diğer,unvan
BCI,PARDUS PORTFÖY YÖNETİMİ A.Ş. BİRİNCİ GAYRİMENKUL YATIRIM FONU,GMF,DG,faal,PARDUS PORTFÖY YÖNETİMİ A.Ş.,4028328c8d6db292018dac723b427d97,Diğer,unvan
BCK,DENİZ PORTFÖY BLOCKHAİN VE FİNTECH TEKNOLOJİLERİ DEĞİŞKEN FON,YF,DG,faal,DENİZ PORTFÖY YÖNETİMİ A.Ş.,4028328d95959cc60195b3e98f9e4546,Değişken,unvan
BCO,BULLS PORTFÖY ÇOKLU VARLIK KATILIM FONU,YF,KTF,faal,BULLS PORTFÖY YÖNETİMİ A.Ş.,4028328d95959cc60196013295bd3cdd,Katılım,unvan
BCP,ONE PORTFÖY YÖNETİMİ A.Ş. BİRİNCİ PROJE GAYRİMENKUL YATIRIM FONU,GMF,DG,faal,ONE PORTFÖY YÖNETİMİ A.Ş.,4028328d998eebe8019a01772ec940fc,Diğer,unvan
BDA,YAPI KREDİ PORTFÖY BİRİNCİ KATILIM SERBEST (DÖVİZ-AVRO) FON,YF,SF,faal,YAPI KREDİ PORTFÖY YÖNETİMİ A.Ş.,4028328d992f6f660199376213c33466,Katılım,unvan
BDC,AURA PORTFÖY BODRUM SERBEST FON,YF,SF,faal,AURA PORTFÖY YÖNETİMİ A.Ş.,4028328c7f7cb860017fb6add44029ac,Serbest,unvan
BDE,ALLBATROSS PORTFÖY SERBEST (DÖVİZ-ABD DOLARI) FON,YF,SF,faal,ALLBATROSS PORTFÖY YÖNETİMİ A.Ş.,4028328c998ee9d5019a2a09296b0337,Serbest,unvan
BDG,BV PORTFÖY YÖNETİMİ A.Ş. ADA GİRİŞİM SERMAYESİ YATIRIM FONU,GSF,DG,faal,BV PORTFÖY YÖNETİMİ A.Ş.,4028328d9b827483019c0f3e9d542174,Diğer,unvan
BDI,PARDUS PORTFÖY BİST 50 DIŞI ŞİRKETLER HİSSE SENEDİ SERBEST (TL) FON (HİSSE SENEDİ YOĞUN FON),YF,HS,faal,PARDUS PORTFÖY YÖNETİMİ A.Ş.,4028328c8b2fcee8018ba35c283104b0,Hisse Senedi,unvan
BDO,BULLS PORTFÖY DÖRDÜNCÜ HİSSE SENEDİ SERBEST FON (HİSSE SENEDİ YOĞUN FON),YF,HS,faal,BULLS PORTFÖY YÖNETİMİ A.Ş.,4028328d98455cf70198c679d6ea2b0b,Hisse Senedi,unvan
BDS,PARDUS PORTFÖY BIST 30 DIŞI ŞİRKETLER HİSSE SENEDİ (TL) FONU (HİSSE SENEDİ YOĞUN FON),YF,HS,faal,PARDUS PORTFÖY YÖNETİMİ A.Ş.,4028328c8f3f759b018f5d1f14804f0b,Hisse Senedi,unvan
BDY,AK PORTFÖY BIST 100 DIŞI ŞİRKETLER HİSSE SENEDİ (TL) FONU (HİSSE SENEDİ YOĞUN FON),YF,HS,faal,AK PORTFÖY YÖNETİMİ A.Ş.,4028328c8d6db292018dd01056274eb9,Hisse Senedi,unvan
BEC,AK PORTFÖY YÖNETİMİ A.Ş. BEŞİNCİ GİRİŞİM SERMAYESİ YATIRIM FONU,GSF,DG,faal,AK PORTFÖY YÖNETİMİ A.Ş.,4028328d9aaa2df9019ab5b4daf91e15,Diğer,unvan
BEE,HDI FİBA EMEKLİLİK VE HAYAT A.Ş. DENGELİ DEĞİŞKEN EMEKLİLİK YATIRIM FONU,EYF,,faal,HDI FİBA EMEKLİLİK VE HAYAT A.Ş.,33E5FED7EC0300EAE0530A4A622B2AEA,Değişken,unvan
BEF,BEREKET EMEKLİLİK VE HAYAT A.Ş. OKS DİNAMİK KATILIM DEĞİŞKEN EMEKLİLİK YATIRIM FONU,OKS,DG,faal,BEREKET EMEKLİLİK VE HAYAT A.Ş.,4028328d5d88e96e015de5d494aa3c3e,Katılım,unvan
BEG,INVEO PORTFÖY YÖNETİMİ A.Ş. EKSİM VENTURES GİRİŞİM SERMAYESİ YATIRIM FONU,GSF,DG,faal,INVEO PORTFÖY YÖNETİMİ A.Ş.,4028328d7812cbf4017836498065137b,Diğer,unvan
BEH,HDI FİBA EMEKLİLİK VE HAYAT A.Ş. HİSSE SENEDİ EMEKLİLİK YATIRIM FONU,EYF,,faal,HDI FİBA EMEKLİLİK VE HAYAT A.Ş.,33E5FED7E88F00EAE0530A4A622B2AEA,Hisse Senedi,unvan
BEI,BEREKET EMEKLİLİK VE HAYAT A.Ş. OKS KATILIM STANDART EMEKLİLİK YATIRIM FONU,OKS,DG,faal,BEREKET EMEKLİLİK VE HAYAT A.Ş.,4028328d5fc61027016045f1a983730e,Katılım,unvan
BEK,HDI FİBA EMEKLİLİK VE HAYAT A.Ş. FİBA PORTFÖY BORÇLANMA ARAÇLARI EMEKLİLİK YATIRIM FONU,EYF,,faal,HDI FİBA EMEKLİLİK VE HAYAT A.Ş.,33E5FED7E89300EAE0530A4A622B2AEA,Borçlanma Araçları,unvan
BEO,BEREKET EMEKLİLİK VE HAYAT A.Ş. OKS AGRESİF KATILIM DEĞİŞKEN EMEKLİLİK YATIRIM FONU,OKS,DG,faal,BEREKET EMEKLİLİK VE HAYAT A.Ş.,4028328d5d88e96e015de5d61b743c5e,Katılım,unvan
BES,DENİZ PORTFÖY YÖNETİMİ A.Ş. BEŞİNCİ GAYRİMENKUL YATIRIM FONU,GMF,DG,faal,DENİZ PORTFÖY YÖNETİMİ A.Ş.,4028328c95959ac20195c81b401e379e,Diğer,unvan
BFE,ALLBATROSS PORTFÖY BİRİNCİ FON SEPETİ FONU,YF,DG,faal,ALLBATROSS PORTFÖY YÖNETİMİ A.Ş.,4028328c919f164b01922868a580680b,Fon Sepeti,unvan
BFG,AZİMUT PORTFÖY YÖNETİMİ A.Ş. BİRİNCİ FON SEPETİ GİRİŞİM SERMAYESİ YATIRIM FONU,GSF,DG,faal,AZİMUT PORTFÖY YÖNETİMİ A.Ş.,4028328d9e2771a0019e4f6b13ab01ed,Fon Sepeti,unvan
BFN,DENİZ PORTFÖY BAYFON HİSSE SENEDİ SERBEST ÖZEL FON (HİSSE SENEDİ YOĞUN FON),YF,HS,faal,DENİZ PORTFÖY YÖNETİMİ A.Ş.,4028328c906f3e7c01907289d0bc0d25,Hisse Senedi,unvan
BFO,İŞ PORTFÖY BF01 SERBEST (DÖVİZ) ÖZEL FON,YF,SF,faal,İŞ PORTFÖY YÖNETİMİ A.Ş.,4028328c969f29550197119e8cfd66b6,Serbest,unvan
BFS,BULLS PORTFÖY EMTİA FON SEPETİ FONU,YF,DG,faal,BULLS PORTFÖY YÖNETİMİ A.Ş.,4028328d95959cc60196013261b23cd2,Fon Sepeti,unvan
BFT,AZİMUT PORTFÖY BANKA VE FİNANS SEKTÖRÜ HİSSE SENEDİ FONU (HİSSE SENEDİ YOĞUN FON),YF,HS,faal,AZİMUT PORTFÖY YÖNETİMİ A.Ş.,4028328d9373bab00193b4eaab113545,Hisse Senedi,unvan
BG1,BULLS PORTFÖY YÖNETİMİ A.Ş. BİRİNCİ GAYRİMENKUL YATIRIM FONU,GMF,DG,faal,BULLS PORTFÖY YÖNETİMİ A.Ş.,4028328d9b827483019c0dce6a6a7531,Diğer,unvan
BGD,BV PORTFÖY YÖNETİMİ A.Ş. GREENWISE GİRİŞİM SERMAYESİ YATIRIM FONU,GSF,DG,faal,BV PORTFÖY YÖNETİMİ A.Ş.,4028328c9f52dc40019f69a835516667,Diğer,unvan
BGE,HDI FİBA EMEKLİLİK VE HAYAT A.Ş. DENGELİ DEĞİŞKEN GRUP EMEKLİLİK YATIRIM FONU,EYF,,faal,HDI FİBA EMEKLİLİK VE HAYAT A.Ş.,33E5FED7E89F00EAE0530A4A622B2AEA,Değişken,unvan
BGG,KALKINMA GİRİŞİM SERMAYESİ PORFÖY YÖNETİMİ A.Ş. TÜBİTAK BİGG+ GİRİŞİM SERMAYESİ YATIRIM FONU,GSF,DG,faal,KALKINMA GİRİŞİM SERMAYESİ PORTFÖY YÖNETİMİ A.Ş.,4028328c93c3b40d01940897062a0cde,Diğer,unvan
BGH,AZİMUT PORTFÖY BGN HİSSE SENEDİ SERBEST ÖZEL FON (HİSSE SENEDİ YOĞUN FON),YF,HS,faal,AZİMUT PORTFÖY YÖNETİMİ A.Ş.,4028328c88c529ea01892ad4b47b0b58,Hisse Senedi,unvan
BGK,HDI FİBA EMEKLİLİK VE HAYAT A.Ş. BORÇLANMA ARAÇLARI GRUP EMEKLİLİK YATIRIM FONU,EYF,,faal,HDI FİBA EMEKLİLİK VE HAYAT A.Ş.,33E5FED7EC0B00EAE0530A4A622B2AEA,Borçlanma Araçları,unvan
BGL,ANADOLU HAYAT EMEKLİLİK A.Ş. ALTIN EMEKLİLİK YATIRIM FONU,EYF,,faal,ANADOLU HAYAT EMEKLİLİK A.Ş.,4028328d8305029e018317b909825cc1,Kıymetli Madenler,unvan
BGM,ATLAS PORTFÖY YÖNETİMİ A.Ş. BİRİNCİ GİRİŞİM SERMAYESİ YATIRIM FONU,GSF,DG,faal,ATLAS PORTFÖY YÖNETİMİ A.Ş.,4028328d98455cf701987efe2c933e15,Diğer,unvan
BGO,ANATOLIA GAYRİMENKUL VE GİRİŞİM SERMAYESİ PORTFÖY YÖNETİMİ A.Ş. BAHAR GAYRİMENKUL YATIRIM FONU,GMF,DG,faal,ANATOLIA GAYRİMENKUL VE GİRİŞİM SERMAYESİ PORTFÖY YÖNETİMİ A.Ş.,4028328c9f52dc3f01a0150eacba6da3,Diğer,unvan
BGP,AK PORTFÖY ÜÇÜNCÜ PARA PİYASASI (TL) FONU,YF,DG,faal,AK PORTFÖY YÖNETİMİ A.Ş.,4028328c6cd92f59016d48acaafa5e75,Para Piyasası,unvan
BGR,AK PORTFÖY BIST GYO ENDEKSİ HİSSE SENEDİ (TL) FONU (HİSSE SENEDİ YOĞUN FON),YF,HS,faal,AK PORTFÖY YÖNETİMİ A.Ş.,4028328c9ec11d3d019ed087a6bc4455,Hisse Senedi,unvan
BGV,ALBARAKA PORTFÖY YÖNETİMİ A.Ş. BİRİNCİ PROJE GAYRİMENKUL YATIRIM FONU,GMF,DG,faal,ALBARAKA PORTFÖY YÖNETİMİ A.Ş.,4028328c992f6d5701995ce072d57f42,Diğer,unvan
BGY,AK PORTFÖY YÖNETİMİ A.Ş. BİRİNCİ GAYRİMENKUL YATIRIM FONU,GMF,DG,faal,AK PORTFÖY YÖNETİMİ A.Ş.,4028328d65442dfb0165f1d60b0229be,Diğer,unvan
BHA,BULLS PORTFÖY HİSSE SENEDİ (TL) FONU (HİSSE SENEDİ YOĞUN FON),YF,HS,faal,BULLS PORTFÖY YÖNETİMİ A.Ş.,4028328d950b608601956bc3da71274c,Hisse Senedi,unvan
BHE,AK PORTFÖY BİRİNCİ HİSSE SENEDİ SERBEST FON (HİSSE SENEDİ YOĞUN FON),YF,HS,faal,AK PORTFÖY YÖNETİMİ A.Ş.,4028328c8b2fcee7018cb4c0886528ed,Hisse Senedi,unvan
BHF,PARDUS PORTFÖY BİRİNCİ DEĞİŞKEN FON,YF,DG,faal,PARDUS PORTFÖY YÖNETİMİ A.Ş.,4028328d8b2fcee7018b428315e17258,Değişken,unvan
BHH,PARDUS PORTFÖY BEŞİNCİ HİSSE SENEDİ SERBEST (TL) FON (HİSSE SENEDİ YOĞUN FON),YF,HS,faal,PARDUS PORTFÖY YÖNETİMİ A.Ş.,4028328d8b2fcee7018baf65208c4024,Hisse Senedi,unvan
BHI,BV PORTFÖY MUTLAK GETİRİ HEDEFLİ HİSSE SENEDİ SERBEST (TL) FON (HİSSE SENEDİ YOĞUN FON),YF,HS,faal,BV PORTFÖY YÖNETİMİ A.Ş.,4028328c8ae7be4f018b19a1e9996a41,Hisse Senedi,unvan
BHK,BEREKET EMEKLİLİK VE HAYAT A.Ş. KİRA SERTİFİKALARI KATILIM EMEKLİLİK YATIRIM FONU,EYF,,faal,BEREKET EMEKLİLİK VE HAYAT A.Ş.,4028328c950ba8c601953c43fc133dfb,Katılım,unvan
BHL,İŞ PORTFÖY BİRİNCİ HİSSE SENEDİ SERBEST FON (HİSSE SENEDİ YOĞUN FON),YF,SF,faal,İŞ PORTFÖY YÖNETİMİ A.Ş.,4028328d906f407c019078aa91be5af9,Hisse Senedi,unvan
BHN,A1 CAPİTAL PORTFÖY BANKACILIK SEKTÖRÜ DIŞI ŞİRKETLER HİSSE SENEDİ SERBEST (TL) FON (HİSSE SENEDİ YOĞUN FON),YF,HS,faal,A1 CAPİTAL PORTFÖY YÖNETİMİ A.Ş.,4028328c9aaa2bf9019ab5a5525e167d,Hisse Senedi,unvan
BHO,AZİMUT PORTFÖY BİRİNCİ PY HİSSE SENEDİ SERBEST ÖZEL FON (HİSSE SENEDİ YOĞUN FON),YF,HS,faal,AZİMUT PORTFÖY YÖNETİMİ A.Ş.,4028328d998eebe8019a9b54d43900b4,Hisse Senedi,unvan
BHS,ANADOLU HAYAT EMEKLİLİK A.Ş. SÜRDÜRÜLEBİLİRLİK HİSSE SENEDİ EMEKLİLİK YATIRIM FONU,EYF,,faal,ANADOLU HAYAT EMEKLİLİK A.Ş.,4028328c794d2f880179d2539e37112b,Hisse Senedi,unvan
BHT,ANADOLU HAYAT EMEKLİLİK A.Ş. TEKNOLOJİ SEKTÖRÜ HİSSE SENEDİ EMEKLİLİK YATIRIM FONU,EYF,,faal,ANADOLU HAYAT EMEKLİLİK A.Ş.,4028328c794d2f880179d2547c991150,Hisse Senedi,unvan
BI5,BULLS PORTFÖY BIST 50 DIŞI ŞİRKETLER HİSSE SENEDİ SERBEST FON (HİSSE SENEDİ YOĞUN FON),YF,HS,faal,BULLS PORTFÖY YÖNETİMİ A.Ş.,4028328d998eebe8019a540d331e3043,Hisse Senedi,unvan
BIA,TRİVE PORTFÖY İSTATİSTİKSEL ARBİTRAJ HİSSE SENEDİ SERBEST FON (HİSSE SENEDİ YOĞUN FON),YF,HS,faal,TRIVE PORTFÖY YÖNETİMİ A.Ş.,4028328c8ff3a67701900c584bd2714e,Hisse Senedi,unvan
BID,QNB PORTFÖY BIST 100 DIŞI ŞİRKETLER HİSSE SENEDİ (TL) FONU (HİSSE SENEDİ YOĞUN FON),YF,HS,faal,QNB PORTFÖY YÖNETİMİ A.Ş.,4028328d86d233be0186ef753e146845,Hisse Senedi,unvan
BIE,INVEO PORTFÖY YÖNETİMİ A.Ş. BİRİNCİ GAMING VE E-SPORTS GİRİŞİM SERMAYESİ YATIRIM FONU,GSF,DG,faal,INVEO PORTFÖY YÖNETİMİ A.Ş.,4028328d7afb2dbd017b11ac0c9a0e3f,Diğer,unvan
BIF,TACİRLER PORTFÖY YÖNETİMİ A.Ş. BİRİNCİ GİRİŞİM SERMAYESİ YATIRIM FONU,GSF,DG,faal,TACİRLER PORTFÖY YÖNETİMİ A.Ş.,4028328d950b6086019580617317719a,Diğer,unvan
BIG,YAPI KREDİ PORTFÖY ÜÇÜNCÜ HİSSE SENEDİ FONU (HİSSE SENEDİ YOĞUN FON),YF,HS,faal,YAPI KREDİ PORTFÖY YÖNETİMİ A.Ş.,4028328d930ceaeb01936cfb27a94aec,Hisse Senedi,unvan
BIH,PARDUS PORTFÖY BİRİNCİ HİSSE SENEDİ (TL) FONU (HİSSE SENEDİ YOĞUN FON),YF,HS,faal,PARDUS PORTFÖY YÖNETİMİ A.Ş.,4028328d8b2fcee7018b428353f87264,Hisse Senedi,unvan
BII,ANATOLIA GAYRİMENKUL VE GİRİŞİM SERMAYESİ PORTFÖY YÖNETİMİ A.Ş. DIFFUSION CAPITAL PARTNERS GİRİŞİM SERMAYESİ YATIRIM FONU,GSF,DG,faal,ANATOLIA GAYRİMENKUL VE GİRİŞİM SERMAYESİ PORTFÖY YÖNETİMİ A.Ş.,4028328d992f6f66019952e5d99e1548,Diğer,unvan
BIK,BULLS PORTFÖY İKİNCİ HİSSE SENEDİ SERBEST (TL) FON (HİSSE SENEDİ YOĞUN FON),YF,HS,faal,BULLS PORTFÖY YÖNETİMİ A.Ş.,4028328d969f29560196f2ec69511115,Hisse Senedi,unvan
BIO,İŞ PORTFÖY SÜRDÜRÜLEBİLİRLİK HİSSE SENEDİ (TL) FONU (HİSSE SENEDİ YOĞUN FON),YF,HS,faal,İŞ PORTFÖY YÖNETİMİ A.Ş.,4028328c8ae7be4e018b23ad8366692a,Hisse Senedi,unvan
BIP,İSTANBUL PORTFÖY BİRİNCİ PARA PİYASASI SERBEST (TL) FON,YF,SF,faal,İSTANBUL PORTFÖY YÖNETİMİ A.Ş.,4028328c969f295c0196aae5983c19c5,Para Piyasası,unvan
BIS,BV PORTFÖY BİRİNCİ SERBEST FON,YF,SF,faal,BV PORTFÖY YÖNETİMİ A.Ş.,4028328c8ae7be4f018b19a228e86a4c,Serbest,unvan
BIT,ATA PORTFÖY İSTATİSTİKSEL ARBİTRAJ HİSSE SENEDİ SERBEST (TL) FON (HİSSE SENEDİ YOĞUN FON),YF,HS,faal,ATA PORTFÖY YÖNETİMİ A.Ş.,4028328c998ee9d5019aa11df10213dd,Hisse Senedi,unvan
BIY,AZİMUT PORTFÖY BIST 100 DIŞI ŞİRKETLER HİSSE SENEDİ FONU (HİSSE SENEDİ YOĞUN FON),YF,HS,faal,AZİMUT PORTFÖY YÖNETİMİ A.Ş.,4028328c998ee9d5019a9c101590302f,Hisse Senedi,unvan
BJD,AZİMUT PORTFÖY 13.0 SERBEST (DÖVİZ) FON,YF,SF,faal,AZİMUT PORTFÖY YÖNETİMİ A.Ş.,4028328c794d2f8a017a0eae12597ccf,Serbest,unvan
BKA,ALBARAKA PORTFÖY YÖNETİMİ A.Ş. ANKA GAYRİMENKUL YATIRIM FONU,GMF,DG,faal,ALBARAKA PORTFÖY YÖNETİMİ A.Ş.,4028328c7bf4b5e3017d04b701113e80,Diğer,unvan
BKB,HDI FİBA EMEKLİLİK VE HAYAT A.Ş. KAMU DIŞ BORÇLANMA ARAÇLARI GRUP EMEKLİLİK YATIRIM FONU,EYF,,faal,HDI FİBA EMEKLİLİK VE HAYAT A.Ş.,33E5FED7E89B00EAE0530A4A622B2AEA,Borçlanma Araçları,unvan
BKG,PARDUS PORTFÖY YÖNETİMİ A.Ş. BİRİNCİ KARMA GİRİŞİM SERMAYESİ YATIRIM FONU,GSF,DG,faal,PARDUS PORTFÖY YÖNETİMİ A.Ş.,4028328d86d233be0187ec2baa6f54e4,Karma,unvan
BKH,BV PORTFÖY YÖNETİMİ A.Ş. KARBON HASADI GİRİŞİM SERMAYESİ YATIRIM FONU,GSF,DG,faal,BV PORTFÖY YÖNETİMİ A.Ş.,4028328c9d4a029c019d6714c4504b1e,Diğer,unvan
BKI,ALBARAKA PORTFÖY YÖNETİMİ A.Ş. BEŞİNCİ KARMA GİRİŞİM SERMAYESİ YATIRIM FONU,GSF,DG,faal,ALBARAKA PORTFÖY YÖNETİMİ A.Ş.,4028328c90effe4e01910cc47f7b1f88,Karma,unvan
BKL,OMURGA GAYRİMENKUL VE GİRİŞİM SERMAYESİ PORTFÖY YÖNETİMİ A.Ş. BATI KARTAL GAYRİMENKUL YATIRIM FONU,GMF,DG,faal,OMURGA GAYRİMENKUL VE GİRİŞİM SERMAYESİ PORTFÖY YÖNETİMİ A.Ş.,4028328d969f29570196c44f3cd34dab,Diğer,unvan
BKO,AZİMUT PORTFÖY BİRİNCİ KATILIM SERBEST ÖZEL FON,YF,SF,faal,AZİMUT PORTFÖY YÖNETİMİ A.Ş.,4028328d998eebe8019a9b5514b400c1,Katılım,unvan
BKY,YAPI KREDİ PORTFÖY BİRİNCİ KATILIM SERBEST (DÖVİZ) FON,YF,KTF,faal,YAPI KREDİ PORTFÖY YÖNETİMİ A.Ş.,4028328c992f6d57019951354a5b7c92,Katılım,unvan
BLA,BULLS PORTFÖY ALGORİTMİK HİSSE SENEDİ SERBEST (TL) FON (HİSSE SENEDİ YOĞUN FON),YF,HS,faal,BULLS PORTFÖY YÖNETİMİ A.Ş.,4028328d976d2b830197c5e4028838ad,Hisse Senedi,unvan
BLD,DENİZ PORTFÖY BALEV EĞİTİME DESTEK SERBEST FON,YF,SF,faal,DENİZ PORTFÖY YÖNETİMİ A.Ş.,4028328c96289c73019666f5012a55f8,Serbest,unvan
BLM,ATLAS PORTFÖY YÖNETİMİ A.Ş. BALMUMCU PROJE GAYRİMENKUL YATIRIM FONU,GMF,DG,faal,ATLAS PORTFÖY YÖNETİMİ A.Ş.,4028328c949953a20194fa065f535203,Diğer,unvan
BLT,BULLS PORTFÖY ALTIN FONU,YF,DG,faal,BULLS PORTFÖY YÖNETİMİ A.Ş.,4028328d95959cc601960132c22d3ce8,Kıymetli Madenler,unvan
BLY,ROTA PORTFÖY YÖNETİMİ A.Ş. BLUESKY YENİLENEBİLİR ENERJİ GİRİŞİM SERMAYESİ YATIRIM FONU,GSF,DG,faal,ROTA PORTFÖY YÖNETİMİ A.Ş.,4028328d93c3b68c0193f8fb80336ebd,Diğer,unvan
BMA,MAXİS GİRİŞİM SERMAYESİ PORTFÖY YÖNETİMİ A.Ş. BİOSCİENCE MANAGERS GİRİŞİM SERMAYESİ YATIRIM FONU,GSF,DG,faal,MAXİS GİRİŞİM SERMAYESİ PORTFÖY YÖNETİMİ A.Ş.,4028328c998ee9d5019a7c62a466140f,Diğer,unvan
BMU,BULLS PORTFÖY MUTLAK GETİRİ HEDEFLİ HİSSE SENEDİ SERBEST FON (HİSSE SENEDİ YOĞUN FON),YF,HS,faal,BULLS PORTFÖY YÖNETİMİ A.Ş.,4028328d976d2b83019778d85215108b,Hisse Senedi,unvan
BN2,ATLAS PORTFÖY YÖNETİMİ A.Ş. BENESTA-2 PROJE GAYRİMENKUL YATIRIM FONU,GMF,DG,faal,ATLAS PORTFÖY YÖNETİMİ A.Ş.,4028328c96289c730196815e07c41b4e,Diğer,unvan
BNA,BNP PARIBAS CARDIF EMEKLİLİK A.Ş. ALTIN EMEKLİLİK YATIRIM FONU,EYF,,faal,BNP PARIBAS CARDIF EMEKLİLİK A.Ş.,33E5FED7ECAF00EAE0530A4A622B2AEA,Kıymetli Madenler,unvan
BNB,BNP PARIBAS CARDIF EMEKLİLİK A.Ş. MUTLAK GETİRİ HEDEFLİ DEĞİŞKEN EMEKLİLİK YATIRIM FONU,EYF,,faal,BNP PARIBAS CARDIF EMEKLİLİK A.Ş.,33E5FED7EB9F00EAE0530A4A622B2AEA,Değişken,unvan
BNC,AK PORTFÖY BEŞİNCİ SERBEST FON,YF,SF,faal,AK PORTFÖY YÖNETİMİ A.Ş.,4028328d8b2fcee7018beb939a957bb2,Serbest,unvan
BNE,ATLAS PORTFÖY YÖNETİMİ A.Ş. BENESTA PROJE GAYRİMENKUL YATIRIM FONU,GMF,DG,faal,ATLAS PORTFÖY YÖNETİMİ A.Ş.,4028328c9373b8ac01939aaca3a246ed,Diğer,unvan
BNH,İSTANBUL PORTFÖY BANKACILIK SEKTÖRÜ HİSSE SENEDİ SERBEST (TL) FON (HİSSE SENEDİ YOĞUN FON),YF,HS,faal,İSTANBUL PORTFÖY YÖNETİMİ A.Ş.,4028328d95959cc60195aec2d4d10e9c,Hisse Senedi,unvan
BNK,BNP PARIBAS CARDIF EMEKLİLİK A.Ş. KATKI  EMEKLİLİK YATIRIM FONU,EYF,,faal,BNP PARIBAS CARDIF EMEKLİLİK A.Ş.,33E5FED7ECAB00EAE0530A4A622B2AEA,Diğer,unvan
BNL,BNP PARİBAS CARDİF EMEKLİLİK A.Ş. OKS STANDART EMEKLİLİK YATIRIM FONU,OKS,DG,faal,BNP PARIBAS CARDIF EMEKLİLİK A.Ş.,4028328c5fc60da801606d9162a4007e,Diğer,unvan
BNO,ANADOLU HAYAT EMEKLİLİK A.Ş. TEMETTÜ ÖDEYEN ŞİRKETLER HİSSE SENEDİ EMEKLİLİK YATIRIM FONU,EYF,,faal,ANADOLU HAYAT EMEKLİLİK A.Ş.,4028328d8271f5d601827cab350d289d,Hisse Senedi,unvan
BNS,BNP PARIBAS CARDIF EMEKLİLİK A.Ş. STANDART EMEKLİLİK YATIRIM FONU,EYF,,faal,BNP PARIBAS CARDIF EMEKLİLİK A.Ş.,33E5FED7ECB300EAE0530A4A622B2AEA,Diğer,unvan
BNZ,BNP PARİBAS CARDİF EMEKLİLİK A.Ş. OKS KATILIM STANDART EMEKLİLİK YATIRIM FONU,OKS,DG,faal,BNP PARIBAS CARDIF EMEKLİLİK A.Ş.,4028328c5fc60da801606d939541008d,Katılım,unvan
BOH,BULLS PORTFÖY BIST 30 DIŞI ŞİRKETLER HİSSE SENEDİ SERBEST FON (HİSSE SENEDİ YOĞUN FON),YF,HS,faal,BULLS PORTFÖY YÖNETİMİ A.Ş.,4028328d998eebe80199ec5adfd160de,Hisse Senedi,unvan
BOL,AKTİF PORTFÖY BORÇLANMA ARAÇLARI FONU,YF,DG,faal,AKTİF PORTFÖY YÖNETİMİ A.Ş.,4028328c9373b8aa01938ccdde3e573d,Borçlanma Araçları,unvan
BON,A1 CAPİTAL PORTFÖY BORÇLANMA ARAÇLARI FONU,YF,DG,faal,A1 CAPİTAL PORTFÖY YÖNETİMİ A.Ş.,4028328c998ee9d50199c2d60a6f6fef,Borçlanma Araçları,unvan
BOP,İŞ PORTFÖY ÖPY BİRİNCİ SERBEST (DÖVİZ) ÖZEL FON,YF,SF,faal,İŞ PORTFÖY YÖNETİMİ A.Ş.,4028328d998eebe8019a5cfd6f35273e,Serbest,unvan
BOS,BULLS PORTFÖY ALTINCI HİSSE SENEDİ SERBEST FON (HİSSE SENEDİ YOĞUN FON),YF,HS,faal,BULLS PORTFÖY YÖNETİMİ A.Ş.,4028328c998ee9d70199b8ce8ffc56cf,Hisse Senedi,unvan
BP1,BULLS PORTFÖY YÖNETİMİ A.Ş. BİRİNCİ PROJE GAYRİMENKUL YATIRIM FONU,GMF,DG,faal,BULLS PORTFÖY YÖNETİMİ A.Ş.,4028328d9b827483019c0dce37a57526,Diğer,unvan
BP2,ONE PORTFÖY YÖNETİMİ A.Ş. İKİNCİ PROJE GAYRİMENKUL YATIRIM FONU,GMF,DG,faal,ONE PORTFÖY YÖNETİMİ A.Ş.,4028328c9cc9d177019d1a5d07843c24,Diğer,unvan
BP5,BULLS PORTFÖY BEŞİNCİ HİSSE SENEDİ SERBEST FON (HİSSE SENEDİ YOĞUN FON),YF,HS,faal,BULLS PORTFÖY YÖNETİMİ A.Ş.,4028328d98455cf70198c6742b502ad3,Hisse Senedi,unvan
BPC,BNP PARIBAS CARDIF EMEKLİLİK A.Ş. KATILIM KATKI EMEKLİLİK YATIRIM FONU,EYF,,faal,BNP PARIBAS CARDIF EMEKLİLİK A.Ş.,4028328d6efb12d9016f7f12d3040735,Katılım,unvan
BPD,BULLS PORTFÖY BİRİNCİ SERBEST (DÖVİZ) FON,YF,SF,faal,BULLS PORTFÖY YÖNETİMİ A.Ş.,4028328d969f29560196d3956ec01d44,Serbest,unvan
BPE,BNP PARIBAS CARDIF EMEKLİLİK A.Ş. DENGELİ DEĞİŞKEN EMEKLİLİK YATIRIM FONU,EYF,,faal,BNP PARIBAS CARDIF EMEKLİLİK A.Ş.,33E5FED7EC9B00EAE0530A4A622B2AEA,Değişken,unvan
BPF,BNP PARIBAS CARDIF EMEKLİLİK A.Ş. BORÇLANMA ARAÇLARI GRUP EMEKLİLİK YATIRIM FONU,EYF,,faal,BNP PARIBAS CARDIF EMEKLİLİK A.Ş.,33E5FED7ECA700EAE0530A4A622B2AEA,Borçlanma Araçları,unvan
BPG,BNP PARİBAS CARDİF EMEKLİLİK A.Ş. BORÇLANMA ARAÇLARI EMEKLİLİK YATIRIM FONU,EYF,,faal,BNP PARIBAS CARDIF EMEKLİLİK A.Ş.,33E5FED7EB9300EAE0530A4A622B2AEA,Borçlanma Araçları,unvan
BPH,BNP PARIBAS CARDIF EMEKLİLİK A.Ş. HİSSE SENEDİ EMEKLİLİK YATIRIM FONU,EYF,,faal,BNP PARIBAS CARDIF EMEKLİLİK A.Ş.,33E5FED7EC9700EAE0530A4A622B2AEA,Hisse Senedi,unvan
BPI,BNP PARİBAS CARDİF EMEKLİLİK A.Ş. OKS AGRESİF DEĞİŞKEN EMEKLİLİK YATIRIM FONU,OKS,DG,faal,BNP PARIBAS CARDIF EMEKLİLİK A.Ş.,4028328d5c459ee5015d2b42a5c21365,Değişken,unvan
BPJ,BNP PARİBAS CARDİF EMEKLİLİK A.Ş. OKS DENGELİ DEĞİŞKEN EMEKLİLİK YATIRIM FONU,OKS,DG,faal,BNP PARIBAS CARDIF EMEKLİLİK A.Ş.,4028328d5c459ee5015d2b43a7141373,Değişken,unvan
BPK,BNP PARIBAS CARDIF EMEKLİLİK A.Ş. İKİNCİ KAMU DIŞ BORÇLANMA ARAÇLARI (ABD DOLARI 0-5 YIL VADELİ) EMEKLİLİK YATIRIM FONU,EYF,,faal,BNP PARIBAS CARDIF EMEKLİLİK A.Ş.,33E5FED7EB9B00EAE0530A4A622B2AEA,Borçlanma Araçları,unvan
BPL,BNP PARIBAS CARDIF EMEKLİLİK A.Ş. BİRİNCİ PARA PİYASASI EMEKLİLİK YATIRIM FONU,EYF,,faal,BNP PARIBAS CARDIF EMEKLİLİK A.Ş.,33E5FED7EB9700EAE0530A4A622B2AEA,Para Piyasası,unvan
BPN,BNP PARİBAS CARDİF EMEKLİLİK A.Ş. OKS DİNAMİK DEĞİŞKEN EMEKLİLİK YATIRIM FONU,OKS,DG,faal,BNP PARIBAS CARDIF EMEKLİLİK A.Ş.,4028328d5c459ee5015d2b4498351381,Değişken,unvan
BPO,BNP PARİBAS CARDİF EMEKLİLİK A.Ş. OKS DİNAMİK KATILIM DEĞİŞKEN EMEKLİLİK YATIRIM FONU,OKS,DG,faal,BNP PARIBAS CARDIF EMEKLİLİK A.Ş.,4028328d5c459ee5015d2b48589c13ac,Katılım,unvan
BPR,BNP PARİBAS CARDİF EMEKLİLİK A.Ş. OKS MUHAFAZAKAR DEĞİŞKEN EMEKLİLİK YATIRIM FONU,OKS,DG,faal,BNP PARIBAS CARDIF EMEKLİLİK A.Ş.,4028328d5c459ee5015d2b45e7901390,Değişken,unvan
BPS,BNP PARİBAS CARDİF EMEKLİLİK A.Ş. OKS AGRESİF KATILIM DEĞİŞKEN EMEKLİLİK YATIRIM FONU,OKS,DG,faal,BNP PARIBAS CARDIF EMEKLİLİK A.Ş.,4028328d5c459ee5015d2b46f798139e,Katılım,unvan
BPU,BNP PARIBAS CARDIF EMEKLİLİK A.Ş. BİRİNCİ KAMU DIŞ BORÇLANMA ARAÇLARI EMEKLİLİK YATIRIM FONU,EYF,,faal,BNP PARIBAS CARDIF EMEKLİLİK A.Ş.,33E5FED7EC9F00EAE0530A4A622B2AEA,Borçlanma Araçları,unvan
BPV,BTCTURK PORTFÖY PARA PİYASASI (TL) FONU,YF,DG,faal,BTCTURK PORTFÖY YÖNETİMİ A.Ş.,4028328c9f52dc3f01a01e115463222a,Para Piyasası,unvan
BPZ,BULLS PORTFÖY PARA PİYASASI (TL) FONU,YF,DG,faal,BULLS PORTFÖY YÖNETİMİ A.Ş.,4028328d95959cc6019601323a383cc7,Para Piyasası,unvan
BRB,BULLS PORTFÖY ARENA SERBEST FON,YF,SF,faal,BULLS PORTFÖY YÖNETİMİ A.Ş.,4028328d969f29560196f2efbb2d1148,Serbest,unvan
BRC,RE-PIE PORTFÖY BİRİNCİ İSTATİSTİKSEL ARBİTRAJ HİSSE SENEDİ SERBEST FON (HİSSE SENEDİ YOĞUN FON),YF,HS,faal,RE-PIE PORTFÖY YÖNETİMİ A.Ş.,4028328d982435780198310dcfb72457,Hisse Senedi,unvan
BRE,ATLAS PORTFÖY YÖNETİMİ A.Ş. POLAT BİRİNCİ PROJE GAYRİMENKUL YATIRIM FONU,GMF,DG,faal,ATLAS PORTFÖY YÖNETİMİ A.Ş.,4028328d8e21d0ec018e7a5fcdb97ac5,Diğer,unvan
BRF,DENİZ PORTFÖY BİRİNCİ FON SEPETİ FONU,YF,DG,faal,DENİZ PORTFÖY YÖNETİMİ A.Ş.,4028328c969f295c0196ecfc6a9c00f5,Fon Sepeti,unvan
BRG,TEB PORTFÖY BURGAN BANK PARA PİYASASI (TL) FONU,YF,DG,faal,TEB PORTFÖY YÖNETİMİ A.Ş.,4028328c7bf4b5e2017c31b8757d5b26,Para Piyasası,unvan
BRH,İSTANBUL PORTFÖY BİRİNCİ HİSSE SENEDİ SERBEST FON (HİSSE SENEDİ YOĞUN FON),YF,HS,faal,İSTANBUL PORTFÖY YÖNETİMİ A.Ş.,4028328c919f164b01924754f8503bf8,Hisse Senedi,unvan
BRP,AZİMUT PORTFÖY YÖNETİMİ A.Ş. BİRİNCİ PROJE GAYRİMENKUL YATIRIM FONU,GMF,DG,faal,AZİMUT PORTFÖY YÖNETİMİ A.Ş.,4028328c969f29550196d7f6b93573b7,Diğer,unvan
BRR,AK PORTFÖY İKİNCİ KISA VADELİ BORÇLANMA ARAÇLARI (TL) FONU,YF,DG,faal,AK PORTFÖY YÖNETİMİ A.Ş.,4028328d96289e8c01964312ea7e1c76,Kısa Vadeli Borçlanma,unvan
BRS,ROTA PORTFÖY YÖNETİMİ A.Ş. TEKNOSAB LOJİSTİK GİRİŞİM SERMAYESİ YATIRIM FONU,GSF,DG,faal,ROTA PORTFÖY YÖNETİMİ A.Ş.,4028328c919f164b0191d6bd80ea2222,Diğer,unvan
BRT,PARDUS PORTFÖY BEREKET HİSSE SENEDİ SERBEST FON (HİSSE SENEDİ YOĞUN FON),YF,HS,faal,PARDUS PORTFÖY YÖNETİMİ A.Ş.,4028328c96289c73019681fc388832ee,Hisse Senedi,unvan
BRV,ALKİMA GİRİŞİM SERMAYESİ PORTFÖY YÖNETİMİ A.Ş. BİRİNCİ GİRİŞİM SERMAYESİ YATIRIM FONU,GSF,DG,faal,ALKİMA GİRİŞİM SERMAYESİ PORTFÖY YÖNETİMİ A.Ş.,4028328c9d7b22d2019dddfb13503d08,Diğer,unvan
BRY,INVEO PORTFÖY YÖNETİMİ A.Ş. BORYAL GAYRİMENKUL YATIRIM FONU,GMF,DG,faal,INVEO PORTFÖY YÖNETİMİ A.Ş.,4028328d9d7b24c9019d8bf8a3b37dcd,Diğer,unvan
BRZ,TEB PORTFÖY BURGAZ SERBEST (DÖVİZ) ÖZEL FON,YF,SF,faal,TEB PORTFÖY YÖNETİMİ A.Ş.,4028328c906f3e7c01907d6bca4873eb,Serbest,unvan
BS1,AHLATCI PORTFÖY BİRİNCİ SERBEST (TL) FON,YF,SF,faal,AHLATCI PORTFÖY YÖNETİMİ A.Ş.,4028328d998eebe8019a585e9eb5744f,Serbest,unvan
BSA,İŞ PORTFÖY BAŞAK SERBEST ÖZEL FON,YF,SF,faal,İŞ PORTFÖY YÖNETİMİ A.Ş.,4028328d93c3b68c01941d0bfc106a44,Serbest,unvan
BSC,A1 CAPİTAL PORTFÖY BİRİNCİ SERBEST FON,YF,SF,faal,A1 CAPİTAL PORTFÖY YÖNETİMİ A.Ş.,4028328d9aaa2df9019ab5b420911e0a,Serbest,unvan
BSD,BV PORTFÖY SERBEST (DÖVİZ) FON,YF,SF,faal,BV PORTFÖY YÖNETİMİ A.Ş.,4028328c976d2988019778fb282d18cf,Serbest,unvan
BSE,PARDUS PORTFÖY BIST 30 DIŞI ŞİRKETLER HİSSE SENEDİ SERBEST (TL) FON (HİSSE SENEDİ YOĞUN FON),YF,HS,faal,PARDUS PORTFÖY YÖNETİMİ A.Ş.,4028328d86183ba10186500f08bf4fbf,Hisse Senedi,unvan
BSF,İŞ PORTFÖY BİRİNCİ SERBEST ÖZEL FON,YF,SF,faal,İŞ PORTFÖY YÖNETİMİ A.Ş.,4028328c916b969d0191749b8c7b3fdd,Serbest,unvan
BSG,BV PORTFÖY YÖNETİMİ A.Ş. SİNERJİ GİRİŞİM SERMAYESİ YATIRIM FONU,GSF,DG,faal,BV PORTFÖY YÖNETİMİ A.Ş.,4028328d8563fea001858722d5d11304,Diğer,unvan
BSH,ATLAS PORTFÖY BANKACILIK SEKTÖRÜ HİSSE SENEDİ SERBEST FON(HİSSE SENEDİ YOĞUN FON),YF,HS,faal,ATLAS PORTFÖY YÖNETİMİ A.Ş.,4028328d9373bab00193b5175041387d,Hisse Senedi,unvan
BSI,TERA PORTFÖY YÖNETİMİ A.Ş. DRV TEKNOLOJİ GİRİŞİM SERMAYESİ YATIRIM FONU,GSF,DG,faal,TERA PORTFÖY YÖNETİMİ A.Ş.,4028328d919f184b0191ffaa67da1580,Diğer,unvan
BSM,GLOBAL MD PORTFÖY BERRAK SERBEST FON,YF,SF,faal,GLOBAL MD PORTFÖY YÖNETİMİ A.Ş.,4028328c998ee9d70199e2a4696538df,Serbest,unvan
BSN,BULLS PORTFÖY SANAYİ ŞİRKETLERİ HİSSE SENEDİ SERBEST FON (HİSSE SENEDİ YOĞUN FON),YF,HS,faal,BULLS PORTFÖY YÖNETİMİ A.Ş.,4028328d998eebe8019a540cbb88302b,Hisse Senedi,unvan
BSR,BNP PARİBAS CARDİF EMEKLİLİK A.Ş. SÜRDÜRÜLEBİLİRLİK FON SEPETİ EMEKLİLİK YATIRIM FONU,EYF,,faal,BNP PARIBAS CARDIF EMEKLİLİK A.Ş.,4028328c950ba8c70195462d06ad41d6,Fon Sepeti,unvan
BSS,BV PORTFÖY YÖNETİMİ A.Ş. SEED-B GİRİŞİM SERMAYESİ YATIRIM FONU,GSF,DG,faal,BV PORTFÖY YÖNETİMİ A.Ş.,4028328d95959cc60195a2d413650862,Diğer,unvan
BST,PARDUS PORTFÖY BANKACILIK SEKTÖRÜ DIŞI ŞİRKETLER HİSSE SENEDİ SERBEST (TL) FON (HİSSE SENEDİ YOĞUN FON),YF,HS,faal,PARDUS PORTFÖY YÖNETİMİ A.Ş.,4028328d86183ba1018650124f1a504f,Hisse Senedi,unvan
BSY,ALLBATROSS PORTFÖY YÖNETİMİ A.Ş. BEŞİNCİ GİRİŞİM SERMAYESİ YATIRIM FONU,GSF,DG,faal,ALLBATROSS PORTFÖY YÖNETİMİ A.Ş.,4028328c919f164a01920a5dc5500a44,Diğer,unvan
BTE,BV PORTFÖY OYUN VE TEKNOLOJİ DEĞİŞKEN FON,YF,DG,faal,BV PORTFÖY YÖNETİMİ A.Ş.,4028328c8588f3000185f393929f6b2c,Değişken,unvan
BTG,ROTA PORTFÖY YÖNETİMİ A.Ş. BİRİNCİ FINTECH GİRİŞİM SERMAYESİ YATIRIM FONU,GSF,DG,faal,ROTA PORTFÖY YÖNETİMİ A.Ş.,4028328d7da7e96d017e66ebea7e0457,Diğer,unvan
BTH,ALBARAKA PORTFÖY YÖNETİMİ A.Ş. OTEL GİRİŞİM SERMAYESİ YATIRIM FONU,GSF,DG,faal,ALBARAKA PORTFÖY YÖNETİMİ A.Ş.,4028328d90137b63019039a44c4b2c07,Diğer,unvan
BTJ,ATLAS PORTFÖY İSTATİSTİKSEL ARBİTRAJ HİSSE SENEDİ SERBEST FON(HİSSE SENEDİ YOĞUN FON),YF,HS,faal,ATLAS PORTFÖY YÖNETİMİ A.Ş.,4028328d9373bab00193b51ade143894,Hisse Senedi,unvan
BTK,BV PORTFÖY TEKNOLOJİ KATILIM FONU,YF,KTF,faal,BV PORTFÖY YÖNETİMİ A.Ş.,4028328c976d2988019778fac73618b9,Katılım,unvan
BTP,TRİVE PORTFÖY PARA PİYASASI SERBEST FON,YF,SF,faal,TRIVE PORTFÖY YÖNETİMİ A.Ş.,4028328c8ff3a67701900c85fd47750b,Para Piyasası,unvan
BTY,İŞ PORTFÖY BTY SERBEST (DÖVİZ) ÖZEL FON,YF,DG,faal,İŞ PORTFÖY YÖNETİMİ A.Ş.,4028328d8e21d0ec018ebddc62bf3088,Serbest,unvan
BTZ,ATLAS PORTFÖY BIST 30 DIŞI ŞİRKETLER HİSSE SENEDİ FONU (HİSSE SENEDİ YOĞUN FON),YF,HS,faal,ATLAS PORTFÖY YÖNETİMİ A.Ş.,4028328c906f3e7b0190a09a920447e5,Hisse Senedi,unvan
BU2,BULLS PORTFÖY YÖNETİMİ A.Ş. İKİNCİ GİRİŞİM SERMAYESİ YATIRIM FONU,GSF,DG,faal,BULLS PORTFÖY YÖNETİMİ A.Ş.,4028328d9b827483019c0dced3c17547,Diğer,unvan
BU3,BULLS PORTFÖY YÖNETİMİ A.Ş. ÜÇÜNCÜ GİRİŞİM SERMAYESİ YATIRIM FONU,GSF,DG,faal,BULLS PORTFÖY YÖNETİMİ A.Ş.,4028328d9b827483019c0dcea400753c,Diğer,unvan
BUB,BULLS PORTFÖY BİRİNCİ FON SEPETİ FONU,YF,DG,faal,BULLS PORTFÖY YÖNETİMİ A.Ş.,4028328c98f754d1019905058fd10e46,Fon Sepeti,unvan
BUC,BULLS PORTFÖY ÜÇÜNCÜ HİSSE SENEDİ SERBEST (TL) FON (HİSSE SENEDİ YOĞUN FON),YF,HS,faal,BULLS PORTFÖY YÖNETİMİ A.Ş.,4028328d976d2b83019778d879561096,Hisse Senedi,unvan
BUG,INVEO PORTFÖY YÖNETİMİ A.Ş. INVEO VENTURES SPARK GİRİŞİM SERMAYESİ YATIRIM FONU,GSF,DG,faal,INVEO PORTFÖY YÖNETİMİ A.Ş.,4028328d7da7e96d017e66ed12ad0467,Diğer,unvan
BUP,AZİMUT PORTFÖY BUPA SERBEST (TL) ÖZEL FON,YF,SF,faal,AZİMUT PORTFÖY YÖNETİMİ A.Ş.,4028328d853ff39a01855e505da10e25,Serbest,unvan
BUT,AZİMUT PORTFÖY BULUT HİSSE SENEDİ SERBEST ÖZEL FON (HİSSE SENEDİ YOĞUN FON),YF,HS,faal,AZİMUT PORTFÖY YÖNETİMİ A.Ş.,4028328d86d233be0187be09c1d369d2,Hisse Senedi,unvan
BUV,BULLS PORTFÖY VOLTRAN SERBEST (TL) FON,YF,SF,faal,BULLS PORTFÖY YÖNETİMİ A.Ş.,4028328d969f29560196d39533c61d35,Serbest,unvan
BUY,AK PORTFÖY BÜYÜYEN ŞİRKETLER HİSSE SENEDİ (TL) FONU (HİSSE SENEDİ YOĞUN FON),YF,HS,faal,AK PORTFÖY YÖNETİMİ A.Ş.,4028328c88c529ea0188d2f9872b277e,Hisse Senedi,unvan
BV1,BV PORTFÖY BİRİNCİ HİSSE SENEDİ (TL) FONU (HİSSE SENEDİ YOĞUN FON),YF,HS,faal,BV PORTFÖY YÖNETİMİ A.Ş.,4028328d949955a90194b21cce497eea,Hisse Senedi,unvan
BV2,BV PORTFÖY YÖNETİMİ A.Ş. BOĞAZİÇİ VENTURES İKİNCİ GİRİŞİM SERMAYESİ YATIRIM FONU,GSF,DG,faal,BV PORTFÖY YÖNETİMİ A.Ş.,4028328d9aaa2dfa019ae3df59bb0560,Diğer,unvan
BVB,AK PORTFÖY ÖPY YEDİNCİ SERBEST (TL) ÖZEL FON,YF,SF,faal,AK PORTFÖY YÖNETİMİ A.Ş.,4028328c802924490180648e506b0f07,Serbest,unvan
BVC,AK PORTFÖY BİRİNCİ SERBEST (TL) ÖZEL FON,YF,SF,faal,AK PORTFÖY YÖNETİMİ A.Ş.,4028328c802924490180648f1cc60f1d,Serbest,unvan
BVD,BV PORTFÖY BİRİNCİ DEĞİŞKEN FON,YF,DG,faal,BV PORTFÖY YÖNETİMİ A.Ş.,4028328c9b82727b019b920c83b647c8,Değişken,unvan
BVE,BV PORTFÖY YÖNETİMİ A.Ş. BOĞAZİÇİ VENTURES GLOBAL GİRİŞİM SERMAYESİ YATIRIM FONU,GSF,DG,faal,BV PORTFÖY YÖNETİMİ A.Ş.,4028328c9f52dc40019f69a85ae36672,Diğer,unvan
BVF,BV PORTFÖY PARA PİYASASI (TL) FON,YF,DG,faal,BV PORTFÖY YÖNETİMİ A.Ş.,4028328d976d2b83019778fe67ae13a1,Para Piyasası,unvan
BVG,BV PORTFÖY YÖNETİMİ A.Ş. BOĞAZİÇİ VENTURES GİRİŞİM SERMAYESİ YATIRIM FONU,GSF,DG,faal,BV PORTFÖY YÖNETİMİ A.Ş.,4028328c760074830176044204c80b8f,Diğer,unvan
BVH,BV PORTFÖY BİRİNCİ HİSSE SENEDİ SERBEST (TL) FON (HİSSE SENEDİ YOĞUN FON),YF,HS,faal,BV PORTFÖY YÖNETİMİ A.Ş.,4028328c8b2fcee7018d171fdc7d58ff,Hisse Senedi,unvan
BVI,BV PORTFÖY İKİNCİ HİSSE SENEDİ SERBEST FON (HİSSE SENEDİ YOĞUN FON),YF,HS,faal,BV PORTFÖY YÖNETİMİ A.Ş.,4028328d8b2fcee7018baf665e487349,Hisse Senedi,unvan
BVK,BULLS PORTFÖY VOLTRAN KATILIM SERBEST (TL) FON,YF,KTF,faal,BULLS PORTFÖY YÖNETİMİ A.Ş.,4028328d969f29560196d39506771d16,Katılım,unvan
BVM,ALLBATROSS PORTFÖY BİRİNCİ HİSSE SENEDİ SERBEST (TL) FON (HİSSE SENEDİ YOĞUN FON),YF,HS,faal,ALLBATROSS PORTFÖY YÖNETİMİ A.Ş.,4028328d812b6c2f0181865d1e1766d8,Hisse Senedi,unvan
BVR,ALLBATROSS PORTFÖY SERBEST (DÖVİZ-AVRO) FON,YF,SF,faal,ALLBATROSS PORTFÖY YÖNETİMİ A.Ş.,4028328c998ee9d5019a2a0f1f910395,Serbest,unvan
BVS,BV PORTFÖY YÖNETİMİ A.Ş. LT PRE-IPO GİRİŞİM SERMAYESİ YATIRIM FONU,GSF,DG,faal,BV PORTFÖY YÖNETİMİ A.Ş.,4028328d8b2fcee7018baf69c5ee40e1,Diğer,unvan
BVT,AZİMUT PORTFÖY GÜNEY SERBEST ÖZEL FON,YF,SF,faal,AZİMUT PORTFÖY YÖNETİMİ A.Ş.,4028328d812b6c2f018186bc347d6ae1,Serbest,unvan
BVV,BV PORTFÖY TEKNOLOJİ DEĞİŞKEN FON,YF,DG,faal,BV PORTFÖY YÖNETİMİ A.Ş.,4028328c86d231ff018756e956890271,Değişken,unvan
BVZ,BV PORTFÖY İSTATİSTİKSEL ARBİTRAJ SERBEST FON,YF,SF,faal,BV PORTFÖY YÖNETİMİ A.Ş.,4028328c86d231ff018756e9343d025f,Serbest,unvan
BYF,ARZ GAYRİMENKUL GİRİŞİM SERMAYESİ PORTFÖY YÖNETİMİ A.Ş. STARTUPFON TOHUM GİRİŞİM SERMAYESİ YATIRIM FONU,GSF,DG,faal,ARZ GAYRİMENKUL VE GİRİŞİM SERMAYESİ PORTFÖY YÖNETİMİ A.Ş.,4028328d86d233be01880ab783c82791,Diğer,unvan
BYG,AK PORTFÖY YÖNETİMİ A.Ş. BİRİNCİ YENİLENEBİLİR ENERJİ GİRİŞİM SERMAYESİ YATIRIM FONU,GSF,DG,faal,AK PORTFÖY YÖNETİMİ A.Ş.,4028328c7b648351017bd02d044d4333,Diğer,unvan
BYL,BV PORTFÖY YÖNETİMİ A.Ş. YILDIZ TECHNO GİRİŞİM SERMAYESİ YATIRIM FONU,GSF,DG,faal,BV PORTFÖY YÖNETİMİ A.Ş.,4028328d8e21d0ec018e56e3335b5429,Diğer,unvan
BYZ,A1 CAPİTAL PORTFÖY BIST 100 DIŞI ŞİRKETLER HİSSE SENEDİ SERBEST (TL) FON (HİSSE SENEDİ YOĞUN FON),YF,HS,faal,A1 CAPİTAL PORTFÖY YÖNETİMİ A.Ş.,4028328c9aaa2bf9019ab5a5c8471693,Hisse Senedi,unvan
BZG,AURA PORTFÖY YÖNETİMİ A.Ş. B4YO BİRİNCİ GİRİŞİM SERMAYESİ YATIRIM FONU,GSF,DG,faal,AURA PORTFÖY YÖNETİMİ A.Ş.,4028328c794d2f890179eaaf889b48c1,Diğer,unvan
BZY,BNP PARİBAS CARDİF EMEKLİLİK A.Ş. TEKNOLOJİ SEKTÖRÜ DEĞİŞKEN EMEKLİLİK YATIRIM FONU,EYF,,faal,BNP PARIBAS CARDIF EMEKLİLİK A.Ş.,4028328c7d3c2e72017d9a6f1efa7a60,Değişken,unvan
CA3,AK PORTFÖY ÖZEL SEKTÖR BORÇLANMA ARAÇLARINA YATIRIM YAPAN %115 ANAPARA KORUMA AMAÇLI ALTMIŞALTINCI FON,YF,DG,faal,AK PORTFÖY YÖNETİMİ A.Ş.,4028328c9f52dc3f01a05bf4476a45b4,Borçlanma Araçları,unvan
CAH,A1 CAPİTAL PORTFÖY HİSSE SENEDİ SERBEST FON (HİSSE SENEDİ YOĞUN FON),YF,HS,faal,A1 CAPİTAL PORTFÖY YÖNETİMİ A.Ş.,4028328d98455cf6019898f223521a35,Hisse Senedi,unvan
CAP,OMURGA GAYRİMENKUL VE GİRİŞİM SERMAYESİ PORTFÖY YÖNETİMİ A.Ş. GAMECAPİTA GİRİŞİM SERMAYESİ YATIRIM FONU,GSF,DG,faal,OMURGA GAYRİMENKUL VE GİRİŞİM SERMAYESİ PORTFÖY YÖNETİMİ A.Ş.,4028328d8e21d0eb018f3ebf06be1cb0,Diğer,unvan
CBD,A1 CAPİTAL PORTFÖY BIST 30 DIŞI ŞİRKETLER HİSSE SENEDİ SERBEST FON (HİSSE SENEDİ YOĞUN FON),YF,SF,faal,A1 CAPİTAL PORTFÖY YÖNETİMİ A.Ş.,4028328c998ee9d50199c2d57d676fcd,Hisse Senedi,unvan
CBN,QNB PORTFÖY CBN SERBEST (DÖVİZ) ÖZEL FON,YF,SF,faal,QNB PORTFÖY YÖNETİMİ A.Ş.,4028328c8b2fcee7018c5930775645b8,Serbest,unvan
CBO,AZİMUT PORTFÖY HCBO HİSSE SENEDİ SERBEST ÖZEL FON (HİSSE SENEDİ YOĞUN FON),YF,HS,faal,AZİMUT PORTFÖY YÖNETİMİ A.Ş.,4028328d969f2957019769a05f0e0b98,Hisse Senedi,unvan
CEY,ROTA PORTFÖY CEY SERBEST (DÖVİZ) ÖZEL  FON,YF,SF,faal,ROTA PORTFÖY YÖNETİMİ A.Ş.,4028328c697d9cf40169a0bb76b81fdc,Serbest,unvan
CFA,QNB SAĞLIK HAYAT SİGORTA VE EMEKLİLİK A.Ş. ALTIN EMEKLİLİK YATIRIM FONU,EYF,DG,faal,QNB SAĞLIK HAYAT SİGORTA VE EMEKLİLİK A.Ş.,4028328d6c4e409e016c942c84717f12,Kıymetli Madenler,unvan
CFB,QNB SAĞLIK HAYAT SİGORTA VE EMEKLİLİK A.Ş. BAŞLANGIÇ EMEKLİLİK YATIRIM FONU,OKS,DG,faal,QNB SAĞLIK HAYAT SİGORTA VE EMEKLİLİK A.Ş.,4028328c5988cc2e01599779f01a794f,Diğer,unvan
CFC,QNB SAĞLIK HAYAT SİGORTA VE EMEKLİLİK A.Ş. ORTA VADELİ BORÇLANMA ARAÇLARI EMEKLİLİK YATIRIM FONU,EYF,DG,faal,QNB SAĞLIK HAYAT SİGORTA VE EMEKLİLİK A.Ş.,4028328d6c4e409e016c9430643e7f23,Borçlanma Araçları,unvan
CFD,QNB SAĞLIK HAYAT SİGORTA VE EMEKLİLİK A.Ş. DIŞ BORÇLANMA ARAÇLARI EMEKLİLİK YATIRIM FONU,EYF,DG,faal,QNB SAĞLIK HAYAT SİGORTA VE EMEKLİLİK A.Ş.,4028328d6c4e409e016c94316b5b7f33,Borçlanma Araçları,unvan
CFE,QNB SAĞLIK HAYAT SİGORTA VE EMEKLİLİK A.Ş. OKS KATILIM STANDART EMEKLİLİK YATIRIM FONU,OKS,DG,faal,QNB SAĞLIK HAYAT SİGORTA VE EMEKLİLİK A.Ş.,4028328c5988d42f0159d0e681ce5894,Katılım,unvan
CFK,QNB SAĞLIK HAYAT SİGORTA VE EMEKLİLİK A.Ş. KATILIM KATKI EMEKLİLİK YATIRIM FONU,EYF,,faal,QNB SAĞLIK HAYAT SİGORTA VE EMEKLİLİK A.Ş.,4028328c5988d42f0159d0e4e5a65885,Katılım,unvan
CFO,ROTA PORTFÖY İKİNCİ PARA PİYASASI FONU,YF,DG,faal,ROTA PORTFÖY YÖNETİMİ A.Ş.,4028328d8ff3a86e019000e3899c2070,Para Piyasası,unvan
CFY,QNB SAĞLIK HAYAT SİGORTA VE EMEKLİLİK A.Ş. BAŞLANGIÇ KATILIM EMEKLİLİK YATIRIM FONU,OKS,DG,faal,QNB SAĞLIK HAYAT SİGORTA VE EMEKLİLİK A.Ş.,4028328c5988cc2e0159977b2fee7989,Katılım,unvan
CGD,DENİZ PORTFÖY ÇAĞDAŞ SERBEST (DÖVİZ) ÖZEL FON,YF,SF,faal,DENİZ PORTFÖY YÖNETİMİ A.Ş.,4028328c8b2fcee8018d45b78b656e11,Serbest,unvan
CGE,QNB SAĞLIK HAYAT SİGORTA VE EMEKLİLİK A.Ş. DENGELİ DEĞİŞKEN GRUP EMEKLİLİK YATIRIM FONU,EYF,,faal,QNB SAĞLIK HAYAT SİGORTA VE EMEKLİLİK A.Ş.,33E5FED7EAEB00EAE0530A4A622B2AEA,Değişken,unvan
CGG,QNB SAĞLIK HAYAT SİGORTA VE EMEKLİLİK A.Ş. BORÇLANMA ARAÇLARI GRUP EMEKLİLİK YATIRIM FONU,EYF,,faal,QNB SAĞLIK HAYAT SİGORTA VE EMEKLİLİK A.Ş.,33E5FED7ED6B00EAE0530A4A622B2AEA,Borçlanma Araçları,unvan
CGS,AZİMUT PORTFÖY YÖNETİMİ A.Ş. ÇİLEK GİRİŞİM SERMAYESİ YATIRIM FONU,GSF,DG,faal,AZİMUT PORTFÖY YÖNETİMİ A.Ş.,4028328d93c3b68c0193f91764a46fd7,Diğer,unvan
CHA,QNB SAĞLIK HAYAT SİGORTA VE EMEKLİLİK A.Ş. OKS DENGELİ DEĞİŞKEN EMEKLİLİK YATIRIM FONU,OKS,DG,faal,QNB SAĞLIK HAYAT SİGORTA VE EMEKLİLİK A.Ş.,4028328c5c459c6d015cce92701673e5,Değişken,unvan
CHC,QNB SAĞLIK HAYAT SİGORTA VE EMEKLİLİK A.Ş. OKS MUHAFAZAKAR DEĞİŞKEN EMEKLİLİK YATIRIM FONU,OKS,DG,faal,QNB SAĞLIK HAYAT SİGORTA VE EMEKLİLİK A.Ş.,4028328c5c459c6d015cce93981773ff,Değişken,unvan
CHD,QNB SAĞLIK HAYAT SİGORTA VE EMEKLİLİK A.Ş. OKS AGRESİF KATILIM DEĞİŞKEN EMEKLİLİK YATIRIM FONU,OKS,DG,faal,QNB SAĞLIK HAYAT SİGORTA VE EMEKLİLİK A.Ş.,4028328c5c459c6d015cce9494db741d,Katılım,unvan
CHF,TEMPLETON CHINA FUND A(Acc) USD,YYF,,faal,DENİZBANK A.Ş.,33E5FED7F03F00EAE0530A4A622B2AEA,Diğer,unvan
CHG,QNB SAĞLIK HAYAT SİGORTA VE EMEKLİLİK A.Ş. OKS AGRESİF DEĞİŞKEN EMEKLİLİK YATIRIM FONU,OKS,DG,faal,QNB SAĞLIK HAYAT SİGORTA VE EMEKLİLİK A.Ş.,4028328c5c459c6d015cce8fde1173bd,Değişken,unvan
CHH,QNB SAĞLIK HAYAT SİGORTA VE EMEKLİLİK A.Ş. BİRİNCİ HİSSE SENEDİ EMEKLİLİK YATIRIM FONU,EYF,,faal,QNB SAĞLIK HAYAT SİGORTA VE EMEKLİLİK A.Ş.,33E5FED7ED7700EAE0530A4A622B2AEA,Hisse Senedi,unvan
CHI,QNB SAĞLIK HAYAT SİGORTA VE EMEKLİLİK A.Ş. OKS DİNAMİK KATILIM DEĞİŞKEN EMEKLİLİK YATIRIM FONU,OKS,DG,faal,QNB SAĞLIK HAYAT SİGORTA VE EMEKLİLİK A.Ş.,4028328c5c459c6d015cce95b335742b,Katılım,unvan
CHK,QNB SAĞLIK HAYAT SİGORTA VE EMEKLİLİK A.Ş. BORÇLANMA ARAÇLARI EMEKLİLİK YATIRIM FONU,EYF,,faal,QNB SAĞLIK HAYAT SİGORTA VE EMEKLİLİK A.Ş.,33E5FED7EAEF00EAE0530A4A622B2AEA,Borçlanma Araçları,unvan
CHL,QNB SAĞLIK HAYAT SİGORTA VE EMEKLİLİK A.Ş. PARA PİYASASI EMEKLİLİK YATIRIM FONU,EYF,,faal,QNB SAĞLIK HAYAT SİGORTA VE EMEKLİLİK A.Ş.,33E5FED7EAF300EAE0530A4A622B2AEA,Para Piyasası,unvan
CHM,QNB SAĞLIK HAYAT SİGORTA VE EMEKLİLİK A.Ş. DİNAMİK DEĞİŞKEN EMEKLİLİK YATIRIM FONU,EYF,,faal,QNB SAĞLIK HAYAT SİGORTA VE EMEKLİLİK A.Ş.,33E5FED7ED6F00EAE0530A4A622B2AEA,Değişken,unvan
CHN,QNB SAĞLIK HAYAT SİGORTA VE EMEKLİLİK A.Ş. DENGELİ DEĞİŞKEN EMEKLİLİK YATIRIM FONU,EYF,,faal,QNB SAĞLIK HAYAT SİGORTA VE EMEKLİLİK A.Ş.,33E5FED7ED7300EAE0530A4A622B2AEA,Değişken,unvan
CHO,QNB SAĞLIK HAYAT SİGORTA VE EMEKLİLİK A.Ş. OKS ATAK DEĞİŞKEN EMEKLİLİK YATIRIM FONU,OKS,DG,faal,QNB SAĞLIK HAYAT SİGORTA VE EMEKLİLİK A.Ş.,4028328c5c459c6d015cce91538073d5,Değişken,unvan
CHS,QNB SAĞLIK HAYAT SİGORTA VE EMEKLİLİK A.Ş. STANDART EMEKLİLİK YATIRIM FONU,EYF,,faal,QNB SAĞLIK HAYAT SİGORTA VE EMEKLİLİK A.Ş.,33E5FED7E8EF00EAE0530A4A622B2AEA,Diğer,unvan
CHT,QNB SAĞLIK HAYAT SİGORTA VE EMEKLİLİK A.Ş. KATKI EMEKLİLİK YATIRIM FONU,EYF,,faal,QNB SAĞLIK HAYAT SİGORTA VE EMEKLİLİK A.Ş.,33E5FED7EAF700EAE0530A4A622B2AEA,Diğer,unvan
CHU,QNB SAĞLIK HAYAT SİGORTA VE EMEKLİLİK A.Ş. OKS STANDART EMEKLİLİK YATIRIM FONU,OKS,DG,faal,QNB SAĞLIK HAYAT SİGORTA VE EMEKLİLİK A.Ş.,4028328c5fc60da8016073fbc772235d,Diğer,unvan
CHY,A1 CAPİTAL PORTFÖY İKİNCİ HİSSE SENEDİ SERBEST (TL) FON (HİSSE SENEDİ YOĞUN FON),YF,SF,faal,A1 CAPİTAL PORTFÖY YÖNETİMİ A.Ş.,4028328c998ee9d50199c2d541816fb0,Hisse Senedi,unvan
CIN,AKTİF PORTFÖY BİRİNCİ SERBEST FON,YF,SF,faal,AKTİF PORTFÖY YÖNETİMİ A.Ş.,4028328d8b2fcee7018d6471914d6f88,Serbest,unvan
CJD,AK PORTFÖY SEKİZİNCİ SERBEST (DÖVİZ) FON,YF,SF,faal,AK PORTFÖY YÖNETİMİ A.Ş.,4028328d794d3bd7017956b359a52280,Serbest,unvan
CJF,AK PORTFÖY ADOC SERBEST (DÖVİZ) ÖZEL FON,YF,SF,faal,AK PORTFÖY YÖNETİMİ A.Ş.,4028328d794d3bd7017956b4668722bd,Serbest,unvan
CJG,AK PORTFÖY SDSD SERBEST (DÖVİZ) ÖZEL FON,YF,SF,faal,AK PORTFÖY YÖNETİMİ A.Ş.,4028328d794d3bd7017956b5176022d9,Serbest,unvan
CJH,AK PORTFÖY DOKUZUNCU SERBEST (DÖVİZ-AVRO) FON,YF,SF,faal,AK PORTFÖY YÖNETİMİ A.Ş.,4028328c7bf4b5e3017cc2387ee859c7,Serbest,unvan
CKF,ALBARAKA PORTFÖY ÇOKLU VARLIK KATILIM FONU,YF,KTF,faal,ALBARAKA PORTFÖY YÖNETİMİ A.Ş.,4028328d919f184b0192c300cbca7568,Katılım,unvan
CKL,YAPI KREDİ PORTFÖY ÇOKLU VARLIK DEĞİŞKEN FON,YF,DG,faal,YAPI KREDİ PORTFÖY YÖNETİMİ A.Ş.,4028328c969f295501975f55cdce5d65,Değişken,unvan
CKS,İŞ PORTFÖY BİRİNCİ KATILIM SERBEST (DÖVİZ) FON,YF,KTF,faal,İŞ PORTFÖY YÖNETİMİ A.Ş.,4028328d86d233bf01877fb5e99d3c51,Katılım,unvan
CNT,İSTANBUL PORTFÖY YÖNETİMİ A.Ş. CONTENT CAPİTAL VENTURES GİRİŞİM SERMAYESİ YATIRIM FONU,GSF,DG,faal,İSTANBUL PORTFÖY YÖNETİMİ A.Ş.,4028328d93c3b68c0193ce513ac50b7d,Diğer,unvan
COS,AZİMUT PORTFÖY YÖNETİMİ A.Ş. COSMOS GİRİŞİM SERMAYESİ YATIRIM FONU,GSF,DG,faal,AZİMUT PORTFÖY YÖNETİMİ A.Ş.,4028328c93c3b40d019446346d487c8b,Diğer,unvan
COT,AK PORTFÖY 2030 SERBEST (DÖVİZ-AVRO) FON,YF,SF,faal,AK PORTFÖY YÖNETİMİ A.Ş.,4028328d93c3b68c0193ce69e5210bf9,Serbest,unvan
CPD,QINVEST PORTFÖY YÖNETİMİ A.Ş. PRAGMA CAPİTAL PARTNERS DÖRDÜNCÜ ENDÜSTRİYEL ŞİRKETLER GİRİŞİM SERMAYESİ YATIRIM FONU,GSF,DG,faal,ASTRA PORTFÖY YÖNETİMİ A.Ş.,4028328c969f29550196a449a5d742e7,Diğer,unvan
CPL,İSTANBUL PORTFÖY YÖNETİMİ A.Ş. XCAPİTAL GİRİŞİM SERMAYESİ YATIRIM FONU,GSF,DG,faal,İSTANBUL PORTFÖY YÖNETİMİ A.Ş.,4028328c8e21cef8018e50820a6119bc,Diğer,unvan
CPT,ROTA PORTFÖY ÇİP TEKNOLOJİLERİ DEĞİŞKEN FON,YF,DG,faal,ROTA PORTFÖY YÖNETİMİ A.Ş.,4028328d8b2fcee7018bdc64671453f0,Değişken,unvan
CPU,AKTİF PORTFÖY TEKNOLOJİ KATILIM FONU,YF,KTF,faal,AKTİF PORTFÖY YÖNETİMİ A.Ş.,4028328d8b2fcee7018b5ccac61c6958,Katılım,unvan
CRL,YAPI KREDİ PORTFÖY ACARLAR SERBEST (DÖVİZ) ÖZEL FON,YF,SF,faal,YAPI KREDİ PORTFÖY YÖNETİMİ A.Ş.,4028328c998ee9d7019a5ecf941d04b6,Serbest,unvan
CSD,İŞ PORTFÖY CANO SERBEST (DÖVİZ) ÖZEL FON,YF,DG,faal,İŞ PORTFÖY YÖNETİMİ A.Ş.,4028328c8588f3010185e8ec20381ba6,Serbest,unvan
CSH,PARDUS PORTFÖY ÜÇÜNCÜ HİSSE SENEDİ SERBEST FON (HİSSE SENEDİ YOĞUN FON),YF,HS,faal,PARDUS PORTFÖY YÖNETİMİ A.Ş.,4028328d86183ba10186501224ee5040,Hisse Senedi,unvan
CTF,İŞ PORTFÖY ASSG SERBEST (DÖVİZ) ÖZEL FON,YF,SF,faal,İŞ PORTFÖY YÖNETİMİ A.Ş.,4028328c72f8dbc60172ffd0e43e1417,Serbest,unvan
CTG,İŞ PORTFÖY FEFON SERBEST ÖZEL FON,YF,SF,faal,İŞ PORTFÖY YÖNETİMİ A.Ş.,4028328d71bc3c630172cb74df867012,Serbest,unvan
CTM,İŞ PORTFÖY KEFON SERBEST ÖZEL FON,YF,SF,faal,İŞ PORTFÖY YÖNETİMİ A.Ş.,4028328d71bc3c630172b6bf3cd90d7c,Serbest,unvan
CTP,İŞ PORTFÖY AAF SERBEST (DÖVİZ) ÖZEL FON,YF,SF,faal,İŞ PORTFÖY YÖNETİMİ A.Ş.,4028328d72f8dbca0173328189592260,Serbest,unvan
CTV,İŞ PORTFÖY MHA SERBEST (DÖVİZ) ÖZEL FON,YF,SF,faal,İŞ PORTFÖY YÖNETİMİ A.Ş.,4028328d72f8dbca0173327f69cd2232,Serbest,unvan
CVA,AK PORTFÖY ÜÇÜNCÜ KAMU BORÇLANMA ARAÇLARI (TL) ÖZEL FONU,YF,SF,faal,AK PORTFÖY YÖNETİMİ A.Ş.,4028328d80e91792018123b7201d104f,Borçlanma Araçları,unvan
CVB,AK PORTFÖY İKİNCİ SERBEST (TL) ÖZEL FON,YF,SF,faal,AK PORTFÖY YÖNETİMİ A.Ş.,4028328d80e91792018123b8a191105f,Serbest,unvan
CVC,AK PORTFÖY ÖPY KAR PAYI ÖDEYEN SERBEST ÖZEL FON,YF,SF,faal,AK PORTFÖY YÖNETİMİ A.Ş.,4028328d80e91792018123b9aedb106f,Serbest,unvan
CVD,AK PORTFÖY GİFON SERBEST (DÖVİZ) ÖZEL FON,YF,SF,faal,AK PORTFÖY YÖNETİMİ A.Ş.,4028328d80e91792018123babec4107f,Serbest,unvan
CVE,AK PORTFÖY BİRİNCİ KAMU BORÇLANMA ARAÇLARI (TL) ÖZEL FONU,YF,DG,faal,AK PORTFÖY YÖNETİMİ A.Ş.,4028328d80e91792018123c0ed661090,Borçlanma Araçları,unvan
CVF,AK PORTFÖY SÜRDÜRÜLEBİLİRLİK SERBEST (TL) ÖZEL FON,YF,DG,faal,AK PORTFÖY YÖNETİMİ A.Ş.,4028328d80e91792018123c1b98a10a0,Serbest,unvan
CVK,INVEO PORTFÖY ÇOKLU VARLIK KATILIM FONU,YF,KTF,faal,INVEO PORTFÖY YÖNETİMİ A.Ş.,4028328c86845fa80186a1235c11015e,Katılım,unvan
CVL,A1 CAPİTAL PORTFÖY ÇOKLU VARLIK KATILIM FONU,YF,KTF,faal,A1 CAPİTAL PORTFÖY YÖNETİMİ A.Ş.,4028328c998ee9d50199c2d4ea216f98,Katılım,unvan
CVT,AZİMUT PORTFÖY YÖNETİMİ A.Ş. CVENTURES GİRİŞİM SERMAYESİ YATIRIM FONU,GSF,DG,faal,AZİMUT PORTFÖY YÖNETİMİ A.Ş.,4028328c88c529ea01892ad343b20b02,Diğer,unvan
CYD,AK PORTFÖY 2027 SERBEST (DÖVİZ-AVRO) FON,YF,SF,faal,AK PORTFÖY YÖNETİMİ A.Ş.,4028328d93c3b68c0193ce6a3a740c04,Serbest,unvan
DA1,A1 CAPİTAL PORTFÖY SERBEST (DÖVİZ) FON,YF,SF,faal,A1 CAPİTAL PORTFÖY YÖNETİMİ A.Ş.,4028328d98455cf6019898ed9f941921,Serbest,unvan
DAC,DENİZ PORTFÖY BORİS SERBEST (DÖVİZ) ÖZEL FON,YF,SF,faal,DENİZ PORTFÖY YÖNETİMİ A.Ş.,4028328c838f7bfd0183f979c6356f7e,Serbest,unvan
DAE,DENİZ PORTFÖY ARBAU HİSSE SENEDİ SERBEST ÖZEL FON (HİSSE SENEDİ YOĞUN FON),YF,HS,faal,DENİZ PORTFÖY YÖNETİMİ A.Ş.,4028328c944ba53d0194749adcb647ff,Hisse Senedi,unvan
DAH,DENİZ PORTFÖY HİSSE SENEDİ FONU (HİSSE SENEDİ YOĞUN FON),YF,HS,faal,DENİZ PORTFÖY YÖNETİMİ A.Ş.,33E5FED7E56700EAE0530A4A622B2AEA,Hisse Senedi,unvan
DAI,DENİZ PORTFÖY ARTI SERBEST (DÖVİZ) ÖZEL FON,YF,SF,faal,DENİZ PORTFÖY YÖNETİMİ A.Ş.,4028328c6ab78361016adfa6960a3b90,Serbest,unvan
DAL,DENİZ PORTFÖY SU SERBEST (DÖVİZ) ÖZEL FON,YF,SF,faal,DENİZ PORTFÖY YÖNETİMİ A.Ş.,4028328c838f7bfd0183f97884ff6f6e,Serbest,unvan
DAN,AURA PORTFÖY YÖNETİMİ A.Ş. DNA SAĞLIK VE TEKNOLOJİ GİRİŞİM SERMAYESİ YATIRIM FONU,GSF,DG,faal,AURA PORTFÖY YÖNETİMİ A.Ş.,4028328c9d7b22d3019d900b554d76ac,Diğer,unvan
DAP,DESTEK PORTFÖY PARA PİYASASI FONU,YF,DG,faal,DESTEK PORTFÖY YÖNETİMİ A.Ş.,4028328c9f52dc40019fad9d46bd166c,Para Piyasası,unvan
DAS,DENİZ PORTFÖY ONİKİNCİ SERBEST (DÖVİZ) FON,YF,SF,faal,DENİZ PORTFÖY YÖNETİMİ A.Ş.,4028328c838f7bfd0183f97b16a66f8e,Serbest,unvan
DAT,DENİZ PORTFÖY ARMUT SERBEST (DÖVİZ) ÖZEL FON,YF,SF,faal,DENİZ PORTFÖY YÖNETİMİ A.Ş.,4028328c6ab78361016adfa5a1a63b7a,Serbest,unvan
DAV,DENİZ PORTFÖY 2026 SERBEST (DÖVİZ-AVRO) FON,YF,SF,faal,DENİZ PORTFÖY YÖNETİMİ A.Ş.,4028328c919f164b019251246abf08f2,Serbest,unvan
DAZ,DENİZ PORTFÖY TÜRKİZ SERBEST (DÖVİZ) ÖZEL FON,YF,SF,faal,DENİZ PORTFÖY YÖNETİMİ A.Ş.,4028328d6d75a31a016d8cf2d5482eec,Serbest,unvan
DB2,NUROL PORTFÖY İKİNCİ KISA VADELİ SERBEST FON,YF,SF,faal,NUROL PORTFÖY YÖNETİMİ A.Ş.,4028328d90f0004501912d4ebaf106ef,Kısa Vadeli Borçlanma,unvan
DBA,DENİZ PORTFÖY ALTIN FONU,YF,DG,faal,DENİZ PORTFÖY YÖNETİMİ A.Ş.,33E5FED7E56F00EAE0530A4A622B2AEA,Kıymetli Madenler,unvan
DBB,DENİZ PORTFÖY BORÇLANMA ARAÇLARI FONU,YF,DG,faal,DENİZ PORTFÖY YÖNETİMİ A.Ş.,33E5FED7E56B00EAE0530A4A622B2AEA,Borçlanma Araçları,unvan
DBG,DENİZ PORTFÖY BEYAZ SERBEST ÖZEL FON,YF,SF,faal,DENİZ PORTFÖY YÖNETİMİ A.Ş.,33E5FED7EAA700EAE0530A4A622B2AEA,Serbest,unvan
DBH,DENİZ PORTFÖY EUROBOND (DÖVİZ) BORÇLANMA ARAÇLARI FONU,YF,DG,faal,DENİZ PORTFÖY YÖNETİMİ A.Ş.,33E5FED7EAA300EAE0530A4A622B2AEA,Borçlanma Araçları,unvan
DBK,DENİZ PORTFÖY KISA VADELİ BORÇLANMA ARAÇLARI (TL) FONU,YF,DG,faal,DENİZ PORTFÖY YÖNETİMİ A.Ş.,33E5FED7E27700EAE0530A4A622B2AEA,Kısa Vadeli Borçlanma,unvan
DBP,DENİZ PORTFÖY BİRİNCİ  DEĞİŞKEN FON,YF,DG,faal,DENİZ PORTFÖY YÖNETİMİ A.Ş.,33E5FED7E27300EAE0530A4A622B2AEA,Değişken,unvan
DBZ,DENİZ PORTFÖY ÖZEL SEKTÖR BORÇLANMA ARAÇLARI FONU,YF,DG,faal,DENİZ PORTFÖY YÖNETİMİ A.Ş.,33E5FED7E57700EAE0530A4A622B2AEA,Borçlanma Araçları,unvan
DCB,DENİZ PORTFÖY PARA PİYASASI SERBEST (TL) FON,YF,SF,faal,DENİZ PORTFÖY YÖNETİMİ A.Ş.,4028328c819d4b9f0181c9c37830484f,Para Piyasası,unvan
DCD,DENİZ PORTFÖY SKA SERBEST (DÖVİZ) ÖZEL FON,YF,DG,faal,DENİZ PORTFÖY YÖNETİMİ A.Ş.,4028328c838f7bfd0183d64d304e266e,Serbest,unvan
DCE,DENİZ PORTFÖY BAKHAM SERBEST (DÖVİZ) ÖZEL FON,YF,SF,faal,DENİZ PORTFÖY YÖNETİMİ A.Ş.,4028328c838f7bfd0183d64ea5ad2682,Serbest,unvan
DCN,DENİZ PORTFÖY ÜÇÜNCÜ PARA PİYASASI (TL) FONU,YF,DG,faal,DENİZ PORTFÖY YÖNETİMİ A.Ş.,4028328c98455aea0198648d16ca2245,Para Piyasası,unvan
DCP,YAPI KREDİ PORTFÖY CÖMERT SERBEST (DÖVİZ) ÖZEL FON,YF,SF,faal,YAPI KREDİ PORTFÖY YÖNETİMİ A.Ş.,4028328d6efb12d9016f182f0cd774c5,Serbest,unvan
DCV,DENİZ PORTFÖY KAR PAYI ÖDEYEN SERBEST (DÖVİZ) FON,YF,SF,faal,DENİZ PORTFÖY YÖNETİMİ A.Ş.,4028328c7da7e73c017e58fb3c693fd9,Serbest,unvan
DDA,DENİZ PORTFÖY BANKACILIK SEKTÖRÜ HİSSE SENEDİ SERBEST FON (HİSSE SENEDİ YOĞUN FON),YF,HS,faal,DENİZ PORTFÖY YÖNETİMİ A.Ş.,4028328d74f01f5601752246c5c4680f,Hisse Senedi,unvan
DDC,DENİZ PORTFÖY GÜN DOĞUSU HİSSE SENEDİ SERBEST (TL) FON (HİSSE SENEDİ YOĞUN FON),YF,HS,faal,DENİZ PORTFÖY YÖNETİMİ A.Ş.,4028328d6ab78640016b7a7fabc4243a,Hisse Senedi,unvan
DDE,DENİZ PORTFÖY BADE SERBEST (DÖVİZ) ÖZEL FON,YF,SF,faal,DENİZ PORTFÖY YÖNETİMİ A.Ş.,4028328d6ab78640016b7a7cc1cc242b,Serbest,unvan
DDF,DENİZ PORTFÖY DİNAMO HİSSE SENEDİ SERBEST (TL) FON (HİSSE SENEDİ YOĞUN FON),YF,HS,faal,DENİZ PORTFÖY YÖNETİMİ A.Ş.,4028328c63530c1501642704207f1977,Hisse Senedi,unvan
DDG,PARDUS PORTFÖY YÖNETİMİ A.Ş. DÖRDÜNCÜ GAYRİMENKUL YATIRIM FONU,GMF,DG,faal,PARDUS PORTFÖY YÖNETİMİ A.Ş.,4028328c976d29890197a760b954039b,Diğer,unvan
DDN,AK PORTFÖY YÖNETİMİ A.Ş. DÖRDÜNCÜ GİRİŞİM SERMAYESİ YATIRIM FONU,GSF,DG,faal,AK PORTFÖY YÖNETİMİ A.Ş.,4028328d8b2fcee7018cf3d126695a06,Diğer,unvan
DDO,DENİZ PORTFÖY YÖNETİMİ A.Ş. DÖRDÜNCÜ GAYRİMENKUL YATIRIM FONU,GMF,DG,faal,DENİZ PORTFÖY YÖNETİMİ A.Ş.,4028328c95959ac20195c81b78db37a9,Diğer,unvan
DDP,DENİZ PORTFÖY SK SERBEST (DÖVİZ) ÖZEL FON,YF,SF,faal,DENİZ PORTFÖY YÖNETİMİ A.Ş.,4028328d717984980171975792031c25,Serbest,unvan
DDS,DENİZ PORTFÖY DAMLA SERBEST ÖZEL FON,YF,SF,faal,DENİZ PORTFÖY YÖNETİMİ A.Ş.,33E5FED7F14700EAE0530A4A622B2AEA,Serbest,unvan
DEF,ALLBATROSS PORTFÖY DEFNE SERBEST FON,YF,SF,faal,ALLBATROSS PORTFÖY YÖNETİMİ A.Ş.,4028328c89555ba9018a9910991776ad,Serbest,unvan
DEH,DESTEK PORTFÖY HİSSE SENEDİ FONU (HİSSE SENEDİ YOĞUN FON),YF,HS,faal,DESTEK PORTFÖY YÖNETİMİ A.Ş.,4028328c9f52dc40019fad9e379e1678,Hisse Senedi,unvan
DEI,ALLBATROSS PORTFÖY DEMİR KISA VADELİ KATILIM SERBEST (TL) FON,YF,SF,faal,ALLBATROSS PORTFÖY YÖNETİMİ A.Ş.,4028328d8f3f7793018f711ad3d705ff,Kısa Vadeli Borçlanma,unvan
DFC,DENİZ PORTFÖY TARIM VE GIDA DEĞİŞKEN FON,YF,DG,faal,DENİZ PORTFÖY YÖNETİMİ A.Ş.,4028328c819d4b9d0181aa35892a2a66,Değişken,unvan
DFD,DENİZ PORTFÖY EMTİA SERBEST FON,YF,SF,faal,DENİZ PORTFÖY YÖNETİMİ A.Ş.,4028328c819d4b9d0181aa237eba294e,Serbest,unvan
DFH,DENİZ PORTFÖY YÖNETİMİ A.Ş. BİRİNCİ FON SEPETİ GİRİŞİM SERMAYESİ YATIRIM FONU,GSF,DG,faal,DENİZ PORTFÖY YÖNETİMİ A.Ş.,4028328c86845fa801869cf006340128,Fon Sepeti,unvan
DFI,ATLAS PORTFÖY SERBEST FON,YF,SF,faal,ATLAS PORTFÖY YÖNETİMİ A.Ş.,4028328c819d4b9e0181a3f0a2410236,Serbest,unvan
DFO,AZİMUT PORTFÖY DLS SERBEST ÖZEL FON,YF,SF,faal,AZİMUT PORTFÖY YÖNETİMİ A.Ş.,4028328c88c529ea01892ad4df100b63,Serbest,unvan
DGC,AZİMUT PORTFÖY YÖNETİMİ A.Ş. DÖRDÜNCÜ GİRİŞİM SERMAYESİ YATIRIM FONU,GSF,DG,faal,AZİMUT PORTFÖY YÖNETİMİ A.Ş.,4028328c9e276fa9019e5dc2883a2f58,Diğer,unvan
DGF,A1 CAPİTAL PORTFÖY DEĞİŞKEN FON,YF,DG,faal,A1 CAPİTAL PORTFÖY YÖNETİMİ A.Ş.,4028328d998eebe8019a5993b8166e32,Değişken,unvan
DGG,ARGEUS GAYRİMENKUL VE GİRİŞİM SERMAYESİ PORTFÖY YÖNETİMİ A.Ş. DOKUZUNCU GAYRİMENKUL YATIRIM FONU,GMF,DG,faal,ARGEUS GAYRİMENKUL VE GİRİŞİM SERMAYESİ PORTFÖY YÖNETİMİ A.Ş.,4028328d95959cc60195d6b912495bbc,Diğer,unvan
DGH,ATA PORTFÖY PARA PİYASASI SERBEST (TL) FON,YF,SF,faal,ATA PORTFÖY YÖNETİMİ A.Ş.,33E5FED7EE5B00EAE0530A4A622B2AEA,Para Piyasası,unvan
DGT,BV PORTFÖY YÖNETİMİ A.Ş DİGİTAL LEAP GİRİŞİM SERMAYESİ YATIRIM FONU,GSF,DG,faal,BV PORTFÖY YÖNETİMİ A.Ş.,4028328c916b969d01918e70156044da,Diğer,unvan
DGY,DENİZ PORTFÖY YÖNETİMİ A.Ş. AL GİRİŞİM SERMAYESİ YATIRIM FONU,GSF,DG,faal,DENİZ PORTFÖY YÖNETİMİ A.Ş.,4028328c915d1dad01916a57c50b0d95,Diğer,unvan
DHI,PARDUS PORTFÖY DOKUZUNCU HİSSE SENEDİ SERBEST (TL) FON (HİSSE SENEDİ YOĞUN FON),YF,HS,faal,PARDUS PORTFÖY YÖNETİMİ A.Ş.,4028328d8e21d0ec018e8008fd2e46f9,Hisse Senedi,unvan
DHJ,DENİZ PORTFÖY TEKNOLOJİ ŞİRKETLERİ HİSSE SENEDİ FONU (HİSSE SENEDİ YOĞUN FON),YF,HS,faal,DENİZ PORTFÖY YÖNETİMİ A.Ş.,4028328d7d3c303f017da37e551001ed,Hisse Senedi,unvan
DHM,DENİZ PORTFÖY ESG SÜRDÜRÜLEBİLİRLİK FON SEPETİ FONU,YF,DG,faal,DENİZ PORTFÖY YÖNETİMİ A.Ş.,4028328d7d3c303f017da37f78a701fd,Fon Sepeti,unvan
DHP,DENİZ PORTFÖY PERİFER HİSSE SENEDİ SERBEST ÖZEL FON (HİSSE SENEDİ YOĞUN FON),YF,HS,faal,DENİZ PORTFÖY YÖNETİMİ A.Ş.,4028328d976d2b830197cb2efd8d5bca,Hisse Senedi,unvan
DHS,DENİZ PORTFÖY CC HİSSE SENEDİ SERBEST  ÖZEL FON (HİSSE SENEDİ YOĞUN FON),YF,HS,faal,DENİZ PORTFÖY YÖNETİMİ A.Ş.,4028328c8029244901804c1956cb29c0,Hisse Senedi,unvan
DHT,DENİZ PORTFÖY HAVACILIK VE SAVUNMA TEKNOLOJİLERİ DEĞİŞKEN FON,YF,DG,faal,DENİZ PORTFÖY YÖNETİMİ A.Ş.,4028328c998ee9d7019a594175e22128,Değişken,unvan
DHV,DENİZ PORTFÖY BİRİNCİ HİSSE SENEDİ SERBEST (TL) FON (HİSSE SENEDİ YOĞUN FON),YF,HS,faal,DENİZ PORTFÖY YÖNETİMİ A.Ş.,4028328d998eebe8019a5ebfdfa779f2,Hisse Senedi,unvan
DID,DENİZ PORTFÖY İKİNCİ DEĞİŞKEN FON,YF,DG,faal,DENİZ PORTFÖY YÖNETİMİ A.Ş.,4028328c969f29550196a98ad1210463,Değişken,unvan
DIG,DENİZ PORTFÖY YÖNETİMİ A.Ş. İKİNCİ GAYRİMENKUL YATIRIM FONU,GMF,DG,faal,DENİZ PORTFÖY YÖNETİMİ A.Ş.,4028328d8f3f7793018f71c791a40e4f,Diğer,unvan
DIH,DENİZ PORTFÖY İKİNCİ HİSSE SENEDİ SERBEST (TL) FON (HİSSE SENEDİ YOĞUN FON),YF,HS,faal,DENİZ PORTFÖY YÖNETİMİ A.Ş.,4028328d998eebe8019a5ebf9b90799a,Hisse Senedi,unvan
DII,DENİZ PORTFÖY İKİNCİ İSTATİSTİKSEL ARBİTRAJ HİSSE SENEDİ SERBEST FON (HİSSE SENEDİ YOĞUN FON),YF,HS,faal,DENİZ PORTFÖY YÖNETİMİ A.Ş.,4028328c9aaa2bfa019aca18847f1d02,Hisse Senedi,unvan
DIK,DENİZ PORTFÖY YÖNETİMİ A.Ş. İKİNCİ GİRİŞİM SERMAYESİ YATIRIM FONU,GSF,DG,faal,DENİZ PORTFÖY YÖNETİMİ A.Ş.,4028328c969f29550196a986c2a90450,Diğer,unvan
DIM,DENİZ PORTFÖY İMRAL SERBEST (DÖVİZ) ÖZEL FON,YF,SF,faal,DENİZ PORTFÖY YÖNETİMİ A.Ş.,4028328d949955a80194bb8c715c5c8e,Serbest,unvan
DIP,DENİZ PORTFÖY İKİNCİ PARA PİYASASI SERBEST (TL) FON,YF,SF,faal,DENİZ PORTFÖY YÖNETİMİ A.Ş.,4028328d976d2b820197880f1ac76b8a,Para Piyasası,unvan
DJE,İŞ PORTFÖY YÖNETİMİ A.Ş. İKİNCİ DİJİTAL TEKNOLOJİLER GİRİŞİM SERMAYESİ YATIRIM FONU,GSF,DG,faal,İŞ PORTFÖY YÖNETİMİ A.Ş.,4028328c949953a20194ff3615637551,Diğer,unvan
DK1,KUVEYT TÜRK PORTFÖY DÜNYA KATILIM BANKASI KISA VADELİ KATILIM SERBEST FON,YF,SF,faal,KUVEYT TÜRK PORTFÖY YÖNETİMİ A.Ş.,4028328d93c3b68d0193e40791432816,Kısa Vadeli Borçlanma,unvan
DK8,DENİZ PORTFÖY KAR PAYI ÖDEYEN SEKİZİNCİ SERBEST (DÖVİZ) FON,YF,SF,faal,DENİZ PORTFÖY YÖNETİMİ A.Ş.,4028328c86d231ff01884ce8dec84f4f,Serbest,unvan
DKA,DENİZ PORTFÖY KAR PAYI ÖDEYEN DOKUZUNCU SERBEST (DÖVİZ) FON,YF,SF,faal,DENİZ PORTFÖY YÖNETİMİ A.Ş.,4028328d8b2fcee7018b4189c5d3563e,Serbest,unvan
DKC,DENİZ PORTFÖY İKİNCİ SERBEST FON,YF,SF,faal,DENİZ PORTFÖY YÖNETİMİ A.Ş.,4028328c998ee9d7019a59410a9c211d,Serbest,unvan
DKH,DENİZ PORTFÖY KATILIM HİSSE SENEDİ (TL) FONU (HİSSE SENEDİ YOĞUN FON),YF,HS,faal,DENİZ PORTFÖY YÖNETİMİ A.Ş.,4028328c887d111a0188be44af0543da,Hisse Senedi,unvan
DKI,ALBARAKA PORTFÖY YÖNETİMİ A.Ş. TEKNOLOJİ GELİŞİM GİRİŞİM SERMAYESİ YATIRIM FONU,GSF,DG,faal,ALBARAKA PORTFÖY YÖNETİMİ A.Ş.,4028328c90effe4e01910cc4ace11f93,Diğer,unvan
DKK,DESTEK PORTFÖY PARA PİYASASI KATILIM FONU,YF,KTF,faal,DESTEK PORTFÖY YÖNETİMİ A.Ş.,4028328c9f52dc4001a0237be868394b,Para Piyasası,unvan
DKL,DENİZ PORTFÖY BİRİNCİ KATILIM SERBEST (DÖVİZ) FON,YF,KTF,faal,DENİZ PORTFÖY YÖNETİMİ A.Ş.,4028328c9373b8aa0193ba166ef437de,Katılım,unvan
DKP,QNB PORTFÖY KAR PAYI ÖDEYEN DOKUZUNCU SERBEST (DÖVİZ) FON,YF,SF,faal,QNB PORTFÖY YÖNETİMİ A.Ş.,4028328d8e21d0eb018f2ec366971fc0,Serbest,unvan
DKR,DENİZ PORTFÖY ONDÖRDÜNCÜ SERBEST FON,YF,SF,faal,DENİZ PORTFÖY YÖNETİMİ A.Ş.,4028328c8e21cef8018f2e4c034b1e93,Serbest,unvan
DKS,DENİZ PORTFÖY KUZEYYILDIZI SERBEST (DÖVİZ) ÖZEL FON,YF,SF,faal,DENİZ PORTFÖY YÖNETİMİ A.Ş.,4028328c838f7bfd0183d64b92452654,Serbest,unvan
DKY,DENİZ PORTFÖY KAR PAYI ÖDEYEN ONÜÇÜNCÜ SERBEST (DÖVİZ) FON,YF,SF,faal,DENİZ PORTFÖY YÖNETİMİ A.Ş.,4028328c9132faf001914aac0f9167e5,Serbest,unvan
DL2,DENİZ PORTFÖY İKİNCİ PARA PİYASASI (TL) FONU,YF,DG,faal,DENİZ PORTFÖY YÖNETİMİ A.Ş.,4028328c906f3e7c01909207b6ea0218,Para Piyasası,unvan
DLD,DENİZ PORTFÖY SÜRDÜRÜLEBİLİRLİK HİSSE SENEDİ FONU (HİSSE SENEDİ YOĞUN FON),YF,HS,faal,DENİZ PORTFÖY YÖNETİMİ A.Ş.,4028328c7da7e73b017e5277a65e0d8d,Hisse Senedi,unvan
DLG,DENİZ PORTFÖY ESG SÜRDÜRÜLEBİLİRLİK SERBEST FON,YF,SF,faal,DENİZ PORTFÖY YÖNETİMİ A.Ş.,4028328c7da7e73b017e5276797a0d7b,Serbest,unvan
DLN,AURA PORTFÖY DOLUNAY SERBEST FON,YF,SF,faal,AURA PORTFÖY YÖNETİMİ A.Ş.,4028328d8f3f7793018fcee0c18c7821,Serbest,unvan
DLT,DENİZ PORTFÖY YÖNETİMİ A.Ş. ALTINCI GAYRİMENKUL YATIRIM FONU,GMF,DG,faal,DENİZ PORTFÖY YÖNETİMİ A.Ş.,4028328c95959ac20195c81ae90e3792,Diğer,unvan
DLY,DENİZ PORTFÖY PARA PİYASASI (TL) FONU,YF,DG,faal,DENİZ PORTFÖY YÖNETİMİ A.Ş.,33E5FED7E26B00EAE0530A4A622B2AEA,Para Piyasası,unvan
DLZ,DENİZ PORTFÖY ALİZE HİSSE SENEDİ SERBEST (TL) FON (HİSSE SENEDİ YOĞUN FON),YF,HS,faal,DENİZ PORTFÖY YÖNETİMİ A.Ş.,4028328c919f164b019251242c0a08e6,Hisse Senedi,unvan
DMG,DENİZ PORTFÖY GÜMÜŞ FON SEPETİ FONU,YF,DG,faal,DENİZ PORTFÖY YÖNETİMİ A.Ş.,4028328c7da7e73b017f6ebdd3912384,Fon Sepeti,unvan
DMI,İŞ PORTFÖY DM HİSSE SENEDİ ÖZEL FON (HİSSE SENEDİ YOĞUN FON),YF,HS,faal,İŞ PORTFÖY YÖNETİMİ A.Ş.,4028328d9f52dddc01a014cf30df0797,Hisse Senedi,unvan
DMR,ZİRAAT PORTFÖY DEMİRAY SERBEST (DÖVİZ) ÖZEL FON,YF,SF,faal,ZİRAAT PORTFÖY YÖNETİMİ A.Ş.,4028328c89555baa018a2c8839961ce7,Serbest,unvan
DMV,DENİZ PORTFÖY SMART SERBEST (DÖVİZ) ÖZEL FON,YF,SF,faal,DENİZ PORTFÖY YÖNETİMİ A.Ş.,4028328c84686b400184ae804a5306e0,Serbest,unvan
DMZ,DENİZ PORTFÖY ZEYTİN SERBEST (DÖVİZ) ÖZEL FON,YF,SF,faal,DENİZ PORTFÖY YÖNETİMİ A.Ş.,4028328c86d2320001870d94f4410e22,Serbest,unvan
DNA,DENİZ PORTFÖY ANATOLİA HİSSE SENEDİ SERBEST ÖZEL FON (HİSSE SENEDİ YOĞUN FON),YF,HS,faal,DENİZ PORTFÖY YÖNETİMİ A.Ş.,4028328c887d111a0188be4422d743ad,Hisse Senedi,unvan
DNF,A1 CAPİTAL PORTFÖY DİNAMİK FON SEPETİ FONU,YF,DG,faal,A1 CAPİTAL PORTFÖY YÖNETİMİ A.Ş.,4028328c9aaa2bf9019ab5a58ea71688,Fon Sepeti,unvan
DNH,DENİZ PORTFÖY İNŞAAT SEKTÖRÜ HİSSE SENEDİ SERBEST (TL) FON (HİSSE SENEDİ YOĞUN FON),YF,HS,faal,DENİZ PORTFÖY YÖNETİMİ A.Ş.,4028328d992f6f6601994c4aeb577fda,Hisse Senedi,unvan
DNK,TACİRLER PORTFÖY DENGE KATILIM SERBEST FON,YF,KTF,faal,TACİRLER PORTFÖY YÖNETİMİ A.Ş.,4028328d93c3b68c0193fdaa86d40c9a,Katılım,unvan
DNL,DENİZ PORTFÖY NEKO SERBEST (DÖVİZ) ÖZEL FON,YF,SF,faal,DENİZ PORTFÖY YÖNETİMİ A.Ş.,4028328c7d3c2e72017d7a25ce326078,Serbest,unvan
DNM,QNB PORTFÖY DİNAMİK DAĞILIMLI SERBEST (DÖVİZ) FON,YF,SF,faal,QNB PORTFÖY YÖNETİMİ A.Ş.,4028328d8f3f7792018fc8b075982281,Serbest,unvan
DNP,DENİZ PORTFÖY PARA PİYASASI KATILIM SERBEST (TL) FON,YF,SF,faal,DENİZ PORTFÖY YÖNETİMİ A.Ş.,4028328c98f754d101990aae51e94e7d,Para Piyasası,unvan
DNU,DENİZ PORTFÖY KAR PAYI ÖDEYEN ONBEŞİNCİ SERBEST (DÖVİZ) FON,YF,SF,faal,DENİZ PORTFÖY YÖNETİMİ A.Ş.,4028328c998ee9d70199e81ef1135967,Serbest,unvan
DOC,DENİZ PORTFÖY KAR PAYI ÖDEYEN ONİKİNCİ SERBEST (DÖVİZ) FON,YF,SF,faal,DENİZ PORTFÖY YÖNETİMİ A.Ş.,4028328d8f3f7792018ff296df7f0acb,Serbest,unvan
DOD,AZİMUT PORTFÖY 14.0 SERBEST (DÖVİZ) FON,YF,SF,faal,AZİMUT PORTFÖY YÖNETİMİ A.Ş.,4028328c7d3c2e72017d5be4b9726963,Serbest,unvan
DOH,TERA PORTFÖY DÖRDÜNCÜ HİSSE SENEDİ SERBEST (TL) FON (HİSSE SENEDİ YOĞUN FON),YF,HS,faal,TERA PORTFÖY YÖNETİMİ A.Ş.,4028328c96289c7601965da0ddef379e,Hisse Senedi,unvan
DOL,AKTİF PORTFÖY ÜÇÜNCÜ AKTİF SERBEST (DÖVİZ) FON,YF,SF,faal,AKTİF PORTFÖY YÖNETİMİ A.Ş.,4028328d8b2fcee7018d647169626f7a,Serbest,unvan
DOR,AZİMUT PORTFÖY OKSİJEN SERBEST (DÖVİZ) ÖZEL FON,YF,SF,faal,AZİMUT PORTFÖY YÖNETİMİ A.Ş.,4028328c7d3c2e72017d5be2cbdd693e,Serbest,unvan
DOS,DENİZ PORTFÖY OLMİ SERBEST (DÖVİZ) ÖZEL FON,YF,SF,faal,DENİZ PORTFÖY YÖNETİMİ A.Ş.,4028328d6fafa0e5017043ce595e03da,Serbest,unvan
DOT,DENİZ PORTFÖY YÖNETİMİ A.Ş. OXTECH SÜRDÜRÜLEBİLİR TEKNOLOJİ YATIRIMLARI GİRİŞİM SERMAYESİ YATIRIM FONU,GSF,DG,faal,DENİZ PORTFÖY YÖNETİMİ A.Ş.,4028328d8e21d0eb018e56cb5024656b,Diğer,unvan
DOV,DENİZ PORTFÖY ONÜÇÜNCÜ SERBEST (DÖVİZ-AVRO) FON,YF,SF,faal,DENİZ PORTFÖY YÖNETİMİ A.Ş.,4028328d86d233bf0187938f07963c8a,Serbest,unvan
DP1,DENİZ PORTFÖY DELTA SERBEST ÖZEL FON,YF,HS,faal,DENİZ PORTFÖY YÖNETİMİ A.Ş.,4028328d843998cf01843d2dff920f98,Serbest,unvan
DP2,DENİZ PORTFÖY ÖZER SERBEST (DÖVİZ) ÖZEL FON,YF,SF,faal,DENİZ PORTFÖY YÖNETİMİ A.Ş.,4028328c84686b400184ae8114ed06ea,Serbest,unvan
DP3,DENİZ PORTFÖY DUMAN SERBEST (DÖVİZ) ÖZEL FON,YF,SF,faal,DENİZ PORTFÖY YÖNETİMİ A.Ş.,4028328c84686b400184d2c75e4533c8,Serbest,unvan
DP4,DENİZ PORTFÖY GİZEM SERBEST (DÖVİZ) ÖZEL FON,YF,SF,faal,DENİZ PORTFÖY YÖNETİMİ A.Ş.,4028328d84686d120185352f34ff1632,Serbest,unvan
DP5,DENİZ PORTFÖY MER SERBEST (DÖVİZ) ÖZEL FON,YF,SF,faal,DENİZ PORTFÖY YÖNETİMİ A.Ş.,4028328d84686d120185352f84a8163d,Serbest,unvan
DP6,DENİZ PORTFÖY KAR PAYI ÖDEYEN BEŞİNCİ SERBEST (DÖVİZ) FON,YF,SF,faal,DENİZ PORTFÖY YÖNETİMİ A.Ş.,4028328d853ff39a0185587a042b6b0c,Serbest,unvan
DP7,DENİZ PORTFÖY DEMİR SERBEST (DÖVİZ) ÖZEL FON,YF,SF,faal,DENİZ PORTFÖY YÖNETİMİ A.Ş.,4028328c8588f30001859ac5b86d15c7,Serbest,unvan
DP8,DENİZ PORTFÖY KAR PAYI ÖDEYEN ALTINCI SERBEST (DÖVİZ) FON,YF,SF,faal,DENİZ PORTFÖY YÖNETİMİ A.Ş.,4028328d8588f3000185ece0a7ac0e04,Serbest,unvan
DP9,DENİZ PORTFÖY KAR PAYI ÖDEYEN YEDİNCİ SERBEST (DÖVİZ) FON,YF,SF,faal,DENİZ PORTFÖY YÖNETİMİ A.Ş.,4028328d8588f3000185ecdf16c90dca,Serbest,unvan
DPB,DENİZ PORTFÖY SERBEST (DÖVİZ) FON,YF,SF,faal,DENİZ PORTFÖY YÖNETİMİ A.Ş.,33E5FED7F1A700EAE0530A4A622B2AEA,Serbest,unvan
DPC,DENİZ PORTFÖY FRS SERBEST (DÖVİZ) ÖZEL FON,YF,SF,faal,DENİZ PORTFÖY YÖNETİMİ A.Ş.,4028328c5fc60da7016078ed5cd06969,Serbest,unvan
DPE,DENİZ PORTFÖY EGE SERBEST (DÖVİZ) ÖZEL FON,YF,SF,faal,DENİZ PORTFÖY YÖNETİMİ A.Ş.,4028328c5d88e704015e7bb34b9b59bf,Serbest,unvan
DPG,DENİZ PORTFÖY REYHAN SERBEST (DÖVİZ) ÖZEL FON,YF,SF,faal,DENİZ PORTFÖY YÖNETİMİ A.Ş.,4028328c610a7f000161994f35ea6239,Serbest,unvan
DPI,DENİZ PORTFÖY İSTATİSTİKSEL ARBİTRAJ HİSSE SENEDİ SERBEST FON (HİSSE SENEDİ YOĞUN FON),YF,HS,faal,DENİZ PORTFÖY YÖNETİMİ A.Ş.,4028328d6d929640016eac9364c97df5,Hisse Senedi,unvan
DPK,DENİZ PORTFÖY KİRA SERTİFİKALARI KATILIM (TL) FONU,YF,KTF,faal,DENİZ PORTFÖY YÖNETİMİ A.Ş.,33E5FED7F1C300EAE0530A4A622B2AEA,Katılım,unvan
DPL,DENİZ PORTFÖY NİL SERBEST (DÖVİZ) ÖZEL FON,YF,SF,faal,DENİZ PORTFÖY YÖNETİMİ A.Ş.,4028328c63530c150163d56520ad00ab,Serbest,unvan
DPN,DENİZ PORTFÖY NEVA SERBEST (DÖVİZ) ÖZEL FON,YF,SF,faal,DENİZ PORTFÖY YÖNETİMİ A.Ş.,4028328c629ea13a016344c619fd0b3b,Serbest,unvan
DPP,DENİZ PORTFÖY HLC SERBEST (DÖVİZ) ÖZEL FON,YF,SF,faal,DENİZ PORTFÖY YÖNETİMİ A.Ş.,4028328c63530c150163d5664e5a0108,Serbest,unvan
DPR,İŞ PORTFÖY ROTA 1 SERBEST (DÖVİZ) ÖZEL FON,YF,SF,faal,İŞ PORTFÖY YÖNETİMİ A.Ş.,4028328c5d88e704015dabf6846a1a62,Serbest,unvan
DPT,DENİZ PORTFÖY BIST TEMETTÜ 25 ENDEKSİ HİSSE SENEDİ FONU (HİSSE SENEDİ YOĞUN FON),YF,HS,faal,DENİZ PORTFÖY YÖNETİMİ A.Ş.,4028328c5b3ef438015bebe6bca66cb4,Hisse Senedi,unvan
DPZ,DENİZ PORTFÖY YAZ SERBEST (DÖVİZ) ÖZEL FON,YF,SF,faal,DENİZ PORTFÖY YÖNETİMİ A.Ş.,4028328d697d9f82016999f2fa8e5f3a,Serbest,unvan
DRA,NEO PORTFÖY DORA SERBEST FON,YF,SF,faal,NEO PORTFÖY YÖNETİMİ A.Ş.,4028328c93c3afa2019417d03de50427,Serbest,unvan
DRD,DENİZ PORTFÖY KAR PAYI ÖDEYEN ONBİRİNCİ SERBEST (DÖVİZ-AVRO) FON,YF,SF,faal,DENİZ PORTFÖY YÖNETİMİ A.Ş.,4028328c8e21cef8018f2e4a15581e77,Serbest,unvan
DRG,ALLBATROSS PORTFÖY YÖNETİMİ A.Ş. DÖRDÜNCÜ GİRİŞİM SERMAYESİ YATIRIM FONU,GSF,DG,faal,ALLBATROSS PORTFÖY YÖNETİMİ A.Ş.,4028328c919f164a01920a5eaba40a51,Diğer,unvan
DRH,PARDUS PORTFÖY DÖRDÜNCÜ HİSSE SENEDİ SERBEST (TL) FON (HİSSE SENEDİ YOĞUN FON),YF,HS,faal,PARDUS PORTFÖY YÖNETİMİ A.Ş.,4028328c8b2fcee8018ba35bf13404a1,Hisse Senedi,unvan
DRN,ZİRAAT PORTFÖY YÖNETİMİ A.Ş. DERİN TEKNOLOJİ GİRİŞİM SERMAYESİ YATIRIM FONU,GSF,DG,faal,ZİRAAT PORTFÖY YÖNETİMİ A.Ş.,4028328d9132fce701915b0392580660,Diğer,unvan
DRS,DENİZ PORTFÖY GÜL SERBEST (DÖVİZ) ÖZEL FON,YF,SF,faal,DENİZ PORTFÖY YÖNETİMİ A.Ş.,4028328d767bb19d01768a8a079b4b61,Serbest,unvan
DRT,DENİZ PORTFÖY ROBOTİK TEKNOLOJİLERİ DEĞİŞKEN FON,YF,DG,faal,DENİZ PORTFÖY YÖNETİMİ A.Ş.,4028328c9b82727b019bb0d224023295,Değişken,unvan
DSC,DENİZ PORTFÖY RÜ SERBEST (DÖVİZ) ÖZEL FON,YF,SF,faal,DENİZ PORTFÖY YÖNETİMİ A.Ş.,4028328c6faf9e5101700b69eea53c9d,Serbest,unvan
DSD,DENİZ PORTFÖY İKİNCİ SERBEST (DÖVİZ-AVRO) FON,YF,SF,faal,DENİZ PORTFÖY YÖNETİMİ A.Ş.,4028328d69d891c3016a016a3d130959,Serbest,unvan
DSE,ROTA PORTFÖY YÖNETİMİ A.Ş. ODS GİRİŞİM SERMAYESİ YATIRIM FONU,GSF,DG,faal,ROTA PORTFÖY YÖNETİMİ A.Ş.,4028328d8e21d0ec018e8022300e4a2b,Diğer,unvan
DSH,AK PORTFÖY DÖRDÜNCÜ SERBEST FON,YF,SF,faal,AK PORTFÖY YÖNETİMİ A.Ş.,4028328c8b2fcee7018cb4bff23528d9,Serbest,unvan
DSP,DENİZ PORTFÖY DENGELİ FON SEPETİ FONU,YF,DG,faal,DENİZ PORTFÖY YÖNETİMİ A.Ş.,4028328c550c744b01551133091c04dc,Fon Sepeti,unvan
DSR,DENİZ PORTFÖY SER SERBEST (DÖVİZ) ÖZEL FON,YF,SF,faal,DENİZ PORTFÖY YÖNETİMİ A.Ş.,4028328c9132faf001914aac3bda67f0,Serbest,unvan
DSV,DENİZ PORTFÖY 2028 SERBEST (DÖVİZ) FON,YF,SF,faal,DENİZ PORTFÖY YÖNETİMİ A.Ş.,4028328c919f164b01925124b34e08fd,Serbest,unvan
DTE,DENİZ PORTFÖY YÖNETİMİ A.Ş. TEKNOPARK İSTANBUL ÇAĞLA GİRİŞİM SERMAYESİ YATIRIM FONU,GSF,DG,faal,DENİZ PORTFÖY YÖNETİMİ A.Ş.,4028328c998ee9d7019aa61d68423851,Diğer,unvan
DTH,EMAA BLUE PORTFÖY DÖNÜŞÜM TEKNOLOJİLERİ HİSSE SENEDİ (TL) FONU (HİSSE SENEDİ YOĞUN FON),YF,HS,faal,EMAA BLUE PORTFÖY YÖNETİMİ A.Ş.,4028328c9aaa2bfa019aca287f9f1dec,Hisse Senedi,unvan
DTL,DENİZ PORTFÖY BIST 100 DIŞI ŞİRKETLER HİSSE SENEDİ (TL) FONU (HİSSE SENEDİ YOĞUN FON),YF,HS,faal,DENİZ PORTFÖY YÖNETİMİ A.Ş.,4028328d86183ba101863baf981d73ac,Hisse Senedi,unvan
DTM,DENİZ PORTFÖY TEMETTÜ ÖDEYEN ŞİRKETLER DEĞİŞKEN FON,YF,DG,faal,DENİZ PORTFÖY YÖNETİMİ A.Ş.,4028328c969f295c0196ecf9663100e4,Değişken,unvan
DTO,DENİZ PORTFÖY KAR PAYI ÖDEYEN ONDÖRDÜNCÜ SERBEST (DÖVİZ) FON,YF,SF,faal,DENİZ PORTFÖY YÖNETİMİ A.Ş.,4028328d9132fce701914ac19a266a82,Serbest,unvan
DTP,AZİMUT PORTFÖY ADATEPE SERBEST ÖZEL FON,YF,SF,faal,AZİMUT PORTFÖY YÖNETİMİ A.Ş.,4028328c90effe4c01910e57d1ce4e65,Serbest,unvan
DTV,DENİZ PORTFÖY CEY SERBEST (DÖVİZ) ÖZEL FON,YF,SF,faal,DENİZ PORTFÖY YÖNETİMİ A.Ş.,4028328c7bf4b5e4017ceb2202d16b46,Serbest,unvan
DTZ,AK PORTFÖY ROBOTİK TEKNOLOJİLER DEĞİŞKEN FON,YF,DG,faal,AK PORTFÖY YÖNETİMİ A.Ş.,4028328d7b648589017bf311e5505104,Değişken,unvan
DUC,DENİZ PORTFÖY ÜÇÜNCÜ HİSSE SENEDİ SERBEST (TL) FON (HİSSE SENEDİ YOĞUN FON),YF,HS,faal,DENİZ PORTFÖY YÖNETİMİ A.Ş.,4028328d998eebe8019a5ec395f57aa8,Hisse Senedi,unvan
DUD,DENİZ PORTFÖY UZUN VADELİ SERBEST (DÖVİZ) FON,YF,SF,faal,DENİZ PORTFÖY YÖNETİMİ A.Ş.,4028328d976d2b830197ac1d27502d5e,Serbest,unvan
DUH,HEDEF PORTFÖY UFUK HİSSE SENEDİ SERBEST FON (HİSSE SENEDİ YOĞUN FON),YF,HS,faal,HEDEF PORTFÖY YÖNETİMİ A.Ş.,4028328d8b2fcee7018ca16d96f3289b,Hisse Senedi,unvan
DUT,DENİZ PORTFÖY KAR PAYI ÖDEYEN DÖRDÜNCÜ SERBEST (DÖVİZ) FON,YF,DG,faal,DENİZ PORTFÖY YÖNETİMİ A.Ş.,4028328c838f7bfd0183d66cb75d272f,Serbest,unvan
DUV,DENİZ PORTFÖY UZUN VADELİ BORÇLANMA ARAÇLARI FONU,YF,DG,faal,DENİZ PORTFÖY YÖNETİMİ A.Ş.,4028328d950b6086019536b9596300b9,Borçlanma Araçları,unvan
DVC,DENİZ PORTFÖY LİYA SERBEST (DÖVİZ) ÖZEL FON,YF,SF,faal,DENİZ PORTFÖY YÖNETİMİ A.Ş.,4028328c7f7cb860017fc1a404ad7283,Serbest,unvan
DVG,DENİZ PORTFÖY YÖNETİMİ A.Ş. DENİZ VENTURES GİRİŞİM SERMAYESİ YATIRIM FONU,GSF,DG,faal,DENİZ PORTFÖY YÖNETİMİ A.Ş.,4028328d7841e2a601784a2c23802a8d,Diğer,unvan
DVI,DENİZ PORTFÖY OLBA SERBEST (DÖVİZ) ÖZEL FON,YF,SF,faal,DENİZ PORTFÖY YÖNETİMİ A.Ş.,4028328c81fdc44901824a4cc6917721,Serbest,unvan
DVN,DENİZ PORTFÖY G2B SERBEST (DÖVİZ) ÖZEL FON,YF,SF,faal,DENİZ PORTFÖY YÖNETİMİ A.Ş.,4028328c7f7cb860017fc1a500fd72ac,Serbest,unvan
DVO,DENİZ PORTFÖY BİRİNCİ SERBEST (TL) ÖZEL FON,YF,SF,faal,DENİZ PORTFÖY YÖNETİMİ A.Ş.,4028328c81fdc44901824a4d731a7739,Serbest,unvan
DVS,DENİZ PORTFÖY KISA VADELİ SERBEST (TL) FON,YF,SF,faal,DENİZ PORTFÖY YÖNETİMİ A.Ş.,4028328d976d2b820197880f56666b95,Kısa Vadeli Borçlanma,unvan
DVT,DENİZ PORTFÖY METAVERSE VE DİGİTAL YAŞAM TEKNOLOJİLERİ DEĞİŞKEN FON,YF,DG,faal,DENİZ PORTFÖY YÖNETİMİ A.Ş.,4028328c819d4b9e0181f7bad6954b05,Değişken,unvan
DVU,AZİMUT PORTFÖY 17.0 SERBEST ÖZEL FON,YF,SF,faal,AZİMUT PORTFÖY YÖNETİMİ A.Ş.,4028328c80e9178f0181058316e2162b,Serbest,unvan
DVZ,DENİZ PORTFÖY EFES SERBEST (DÖVİZ) ÖZEL FON,YF,SF,faal,DENİZ PORTFÖY YÖNETİMİ A.Ş.,4028328d7da7e96e017e06b9447c2a1c,Serbest,unvan
DXP,DENİZ PORTFÖY İHRACATÇI ŞİRKETLER HİSSE SENEDİ FONU (HİSSE SENEDİ YOĞUN FONU),YF,HS,faal,DENİZ PORTFÖY YÖNETİMİ A.Ş.,4028328c8b2fcee8018c15f1b25424b9,Hisse Senedi,unvan
DYD,DENİZ PORTFÖY YÖNETİMİ A.Ş. YEDİNCİ GAYRİMENKUL YATIRIM FONU,GMF,DG,faal,DENİZ PORTFÖY YÖNETİMİ A.Ş.,4028328c969f29550196a96cffb36a3d,Diğer,unvan
DYJ,DENİZ PORTFÖY KAR PAYI ÖDEYEN ÜÇÜNCÜ SERBEST (DÖVİZ) FON,YF,SF,faal,DENİZ PORTFÖY YÖNETİMİ A.Ş.,4028328c819d4b9d0181aa3758612acd,Serbest,unvan
DYN,DENİZ PORTFÖY ELEKTRİKLİ VE OTONOM ARAÇ TEKNOLOJİLERİ DEĞİŞKEN  FON,YF,DG,faal,DENİZ PORTFÖY YÖNETİMİ A.Ş.,4028328c819d4b9d0181aa3880072add,Değişken,unvan
DYS,DENİZ PORTFÖY SAM YELİ SERBEST FON,YF,SF,faal,DENİZ PORTFÖY YÖNETİMİ A.Ş.,4028328d8f3f7793018f71c715080e2b,Serbest,unvan
DZ2,DENİZ PORTFÖY İKİNCİ SERBEST ÖZEL FON,YF,SF,faal,DENİZ PORTFÖY YÖNETİMİ A.Ş.,4028328c944ba53d0194978f0bb25866,Serbest,unvan
DZE,DENİZ PORTFÖY BIST 100 ENDEKSİ HİSSE SENEDİ FONU (HİSSE SENEDİ YOĞUN FON),YF,HS,faal,DENİZ PORTFÖY YÖNETİMİ A.Ş.,33E5FED7E26F00EAE0530A4A622B2AEA,Hisse Senedi,unvan
DZG,DENİZ PORTFÖY YÖNETİMİ A.Ş. ZB SERBEST (DÖVİZ) ÖZEL FON,YF,SF,faal,DENİZ PORTFÖY YÖNETİMİ A.Ş.,4028328d7afb2dbc017b1656bfdb0b7f,Serbest,unvan
DZM,DENİZ PORTFÖY BEŞİNCİ SERBEST (DÖVİZ) FON,YF,SF,faal,DENİZ PORTFÖY YÖNETİMİ A.Ş.,4028328c71bc39bf01720e909dc944e9,Serbest,unvan
DZP,AZİMUT PORTFÖY DENİZ SERBEST (DÖVİZ) ÖZEL FON,YF,SF,faal,AZİMUT PORTFÖY YÖNETİMİ A.Ş.,4028328c8b2fcee7018d31a841b001e2,Serbest,unvan
DZS,AK PORTFÖY DOKUZUNCU SERBEST FON,YF,SF,faal,AK PORTFÖY YÖNETİMİ A.Ş.,4028328c969f29550196a5e8ff5e52f2,Serbest,unvan
EAE,AGESA HAYAT VE EMEKLİLİK A.Ş. ALTIN EMEKLİLİK YATIRIM FONU,EYF,DG,faal,AGESA HAYAT VE EMEKLİLİK A.Ş.,4028328c976d29880197d018b8233ecc,Kıymetli Madenler,unvan
EBD,GLOBAL MD PORTFÖY İKİNCİ DEĞİŞKEN FON,YF,DG,faal,GLOBAL MD PORTFÖY YÖNETİMİ A.Ş.,33E5FED7E37700EAE0530A4A622B2AEA,Değişken,unvan
EBG,ARGEUS GAYRİMENKUL VE GİRİŞİM SERMAYESİ PORTFÖY YÖNETİMİ A.Ş. İKİNCİ GİRİŞİM SERMAYESİ YATIRIM FONU,GSF,DG,faal,ARGEUS GAYRİMENKUL VE GİRİŞİM SERMAYESİ PORTFÖY YÖNETİMİ A.Ş.,4028328c7850aacc0178b1b5b6c9391d,Diğer,unvan
EBI,EMAA BLUE PORTFÖY İKİNCİ SERBEST (DÖVİZ-AVRO) FON,YF,SF,faal,EMAA BLUE PORTFÖY YÖNETİMİ A.Ş.,4028328d998eebe80199ec5b65bd60f4,Serbest,unvan
EBK,EMLAK KATILIM PORTFÖY YÖNETİMİ A.Ş. BİRİNCİ KATILIM GAYRİMENKUL YATIRIM FONU,GMF,DG,faal,EMLAK KATILIM PORTFÖY YÖNETİMİ A.Ş.,4028328d9f52dddd01a0390acda6554b,Katılım,unvan
EBS,EMAA BLUE PORTFÖY BİRİNCİ SERBEST (DÖVİZ- ABD DOLARI) FON,YF,SF,faal,EMAA BLUE PORTFÖY YÖNETİMİ A.Ş.,4028328d998eebe80199e7d8869e6a4e,Serbest,unvan
EC2,GLOBAL MD PORTFÖY BİRİNCİ HİSSE SENEDİ FONU (HİSSE SENEDİ YOĞUN FON),YF,HS,faal,GLOBAL MD PORTFÖY YÖNETİMİ A.Ş.,33E5FED7E36F00EAE0530A4A622B2AEA,Hisse Senedi,unvan
ECA,GLOBAL MD PORTFÖY BİRİNCİ DEĞİŞKEN FON,YF,DG,faal,GLOBAL MD PORTFÖY YÖNETİMİ A.Ş.,33E5FED7E37300EAE0530A4A622B2AEA,Değişken,unvan
ECB,GLOBAL MD PORTFÖY PARA PİYASASI (TL) FONU,YF,DG,faal,GLOBAL MD PORTFÖY YÖNETİMİ A.Ş.,33E5FED7E36B00EAE0530A4A622B2AEA,Para Piyasası,unvan
ECV,GLOBAL MD PORTFÖY KISA VADELİ BORÇLANMA ARAÇLARI (TL) FONU,YF,DG,faal,GLOBAL MD PORTFÖY YÖNETİMİ A.Ş.,33E5FED7E36700EAE0530A4A622B2AEA,Kısa Vadeli Borçlanma,unvan
EDD,QNB PORTFÖY ENPARA DENGELİ DEĞİŞKEN ÖZEL FON,YF,DG,faal,QNB PORTFÖY YÖNETİMİ A.Ş.,4028328d9c4c12ca019c666356e01e14,Değişken,unvan
EDN,EMAA BLUE PORTFÖY DENGELİ DEĞİŞKEN FON,YF,DG,faal,EMAA BLUE PORTFÖY YÖNETİMİ A.Ş.,4028328d9ec11d41019ecbc94b072795,Değişken,unvan
EDP,NEO PORTFÖY KORUNCUK EĞİTİME DESTEK PARA PİYASASI SERBEST FON,YF,SF,faal,NEO PORTFÖY YÖNETİMİ A.Ş.,4028328c9aaa2bf9019abf651d815402,Para Piyasası,unvan
EDT,DENİZ PORTFÖY TED EĞİTİME DESTEK SERBEST FON,YF,SF,faal,DENİZ PORTFÖY YÖNETİMİ A.Ş.,4028328d9132fce701914ac16f2b6a77,Serbest,unvan
EDU,İŞ PORTFÖY TEV EĞİTİME DESTEK DEĞİŞKEN FON,YF,SF,faal,İŞ PORTFÖY YÖNETİMİ A.Ş.,4028328c86d231ff018829d685f64614,Değişken,unvan
EDV,PARDUS PORTFÖY YÖNETİMİ A.Ş. ALTINCI GİRİŞİM SERMAYESİ YATIRIM FONU,GSF,DG,faal,PARDUS PORTFÖY YÖNETİMİ A.Ş.,4028328d86d233be0187ec2b700f54ca,Diğer,unvan
EES,ROTA PORTFÖY EE SERBEST (DÖVİZ) ÖZEL FON,YF,SF,faal,ROTA PORTFÖY YÖNETİMİ A.Ş.,4028328d89555d7f0189c07176487a32,Serbest,unvan
EFU,PARDUS PORTFÖY YÖNETİMİ A.Ş. EXPANSION FUNDING GİRİŞİM SERMAYESİ YATIRIM FONU,GSF,DG,faal,PARDUS PORTFÖY YÖNETİMİ A.Ş.,4028328d86d233be0187ec2f264b552e,Diğer,unvan
EGA,QNB PORTFÖY ENPARA ALTIN ÖZEL FONU,YF,DG,faal,QNB PORTFÖY YÖNETİMİ A.Ş.,4028328c9f52dc3f01a048b1dc890910,Kıymetli Madenler,unvan
EGP,GARANTİ PORTFÖY EKİM 2028 SÜRDÜRÜLEBİLİRLİK SERBEST (DÖVİZ-ABD DOLARI) FON,YF,SF,faal,GARANTİ PORTFÖY YÖNETİMİ A.Ş.,4028328c8b2fcee7018ccf7133e333f5,Serbest,unvan
EGR,EMAA BLUE PORTFÖY AGRESİF DEĞİŞKEN FON,YF,DG,faal,EMAA BLUE PORTFÖY YÖNETİMİ A.Ş.,4028328d9ec11d41019ecbc92671278a,Değişken,unvan
EHG,HDI FİBA EMEKLİLİK VE HAYAT A.Ş. OYAK  PORTFÖY DEĞİŞKEN EMEKLİLİK YATIRIM FONU,EYF,,faal,HDI FİBA EMEKLİLİK VE HAYAT A.Ş.,33E5FED7E9F300EAE0530A4A622B2AEA,Değişken,unvan
EHK,AGESA HAYAT VE EMEKLİLİK A.Ş. KATILIM HİSSE SENEDİ EMEKLİLİK YATIRIM FONU,EYF,DG,faal,AGESA HAYAT VE EMEKLİLİK A.Ş.,4028328d976d2b830197d032a1a17b03,Hisse Senedi,unvan
EHS,AZİMUT PORTFÖY ERCİYES HİSSE SENEDİ SERBEST ÖZEL FON (HİSSE SENEDİ YOĞUN FON),YF,HS,faal,AZİMUT PORTFÖY YÖNETİMİ A.Ş.,4028328c86845fa80186bc59769d0843,Hisse Senedi,unvan
EIB,ASTRA PORTFÖY DEĞİŞKEN FON,YF,DG,faal,ASTRA PORTFÖY YÖNETİMİ A.Ş.,33E5FED7EE0300EAE0530A4A622B2AEA,Değişken,unvan
EID,ASTRA PORTFÖY HİSSE SENEDİ FONU (HİSSE SENEDİ YOĞUN FON),YF,HS,faal,ASTRA PORTFÖY YÖNETİMİ A.Ş.,33E5FED7EDFF00EAE0530A4A622B2AEA,Hisse Senedi,unvan
EIE,HDI FİBA EMEKLİLİK VE HAYAT A.Ş. ATAK DEĞİŞKEN EMEKLİLİK YATIRIM FONU,EYF,,faal,HDI FİBA EMEKLİLİK VE HAYAT A.Ş.,33E5FED7E9EF00EAE0530A4A622B2AEA,Değişken,unvan
EIF,HDI FİBA EMEKLİLİK VE HAYAT A.Ş. OYAK  PORTFÖY KAMU DIŞ BORÇLANMA ARAÇLARI EMEKLİLİK YATIRIM FONU,EYF,,faal,HDI FİBA EMEKLİLİK VE HAYAT A.Ş.,33E5FED7E9E700EAE0530A4A622B2AEA,Borçlanma Araçları,unvan
EIG,HDI FİBA EMEKLİLİK VE HAYAT A.Ş. BORÇLANMA ARAÇLARI EMEKLİLİK YATIRIM FONU,EYF,,faal,HDI FİBA EMEKLİLİK VE HAYAT A.Ş.,33E5FED7E9DF00EAE0530A4A622B2AEA,Borçlanma Araçları,unvan
EIH,HDI FİBA EMEKLİLİK VE HAYAT A.Ş. OYAK  PORTFÖY HİSSE SENEDİ EMEKLİLİK YATIRIM FONU,EYF,,faal,HDI FİBA EMEKLİLİK VE HAYAT A.Ş.,33E5FED7E9EB00EAE0530A4A622B2AEA,Hisse Senedi,unvan
EII,ROTA PORTFÖY YÖNETİMİ A.Ş. EİKİ GİRİŞİM SERMAYESİ YATIRIM FONU,GSF,DG,faal,ROTA PORTFÖY YÖNETİMİ A.Ş.,4028328d992f6f660199851c14c93348,Diğer,unvan
EIK,HDI FİBA EMEKLİLİK  VE HAYAT A.Ş. DIŞ BORÇLANMA ARAÇLARI EMEKLİLİK YATIRIM FONU,EYF,,faal,HDI FİBA EMEKLİLİK VE HAYAT A.Ş.,33E5FED7E9E300EAE0530A4A622B2AEA,Borçlanma Araçları,unvan
EIL,ASTRA PORTFÖY PARA PİYASASI (TL) FONU,YF,DG,faal,ASTRA PORTFÖY YÖNETİMİ A.Ş.,33E5FED7EBDB00EAE0530A4A622B2AEA,Para Piyasası,unvan
EJG,AZİMUT PORTFÖY İNAN SERBEST (TL) ÖZEL FON,YF,SF,faal,AZİMUT PORTFÖY YÖNETİMİ A.Ş.,4028328d7a4e446c017a9973b43f77dc,Serbest,unvan
EKF,ASTRA PORTFÖY KİRA SERTİFİKASI KATILIM (TL) FONU,YF,KTF,faal,ASTRA PORTFÖY YÖNETİMİ A.Ş.,33E5FED7F1AF00EAE0530A4A622B2AEA,Katılım,unvan
EKL,KUVEYT TÜRK PORTFÖY EMLAK KATILIM BANKASI PARA PİYASASI KATILIM FONU,YF,KTF,faal,KUVEYT TÜRK PORTFÖY YÖNETİMİ A.Ş.,4028328c93c3b40d019408945fe86f87,Para Piyasası,unvan
ELI,ALLBATROSS PORTFÖY YÖNETİMİ A.Ş. ELİT GİRİŞİM SERMAYESİ YATIRIM FONU,GSF,DG,faal,ALLBATROSS PORTFÖY YÖNETİMİ A.Ş.,4028328c949953a00194ace2cf004ca4,Diğer,unvan
ELZ,ASTRA PORTFÖY KATILIM HİSSE SENEDİ FONU (HİSSE SENEDİ YOĞUN FON),YF,HS,faal,ASTRA PORTFÖY YÖNETİMİ A.Ş.,4028328c5b3ef438015b8687a4d1032c,Hisse Senedi,unvan
EMA,TEMPLETON EMERGING MARKETS FUND A(Acc) USD,YYF,,faal,DENİZBANK A.Ş.,33E5FED7EFAF00EAE0530A4A622B2AEA,Diğer,unvan
EME,STRATEJİ PORTFÖY EMERALD HİSSE SENEDİ SERBEST FON (HİSSE SENEDİ YOĞUN FON),YF,HS,faal,STRATEJİ PORTFÖY YÖNETİMİ A.Ş.,4028328c9aaa2bf9019ab4f90d160e95,Hisse Senedi,unvan
EMI,ANADOLU HAYAT EMEKLİLİK A.Ş. EMLAK SEKTÖRÜ HİSSE SENEDİ EMEKLİLİK YATIRIM FONU,EYF,,faal,ANADOLU HAYAT EMEKLİLİK A.Ş.,4028328d9d7b24c9019d911a619e21da,Hisse Senedi,unvan
EML,AK PORTFÖY EMLAK SEKTÖRÜ DEĞİŞKEN FON,YF,DG,faal,AK PORTFÖY YÖNETİMİ A.Ş.,4028328d998eebe80199ce31e03c4e74,Değişken,unvan
EMY,GARANTİ EMEKLİLİK VE HAYAT A.Ş. ALTIN EMEKLİLİK YATIRIM FONU,EYF,,faal,GARANTİ EMEKLİLİK VE HAYAT A.Ş.,4028328d9d7b24c9019df2f5aa1b127e,Kıymetli Madenler,unvan
ENA,QNB PORTFÖY ENPARA ATAK DEĞİŞKEN ÖZEL FON,YF,DG,faal,QNB PORTFÖY YÖNETİMİ A.Ş.,4028328d9c4c12ca019c666574f91eb7,Değişken,unvan
ENF,AGESA HAYAT VE EMEKLİLİK A.Ş. ENERJİ SEKTÖRÜ DEĞİŞKEN EMEKLİLİK YATIRIM FONU,EYF,,faal,AGESA HAYAT VE EMEKLİLİK A.Ş.,4028328d950b608701958ac2693d4169,Değişken,unvan
ENJ,AKTİF PORTFÖY ENERJİ ŞİRKETLERİ HİSSE SENEDİ (TL) FONU (HİSSE SENEDİ YOĞUN FON),YF,HS,faal,AKTİF PORTFÖY YÖNETİMİ A.Ş.,4028328d90137b6401904fa4a1445350,Hisse Senedi,unvan
ENO,QNB PORTFÖY ENPARA SERBEST (DÖVİZ) FON,YF,SF,faal,QNB PORTFÖY YÖNETİMİ A.Ş.,4028328d9c4c12ca019c6662f8fb1dfa,Serbest,unvan
ENR,QNB PORTFÖY ENPARA PARA PİYASASI (TL) FONU,YF,DG,faal,QNB PORTFÖY YÖNETİMİ A.Ş.,4028328d9c4c12ca019c666273301db7,Para Piyasası,unvan
ENS,QNB PORTFÖY ENPARA DEĞİŞKEN ÖZEL FON,YF,DG,faal,QNB PORTFÖY YÖNETİMİ A.Ş.,4028328d9c4c12ca019c66659d331ec7,Değişken,unvan
EOG,ZİRAAT PORTFÖY YÖNETİMİ A.Ş. ELEMENT ÖZEL GİRİŞİM SERMAYESİ YATIRIM FONU,GSF,DG,faal,ZİRAAT PORTFÖY YÖNETİMİ A.Ş.,4028328c969f295c01971c5bb7ef3140,Diğer,unvan
EP1,EMLAK KATILIM PORTFÖY PARA PİYASASI KATILIM (TL) FONU,YF,KTF,faal,EMLAK KATILIM PORTFÖY YÖNETİMİ A.Ş.,4028328d9ec11d41019ecf82b75436ba,Para Piyasası,unvan
EPA,EMAA BLUE PORTFÖY PARA PİYASASI KATILIM (TL) FONU,YF,KTF,faal,EMAA BLUE PORTFÖY YÖNETİMİ A.Ş.,4028328c998ee9d50199befc8bbc6e61,Para Piyasası,unvan
EPG,RE-PIE PORTFÖY YÖNETİMİ A.Ş. EFOR PROJE GAYRİMENKUL YATIRIM FONU,GMF,DG,faal,RE-PIE PORTFÖY YÖNETİMİ A.Ş.,4028328c976d29880197877858c3574e,Diğer,unvan
EPI,EMAA BLUE PORTFÖY İNŞAAT SEKTÖRÜ KATILIM FONU,YF,KTF,faal,EMAA BLUE PORTFÖY YÖNETİMİ A.Ş.,4028328c998ee9d5019a780153212b8a,Katılım,unvan
EPK,EMAA BLUE PORTFÖY KIYMETLİ MADENLER KATILIM FON SEPETİ FONU,YF,KTF,faal,EMAA BLUE PORTFÖY YÖNETİMİ A.Ş.,4028328c998ee9d50199befc4e746e56,Fon Sepeti,unvan
EPO,İŞ PORTFÖY EXPLORER SERBEST (DÖVİZ) ÖZEL FON,YF,DG,faal,İŞ PORTFÖY YÖNETİMİ A.Ş.,4028328c861839b30186556c3e3f5fd4,Serbest,unvan
EPP,EMAA BLUE PORTFÖY PARA PİYASASI SERBEST FON,YF,SF,faal,EMAA BLUE PORTFÖY YÖNETİMİ A.Ş.,4028328d98455cf70198c73c3c0b326d,Para Piyasası,unvan
EPT,EMAA BLUE PORTFÖY PARA PİYASASI (TL) FONU,YF,DG,faal,EMAA BLUE PORTFÖY YÖNETİMİ A.Ş.,4028328c998ee9d5019a78135ded2ca5,Para Piyasası,unvan
ERS,ARGEUS GAYRİMENKUL VE GİRİŞİM SERMAYESİ PORTFÖY YÖNETİMİ A.Ş. BEŞİNCİ GAYRİMENKUL YATIRIM FONU,GMF,DG,faal,ARGEUS GAYRİMENKUL VE GİRİŞİM SERMAYESİ PORTFÖY YÖNETİMİ A.Ş.,4028328c7850aacc0178b1b4a3c7390a,Diğer,unvan
ESG,AKTİF PORTFÖY ESG SÜRDÜRÜLEBİLİRLİK SERBEST FON,YF,SF,faal,AKTİF PORTFÖY YÖNETİMİ A.Ş.,4028328d71bc3c6501725654a66b55c7,Serbest,unvan
ESN,ALLBATROSS PORTFÖY ESİN SERBEST FON,YF,SF,faal,ALLBATROSS PORTFÖY YÖNETİMİ A.Ş.,4028328c8e21cef8018e60c954202d99,Serbest,unvan
ESP,AURA PORTFÖY EMTİA SERBEST FON,YF,SF,faal,AURA PORTFÖY YÖNETİMİ A.Ş.,4028328d887d12f801889b3f8f4e1e67,Serbest,unvan
EST,HDI FİBA EMEKLİLİK VE HAYAT A.Ş. OYAK PORTFÖY STANDART EMEKLİLİK YATIRIM FONU,EYF,,faal,HDI FİBA EMEKLİLİK VE HAYAT A.Ş.,33E5FED7EA0300EAE0530A4A622B2AEA,Diğer,unvan
ETF,ROTA PORTFÖY YÖNETİMİ A.Ş. ETKİ GİRİŞİM SERMAYESİ YATIRIM FONU,GSF,DG,faal,ROTA PORTFÖY YÖNETİMİ A.Ş.,4028328d93c3b68c0193f8fbd5526ed3,Diğer,unvan
ETN,EMAA BLUE PORTFÖY TEMKİNLİ DEĞİŞKEN FON,YF,DG,faal,EMAA BLUE PORTFÖY YÖNETİMİ A.Ş.,4028328d9f52dddd019fd6370adb5105,Değişken,unvan
EUG,GLOBAL MD PORTFÖY YÖNETİMİ A.Ş. EUROİNVEST GREEN ENERGY GİRİŞİM SERMAYESİ YATIRIM FONU,GSF,DG,faal,GLOBAL MD PORTFÖY YÖNETİMİ A.Ş.,4028328c950ba8c6019566584222427c,Diğer,unvan
EUN,GARANTİ PORTFÖY İKİNCİ SERBEST (DÖVİZ-AVRO) FON,YF,SF,faal,GARANTİ PORTFÖY YÖNETİMİ A.Ş.,4028328d8e21d0ec018ebdf2746627cd,Serbest,unvan
EUZ,GARANTİ PORTFÖY SERBEST (DÖVİZ-AVRO) FON,YF,SF,faal,GARANTİ PORTFÖY YÖNETİMİ A.Ş.,4028328c7812c9c3017816010e03091c,Serbest,unvan
EVM,DENİZ PORTFÖY ENERJİ VE MADENCİLİK SEKTÖRÜ DEĞİŞKEN FON,YF,DG,faal,DENİZ PORTFÖY YÖNETİMİ A.Ş.,4028328c9b82727b019bb0d2dc1732bf,Değişken,unvan
EYT,AKTİF PORTFÖY İKİNCİ FON SEPETİ FONU,YF,DG,faal,AKTİF PORTFÖY YÖNETİMİ A.Ş.,4028328c8ae7be4f018b19da6e2c6e1c,Fon Sepeti,unvan
EZM,KUVEYT TÜRK PORTFÖY EZM KATILIM SERBEST (DÖVİZ) ÖZEL FON,YF,KTF,faal,KUVEYT TÜRK PORTFÖY YÖNETİMİ A.Ş.,4028328c976d298801981dfe200a2339,Katılım,unvan
FAK,FONMAP PORTFÖY ALTIN KATILIM FONU,YF,KTF,faal,FONMAP PORTFÖY YÖNETİMİ A.Ş.,4028328c8e21cef8018f0f6eb4391e22,Kıymetli Madenler,unvan
FAL,ONE PORTFÖY ALTIN FONU,YF,DG,faal,ONE PORTFÖY YÖNETİMİ A.Ş.,4028328d969f29570197160dfdd02842,Kıymetli Madenler,unvan
FAR,BV PORTFÖY YÖNETİMİ A.Ş. FARK LABS MOBİLİTE GİRİŞİM SERMAYESİ YATIRIM FONU,GSF,DG,faal,BV PORTFÖY YÖNETİMİ A.Ş.,4028328c93c3afa2019417eb0f770a8d,Diğer,unvan
FBC,ONE PORTFÖY KAR PAYI ÖDEYEN KATILIM FONU,YF,KTF,faal,ONE PORTFÖY YÖNETİMİ A.Ş.,4028328d86d233be01886cb75f1e0e0e,Katılım,unvan
FBG,FİBA PORTFÖY YÖNETİMİ A.Ş. BİRİNCİ GİRİŞİM SERMAYESİ YATIRIM FONU,GSF,DG,faal,FİBA PORTFÖY YÖNETİMİ A.Ş.,4028328d7da7e96d017f300dd9a1582a,Diğer,unvan
FBI,FİBA PORTFÖY BİRİNCİ SERBEST (DÖVİZ) FON,YF,SF,faal,FİBA PORTFÖY YÖNETİMİ A.Ş.,4028328c89555baa018a17d9a58b3e24,Serbest,unvan
FBM,AZİMUT PORTFÖY YÖNETİMİ A.Ş. FİBA BÜYÜME GİRİŞİM SERMAYESİ YATIRIM FONU,GSF,DG,faal,AZİMUT PORTFÖY YÖNETİMİ A.Ş.,4028328c9132faf00191511fc5832d57,Diğer,unvan
FBN,FİBA PORTFÖY SAFİR SERBEST FON,YF,SF,faal,FİBA PORTFÖY YÖNETİMİ A.Ş.,4028328d76106209017618d408031a1d,Serbest,unvan
FBV,İŞ PORTFÖY MODEL SERBEST FON,YF,SF,faal,İŞ PORTFÖY YÖNETİMİ A.Ş.,4028328d75e773c20175ff39e7714cca,Serbest,unvan
FBZ,FİBA PORTFÖY TEKNOLOJİ SERBEST FON,YF,SF,faal,FİBA PORTFÖY YÖNETİMİ A.Ş.,4028328d76106209017618d587591a37,Serbest,unvan
FCB,FİBA PORTFÖY YÖNETİMİ A.Ş. BEŞİNCİ GİRİŞİM SERMAYESİ YATIRIM FONU,GSF,DG,faal,FİBA PORTFÖY YÖNETİMİ A.Ş.,4028328d969f29570197308e5338508e,Diğer,unvan
FCK,ONE PORTFÖY ÇOKLU VARLIK KATILIM FONU,YF,KTF,faal,ONE PORTFÖY YÖNETİMİ A.Ş.,4028328d8b2fcee7018b38e2ac6e1f0d,Katılım,unvan
FCN,FONMAP PORTFÖY YÖNETİMİ A.Ş. ÜÇÜNCÜ GAYRİMENKUL YATIRIM FONU,GMF,DG,faal,FONMAP PORTFÖY YÖNETİMİ A.Ş.,4028328c919f164b019233c615d97b49,Diğer,unvan
FCS,FİBA PORTFÖY İKİNCİ SERBEST FON,YF,SF,faal,FİBA PORTFÖY YÖNETİMİ A.Ş.,4028328c9132faf00191511fea4f2d63,Serbest,unvan
FD1,ONE PORTFÖY BİRİNCİ DEĞİŞKEN FON,YF,DG,faal,ONE PORTFÖY YÖNETİMİ A.Ş.,4028328d8e21d0ec018f100051d37495,Değişken,unvan
FDC,FİBA PORTFÖY YÖNETİMİ A.Ş. DÖRDÜNCÜ GİRİŞİM SERMAYESİ YATIRIM FONU,GSF,DG,faal,FİBA PORTFÖY YÖNETİMİ A.Ş.,4028328d969f29570197308e83c45099,Diğer,unvan
FDE,QNB PORTFÖY KAR PAYI ÖDEYEN BEŞİNCİ SERBEST (DÖVİZ) FON,YF,SF,faal,QNB PORTFÖY YÖNETİMİ A.Ş.,4028328c8b2fcee7018b8b414dc74b17,Serbest,unvan
FDG,FONMAP PORTFÖY BİRİNCİ DEĞİŞKEN FON,YF,DG,faal,FONMAP PORTFÖY YÖNETİMİ A.Ş.,4028328c8b2fcee7018d55b75d931eee,Değişken,unvan
FDN,FONMAP PORTFÖY İKİNCİ DEĞİŞKEN FON,YF,DG,faal,FONMAP PORTFÖY YÖNETİMİ A.Ş.,4028328d8e21d0ec018e32602f236b8c,Değişken,unvan
FDO,QNB PORTFÖY SULTAN SERBEST (DÖVİZ) ÖZEL FON,YF,SF,faal,QNB PORTFÖY YÖNETİMİ A.Ş.,4028328d6efb12d5016fa9794a15642b,Serbest,unvan
FDP,ALKİMA GİRİŞİM SERMAYESİ PORTFÖY YÖNETİMİ A.Ş. ANADOLU SAĞLIK TEKNOLOJİLERİ GİRİŞİM SERMAYESİ YATIRIM FONU,GSF,DG,faal,ALKİMA GİRİŞİM SERMAYESİ PORTFÖY YÖNETİMİ A.Ş.,4028328c9af2405e019b4ba80d3a0e07,Diğer,unvan
FDR,FONMAP PORTFÖY YÖNETİMİ A.Ş. DÖRDÜNCÜ GAYRİMENKUL YATIRIM FONU,GMF,DG,faal,FONMAP PORTFÖY YÖNETİMİ A.Ş.,4028328c919f164b019233c6c3de7b8d,Diğer,unvan
FDS,FONMAP PORTFÖY YÖNETİMİ A.Ş. DÖRDÜNCÜ GİRİŞİM SERMAYESİ YATIRIM FONU,GSF,DG,faal,FONMAP PORTFÖY YÖNETİMİ A.Ş.,4028328d9373bab0019386400cd12068,Diğer,unvan
FDV,AZİMUT PORTFÖY DMR SERBEST FON,YF,SF,faal,AZİMUT PORTFÖY YÖNETİMİ A.Ş.,4028328d7fd43720017fe59bb9503502,Serbest,unvan
FDY,QNB PORTFÖY KAR PAYI ÖDEYEN DÖRDÜNCÜ SERBEST (DÖVİZ) FON,YF,SF,faal,QNB PORTFÖY YÖNETİMİ A.Ş.,4028328d89555d7f018a99389f61793d,Serbest,unvan
FDZ,AZİMUT PORTFÖY 16.0 HİSSE SENEDİ SERBEST FON (HİSSE SENEDİ YOĞUN FON),YF,HS,faal,AZİMUT PORTFÖY YÖNETİMİ A.Ş.,4028328d7fd43720017fe59569323435,Hisse Senedi,unvan
FEA,HDI FİBA EMEKLİLİK VE HAYAT A.Ş. ATLAS PORTFÖY ÖZEL SEKTÖR BORÇLANMA ARAÇLARI EMEKLİLİK YATIRIM FONU,EYF,,faal,HDI FİBA EMEKLİLİK VE HAYAT A.Ş.,33E5FED7F06B00EAE0530A4A622B2AEA,Borçlanma Araçları,unvan
FEF,HDI FİBA EMEKLİLİK VE HAYAT A.Ş. TACİRLER PORTFÖY DEĞİŞKEN EMEKLİLİK YATIRIM FONU,EYF,,faal,HDI FİBA EMEKLİLİK VE HAYAT A.Ş.,4028328d57ff662f01582f60e5e503f5,Değişken,unvan
FEI,HDI FİBA EMEKLİLİK VE HAYAT A.Ş. KATKI EMEKLİLİK YATIRIM FONU,EYF,,faal,HDI FİBA EMEKLİLİK VE HAYAT A.Ş.,33E5FED7EF4F00EAE0530A4A622B2AEA,Diğer,unvan
FEN,HDI FİBA EMEKLİLİK VE HAYAT A.Ş. STANDART EMEKLİLİK YATIRIM FONU,EYF,,faal,HDI FİBA EMEKLİLİK VE HAYAT A.Ş.,33E5FED7EF4300EAE0530A4A622B2AEA,Diğer,unvan
FEO,HDI FİBA EMEKLİLİK VE HAYAT A.Ş. DİNAMİK DEĞİŞKEN EMEKLİLİK YATIRIM FONU,EYF,,faal,HDI FİBA EMEKLİLİK VE HAYAT A.Ş.,4028328d57ff662f01582f63c0ad0418,Değişken,unvan
FER,HDI FİBA EMEKLİLİK VE HAYAT A.Ş. DEĞIŞKEN GRUP EMEKLİLİK YATIRIM FONU,EYF,,faal,HDI FİBA EMEKLİLİK VE HAYAT A.Ş.,33E5FED7EDBB00EAE0530A4A622B2AEA,Değişken,unvan
FES,HDI FİBA EMEKLİLİK VE HAYAT A.Ş. TEMKİNLİ DEĞİŞKEN EMEKLİLİK YATIRIM FONU,EYF,,faal,HDI FİBA EMEKLİLİK VE HAYAT A.Ş.,33E5FED7EF4700EAE0530A4A622B2AEA,Değişken,unvan
FET,HDI FİBA EMEKLİLİK  VE HAYAT A.Ş. PARA PİYASASI EMEKLİLİK YATIRIM FONU,EYF,,faal,HDI FİBA EMEKLİLİK VE HAYAT A.Ş.,33E5FED7EDB700EAE0530A4A622B2AEA,Para Piyasası,unvan
FFA,FIDELITY FUND AMERICAN GROWTH FUND,YYF,,faal,DENİZBANK A.Ş.,4028328d5b3ef6c7015bfb9405ad33d4,Diğer,unvan
FFC,HDI FİBA EMEKLİLİK VE HAYAT A.Ş. TEKNOLOJİ SEKTÖRÜ DEĞİŞKEN EMEKLİLİK YATIRIM FONU,EYF,,faal,HDI FİBA EMEKLİLİK VE HAYAT A.Ş.,4028328d80e917910180fb2cd5bb4806,Değişken,unvan
FFD,FİBA PORTFÖY ÜÇÜNCÜ PARA PİYASASI (TL) FONU,YF,DG,faal,FİBA PORTFÖY YÖNETİMİ A.Ş.,4028328c745d11ca0174a04fe5de0dc4,Para Piyasası,unvan
FFE,FIDELITY FUND EUROPEAN GROWTH FUND,YYF,,faal,DENİZBANK A.Ş.,4028328d5b3ef6c7015bfb95271c33e3,Diğer,unvan
FFF,QNB PORTFÖY BERİL SERBEST (DÖVİZ) ÖZEL FON,YF,SF,faal,QNB PORTFÖY YÖNETİMİ A.Ş.,4028328c84686b4001849aa81ed139f7,Serbest,unvan
FFH,QNB PORTFÖY ÇOKLU VARLIK KATILIM FONU,YF,KTF,faal,QNB PORTFÖY YÖNETİMİ A.Ş.,4028328c7707357b01773f03eedd4570,Katılım,unvan
FFO,QNB PORTFÖY SER SERBEST (DÖVİZ) OZEL FON,YF,SF,faal,QNB PORTFÖY YÖNETİMİ A.Ş.,4028328d6d929640016eac74dd8a7c49,Serbest,unvan
FFP,QNB PORTFÖY FON SEPETİ FONU,YF,DG,faal,QNB PORTFÖY YÖNETİMİ A.Ş.,4028328c7707357b01773f020bef4554,Fon Sepeti,unvan
FFZ,HDI FİBA EMEKLİLİK VE HAYAT A.Ş. INVEO PORTFÖY FON SEPETİ EMEKLİLİK YATIRIM FONU,EYF,,faal,HDI FİBA EMEKLİLİK VE HAYAT A.Ş.,4028328d80e917910180fb2e56cf4815,Fon Sepeti,unvan
FG2,FONMAP PORTFÖY YÖNETİMİ A.Ş. İKİNCİ PROJE GAYRİMENKUL YATIRIM FONU,GMF,DG,faal,FONMAP PORTFÖY YÖNETİMİ A.Ş.,4028328c98455aeb0198e10cdb906266,Diğer,unvan
FG3,FONMAP PORTFÖY YÖNETİMİ A.Ş. ÜÇÜNCÜ PROJE GAYRİMENKUL FONU,GMF,DG,faal,FONMAP PORTFÖY YÖNETİMİ A.Ş.,4028328d9b5e6824019b6ef18f5b3d25,Diğer,unvan
FG5,FONMAP PORTFÖY YÖNETİMİ A.Ş. BEŞİNCİ GİRİŞİM SERMAYESİ YATIRIM FONU,GSF,DG,faal,FONMAP PORTFÖY YÖNETİMİ A.Ş.,4028328c98455aeb0198e13441d86662,Diğer,unvan
FG6,FONMAP PORTFÖY YÖNETİMİ A.Ş. ALTINCI GİRİŞİM SERMAYESİ YATIRIM FONU,GSF,DG,faal,FONMAP PORTFÖY YÖNETİMİ A.Ş.,4028328c98455aeb0198e10d374f6287,Diğer,unvan
FG7,FONMAP PORTFÖY YÖNETİMİ A.Ş. YEDİNCİ GİRİŞİM SERMAYESİ YATIRIM FONU,GSF,DG,faal,FONMAP PORTFÖY YÖNETİMİ A.Ş.,4028328c98455aeb0198e10d1a71627c,Diğer,unvan
FG8,FONMAP PORTFÖY YÖNETİMİ A.Ş. SEKİZİNCİ GİRİŞİM SERMAYESİ YATIRIM FONU,GSF,DG,faal,FONMAP PORTFÖY YÖNETİMİ A.Ş.,4028328c9d4a029c019d7184626a730a,Diğer,unvan
FG9,FONMAP PORTFÖY YÖNETİMİ A.Ş. DOKUZUNCU GİRİŞİM SERMAYESİ YATIRIM FONU,GSF,DG,faal,FONMAP PORTFÖY YÖNETİMİ A.Ş.,4028328c9d4a029c019d7184306072ff,Diğer,unvan
FGF,HDI FİBA EMEKLİLİK VE HAYAT A.Ş. OKS STANDART EMEKLİLİK YATIRIM FONU,OKS,DG,faal,HDI FİBA EMEKLİLİK VE HAYAT A.Ş.,4028328d5fc61027016007d444ad4eef,Diğer,unvan
FGH,HDI FİBA EMEKLİLİK VE HAYAT A.Ş. OKS KATILIM STANDART EMEKLİLİK YATIRIM FONU,OKS,DG,faal,HDI FİBA EMEKLİLİK VE HAYAT A.Ş.,4028328d5fc61027016007d6c6264efd,Katılım,unvan
FGO,ONE PORTFÖY YÖNETİMİ A.Ş. FONGOGO VENTURES GİRİŞİM SERMAYESİ YATIRIM FONU,GSF,DG,faal,ONE PORTFÖY YÖNETİMİ A.Ş.,4028328c8a99cab9018adc3abb257496,Diğer,unvan
FGR,FONMAP PORTFÖY YÖNETİMİ A.Ş. GRN GAYRİMENKUL YATIRIM FONU,GMF,DG,faal,FONMAP PORTFÖY YÖNETİMİ A.Ş.,4028328c969f295c0196a61259b364d8,Diğer,unvan
FGY,ONE PORTFÖY YÖNETİMİ A.Ş. BEŞİNCİ GAYRİMENKUL YATIRIM FONU,GMF,DG,faal,ONE PORTFÖY YÖNETİMİ A.Ş.,4028328d93c3b68d01941bc17ceb230b,Diğer,unvan
FHI,FONMAP PORTFÖY İKİNCİ HİSSE SENEDİ SERBEST FON (HİSSE SENEDİ YOĞUN FON),YF,HS,faal,FONMAP PORTFÖY YÖNETİMİ A.Ş.,4028328d969f29560196d95990de4f08,Hisse Senedi,unvan
FHP,FİBA PORTFÖY ÖPY PARA PİYASASI SERBEST (TL) ÖZEL FON,YF,SF,faal,FİBA PORTFÖY YÖNETİMİ A.Ş.,4028328d8b2fcee7018b6c062cf87b2f,Para Piyasası,unvan
FHZ,QNB PORTFÖY HUZUR SERBEST (DÖVİZ) ÖZEL FON,YF,SF,faal,QNB PORTFÖY YÖNETİMİ A.Ş.,4028328c84686b400184f22e7eb23db4,Serbest,unvan
FI3,QNB PORTFÖY BORÇLANMA ARAÇLARI FONU,YF,DG,faal,QNB PORTFÖY YÖNETİMİ A.Ş.,33E5FED7E3B300EAE0530A4A622B2AEA,Borçlanma Araçları,unvan
FI5,QNB PORTFÖY PARA PİYASASI (TL) FONU,YF,DG,faal,QNB PORTFÖY YÖNETİMİ A.Ş.,33E5FED7E3B700EAE0530A4A622B2AEA,Para Piyasası,unvan
FIB,FİBA PORTFÖY ALTIN FONU,YF,DG,faal,FİBA PORTFÖY YÖNETİMİ A.Ş.,33E5FED7E25700EAE0530A4A622B2AEA,Kıymetli Madenler,unvan
FIC,HDI FİBA EMEKLİLİK VE HAYAT A.Ş. OKS AGRESİF DEĞİŞKEN EMEKLİLİK YATIRIM FONU,OKS,DG,faal,HDI FİBA EMEKLİLİK VE HAYAT A.Ş.,4028328c5c459c6d015cd008391b7ea7,Değişken,unvan
FID,FİBA PORTFÖY ÇOKLU VARLIK İKİNCİ DEĞİŞKEN FON,YF,DG,faal,FİBA PORTFÖY YÖNETİMİ A.Ş.,33E5FED7E24F00EAE0530A4A622B2AEA,Değişken,unvan
FIE,HDI FİBA EMEKLİLİK VE HAYAT A.Ş. BAŞLANGIÇ EMEKLİLİK YATIRIM FONU,OKS,DG,faal,HDI FİBA EMEKLİLİK VE HAYAT A.Ş.,4028328c588b7b7501594a948d470493,Diğer,unvan
FIF,HDI FİBA EMEKLİLİK VE HAYAT A.Ş. İSTANBUL PORTFÖY DEĞİŞKEN EMEKLİLİK YATIRIM FONU,EYF,,faal,HDI FİBA EMEKLİLİK VE HAYAT A.Ş.,4028328d5988e263015a5bf851927a0e,Değişken,unvan
FIG,HDI FİBA EMEKLİLİK VE HAYAT A.Ş. OKS DENGELİ DEĞİŞKEN EMEKLİLİK YATIRIM FONU,OKS,DG,faal,HDI FİBA EMEKLİLİK VE HAYAT A.Ş.,4028328c5c459c6d015cd009c43e7f31,Değişken,unvan
FIH,HDI FİBA EMEKLİLİK VE HAYAT A.Ş. OKS ATAK DEĞİŞKEN EMEKLİLİK YATIRIM FONU,OKS,DG,faal,HDI FİBA EMEKLİLİK VE HAYAT A.Ş.,4028328c5c459c6d015cd008f21a7ef4,Değişken,unvan
FII,HDI FİBA EMEKLİLİK VE HAYAT A.Ş. KATILIM KATKI EMEKLİLİK YATIRIM FONU,EYF,,faal,HDI FİBA EMEKLİLİK VE HAYAT A.Ş.,4028328c5c459c6f015c59aa7aba3235,Katılım,unvan
FIK,HDI FİBA EMEKLİLİK VE HAYAT A.Ş. FON SEPETİ EMEKLİLİK YATIRIM FONU,EYF,,faal,HDI FİBA EMEKLİLİK VE HAYAT A.Ş.,4028328c5c459c6f015c59a67ea531c3,Fon Sepeti,unvan
FIL,FİBA PORTFÖY PARA PİYASASI (TL) FONU,YF,DG,faal,FİBA PORTFÖY YÖNETİMİ A.Ş.,33E5FED7E25300EAE0530A4A622B2AEA,Para Piyasası,unvan
FIM,HDI FİBA EMEKLİLİK VE HAYAT A.Ş. KATILIM DEĞİŞKEN EMEKLİLİK YATIRIM FONU,EYF,,faal,HDI FİBA EMEKLİLİK VE HAYAT A.Ş.,4028328c5c459c6f015c59a8c7b7320a,Katılım,unvan
FIR,HDI FİBA EMEKLİLİK VE HAYAT A.Ş. OSMANLI PORTFÖY DEĞİŞKEN EMEKLİLİK YATIRIM FONU,EYF,,faal,HDI FİBA EMEKLİLİK VE HAYAT A.Ş.,4028328c5988d42f0159acd47c19393a,Değişken,unvan
FIS,HDI FİBA EMEKLİLİK VE HAYAT A.Ş. KATILIM STANDART EMEKLİLİK YATIRIM FONU,EYF,,faal,HDI FİBA EMEKLİLİK VE HAYAT A.Ş.,4028328c5d88e705015e955e789a1ca6,Katılım,unvan
FIT,FİBA PORTFÖY BORÇLANMA ARAÇLARI (TL) FONU,YF,DG,faal,FİBA PORTFÖY YÖNETİMİ A.Ş.,33E5FED7E64B00EAE0530A4A622B2AEA,Borçlanma Araçları,unvan
FIU,HDI FİBA EMEKLİLİK VE HAYAT A.Ş. OKS AGRESİF KATILIM DEĞİŞKEN EMEKLİLİK YATIRIM FONU,OKS,DG,faal,HDI FİBA EMEKLİLİK VE HAYAT A.Ş.,4028328c5c459c6d015cd00b8e727f54,Katılım,unvan
FIV,HDI FİBA EMEKLİLİK VE HAYAT A.Ş. OKS ATAK KATILIM DEĞİŞKEN EMEKLİLİK YATIRIM FONU,OKS,DG,faal,HDI FİBA EMEKLİLİK VE HAYAT A.Ş.,4028328c5c459c6d015cd00c7ad67f7b,Katılım,unvan
FIY,HDI FİBA EMEKLİLİK VE HAYAT A.Ş. BAŞLANGIÇ KATILIM EMEKLİLİK YATIRIM FONU,OKS,DG,faal,HDI FİBA EMEKLİLİK VE HAYAT A.Ş.,4028328c588b7b7501594a96071f04a7,Katılım,unvan
FIZ,HDI FİBA EMEKLİLİK VE HAYAT A.Ş. OKS MUHAFAZAKAR DEĞİŞKEN EMEKLİLİK YATIRIM FONU,OKS,DG,faal,HDI FİBA EMEKLİLİK VE HAYAT A.Ş.,4028328c5c459c6d015cd00aa03c7f46,Değişken,unvan
FJB,FİBA PORTFÖY BLOK ZİNCİRİ TEKNOLOJİLERİ SERBEST FON,YF,SF,faal,FİBA PORTFÖY YÖNETİMİ A.Ş.,4028328c794d2f8a017a19bf59bd3242,Serbest,unvan
FJC,FİBA PORTFÖY MELTEM ÜÇÜNCÜ SERBEST (DÖVİZ) FON,YF,SF,faal,FİBA PORTFÖY YÖNETİMİ A.Ş.,4028328d7b64858a017bc008114e0ae1,Serbest,unvan
FJG,HDI FİBA EMEKLİLİK VE HAYAT A.Ş. RE-PIE PORTFÖY DEĞİŞKEN EMEKLİLİK YATIRIM FONU,EYF,,faal,HDI FİBA EMEKLİLİK VE HAYAT A.Ş.,4028328c7850aacc0178f95f99e92386,Değişken,unvan
FJM,FİBA PORTFÖY MELTEM SERBEST (DÖVİZ) FON,YF,SF,faal,FİBA PORTFÖY YÖNETİMİ A.Ş.,4028328c794d2f8a017a19c054433252,Serbest,unvan
FJN,FİBA PORTFÖY MELTEM İKİNCİ SERBEST (DÖVİZ) FON,YF,SF,faal,FİBA PORTFÖY YÖNETİMİ A.Ş.,4028328d7b64858a017bc00727af0ad1,Serbest,unvan
FJZ,FİBA PORTFÖY FIRTINA SERBEST (DÖVİZ) FON,YF,SF,faal,FİBA PORTFÖY YÖNETİMİ A.Ş.,4028328c794d2f8a017a19c115d63262,Serbest,unvan
FKE,QNB PORTFÖY KRİSTAL SERBEST (DÖVİZ-AVRO) FON,YF,SF,faal,QNB PORTFÖY YÖNETİMİ A.Ş.,4028328c86845fa70186bc0d599d6680,Serbest,unvan
FKH,QNB PORTFÖY KAR PAYI ÖDEYEN İKİNCİ SERBEST (DÖVİZ) FON,YF,SF,faal,QNB PORTFÖY YÖNETİMİ A.Ş.,4028328c86d23200018745f43b673d9b,Serbest,unvan
FKV,QNB PORTFÖY KAR PAYI ÖDEYEN YEDİNCİ SERBEST (DÖVİZ) FON,YF,SF,faal,QNB PORTFÖY YÖNETİMİ A.Ş.,4028328d8e21d0ec018ea3c4e4fa3500,Serbest,unvan
FLG,FONMAP PORTFÖY YÖNETİMİ A.Ş. FLORYA PROJE GAYRİMENKUL YATIRIM FONU,GMF,DG,faal,FONMAP PORTFÖY YÖNETİMİ A.Ş.,4028328c98455aeb0198e10cfb566271,Diğer,unvan
FLS,YAPI KREDİ PORTFÖY FLORYA SERBEST (DÖVİZ-AVRO) FON,YF,SF,faal,YAPI KREDİ PORTFÖY YÖNETİMİ A.Ş.,4028328d944ba744019463d3896a17cd,Serbest,unvan
FLT,ONE PORTFÖY YÖNETİMİ A.Ş. ALTINCI GİRİŞİM SERMAYESİ YATIRIM FONU,GSF,DG,faal,ONE PORTFÖY YÖNETİMİ A.Ş.,4028328d93c3b68c01941bf4f5ee1ceb,Diğer,unvan
FLY,AKTİF PORTFÖY HAVACILIK VE SAVUNMA TEKNOLOJİLERİ DEĞİŞKEN FON,YF,DG,faal,AKTİF PORTFÖY YÖNETİMİ A.Ş.,4028328c916b969d01919d1b4e3f3179,Değişken,unvan
FMB,FONMAP PORTFÖY BİRİNCİ SERBEST FON,YF,SF,faal,FONMAP PORTFÖY YÖNETİMİ A.Ş.,4028328d969f29560196d95a08894f18,Serbest,unvan
FMG,QNB PORTFÖY GÜMÜŞ SERBEST FON,YF,SF,faal,QNB PORTFÖY YÖNETİMİ A.Ş.,4028328d8e21d0ec018ea3c45d7b34e3,Kıymetli Madenler,unvan
FMS,QNB PORTFÖY SABİHA SERBEST (DÖVİZ) ÖZEL FON,YF,SF,faal,QNB PORTFÖY YÖNETİMİ A.Ş.,4028328c88c529ea018954b2dbd37e0d,Serbest,unvan
FMV,DENİZ PORTFÖY FMV IŞIK ÜNİVERSİTESİ EĞİTİME DESTEK SERBEST FON,YF,SF,faal,DENİZ PORTFÖY YÖNETİMİ A.Ş.,4028328c98f754d101990aaec9604ebf,Serbest,unvan
FN6,FONMAP PORTFÖY YÖNETİMİ A.Ş. ALTINCI GAYRİMENKUL YATIRIM FONU,GMF,DG,faal,FONMAP PORTFÖY YÖNETİMİ A.Ş.,4028328d9b5e6824019b6ef1be743d30,Diğer,unvan
FNA,TACİRLER PORTFÖY YÖNETİMİ A.Ş. FİNAI GİRİŞİM SERMAYESİ YATIRIM FONU,GSF,DG,faal,TACİRLER PORTFÖY YÖNETİMİ A.Ş.,4028328d93c3b68c0193fd9f5fd40923,Diğer,unvan
FNE,AZİMUT PORTFÖY FİNE AGRO SERBEST (TL) ÖZEL FON,YF,SF,faal,AZİMUT PORTFÖY YÖNETİMİ A.Ş.,4028328d86d233be0187be093c7a69b3,Serbest,unvan
FNF,FONMAP PORTFÖY YÖNETİMİ A.Ş. İKİNCİ GİRİŞİM SERMAYESİ YATIRIM FONU,GSF,DG,faal,FONMAP PORTFÖY YÖNETİMİ A.Ş.,4028328c8d6db28f018de9a79ede3eda,Diğer,unvan
FNG,FONMAP PORTFÖY YÖNETİMİ A.Ş. BİRİNCİ GİRİŞİM SERMAYESİ YATIRIM FONU,GSF,DG,faal,FONMAP PORTFÖY YÖNETİMİ A.Ş.,4028328c8d6db28f018de9a7d0883ee5,Diğer,unvan
FNI,FONMAP PORTFÖY YÖNETİMİ A.Ş. İKİNCİ GAYRİMENKUL YATIRIM FONU,GMF,DG,faal,FONMAP PORTFÖY YÖNETİMİ A.Ş.,4028328d8e21d0ec018e37a2f8700d04,Diğer,unvan
FNM,FONMAP PORTFÖY YÖNETİMİ A.Ş. ONUNCU GİRİŞİM SERMAYESİ YATIRIM FONU,GSF,DG,faal,FONMAP PORTFÖY YÖNETİMİ A.Ş.,4028328c9d4a029c019d7183c47472e7,Diğer,unvan
FNN,QNB PORTFÖY KAR PAYI ÖDEYEN ONUNCU SERBEST (DÖVİZ) FON,YF,SF,faal,QNB PORTFÖY YÖNETİMİ A.Ş.,4028328d9132fce701914be0eecf75d9,Serbest,unvan
FNO,QNB PORTFÖY BİRİNCİ DEĞİŞKEN FON,YF,DG,faal,QNB PORTFÖY YÖNETİMİ A.Ş.,33E5FED7E3C700EAE0530A4A622B2AEA,Değişken,unvan
FNR,FONMAP PORTFÖY YÖNETİMİ A.Ş. BİRİNCİ GAYRİMENKUL YATIRIM FONU,GMF,DG,faal,FONMAP PORTFÖY YÖNETİMİ A.Ş.,4028328c8d6db28f018de9a77aa23ecf,Diğer,unvan
FNT,HEDEF PORTFÖY MODEL HİSSE SENEDİ SERBEST (TL) FON (HİSSE SENEDİ YOĞUN FON),YF,HS,faal,HEDEF PORTFÖY YÖNETİMİ A.Ş.,4028328d89555d7f0189cfdbc8a11228,Hisse Senedi,unvan
FOA,ALLİANZ YAŞAM VE EMEKLİLİK A.Ş. AZİMUT FON SEPETİ EMEKLİLİK YATIRIM FONU,EYF,,faal,ALLIANZ YAŞAM VE EMEKLİLİK A.Ş.,4028328c950ba8c701958e72c151404d,Fon Sepeti,unvan
FOD,FİBA PORTFÖY YÖNETİMİ A.Ş. ODAK GİRİŞİM SERMAYESİ YATIRIM FONU,GSF,DG,faal,FİBA PORTFÖY YÖNETİMİ A.Ş.,4028328c9132faf00191511f9a542d40,Diğer,unvan
FOG,ALBARAKA PORTFÖY YÖNETİMİ A.Ş. FONANGELS GİRİŞİM SERMAYESİ YATIRIM FONU,GSF,DG,faal,ALBARAKA PORTFÖY YÖNETİMİ A.Ş.,4028328c861839b301867903631c074b,Diğer,unvan
FOK,ROTA PORTFÖY YÖNETİMİ A.Ş. FOKUS GİRİŞİM SERMAYESİ YATIRIM FONU,GSF,DG,faal,ROTA PORTFÖY YÖNETİMİ A.Ş.,4028328d93c3b68c0193f8fb1fd16ea7,Diğer,unvan
FP4,ONE PORTFÖY DÖRDÜNCÜ HİSSE SENEDİ SERBEST FON (HİSSE SENEDİ YOĞUN FON),YF,HS,faal,ONE PORTFÖY YÖNETİMİ A.Ş.,4028328d95959cc70195ae1ca89c067d,Hisse Senedi,unvan
FPE,FİBA PORTFÖY EUROBOND BORÇLANMA ARAÇLARI (DÖVİZ) FONU,YF,DG,faal,FİBA PORTFÖY YÖNETİMİ A.Ş.,33E5FED7F19B00EAE0530A4A622B2AEA,Borçlanma Araçları,unvan
FPG,FİBA PORTFÖY GÜMÜŞ SERBEST FON,YF,SF,faal,FİBA PORTFÖY YÖNETİMİ A.Ş.,4028328c95959ac20195c6e5d0f22162,Kıymetli Madenler,unvan
FPH,FİBA PORTFÖY HİSSE SENEDİ FONU (TL) FONU (HİSSE SENEDİ YOĞUN FON),YF,HS,faal,FİBA PORTFÖY YÖNETİMİ A.Ş.,33E5FED7F18300EAE0530A4A622B2AEA,Hisse Senedi,unvan
FPI,FONMAP PORTFÖY BİRİNCİ PARA PİYASASI (TL) FONU,YF,DG,faal,FONMAP PORTFÖY YÖNETİMİ A.Ş.,4028328d8e21d0ec018e326768546c28,Para Piyasası,unvan
FPJ,FİBA PORTFÖY YÖNETİMİ A.Ş. İKİNCİ GİRİŞİM SERMAYESİ YATIRIM FONU,GSF,DG,faal,FİBA PORTFÖY YÖNETİMİ A.Ş.,4028328c916b969d01919d3a612e26f9,Diğer,unvan
FPK,FİBA PORTFÖY KISA VADELİ BORÇLANMA ARAÇLARI  (TL) FONU,YF,DG,faal,FİBA PORTFÖY YÖNETİMİ A.Ş.,33E5FED7F09300EAE0530A4A622B2AEA,Kısa Vadeli Borçlanma,unvan
FPR,STRATEJİ PORTFÖY FOREST HİSSE SENEDİ SERBEST FON (HİSSE SENEDİ YOĞUN FON),YF,HS,faal,STRATEJİ PORTFÖY YÖNETİMİ A.Ş.,4028328d610a8174016126f5126f4fd5,Hisse Senedi,unvan
FPZ,QNB PORTFÖY BİRİNCİ SERBEST (DÖVİZ) FON,YF,SF,faal,QNB PORTFÖY YÖNETİMİ A.Ş.,4028328d644795a9016524190f6b6bac,Serbest,unvan
FQQ,FONMAP PORTFÖY DENGELİ FON SEPETİ FONU,YF,DG,faal,FONMAP PORTFÖY YÖNETİMİ A.Ş.,4028328c9d7b22d2019e015d1cbf4b35,Fon Sepeti,unvan
FR1,ONE PORTFÖY BİRİNCİ SERBEST FON,YF,SF,faal,ONE PORTFÖY YÖNETİMİ A.Ş.,4028328d95959cc70195ae1cda1e0688,Serbest,unvan
FRA,AZİMUT PORTFÖY MAB SERBEST FON,YF,SF,faal,AZİMUT PORTFÖY YÖNETİMİ A.Ş.,4028328d69d891c3016a7e1818940383,Serbest,unvan
FRC,FONMAP PORTFÖY BİRİNCİ HİSSE SENEDİ SERBEST FON (HİSSE SENEDİ YOĞUN FON),YF,HS,faal,FONMAP PORTFÖY YÖNETİMİ A.Ş.,4028328c8e21cef7018e7b37357a3fc6,Hisse Senedi,unvan
FRZ,AZİMUT PORTFÖY FRZ SERBEST ÖZEL FON,YF,SF,faal,AZİMUT PORTFÖY YÖNETİMİ A.Ş.,4028328d69d891c3016a7e1956e103ad,Serbest,unvan
FS1,ONE PORTFÖY BİRİNCİ HİSSE SENEDİ SERBEST FON (HİSSE SENEDİ YOĞUN FON),YF,HS,faal,ONE PORTFÖY YÖNETİMİ A.Ş.,4028328c8a99cab8018ad059dd5a4817,Hisse Senedi,unvan
FS2,ONE PORTFÖY İKİNCİ HİSSE SENEDİ SERBEST FON (HİSSE SENEDİ YOĞUN FON),YF,HS,faal,ONE PORTFÖY YÖNETİMİ A.Ş.,4028328d8b2fcee7018b8fdf6c7d3844,Hisse Senedi,unvan
FS3,ONE PORTFÖY KATILIM HİSSE SENEDİ SERBEST FON (HİSSE SENEDİ YOĞUN FON),YF,HS,faal,ONE PORTFÖY YÖNETİMİ A.Ş.,4028328c8b2fcee7018baf1e8b4e5b19,Hisse Senedi,unvan
FS4,ONE PORTFÖY ÜÇÜNCÜ HİSSE SENEDİ SERBEST FON (HİSSE SENEDİ YOĞUN FON),YF,HS,faal,ONE PORTFÖY YÖNETİMİ A.Ş.,4028328c8b2fcee7018d64d177d849d0,Hisse Senedi,unvan
FS5,ONE PORTFÖY BİRİNCİ İSTATİSTİKSEL ARBİTRAJ HİSSE SENEDİ SERBEST FON (HİSSE SENEDİ YOĞUN FON),YF,HS,faal,ONE PORTFÖY YÖNETİMİ A.Ş.,4028328c8b2fcee7018d64d1473649c3,Hisse Senedi,unvan
FS6,ONE PORTFÖY İKİNCİ İSTATİSTİKSEL ARBİTRAJ SERBEST FON,YF,HS,faal,ONE PORTFÖY YÖNETİMİ A.Ş.,4028328d8f3f7793018f81833fe667ab,Serbest,unvan
FSF,FİBA PORTFÖY PARA PİYASASI SERBEST (TL) FON,YF,SF,faal,FİBA PORTFÖY YÖNETİMİ A.Ş.,4028328d6d929640016e7e278ee218d4,Para Piyasası,unvan
FSG,FİBA PORTFÖY BİRİNCİ HİSSE SENEDİ SERBEST FON (HİSSE SENEDİ YOĞUN FON),YF,HS,faal,FİBA PORTFÖY YÖNETİMİ A.Ş.,4028328c8588f300018617dcf34003ea,Hisse Senedi,unvan
FSH,FİBA PORTFÖY FON SEPETİ SERBEST FON,YF,SF,faal,FİBA PORTFÖY YÖNETİMİ A.Ş.,4028328c8588f300018617dbe0d803df,Fon Sepeti,unvan
FSK,QNB PORTFÖY İKİNCİ PARA PİYASASI (TL) FONU,YF,SF,faal,QNB PORTFÖY YÖNETİMİ A.Ş.,4028328c6faf9e50016febd1d1bb2a3e,Para Piyasası,unvan
FSM,ONE PORTFÖY BEŞİNCİ HİSSE SENEDİ SERBEST FON (HİSSE SENEDİ YOĞUN FON),YF,HS,faal,ONE PORTFÖY YÖNETİMİ A.Ş.,4028328d8f3f7793018fb9b192300596,Hisse Senedi,unvan
FSP,FONMAP PORTFÖY SERBEST (DÖVİZ) FON,YF,SF,faal,FONMAP PORTFÖY YÖNETİMİ A.Ş.,4028328d98455cf701987e82f0c73636,Serbest,unvan
FSR,FİBA PORTFÖY İKİNCİ SERBEST (DÖVİZ-AVRO) FON,YF,SF,faal,FİBA PORTFÖY YÖNETİMİ A.Ş.,4028328d8b2fcee7018c5cdda2a55895,Serbest,unvan
FSU,TERA PORTFÖY FON SEPETİ FONU,YF,DG,faal,TERA PORTFÖY YÖNETİMİ A.Ş.,4028328d998eebe8019a1163a1461bac,Fon Sepeti,unvan
FSV,QNB PORTFÖY KAR PAYI ÖDEYEN SEKİZİNCİ SERBEST (DÖVİZ-AVRO) FON,YF,SF,faal,QNB PORTFÖY YÖNETİMİ A.Ş.,4028328d8e21d0ec018ea3c4a60034f5,Serbest,unvan
FT1,FT GAYRİMENKUL VE GİRİŞİM SERMAYESİ PORTFÖY YÖNETİMİ A.Ş. BİRİNCİ PROJE GAYRİMENKUL YATIRIM FONU,GMF,DG,faal,FT GAYRİMENKUL VE GİRİŞİM SERMAYESİ PORTFÖY YÖNETİMİ A.Ş.,4028328c8a99cab8018ab2dbd6345f96,Diğer,unvan
FT2,FT GAYRİMENKUL VE GİRİŞİM SERMAYESİ PORTFÖY YÖNETİMİ A.Ş. İKİNCİ KATILIM GAYRİMENKUL YATIRIM FONU,GMF,DG,faal,FT GAYRİMENKUL VE GİRİŞİM SERMAYESİ PORTFÖY YÖNETİMİ A.Ş.,4028328c8a99cab8018ab2dbf10b5fbb,Katılım,unvan
FT3,FT GAYRİMENKUL VE GİRİŞİM SERMAYESİ PORTFÖY YÖNETİMİ A.Ş. ÜÇÜNCÜ KATILIM PROJE GAYRİMENKUL YATIRIM FONU,GMF,DG,faal,FT GAYRİMENKUL VE GİRİŞİM SERMAYESİ PORTFÖY YÖNETİMİ A.Ş.,4028328c9f0a085b019f4105c85446d0,Katılım,unvan
FT4,FT GAYRİMENKUL VE GİRİŞİM SERMAYESİ PORTFÖY YÖNETİMİ A.Ş. LUMINOUS KATILIM PROJE GAYRİMENKUL YATIRIM FONU,GMF,DG,faal,FT GAYRİMENKUL VE GİRİŞİM SERMAYESİ PORTFÖY YÖNETİMİ A.Ş.,4028328c9f0a0859019f4073c9924198,Katılım,unvan
FTC,ALBARAKA PORTFÖY YÖNETİMİ A.Ş. DEĞER GİRİŞİM SERMAYESİ YATIRIM FONU,GSF,DG,faal,ALBARAKA PORTFÖY YÖNETİMİ A.Ş.,4028328d7707357e01771faa82694cac,Diğer,unvan
FTF,ONE PORTFÖY TEKNOLOJİ FON SEPETİ FONU,YF,DG,faal,ONE PORTFÖY YÖNETİMİ A.Ş.,4028328c950ba8c60195282f8876475f,Fon Sepeti,unvan
FTI,FT GAYRİMENKUL VE GİRİŞİM SERMAYESİ PORTFÖY YÖNETİMİ A.Ş. İKİNCİ PROJE GAYRİMENKUL YATIRIM FONU,GMF,DG,faal,FT GAYRİMENKUL VE GİRİŞİM SERMAYESİ PORTFÖY YÖNETİMİ A.Ş.,4028328d9b827481019c2cff19771083,Diğer,unvan
FTL,ONE PORTFÖY PARA PİYASASI KATILIM FONU,YF,KTF,faal,ONE PORTFÖY YÖNETİMİ A.Ş.,4028328c950ba8c801956aceea43077b,Para Piyasası,unvan
FTM,FİBA PORTFÖY KAR PAYI ÖDEYEN SERBEST (DÖVİZ) FON,YF,SF,faal,FİBA PORTFÖY YÖNETİMİ A.Ş.,4028328d8b2fcee7018c5cdd7bc55887,Serbest,unvan
FTPGS,FT GAYRİMENKUL VE GİRİŞİM SERMAYESİ PORTFÖY YÖNETİMİ A.Ş. BİRİNCİ GİRİŞİM SERMAYESİ YATIRIM FONU,GSF,DG,faal,FT GAYRİMENKUL VE GİRİŞİM SERMAYESİ PORTFÖY YÖNETİMİ A.Ş.,4028328c8ae7be4e018b291654c81c6b,Diğer,unvan
FTR,AZİMUT PORTFÖY YÖNETİMİ A.Ş. FUTURE CLİMATE GİRİŞİM SERMAYESİ YATIRIM FONU,GSF,DG,faal,AZİMUT PORTFÖY YÖNETİMİ A.Ş.,4028328d9373bab00193bfce10b64c19,Diğer,unvan
FTT,FT GAYRİMENKUL VE GİRİŞİM SERMAYESİ PORTFÖY YÖNETİMİ A.Ş. TRİO GAYRİMENKUL YATIRIM FONU,GMF,DG,faal,FT GAYRİMENKUL VE GİRİŞİM SERMAYESİ PORTFÖY YÖNETİMİ A.Ş.,4028328d969f29560196d3bfefd5206b,Diğer,unvan
FTY,QNB PORTFÖY KAR PAYI ÖDEYEN SERBEST (DÖVİZ) FON,YF,SF,faal,QNB PORTFÖY YÖNETİMİ A.Ş.,4028328d8588f3000185ecdf7b1d0de6,Serbest,unvan
FUA,AK PORTFÖY İHRACATÇI ŞİRKETLER HİSSE SENEDİ (TL) FONU (HİSSE SENEDİ YOĞUN FON),YF,HS,faal,AK PORTFÖY YÖNETİMİ A.Ş.,4028328c7da7e73d017e9138f9d50086,Hisse Senedi,unvan
FUB,QNB PORTFÖY EUROBOND (DÖVİZ) BORÇLANMA ARAÇLARI FONU,YF,DG,faal,QNB PORTFÖY YÖNETİMİ A.Ş.,33E5FED7E3C300EAE0530A4A622B2AEA,Borçlanma Araçları,unvan
FUG,FİBA PORTFÖY YÖNETİMİ A.Ş. ÜÇÜNCÜ GİRİŞİM SERMAYESİ YATIRIM FONU,GSF,DG,faal,FİBA PORTFÖY YÖNETİMİ A.Ş.,4028328c916b969d01919d3a31ed26ee,Diğer,unvan
FUI,FONMAP PORTFÖY YÖNETİMİ A.Ş. ÜÇÜNCÜ GİRİŞİM SERMAYESİ YATIRIM FONU,GSF,DG,faal,FONMAP PORTFÖY YÖNETİMİ A.Ş.,4028328d9373bab00193863fae65205d,Diğer,unvan
FUM,AK PORTFÖY ALESTA SERBEST (DÖVİZ) ÖZEL FON,YF,SF,faal,AK PORTFÖY YÖNETİMİ A.Ş.,4028328c7da7e73d017e9139e1e500aa,Serbest,unvan
FUN,FİBA PORTFÖY ÜÇÜNCÜ SERBEST (DÖVİZ) FON,YF,SF,faal,FİBA PORTFÖY YÖNETİMİ A.Ş.,4028328c9132faf00191512014ac2d73,Serbest,unvan
FUP,QNB PORTFÖY BAYSAN SERBEST (DÖVİZ) ÖZEL FON,YF,SF,faal,QNB PORTFÖY YÖNETİMİ A.Ş.,4028328c6ab78362016bd6de725249d5,Serbest,unvan
FUT,AKTİF PORTFÖY YÖNETİMİ A.Ş. FUTUREBRİGHT GİRİŞİM SERMAYESİ YATIRIM FONU,GSF,DG,faal,AKTİF PORTFÖY YÖNETİMİ A.Ş.,4028328c991da58501992ef1e8ce5e4b,Diğer,unvan
FVI,HDI FİBA EMEKLİLİK VE HAYAT A.Ş. ESG SÜRDÜRÜLEBİLİRLİK FON SEPETİ EMEKLİLİK YATIRIM FONU,EYF,,faal,HDI FİBA EMEKLİLİK VE HAYAT A.Ş.,4028328c819d4b9d0181f757263e2c97,Fon Sepeti,unvan
FVL,FİBA PORTFÖY BİRİNCİ SERBEST (TL) FON,YF,SF,faal,FİBA PORTFÖY YÖNETİMİ A.Ş.,4028328d812b6aea0181816405525f67,Serbest,unvan
FYA,İSTANBUL PORTFÖY ARK II SERBEST FON,YF,SF,faal,İSTANBUL PORTFÖY YÖNETİMİ A.Ş.,33E5FED7EF6300EAE0530A4A622B2AEA,Serbest,unvan
FYB,AZİMUT PORTFÖY EB SERBEST (DÖVİZ) ÖZEL FON,YF,SF,faal,AZİMUT PORTFÖY YÖNETİMİ A.Ş.,4028328d588b829c015925fc84500d1c,Serbest,unvan
FYD,QNB PORTFÖY BİRİNCİ HİSSE SENEDİ FONU (HİSSE SENEDİ YOĞUN FON),YF,HS,faal,QNB PORTFÖY YÖNETİMİ A.Ş.,33E5FED7E39F00EAE0530A4A622B2AEA,Hisse Senedi,unvan
FYF,STRATEJİ PORTFÖY MUTLAK GETİRİ HEDEFLİ HİSSE SENEDİ SERBEST FON (HİSSE SENEDİ YOĞUN FON),YF,HS,faal,STRATEJİ PORTFÖY YÖNETİMİ A.Ş.,33E5FED7E91B00EAE0530A4A622B2AEA,Hisse Senedi,unvan
FYG,AZİMUT PORTFÖY ÖPY SERBEST (DÖVİZ) ÖZEL FON,YF,SF,faal,AZİMUT PORTFÖY YÖNETİMİ A.Ş.,4028328d588b829c015925ff49090d3b,Serbest,unvan
FYH,AZİMUT PYŞ SERBEST (DÖVİZ) FON,YF,SF,faal,AZİMUT PORTFÖY YÖNETİMİ A.Ş.,4028328d588b829c015926005ab80d4a,Serbest,unvan
FYI,AZİMUT PORTFÖY 4.0 SERBEST FON,YF,SF,faal,AZİMUT PORTFÖY YÖNETİMİ A.Ş.,4028328c5b3ef438015b8fa0f5d13fbc,Serbest,unvan
FYL,AGESA HAYAT VE EMEKLİLİK A.Ş. KATILIM KATKI EMEKLİLİK YATIRIM FONU,EYF,,faal,AGESA HAYAT VE EMEKLİLİK A.Ş.,4028328c588b7b75015949b8c6517cf9,Katılım,unvan
FYM,AZİMUT PORTFÖY ÜÇÜNCÜ SERBEST (DÖVİZ) FON,YF,SF,faal,AZİMUT PORTFÖY YÖNETİMİ A.Ş.,33E5FED7EC7F00EAE0530A4A622B2AEA,Serbest,unvan
FYN,AGESA HAYAT VE EMEKLİLİK A.Ş. KATILIM STANDART EMEKLİLİK YATIRIM FONU,EYF,,faal,AGESA HAYAT VE EMEKLİLİK A.Ş.,4028328c588b7b75015949bc39767d07,Katılım,unvan
FYO,QNB PORTFÖY ÖZEL SEKTÖR BORÇLANMA ARAÇLARI FONU,YF,DG,faal,QNB PORTFÖY YÖNETİMİ A.Ş.,33E5FED7E3A300EAE0530A4A622B2AEA,Borçlanma Araçları,unvan
FYT,QNB PORTFÖY KISA VADELİ BORÇLANMA ARAÇLARI (TL) FONU,YF,DG,faal,QNB PORTFÖY YÖNETİMİ A.Ş.,33E5FED7E3A700EAE0530A4A622B2AEA,Kısa Vadeli Borçlanma,unvan
FYU,ALLIANZ YAŞAM VE EMEKLİLİK A.Ş. KATILIM STANDART EMEKLİLİK YATIRIM FONU,EYF,,faal,ALLIANZ YAŞAM VE EMEKLİLİK A.Ş.,4028328d588b829c01594a6db22e486e,Katılım,unvan
FYY,ALLIANZ YAŞAM VE EMEKLİLİK A.Ş. KATILIM KATKI EMEKLİLİK YATIRIM FONU,EYF,,faal,ALLIANZ YAŞAM VE EMEKLİLİK A.Ş.,4028328d588b829c01594a6fe87e488f,Katılım,unvan
FYZ,AZİMUT PORTFÖY AS HİSSE SENEDİ SERBEST ÖZEL FON (HİSSE SENEDİ YOĞUN FON),YF,HS,faal,AZİMUT PORTFÖY YÖNETİMİ A.Ş.,4028328c81fdc449018226590728196e,Hisse Senedi,unvan
FZJ,FİBA PORTFÖY BİRİNCİ FON SEPETİ FONU,YF,DG,faal,FİBA PORTFÖY YÖNETİMİ A.Ş.,4028328c7bf4b5e4017c0d90c6043619,Fon Sepeti,unvan
FZP,FİBA PORTFÖY SERBEST FON,YF,SF,faal,FİBA PORTFÖY YÖNETİMİ A.Ş.,4028328d745d13ff0174e3fa7315321c,Serbest,unvan
FZS,İSTANBUL PORTFÖY YÖNETİMİ A.Ş. MOBİLİTE TEKNOLOJİLERİ GİRİŞİM SERMAYESİ YATIRIM FONU,GSF,DG,faal,İSTANBUL PORTFÖY YÖNETİMİ A.Ş.,4028328c74f01f5901752628c0165d98,Diğer,unvan
GA1,GARANTİ PORTFÖY BORÇLANMA ARAÇLARI FONU,YF,DG,faal,GARANTİ PORTFÖY YÖNETİMİ A.Ş.,33E5FED7E68B00EAE0530A4A622B2AEA,Borçlanma Araçları,unvan
GAC,GARANTİ PORTFÖY YİRMİBİRİNCİ SERBEST (DÖVİZ) OZEL FON,YF,SF,faal,GARANTİ PORTFÖY YÖNETİMİ A.Ş.,4028328c7b648351017be85a86ff6d35,Serbest,unvan
GAE,GARANTİ PORTFÖY BİST30 ENDEKSİ HİSSE SENEDİ (TL) FONU (HİSSE SENEDİ YOĞUN FON),YF,HS,faal,GARANTİ PORTFÖY YÖNETİMİ A.Ş.,33E5FED7E84700EAE0530A4A622B2AEA,Hisse Senedi,unvan
GAF,INVEO PORTFÖY BİRİNCİ HİSSE SENEDİ FONU (HİSSE SENEDİ YOĞUN FON),YF,HS,faal,INVEO PORTFÖY YÖNETİMİ A.Ş.,33E5FED7EA1700EAE0530A4A622B2AEA,Hisse Senedi,unvan
GAG,INVEO PORTFÖY BİRİNCİ SERBEST (DÖVİZ) FON,YF,SF,faal,INVEO PORTFÖY YÖNETİMİ A.Ş.,4028328d5b3ef6c7015ba3d507436e4c,Serbest,unvan
GAH,GARANTİ PORTFÖY MUTLAK GETİRİ HEDEFLİ DEĞİŞKEN FON,YF,DG,faal,GARANTİ PORTFÖY YÖNETİMİ A.Ş.,4028328d610a8174016165e0532107ce,Değişken,unvan
GAJ,GARANTİ PORTFÖY YİRMİÜÇÜNCÜ SERBEST (DÖVİZ) OZEL FON,YF,SF,faal,GARANTİ PORTFÖY YÖNETİMİ A.Ş.,4028328c7b648351017be85c69aa6d66,Serbest,unvan
GAL,GARANTİ PORTFÖY İKİNCİ PARA PİYASASI (TL) FONU,YF,DG,faal,GARANTİ PORTFÖY YÖNETİMİ A.Ş.,33E5FED7E69700EAE0530A4A622B2AEA,Para Piyasası,unvan
GAN,INVEO PORTFÖY ALFON SERBEST FON,YF,SF,faal,INVEO PORTFÖY YÖNETİMİ A.Ş.,4028328c6ab78362016bbd7053935b75,Serbest,unvan
GAS,GARANTİ PORTFÖY ÜÇÜNCÜ SERBEST (DÖVİZ) FON,YF,SF,faal,GARANTİ PORTFÖY YÖNETİMİ A.Ş.,33E5FED7E85700EAE0530A4A622B2AEA,Serbest,unvan
GAU,GARANTİ PORTFÖY YİRMİNCİ SERBEST (DÖVİZ) OZEL FON,YF,SF,faal,GARANTİ PORTFÖY YÖNETİMİ A.Ş.,4028328c7b648351017be859b26b6d1f,Serbest,unvan
GAV,GARANTİ PORTFÖY YİRMİİKİNCİ SERBEST (DÖVİZ) OZEL FON,YF,SF,faal,GARANTİ PORTFÖY YÖNETİMİ A.Ş.,4028328c7b648351017be85b59866d4a,Serbest,unvan
GBC,AZİMUT PORTFÖY YABANCI HİSSE SENEDİ FONU,YF,DG,faal,AZİMUT PORTFÖY YÖNETİMİ A.Ş.,33E5FED7ED0300EAE0530A4A622B2AEA,Hisse Senedi,unvan
GBG,INVEO PORTFÖY G-20 ÜLKELERİ YABANCI HİSSE SENEDİ FONU,YF,DG,faal,INVEO PORTFÖY YÖNETİMİ A.Ş.,33E5FED7EA2B00EAE0530A4A622B2AEA,Hisse Senedi,unvan
GBH,GARANTİ PORTFÖY BİRİNCİ HİSSE SENEDİ SERBEST FON (HİSSE SENEDİ YOĞUN FON),YF,HS,faal,GARANTİ PORTFÖY YÖNETİMİ A.Ş.,4028328c861839b201868339ebbe6bca,Hisse Senedi,unvan
GBJ,GARANTİ PORTFÖY BANKACILIK SEKTÖRÜ HİSSE SENEDİ SERBEST FON (HİSSE SENEDİ YOĞUN FON),YF,HS,faal,GARANTİ PORTFÖY YÖNETİMİ A.Ş.,4028328d8e21d0ec018ebdf2333327b5,Hisse Senedi,unvan
GBL,AZİMUT PYŞ  KISA VADELİ  BORÇLANMA ARAÇLARI FONU,YF,DG,faal,AZİMUT PORTFÖY YÖNETİMİ A.Ş.,33E5FED7ED0700EAE0530A4A622B2AEA,Kısa Vadeli Borçlanma,unvan
GBN,GARANTİ PORTFÖY BEŞİNCİ SERBEST (TL) FON,YF,SF,faal,GARANTİ PORTFÖY YÖNETİMİ A.Ş.,4028328d6d929640016e7ed67fcc2018,Serbest,unvan
GBP,GARANTİ PORTFÖY YİRMİALTINCI SERBEST (DÖVİZ AVRO) ÖZEL FON,YF,SF,faal,GARANTİ PORTFÖY YÖNETİMİ A.Ş.,4028328d812b6c2f018195cedcb12af5,Serbest,unvan
GBR,GLOBAL MD PORTFÖY YÖNETİMİ A.Ş. BİRİNCİ GİRİŞİM SERMAYESİ YATIRIM FONU,GSF,DG,faal,GLOBAL MD PORTFÖY YÖNETİMİ A.Ş.,4028328d8b2fcee7018c5de5acc224b2,Diğer,unvan
GBV,GARANTİ PORTFÖY BLOCKCHAİN TEKNOLOJİLERİ DEĞİŞKEN FON,YF,DG,faal,GARANTİ PORTFÖY YÖNETİMİ A.Ş.,4028328d7bf4b81c017c0cb2e4e4445b,Değişken,unvan
GBZ,AZİMUT PORTFÖY EMTİA FON SEPETİ FONU,YF,DG,faal,AZİMUT PORTFÖY YÖNETİMİ A.Ş.,4028328c81fdc449018225a2594a15f4,Fon Sepeti,unvan
GCA,GARANTİ PORTFÖY HM SERBEST (DÖVİZ) ÖZEL FON,YF,SF,faal,GARANTİ PORTFÖY YÖNETİMİ A.Ş.,4028328d7da7e96d017ec3b5d0cb536b,Serbest,unvan
GCC,GARANTİ PORTFÖY YİRMİSEKİZİNCİ SERBEST ÖZEL FON,YF,SF,faal,GARANTİ PORTFÖY YÖNETİMİ A.Ş.,4028328d8305029d018383d80aaa24b3,Serbest,unvan
GCD,ATLAS PORTFÖY UFUK HİSSE SENEDİ SERBEST FON (HİSSE SENEDİ YOĞUN FON),YF,HS,faal,ATLAS PORTFÖY YÖNETİMİ A.Ş.,4028328d7d3c303f017d5201e6be509a,Hisse Senedi,unvan
GCE,GLOBAL MD PORTFÖY YÖNETİMİ A.Ş. AKS GİRİŞİM SERMAYESİ YATIRIM FONU,GSF,DG,faal,GLOBAL MD PORTFÖY YÖNETİMİ A.Ş.,4028328c9013796e01906ec37b835938,Diğer,unvan
GCI,GARANTİ PORTFÖY KARŞIYAKA SERBEST (DÖVİZ) ÖZEL FON,YF,SF,faal,GARANTİ PORTFÖY YÖNETİMİ A.Ş.,4028328d7da7e96d017ec3b74484537b,Serbest,unvan
GCK,GARANTİ EMEKLİLİK VE HAYAT A.Ş. OKS KATILIM STANDART EMEKLİLİK YATIRIM FONU,OKS,DG,faal,GARANTİ EMEKLİLİK VE HAYAT A.Ş.,4028328d5fc61027016034e5b23006e8,Katılım,unvan
GCN,GARANTİ EMEKLİLİK VE HAYAT A.Ş. YENİ TEKNOLOJİLER HİSSE SENEDİ EMEKLİLİK YATIRIM FONU,EYF,,faal,GARANTİ EMEKLİLİK VE HAYAT A.Ş.,4028328c7da7e73c017ed9c298542808,Hisse Senedi,unvan
GCS,GARANTİ EMEKLİLİK VE HAYAT A.Ş. OKS STANDART EMEKLİLİK YATIRIM FONU,OKS,DG,faal,GARANTİ EMEKLİLİK VE HAYAT A.Ş.,4028328d5fc61027016034e4ba5006d9,Diğer,unvan
GCT,GARANTİ EMEKLİLİK VE HAYAT A.Ş. BİRİNCİ FON SEPETİ EMEKLİLİK YATIRIM FONU,EYF,,faal,GARANTİ EMEKLİLİK VE HAYAT A.Ş.,4028328c7da7e73c017ed9bf85c5279f,Fon Sepeti,unvan
GCV,GARANTİ EMEKLİLİK VE HAYAT A.Ş. BAŞLANGIÇ EMEKLİLİK YATIRIM FONU,OKS,DG,faal,GARANTİ EMEKLİLİK VE HAYAT A.Ş.,4028328d594ca01e0159500ba52a209d,Diğer,unvan
GCY,GARANTİ EMEKLİLİK VE HAYAT A.Ş. KARMA EMEKLİLİK YATIRIM FONU,EYF,,faal,GARANTİ EMEKLİLİK VE HAYAT A.Ş.,4028328c7da7e73c017ed9c0d93a27e4,Karma,unvan
GCZ,GARANTİ PORTFÖY ZM SERBEST (DÖVİZ) ÖZEL FON,YF,SF,faal,GARANTİ PORTFÖY YÖNETİMİ A.Ş.,4028328c7d3c2e71017d8035f1b77e0e,Serbest,unvan
GDJ,GARANTİ PORTFÖY DÖRTLÜ SERBEST (DÖVİZ) ÖZEL FON,YF,SF,faal,GARANTİ PORTFÖY YÖNETİMİ A.Ş.,4028328c8b2fcee8018b719052ad3fc3,Serbest,unvan
GDP,GARANTİ PORTFÖY DOKUZUNCU SERBEST (DÖVİZ) ÖZEL FON,YF,SF,faal,GARANTİ PORTFÖY YÖNETİMİ A.Ş.,4028328d6fafa0e501701f9e220d7ba4,Serbest,unvan
GDV,GARANTİ EMEKLİLİK VE HAYAT A.Ş. BAŞLANGIÇ KATILIM EMEKLİLİK YATIRIM FONU,OKS,DG,faal,GARANTİ EMEKLİLİK VE HAYAT A.Ş.,4028328d594ca01e0159500aad2c201d,Katılım,unvan
GEA,GARANTİ EMEKLİLİK VE HAYAT A.Ş. KATILIM HİSSE SENEDİ EMEKLİLİK YATIRIM FONU,EYF,,faal,GARANTİ EMEKLİLİK VE HAYAT A.Ş.,33E5FED7EB2700EAE0530A4A622B2AEA,Hisse Senedi,unvan
GEC,GARANTİ PORTFÖY SOYKAN SERBEST(DÖVİZ) ÖZEL FON,YF,SF,faal,GARANTİ PORTFÖY YÖNETİMİ A.Ş.,4028328c819d4b9d0181aa4c50552c2e,Serbest,unvan
GED,GARANTİ EMEKLİLİK VE HAYAT A.Ş. TEMETTÜ ÖDEYEN ŞİRKETLER HİSSE SENEDİ EMEKLİLİK YATIRIM FONU,EYF,,faal,GARANTİ EMEKLİLİK VE HAYAT A.Ş.,33E5FED7EB1300EAE0530A4A622B2AEA,Hisse Senedi,unvan
GEF,GARANTİ EMEKLİLİK VE HAYAT A.Ş. DİNAMİK DEĞİŞKEN GRUP EMEKLİLİK YATIRIM FONU,EYF,,faal,GARANTİ EMEKLİLİK VE HAYAT A.Ş.,33E5FED7EB1F00EAE0530A4A622B2AEA,Değişken,unvan
GEG,GARANTİ EMEKLİLİK VE HAYAT A.Ş. HİSSE SENEDİ GRUP EMEKLİLİK YATIRIM FONU,EYF,,faal,GARANTİ EMEKLİLİK VE HAYAT A.Ş.,33E5FED7E8DB00EAE0530A4A622B2AEA,Hisse Senedi,unvan
GEH,GARANTİ EMEKLİLİK VE HAYAT A.Ş. HİSSE SENEDİ EMEKLİLİK YATIRIM FONU,EYF,,faal,GARANTİ EMEKLİLİK VE HAYAT A.Ş.,33E5FED7E8CB00EAE0530A4A622B2AEA,Hisse Senedi,unvan
GEI,INVEO PORTFÖY EVEREST SERBEST FON,YF,SF,faal,INVEO PORTFÖY YÖNETİMİ A.Ş.,4028328c717981f60171bbc50e0807fc,Serbest,unvan
GEK,GARANTİ EMEKLİLİK VE HAYAT A.Ş. BORÇLANMA ARAÇLARI EMEKLİLİK YATIRIM FONU,EYF,,faal,GARANTİ EMEKLİLİK VE HAYAT A.Ş.,33E5FED7E8C300EAE0530A4A622B2AEA,Borçlanma Araçları,unvan
GEL,GARANTİ EMEKLİLİK VE HAYAT A.Ş. PARA PİYASASI EMEKLİLİK YATIRIM FONU,EYF,,faal,GARANTİ EMEKLİLİK VE HAYAT A.Ş.,33E5FED7E8BF00EAE0530A4A622B2AEA,Para Piyasası,unvan
GES,GARANTİ EMEKLİLİK VE HAYAT A.Ş. KATILIM STANDART EMEKLİLİK YATIRIM FONU,EYF,,faal,GARANTİ EMEKLİLİK VE HAYAT A.Ş.,33E5FED7E8EB00EAE0530A4A622B2AEA,Katılım,unvan
GEU,GARANTİ EMEKLİLİK VE HAYAT A.Ş. DEĞİŞKEN EMEKLİLİK YATIRIM FONU,EYF,,faal,GARANTİ EMEKLİLİK VE HAYAT A.Ş.,33E5FED7EB0B00EAE0530A4A622B2AEA,Değişken,unvan
GEV,AGESA HAYAT VE EMEKLİLİK A.Ş. ALTIN KATILIM EMEKLİLİK YATIRIM FONU,EYF,,faal,AGESA HAYAT VE EMEKLİLİK A.Ş.,4028328c7bf4b5e4017c3ad292c0466b,Kıymetli Madenler,unvan
GEZ,GARANTİ PORTFÖY ERN SERBEST (DÖVİZ) ÖZEL FON,YF,SF,faal,GARANTİ PORTFÖY YÖNETİMİ A.Ş.,4028328c8b2fcee8018b719229f34041,Serbest,unvan
GF1,ONE PORTFÖY YÖNETİMİ A.Ş. BİRİNCİ GAYRİMENKUL YATIRIM FONU,GMF,DG,faal,ONE PORTFÖY YÖNETİMİ A.Ş.,4028328d853ff39c01854d759f9c17c5,Diğer,unvan
GF2,ONE PORTFÖY YÖNETİMİ A.Ş. İKİNCİ GAYRİMENKUL YATIRIM FONU,GMF,DG,faal,ONE PORTFÖY YÖNETİMİ A.Ş.,4028328c86d2320001884de9226c51ca,Diğer,unvan
GF4,ONE PORTFÖY YÖNETİMİ A.Ş. DÖRDÜNCÜ GAYRİMENKUL YATIRIM FONU,GMF,DG,faal,ONE PORTFÖY YÖNETİMİ A.Ş.,4028328c8f3f759a018fe2893f3d537c,Diğer,unvan
GFB,GARANTİ PORTFÖY MISIRLI SERBEST (DÖVİZ) ÖZEL FON,YF,SF,faal,GARANTİ PORTFÖY YÖNETİMİ A.Ş.,4028328c7d3c2e71017d803498bb7dfe,Serbest,unvan
GFD,GARANTİ PORTFÖY BAL SERBEST (DÖVİZ) ÖZEL FON,YF,SF,faal,GARANTİ PORTFÖY YÖNETİMİ A.Ş.,4028328c7da7e73b017ed88d6d2f6709,Serbest,unvan
GFH,AGESA HAYAT VE EMEKLİLİK A.Ş. SÜRDÜRÜLEBİLİRLİK HİSSE SENEDİ EMEKLİLİK YATIRIM FONU,EYF,,faal,AGESA HAYAT VE EMEKLİLİK A.Ş.,4028328c7d3c2e72017d9a80995c7b2a,Hisse Senedi,unvan
GFI,GARANTİ PORTFÖY YKT SERBEST (DÖVİZ) ÖZEL FON,YF,SF,faal,GARANTİ PORTFÖY YÖNETİMİ A.Ş.,4028328d944ba7440194888d9b590023,Serbest,unvan
GFL,GARANTİ PORTFÖY MİA SERBEST ÖZEL FON,YF,SF,faal,GARANTİ PORTFÖY YÖNETİMİ A.Ş.,4028328c7707357b017767a2f85849aa,Serbest,unvan
GFN,GARANTİ PORTFÖY DAPEİ SERBEST(DÖVİZ)ÖZEL FON,YF,SF,faal,GARANTİ PORTFÖY YÖNETİMİ A.Ş.,4028328c819d4b9d0181aa668d7d2cd3,Serbest,unvan
GFY,GARANTİ PORTFÖY OL SERBEST (DÖVİZ) ÖZEL FON,YF,SF,faal,GARANTİ PORTFÖY YÖNETİMİ A.Ş.,4028328d70abc4de0171646d5d415078,Serbest,unvan
GG1,BTCTURK PORTFÖY YÖNETİMİ A.Ş. BİRİNCİ GİRİŞİM SERMAYESİ YATIRIM FONU,GSF,DG,faal,BTCTURK PORTFÖY YÖNETİMİ A.Ş.,4028328c8588f3010185bb0064653f58,Diğer,unvan
GG2,HAN VARLIK GAYRİMENKUL VE GİRİŞİM SERMAYESİ PORTFÖY YÖNETİMİ A.Ş. İKİNCİ GİRİŞİM SERMAYESİ YATIRIM FONU,GSF,DG,faal,HAN VARLIK GAYRİMENKUL VE GİRİŞİM SERMAYESİ PORTFÖY YÖNETİMİ A.Ş.,4028328c86d2320001870856e32664ef,Diğer,unvan
GG3,ONE PORTFÖY YÖNETİMİ A.Ş. BEŞİNCİ GİRİŞİM SERMAYESİ YATIRIM FONU,GSF,DG,faal,ONE PORTFÖY YÖNETİMİ A.Ş.,4028328d86d233be01875032e9fd01ca,Diğer,unvan
GG4,ONE PORTFÖY YÖNETİMİ A.Ş. DÖRDÜNCÜ GİRİŞİM SERMAYESİ YATIRIM FONU,GSF,DG,faal,ONE PORTFÖY YÖNETİMİ A.Ş.,4028328c9013796e01904a54a2b10725,Diğer,unvan
GGA,GARANTİ PORTFÖY YEDİNCİ SERBEST (DÖVİZ) ÖZEL FON,YF,SF,faal,GARANTİ PORTFÖY YÖNETİMİ A.Ş.,4028328c6faf9e50016fe73c34b769a6,Serbest,unvan
GGC,AK PORTFÖY KIYI HİSSE SENEDİ SERBEST ÖZEL FON (HİSSE SENEDİ YOĞUN FON),YF,HS,faal,AK PORTFÖY YÖNETİMİ A.Ş.,4028328d73a86809017406baaf636d47,Hisse Senedi,unvan
GGD,GARANTİ PORTFÖY SEKİZİNCİ SERBEST (DÖVİZ) ÖZEL FON,YF,SF,faal,GARANTİ PORTFÖY YÖNETİMİ A.Ş.,4028328c6faf9e50016fe73ce54369b7,Serbest,unvan
GGF,ALBARAKA PORTFÖY YÖNETİMİ A.Ş. YEDİNCİ KARMA GAYRİMENKUL YATIRIM FONU,GMF,DG,faal,ALBARAKA PORTFÖY YÖNETİMİ A.Ş.,4028328d84399770018441e6d2e43c8a,Karma,unvan
GGJ,GARANTİ EMEKLİLİK VE HAYAT A.Ş. GÜMÜŞ FON SEPETİ EMEKLİLİK YATIRIM FONU,EYF,,faal,GARANTİ EMEKLİLİK VE HAYAT A.Ş.,4028328d992f6f66019933a1df5713df,Fon Sepeti,unvan
GGK,INVEO PORTFÖY ALTIN FON,YF,DG,faal,INVEO PORTFÖY YÖNETİMİ A.Ş.,4028328c74157637017420fa339e1d8c,Kıymetli Madenler,unvan
GGM,GARANTİ PORTFÖY GMS SERBEST ÖZEL FON,YF,SF,faal,GARANTİ PORTFÖY YÖNETİMİ A.Ş.,4028328c7063ab7f01708667ff1142b5,Serbest,unvan
GGN,GARANTİ PORTFÖY AYDOĞAN SERBEST (DÖVİZ) ÖZEL FON,YF,SF,faal,GARANTİ PORTFÖY YÖNETİMİ A.Ş.,4028328d70abc4de01712af3af886646,Serbest,unvan
GGP,GARANTİ PORTFÖY ALTINCI SERBEST (DÖVİZ) ÖZEL FON,YF,SF,faal,GARANTİ PORTFÖY YÖNETİMİ A.Ş.,4028328c6faf9e50016fe73b40616996,Serbest,unvan
GGR,GARANTİ PORTFÖY ONİKİNCİ SERBEST (DÖVİZ) ÖZEL FON,YF,SF,faal,GARANTİ PORTFÖY YÖNETİMİ A.Ş.,4028328d70abc4de01712af2d4c56636,Serbest,unvan
GHA,GARANTİ EMEKLİLİK VE HAYAT A.Ş. ALTIN KATILIM EMEKLİLİK YATIRIM FONU,EYF,,faal,GARANTİ EMEKLİLİK VE HAYAT A.Ş.,33E5FED7EB3300EAE0530A4A622B2AEA,Kıymetli Madenler,unvan
GHD,GARANTİ EMEKLİLİK VE HAYAT A.Ş. STANDART EMEKLİLİK YATIRIM FONU,EYF,,faal,GARANTİ EMEKLİLİK VE HAYAT A.Ş.,33E5FED7E8CF00EAE0530A4A622B2AEA,Diğer,unvan
GHE,GARANTİ EMEKLİLİK VE HAYAT A.Ş. DİNAMİK DEĞİŞKEN EMEKLİLİK YATIRIM FONU,EYF,,faal,GARANTİ EMEKLİLİK VE HAYAT A.Ş.,33E5FED7EB0F00EAE0530A4A622B2AEA,Değişken,unvan
GHF,GARANTİ EMEKLİLİK VE HAYAT A.Ş. BORÇLANMA ARAÇLARI GRUP EMEKLİLİK YATIRIM FONU,EYF,,faal,GARANTİ EMEKLİLİK VE HAYAT A.Ş.,33E5FED7EB1700EAE0530A4A622B2AEA,Borçlanma Araçları,unvan
GHG,GARANTİ EMEKLİLİK VE HAYAT A.Ş. DIŞ BORÇLANMA ARAÇLARI EMEKLİLİK YATIRIM FONU,EYF,,faal,GARANTİ EMEKLİLİK VE HAYAT A.Ş.,33E5FED7E8C700EAE0530A4A622B2AEA,Borçlanma Araçları,unvan
GHH,GARANTİ EMEKLİLİK VE HAYAT A.Ş. SÜRDÜRÜLEBİLİRLİK HİSSE SENEDİ EMEKLİLİK YATIRIM FONU,EYF,,faal,GARANTİ EMEKLİLİK VE HAYAT A.Ş.,33E5FED7E8D300EAE0530A4A622B2AEA,Hisse Senedi,unvan
GHI,GARANTİ EMEKLİLİK VE HAYAT A.Ş. KATKI EMEKLİLİK YATIRIM FONU,EYF,,faal,GARANTİ EMEKLİLİK VE HAYAT A.Ş.,33E5FED7EB2B00EAE0530A4A622B2AEA,Diğer,unvan
GHJ,GARANTİ EMEKLİLİK VE HAYAT A.Ş. OKS AGRESİF DEĞİŞKEN EMEKLİLİK YATIRIM FONU,OKS,DG,faal,GARANTİ EMEKLİLİK VE HAYAT A.Ş.,4028328d5c459ee7015cb0876ebc2ffe,Değişken,unvan
GHK,GARANTİ EMEKLİLİK VE HAYAT A.Ş. DIŞ BORÇLANMA ARAÇLARI GRUP EMEKLİLİK YATIRIM FONU,EYF,,faal,GARANTİ EMEKLİLİK VE HAYAT A.Ş.,33E5FED7EB1B00EAE0530A4A622B2AEA,Borçlanma Araçları,unvan
GHL,GARANTİ EMEKLİLİK VE HAYAT A.Ş. KATILIM KATKI EMEKLİLİK YATIRIM FONU,EYF,,faal,GARANTİ EMEKLİLİK VE HAYAT A.Ş.,33E5FED7EB2F00EAE0530A4A622B2AEA,Katılım,unvan
GHM,GARANTİ EMEKLİLİK VE HAYAT A.Ş. OKS DİNAMİK DEĞİŞKEN EMEKLİLİK YATIRIM FONU,OKS,DG,faal,GARANTİ EMEKLİLİK VE HAYAT A.Ş.,4028328d5c459ee7015cb0840dea2fed,Değişken,unvan
GHN,GARANTİ EMEKLİLİK VE HAYAT A.Ş. OKS DENGELİ DEĞİŞKEN EMEKLİLİK YATIRIM FONU,OKS,DG,faal,GARANTİ EMEKLİLİK VE HAYAT A.Ş.,4028328d5c459ee7015cb07ea6132fde,Değişken,unvan
GHO,GARANTİ EMEKLİLİK VE HAYAT A.Ş. ÜÇÜNCÜ DEĞİŞKEN EMEKLİLİK YATIRIM FONU,EYF,,faal,GARANTİ EMEKLİLİK VE HAYAT A.Ş.,33E5FED7E8DF00EAE0530A4A622B2AEA,Değişken,unvan
GHP,GARANTİ EMEKLİLİK VE HAYAT A.Ş. OKS TEMKİNLİ DEĞİŞKEN EMEKLİLİK YATIRIM FONU,OKS,DG,faal,GARANTİ EMEKLİLİK VE HAYAT A.Ş.,4028328d5c459ee7015cb078ee5c2fd0,Değişken,unvan
GHS,GARANTİ PORTFÖY HİSSE SENEDİ (TL) FONU (HİSSE SENEDİ YOĞUN FON),YF,HS,faal,GARANTİ PORTFÖY YÖNETİMİ A.Ş.,33E5FED7E84B00EAE0530A4A622B2AEA,Hisse Senedi,unvan
GHT,GARANTİ EMEKLİLİK VE HAYAT A.Ş. DENGELİ DEĞİŞKEN EMEKLİLİK YATIRIM FONU,EYF,,faal,GARANTİ EMEKLİLİK VE HAYAT A.Ş.,33E5FED7E8D700EAE0530A4A622B2AEA,Değişken,unvan
GHU,GARANTİ EMEKLİLİK VE HAYAT A.Ş. OKS AGRESİF KATILIM DEĞİŞKEN EMEKLİLİK YATIRIM FONU,OKS,DG,faal,GARANTİ EMEKLİLİK VE HAYAT A.Ş.,4028328d5c459ee7015cb0990665307e,Katılım,unvan
GHV,GARANTİ EMEKLİLİK VE HAYAT A.Ş. OKS DENGELİ KATILIM DEĞİŞKEN EMEKLİLİK YATIRIM FONU,OKS,DG,faal,GARANTİ EMEKLİLİK VE HAYAT A.Ş.,4028328d5c459ee7015cb093c58b3062,Katılım,unvan
GHY,GARANTİ EMEKLİLİK VE HAYAT A.Ş. OKS DİNAMİK KATILIM DEĞİŞKEN EMEKLİLİK YATIRIM FONU,OKS,DG,faal,GARANTİ EMEKLİLİK VE HAYAT A.Ş.,4028328d5c459ee7015cb094d2c53070,Katılım,unvan
GHZ,GARANTİ EMEKLİLİK VE HAYAT A.Ş. OKS TEMKİNLİ KATILIM DEĞİŞKEN EMEKLİLİK YATIRIM FONU,OKS,DG,faal,GARANTİ EMEKLİLİK VE HAYAT A.Ş.,4028328d5c459ee7015cb088c9403022,Katılım,unvan
GID,GARANTİ PORTFÖY İNŞAAT SEKTÖRÜ HİSSE SENEDİ FONU (HİSSE SENEDİ YOĞUN FON),YF,HS,faal,GARANTİ PORTFÖY YÖNETİMİ A.Ş.,4028328c8f3f759b018fe83df81616bd,Hisse Senedi,unvan
GIE,GARANTİ PORTFÖY GARANTİ BBVA İKLİM ENDEKSİ HİSSE SENEDİ (TL) FONU (HİSSE SENEDİ YOĞUN FON),YF,HS,faal,GARANTİ PORTFÖY YÖNETİMİ A.Ş.,4028328c84686b410184d2f93dec6d5f,Hisse Senedi,unvan
GIH,ALLBATROSS PORTFÖY GIDA VE İÇECEK SEKTÖRÜ HİSSE SENEDİ FONU (HİSSE SENEDİ YOĞUN FON),YF,HS,faal,ALLBATROSS PORTFÖY YÖNETİMİ A.Ş.,4028328c86d2320001884dcbc4644fc4,Hisse Senedi,unvan
GJA,GARANTİ PORTFÖY ONYEDİNCİ SERBEST (DÖVİZ) ÖZEL FON,YF,SF,faal,GARANTİ PORTFÖY YÖNETİMİ A.Ş.,4028328c794d2f88017a3e4056fb235c,Serbest,unvan
GJB,INVEO PORTFÖY BİRİNCİ FON SEPETİ FONU,YF,DG,faal,INVEO PORTFÖY YÖNETİMİ A.Ş.,4028328c7850aacc0178dab617e40c51,Fon Sepeti,unvan
GJD,GARANTİ PORTFÖY ORTAS SERBEST (DÖVİZ) ÖZEL FON,YF,SF,faal,GARANTİ PORTFÖY YÖNETİMİ A.Ş.,4028328c794d2f88017a3e3e22742314,Serbest,unvan
GJE,GARANTİ PORTFÖY ECZ SERBEST (DÖVİZ) ÖZEL FON,YF,SF,faal,GARANTİ PORTFÖY YÖNETİMİ A.Ş.,4028328d794d3bd80179ea7d2b167e3e,Serbest,unvan
GJF,GARANTİ PORTFÖY BEREKET SERBEST (DÖVİZ) ÖZEL FON,YF,SF,faal,GARANTİ PORTFÖY YÖNETİMİ A.Ş.,4028328c794d2f890179eb9f20d04e5a,Serbest,unvan
GJH,GARANTİ PORTFÖY PARA PİYASASI SERBEST (TL) FON,YF,SF,faal,GARANTİ PORTFÖY YÖNETİMİ A.Ş.,4028328c7812c9c3017815ffd2f308ec,Para Piyasası,unvan
GJM,GLOBAL MD PORTFÖY ADA SERBEST FON,YF,SF,faal,GLOBAL MD PORTFÖY YÖNETİMİ A.Ş.,4028328c7a4e423c017a764a7c1937e3,Serbest,unvan
GJO,GARANTİ PORTFÖY  ONALTINCI SERBEST ( DÖVİZ) ÖZEL FON,YF,SF,faal,GARANTİ PORTFÖY YÖNETİMİ A.Ş.,4028328c794d2f890179eb9e40c44e4a,Serbest,unvan
GJS,ATLAS PORTFÖY YÖNETİMİ A.Ş. SAĞLAM GAYRİMENKUL YATIRIM FONU,GMF,DG,faal,ATLAS PORTFÖY YÖNETİMİ A.Ş.,4028328d794d3bd70179b35a4b336a9b,Diğer,unvan
GKB,GARANTİ EMEKLİLİK VE HAYAT A.Ş. KİRA SERTİFİKALARI KATILIM EMEKLİLİK YATIRIM FONU,EYF,,faal,GARANTİ EMEKLİLİK VE HAYAT A.Ş.,33E5FED7EB2300EAE0530A4A622B2AEA,Katılım,unvan
GKE,GARANTİ PORTFÖY KAR PAYI ÖDEYEN EKİM 2025 SERBEST (DÖVİZ) FON,YF,SF,faal,GARANTİ PORTFÖY YÖNETİMİ A.Ş.,4028328c8f3f759b018f8680d91709c5,Serbest,unvan
GKF,GLOBAL MD PORTFÖY KATILIM FONU,YF,KTF,faal,GLOBAL MD PORTFÖY YÖNETİMİ A.Ş.,4028328d6d929640016d96e6b1ea173c,Katılım,unvan
GKG,GARANTİ PORTFÖY KAR PAYI ÖDEYEN HİSSE SENEDİ (TL) FONU (HİSSE SENEDİ YOĞUN FON),YF,HS,faal,GARANTİ PORTFÖY YÖNETİMİ A.Ş.,4028328c950ba8c601956ab624147d87,Hisse Senedi,unvan
GKH,GARANTİ PORTFÖY PARA PİYASASI KATILIM SERBEST (TL) FON,YF,KTF,faal,GARANTİ PORTFÖY YÖNETİMİ A.Ş.,4028328c819d4b9d0181b43e3fa75d90,Para Piyasası,unvan
GKK,GARANTİ PORTFÖY ONDÖRDÜNCÜ SERBEST (DÖVİZ) ÖZEL FON,YF,SF,faal,GARANTİ PORTFÖY YÖNETİMİ A.Ş.,4028328d6fafa0e501704388f6da7da8,Serbest,unvan
GKL,GARANTİ PORTFÖY YF HİSSE SENEDİ SERBEST ÖZEL FON (HİSSE SENEDİ YOĞUN FON),YF,HS,faal,GARANTİ PORTFÖY YÖNETİMİ A.Ş.,4028328d70abc4de017177a698971ae2,Hisse Senedi,unvan
GKM,GARANTİ PORTFÖY KAR PAYI ÖDEYEN EKİM 2026 SERBEST (DÖVİZ) FON,YF,SF,faal,GARANTİ PORTFÖY YÖNETİMİ A.Ş.,4028328d95959cc70195ad7dd9f37d01,Serbest,unvan
GKO,GARANTİ PORTFÖY KAR PAYI ÖDEYEN OCAK 2026 SERBEST (DÖVİZ) FON,YF,SF,faal,GARANTİ PORTFÖY YÖNETİMİ A.Ş.,4028328c8f3f759b018f867ff8a609ba,Serbest,unvan
GKV,GARANTİ PORTFÖY KATILIM HİSSE SENEDİ (TL) FONU (HİSSE SENEDİ YOĞUN FON),YF,HS,faal,GARANTİ PORTFÖY YÖNETİMİ A.Ş.,4028328c819d4b9d0181b441fd8a5db3,Hisse Senedi,unvan
GL1,AZİMUT PYŞ BİRİNCİ HİSSE SENEDİ FONU (HİSSE SENEDİ YOĞUN FON),YF,HS,faal,AZİMUT PORTFÖY YÖNETİMİ A.Ş.,33E5FED7ECF300EAE0530A4A622B2AEA,Hisse Senedi,unvan
GLC,AKTİF PORTFÖY ÜÇÜNCÜ FON SEPETİ FONU,YF,DG,faal,AKTİF PORTFÖY YÖNETİMİ A.Ş.,4028328c80e9178f0181053363aa0ebb,Fon Sepeti,unvan
GLDTR,QNB PORTFÖY ALTIN KATILIM BORSA YATIRIM FONU,BYF,KTF,faal,QNB PORTFÖY YÖNETİMİ A.Ş.,33E5FED811AF00EAE0530A4A622B2AEA,Kıymetli Madenler,unvan
GLE,GOLDEN GLOBAL PORTFÖY KATILIM HİSSE SENEDİ FONU (HİSSE SENEDİ YOĞUN FON),YF,HS,faal,GOLDEN GLOBAL PORTFÖY YÖNETİMİ A.Ş.,4028328d9d7b24c8019e073fcd19179e,Hisse Senedi,unvan
GLG,AKTİF PORTFÖY CAPİTAL HİSSE SENEDİ SERBEST FON (HİSSE SENEDİ YOĞUN FON),YF,HS,faal,AKTİF PORTFÖY YÖNETİMİ A.Ş.,4028328c80e9178f0181053760830f04,Hisse Senedi,unvan
GLI,GOLDEN GLOBAL PORTFÖY YÖNETİMİ A.Ş. BİRİNCİ GİRİŞİM SERMAYESİ YATIRIM FONU,GSF,DG,faal,GOLDEN GLOBAL PORTFÖY YÖNETİMİ A.Ş.,4028328d9c4c12ca019c5650f885549e,Diğer,unvan
GLL,GOLDEN GLOBAL PORTFÖY ALTIN KATILIM FONU,YF,KTF,faal,GOLDEN GLOBAL PORTFÖY YÖNETİMİ A.Ş.,4028328d9d7b24c8019e07344d2c168e,Kıymetli Madenler,unvan
GLM,ATLAS PORTFÖY ÜÇÜNCÜ SERBEST (TL) FON,YF,SF,faal,ATLAS PORTFÖY YÖNETİMİ A.Ş.,4028328c8304fea801836a750db27156,Serbest,unvan
GLP,GARANTİ PORTFÖY PRUVA SERBEST (DÖVİZ) ÖZEL FON,YF,SF,faal,GARANTİ PORTFÖY YÖNETİMİ A.Ş.,4028328d7b648589017b8807cc04003d,Serbest,unvan
GLR,QİNVEST PORTFÖY YÖNETİMİ A.Ş. X12 GİRİŞİM SERMAYESİ YATIRIM FONU,GSF,DG,faal,ASTRA PORTFÖY YÖNETİMİ A.Ş.,4028328d9b827483019c231a08a27fcb,Diğer,unvan
GLS,AZİMUT PORTFÖY KİRA SERTİFİKALARI (SUKUK ) KATILIM FONU,YF,KTF,faal,AZİMUT PORTFÖY YÖNETİMİ A.Ş.,33E5FED7EDC700EAE0530A4A622B2AEA,Katılım,unvan
GLU,GOLDEN GLOBAL PORTFÖY YÖNETİMİ A.Ş. ÜÇÜNCÜ GİRİŞİM SERMAYESİ YATIRIM FONU,GSF,DG,faal,GOLDEN GLOBAL PORTFÖY YÖNETİMİ A.Ş.,4028328c9c4c12c4019c6f96dac226ce,Diğer,unvan
GLV,GLOBAL MD PORTFÖY NEHİR SERBEST FON,YF,SF,faal,GLOBAL MD PORTFÖY YÖNETİMİ A.Ş.,4028328c80e9178f018105356e070ed8,Serbest,unvan
GLY,ALKİMA GİRİŞİM SERMAYESİ PORTFÖY YÖNETİMİ A.Ş. FUND II GİRİŞİM SERMAYESİ YATIRIM FONU,GSF,DG,faal,ALKİMA GİRİŞİM SERMAYESİ PORTFÖY YÖNETİMİ A.Ş.,4028328c8588f3010185bb0116bd6f84,Diğer,unvan
GM1,QİNVEST PORTFÖY YÖNETİMİ A.Ş. BİRİNCİ GAYRİMENKUL YATIRIM FONU,GMF,DG,faal,ASTRA PORTFÖY YÖNETİMİ A.Ş.,4028328d976d2b8301979be148e22849,Diğer,unvan
GMA,AZİMUT PORTFÖY BİRİNCİ DEĞİŞKEN FON,YF,DG,faal,AZİMUT PORTFÖY YÖNETİMİ A.Ş.,33E5FED7EAC700EAE0530A4A622B2AEA,Değişken,unvan
GMC,TEB PORTFÖY GÜMÜŞ FON SEPETİ FONU,YF,DG,faal,TEB PORTFÖY YÖNETİMİ A.Ş.,4028328d812b6c2f0181867d0c5068eb,Fon Sepeti,unvan
GMD,GLOBAL MD PORTFÖY BİRİNCİ FON SEPETİ FONU,YF,DG,faal,GLOBAL MD PORTFÖY YÖNETİMİ A.Ş.,4028328d7da7e96e017de7b4738f0992,Fon Sepeti,unvan
GME,İŞ PORTFÖY EGE SERBEST ÖZEL FON,YF,SF,faal,İŞ PORTFÖY YÖNETİMİ A.Ş.,4028328c610a7f0001612886d72c62ca,Serbest,unvan
GMF,ANADOLU HAYAT EMEKLİLİK A.Ş. GÜMÜŞ FON SEPETİ EMEKLİLİK YATIRIM FONU,EYF,DG,faal,ANADOLU HAYAT EMEKLİLİK A.Ş.,4028328d96289e8c0196483099f8522e,Fon Sepeti,unvan
GMI,AK PORTFÖY GÜMÜŞ SERBEST FON,YF,SF,faal,AK PORTFÖY YÖNETİMİ A.Ş.,4028328c992f6d5701994d207d04156e,Kıymetli Madenler,unvan
GMM,GARANTİ PORTFÖY KAR PAYI ÖDEYEN MART 2027 SERBEST (DÖVİZ) FON,YF,SF,faal,GARANTİ PORTFÖY YÖNETİMİ A.Ş.,4028328d95959cc70195ad7d90f57cef,Serbest,unvan
GMN,GLOBAL MD PORTFÖY BİRİNCİ PARA PİYASASI SERBEST (TL) FON,YF,SF,faal,GLOBAL MD PORTFÖY YÖNETİMİ A.Ş.,4028328c998ee9d70199e2a4422a38d4,Para Piyasası,unvan
GMO,AZİMUT PORTFÖY G MOBİLİTE HİSSE SENEDİ SERBEST ÖZEL FON (HİSSE SENEDİ YOĞUN FON),YF,HS,faal,AZİMUT PORTFÖY YÖNETİMİ A.Ş.,4028328d969f295401975a3b1bba209b,Hisse Senedi,unvan
GMP,GARANTİ PORTFÖY GM SERBEST (DÖVİZ) ÖZEL FON,YF,SF,faal,GARANTİ PORTFÖY YÖNETİMİ A.Ş.,4028328c6efb1007016f18cf056062a2,Serbest,unvan
GMR,INVEO PORTFÖY BIST 30 DIŞI ŞİRKETLER HİSSE SENEDİ FONU (HİSSE SENEDİ YOĞUN FON),YF,HS,faal,INVEO PORTFÖY YÖNETİMİ A.Ş.,33E5FED7EA2300EAE0530A4A622B2AEA,Hisse Senedi,unvan
GMSTR,QNB PORTFÖY GÜMÜŞ KATILIM BORSA YATIRIM FONU,BYF,KTF,faal,QNB PORTFÖY YÖNETİMİ A.Ş.,33E5FED811B100EAE0530A4A622B2AEA,Kıymetli Madenler,unvan
GMV,GARANTİ PORTFÖY OCAK 2026 SERBEST (DÖVİZ-ABD DOLARI) FON,YF,SF,faal,GARANTİ PORTFÖY YÖNETİMİ A.Ş.,4028328c7bf4b5e4017c79bc859a6a7a,Serbest,unvan
GMZ,İŞ PORTFÖY MZ SERBEST ÖZEL FON,YF,SF,faal,İŞ PORTFÖY YÖNETİMİ A.Ş.,4028328d72f8dbc901739aee7b73623e,Serbest,unvan
GNC,NATURA GAYRİMENKUL VE GİRİŞİM SERMAYESİ PORTFÖY YÖNETİMİ A.Ş. GNC KATILIM PROJE GAYRİMENKUL YATIRIM FONU,GMF,DG,faal,NATURA GAYRİMENKUL VE GİRİŞİM SERMAYESİ PORTFÖY YÖNETİMİ A.Ş.,4028328d976d2b820197880e77696b69,Katılım,unvan
GNE,ALLBATROSS PORTFÖY YÖNETİMİ A.Ş. BİRİNCİ GAYRİMENKUL YATIRIM FONU,GMF,DG,faal,ALLBATROSS PORTFÖY YÖNETİMİ A.Ş.,4028328d86d233be018728448d4937f8,Diğer,unvan
GNG,GOLDEN GLOBAL PORTFÖY YÖNETİMİ A.Ş. İKİNCİ GİRİŞİM SERMAYESİ YATIRIM FONU,GSF,DG,faal,GOLDEN GLOBAL PORTFÖY YÖNETİMİ A.Ş.,4028328d9c4c12ca019c5650d2035493,Diğer,unvan
GNH,GLOBAL MD PORTFÖY ALGORİTMİK MODEL HİSSE SENEDİ FONU (HİSSE SENEDİ YOĞUN FON),YF,HS,faal,GLOBAL MD PORTFÖY YÖNETİMİ A.Ş.,4028328c95959ac2019615389a635664,Hisse Senedi,unvan
GNK,AZİMUT PORTFÖY SARPAY SERBEST (DÖVİZ) ÖZEL FON,YF,SF,faal,AZİMUT PORTFÖY YÖNETİMİ A.Ş.,4028328d7b648589017bc48c65257513,Serbest,unvan
GNL,GARANTİ PORTFÖY UNL SERBEST (DÖVİZ) ÖZEL FON,YF,SF,faal,GARANTİ PORTFÖY YÖNETİMİ A.Ş.,4028328c8b2fcee7018d22186824344c,Serbest,unvan
GNP,GARANTİ PORTFÖY NEMA PARA PİYASASI (TL) FONU,YF,DG,faal,GARANTİ PORTFÖY YÖNETİMİ A.Ş.,4028328c976d29880197d48e4698195d,Para Piyasası,unvan
GNS,GARANTİ PORTFÖY ENERJİ ŞİRKETLERİ HİSSE SENEDİ (TL) FONU (HİSSE SENEDİ YOĞUN FON),YF,HS,faal,GARANTİ PORTFÖY YÖNETİMİ A.Ş.,4028328d944ba7440194888debd70039,Hisse Senedi,unvan
GNZ,AK PORTFÖY ING Z KUŞAĞI FON SEPETİ ÖZEL FONU,YF,DG,faal,AK PORTFÖY YÖNETİMİ A.Ş.,4028328d95959cc60195dc18541715b8,Fon Sepeti,unvan
GO1,ONE PORTFÖY BİRİNCİ FON SEPETİ FONU,YF,DG,faal,ONE PORTFÖY YÖNETİMİ A.Ş.,4028328c82b7f02f0182c9f3b6de3608,Fon Sepeti,unvan
GO3,ONE PORTFÖY ÜÇÜNCÜ FON SEPETİ FONU,YF,DG,faal,ONE PORTFÖY YÖNETİMİ A.Ş.,4028328c82b7f02f0182c9f507a33631,Fon Sepeti,unvan
GO4,ONE PORTFÖY DÖRDÜNCÜ FON SEPETİ FONU,YF,DG,faal,ONE PORTFÖY YÖNETİMİ A.Ş.,4028328c82b7f02f0182c9f59a6a3647,Fon Sepeti,unvan
GO5,ONE PORTFÖY YÖNETİMİ A.Ş. BİRİNCİ GİRİŞİM SERMAYESİ YATIRIM FONU,GSF,DG,faal,ONE PORTFÖY YÖNETİMİ A.Ş.,4028328c838f7bfd01840a7e6ec164e3,Diğer,unvan
GO6,ONE PORTFÖY PARA PİYASASI (TL) FONU,YF,DG,faal,ONE PORTFÖY YÖNETİMİ A.Ş.,4028328d853ff39c01854d6c327b176f,Para Piyasası,unvan
GO9,ONE PORTFÖY BİRİNCİ HİSSE SENEDİ FONU (HİSSE SENEDİ YOĞUN FON),YF,HS,faal,ONE PORTFÖY YÖNETİMİ A.Ş.,4028328d8b2fcee7018b48454f1809b5,Hisse Senedi,unvan
GOF,GARANTİ PORTFÖY OTUZİKİNCİ SERBEST (DÖVİZ) FON,YF,SF,faal,GARANTİ PORTFÖY YÖNETİMİ A.Ş.,4028328c998ee9d50199ce9380eb2a42,Serbest,unvan
GOH,GARANTİ PORTFÖY BIST 100 DIŞI ŞİRKETLER HİSSE SENEDİ (TL) FONU (HİSSE SENEDİ YOĞUN FON),YF,HS,faal,GARANTİ PORTFÖY YÖNETİMİ A.Ş.,4028328d7902c29e017941a3343323ac,Hisse Senedi,unvan
GOK,GOLDEN GLOBAL PORTFÖY KISA VADELİ KİRA SERTİFİKALARI KATILIM FONU,YF,KTF,faal,GOLDEN GLOBAL PORTFÖY YÖNETİMİ A.Ş.,4028328c9cc9d175019d3e8ad57064e6,Kısa Vadeli Borçlanma,unvan
GOL,GARANTİ PORTFÖY ALTIN KATILIM FONU,YF,KTF,faal,GARANTİ PORTFÖY YÖNETİMİ A.Ş.,4028328c8df5d097018e1e5d331c6176,Kıymetli Madenler,unvan
GOP,GOLDEN GLOBAL PORTFÖY PARA PİYASASI KATILIM FONU,YF,KTF,faal,GOLDEN GLOBAL PORTFÖY YÖNETİMİ A.Ş.,4028328d9c4c12ca019c50d5a0162925,Para Piyasası,unvan
GP1,AZİMUT PORTFÖY AEB SERBEST (TL) ÖZEL FON,YF,SF,faal,AZİMUT PORTFÖY YÖNETİMİ A.Ş.,4028328c84686b400184e26cdad75ee7,Serbest,unvan
GP3,GARANTİ PORTFÖY ÜÇÜNCÜ SERBEST (DÖVİZ-AVRO) FON,YF,SF,faal,GARANTİ PORTFÖY YÖNETİMİ A.Ş.,4028328d998eebe8019a017d4c574125,Serbest,unvan
GPA,GARANTİ PORTFÖY EUROBOND BORÇLANMA ARAÇLARI (DÖVİZ) FONU,YF,DG,faal,GARANTİ PORTFÖY YÖNETİMİ A.Ş.,33E5FED7F17300EAE0530A4A622B2AEA,Borçlanma Araçları,unvan
GPB,GARANTİ PORTFÖY BİRİNCİ DEĞİŞKEN FON,YF,DG,faal,GARANTİ PORTFÖY YÖNETİMİ A.Ş.,33E5FED7F12B00EAE0530A4A622B2AEA,Değişken,unvan
GPC,GARANTİ PORTFÖY İKİNCİ SERBEST (DÖVİZ) FON,YF,SF,faal,GARANTİ PORTFÖY YÖNETİMİ A.Ş.,4028328c63530c150163bbccac452f70,Serbest,unvan
GPF,GARANTİ PORTFÖY ÇOKLU VARLIK KATILIM FONU,YF,KTF,faal,GARANTİ PORTFÖY YÖNETİMİ A.Ş.,33E5FED7F0E300EAE0530A4A622B2AEA,Katılım,unvan
GPG,INVEO PORTFÖY BİRİNCİ DEĞİŞKEN FON,YF,DG,faal,INVEO PORTFÖY YÖNETİMİ A.Ş.,4028328d65442dfb0165c3804ee40b17,Değişken,unvan
GPH,GARANTİ PORTFÖY ONSEKİZİNCİ SERBEST (DÖVİZ) ÖZEL FON,YF,SF,faal,GARANTİ PORTFÖY YÖNETİMİ A.Ş.,4028328d7a4e446c017ae1ad73053195,Serbest,unvan
GPI,GARANTİ PORTFÖY İKİNCİ DEĞİŞKEN FON,YF,DG,faal,GARANTİ PORTFÖY YÖNETİMİ A.Ş.,33E5FED7F0DB00EAE0530A4A622B2AEA,Değişken,unvan
GPJ,GARANTİ PORTFÖY PORTAKAL SERBEST (DÖVİZ) ÖZEL FON,YF,SF,faal,GARANTİ PORTFÖY YÖNETİMİ A.Ş.,4028328c8b2fcee7018d221887483457,Serbest,unvan
GPL,GARANTİ PORTFÖY BİRİNCİ SERBEST (DÖVİZ) FON,YF,SF,faal,GARANTİ PORTFÖY YÖNETİMİ A.Ş.,33E5FED7F11700EAE0530A4A622B2AEA,Serbest,unvan
GPM,GARANTİ PORTFÖY MİB SERBEST (DÖVİZ) ÖZEL FON,YF,SF,faal,GARANTİ PORTFÖY YÖNETİMİ A.Ş.,4028328c8563fcce018585dc384f5009,Serbest,unvan
GPN,GARANTİ PORTFÖY PARA PİYASASI KATILIM (TL) FONU,YF,KTF,faal,GARANTİ PORTFÖY YÖNETİMİ A.Ş.,4028328d998eebe80199a4a04ed51162,Para Piyasası,unvan
GPT,AKTİF PORTFÖY ROBOTİK TEKNOLOJİLERİ DEĞİŞKEN FON,YF,DG,faal,AKTİF PORTFÖY YÖNETİMİ A.Ş.,4028328c8b2fcee7018c8c75902270a6,Değişken,unvan
GPU,GARANTİ PORTFÖY ÜÇÜNCÜ DEĞİŞKEN FON,YF,DG,faal,GARANTİ PORTFÖY YÖNETİMİ A.Ş.,33E5FED7F0DF00EAE0530A4A622B2AEA,Değişken,unvan
GPV,YAPI KREDİ PORTFÖY URLA SERBEST (DÖVİZ-AVRO) ÖZEL FON,YF,SF,faal,YAPI KREDİ PORTFÖY YÖNETİMİ A.Ş.,4028328d7a4e446c017ae1ae4ed131a6,Serbest,unvan
GPZ,GARANTİ PORTFÖY ÜÇÜNCÜ PARA PİYASASI FONU,YF,DG,faal,GARANTİ PORTFÖY YÖNETİMİ A.Ş.,4028328d7a4e446c017abe3f68e67564,Para Piyasası,unvan
GR1,TERA PORTFÖY YÖNETİMİ A.Ş. BİRİNCİ GİRİŞİM SERMAYESİ YATIRIM FONU,GSF,DG,faal,TERA PORTFÖY YÖNETİMİ A.Ş.,4028328c9cc9d176019cd800a61532f3,Diğer,unvan
GRA,HDI FİBA EMEKLİLİK VE HAYAT A.Ş. ALTIN EMEKLİLİK YATIRIM FONU,EYF,,faal,HDI FİBA EMEKLİLİK VE HAYAT A.Ş.,33E5FED7EC1300EAE0530A4A622B2AEA,Kıymetli Madenler,unvan
GRG,AZİMUT PORTFÖY YÖNETİMİ A.Ş. GREEN CODE GİRİŞİM SERMAYESİ YATIRIM FONU,GSF,DG,faal,AZİMUT PORTFÖY YÖNETİMİ A.Ş.,4028328d919f184a01927060def04bd7,Diğer,unvan
GRL,QNB PORTFÖY AGRESİF SERBEST FON,YF,SF,faal,QNB PORTFÖY YÖNETİMİ A.Ş.,4028328c8e21cef7018eec5f3bd22c04,Serbest,unvan
GRN,ROTA PORTFÖY YÖNETİMİ A.Ş. TARIM TEKNOLOJİLERİ GİRİŞİM SERMAYESİ YATIRIM FONU,GSF,DG,faal,ROTA PORTFÖY YÖNETİMİ A.Ş.,4028328d93c3b68c0193f8fbfc356ede,Diğer,unvan
GRO,GARANTİ PORTFÖY OTUZUNCU SERBEST (DÖVİZ) FON,YF,SF,faal,GARANTİ PORTFÖY YÖNETİMİ A.Ş.,4028328c861839b201868339ae1c6b97,Serbest,unvan
GRT,GARANTİ PORTFÖY TEKNOLOJİ ŞİRKETLERİ HİSSE SENEDİ (TL) FONU (HİSSE SENEDİ YOĞUN FON),YF,HS,faal,GARANTİ PORTFÖY YÖNETİMİ A.Ş.,4028328d944ba7440194888dc673002e,Hisse Senedi,unvan
GSE,AZİMUT PORTFÖY 7.0 SERBEST (DÖVİZ) FON,YF,SF,faal,AZİMUT PORTFÖY YÖNETİMİ A.Ş.,4028328c6ab78361016c46b7874e641a,Serbest,unvan
GSG,AZİMUT PORTFÖY GÜREL SERBEST (DÖVİZ) ÖZEL FON,YF,SF,faal,AZİMUT PORTFÖY YÖNETİMİ A.Ş.,4028328c6ab78361016c46bd7868644a,Serbest,unvan
GSL,AZİMUT PORTFÖY GIPTA SERBEST ÖZEL FON,YF,SF,faal,AZİMUT PORTFÖY YÖNETİMİ A.Ş.,4028328d8e21d0eb018e3c23221635bb,Serbest,unvan
GSO,GARANTİ PORTFÖY ÖPY SERBEST ÖZEL FON,YF,SF,faal,GARANTİ PORTFÖY YÖNETİMİ A.Ş.,4028328c5d88e705015eb81da1030229,Serbest,unvan
GSP,AZİMUT PORTFÖY  KAR PAYI ÖDEYEN HİSSE SENEDİ FONU (HİSSE SENEDİ YOĞUN FON),YF,HS,faal,AZİMUT PORTFÖY YÖNETİMİ A.Ş.,33E5FED7ECFF00EAE0530A4A622B2AEA,Hisse Senedi,unvan
GSR,GARANTİ PORTFÖY EGL SERBEST (DÖVİZ) ÖZEL FON,YF,SF,faal,GARANTİ PORTFÖY YÖNETİMİ A.Ş.,4028328c8b2fcee7018d2218ab803466,Serbest,unvan
GST,ROTA PORTFÖY YÖNETİMİ A.Ş. GOLDFINCH SANAYİ VE TEKNOLOJİ GİRİŞİM SERMAYESİ YATIRIM FONU,GSF,DG,faal,ROTA PORTFÖY YÖNETİMİ A.Ş.,4028328d998eebe8019a10d761407fbc,Diğer,unvan
GSU,GARANTİ PORTFÖY KAR PAYI ÖDEYEN ŞUBAT 2026 SERBEST (DÖVİZ) FON,YF,SF,faal,GARANTİ PORTFÖY YÖNETİMİ A.Ş.,4028328d95959cc70195ad7e0e6e7d0c,Serbest,unvan
GTA,GARANTİ PORTFÖY ALTIN FONU,YF,DG,faal,GARANTİ PORTFÖY YÖNETİMİ A.Ş.,33E5FED7E58F00EAE0530A4A622B2AEA,Kıymetli Madenler,unvan
GTC,INVEO PORTFÖY YÖNETİMİ A.Ş. GTC I EŞ-YATIRIM GİRİŞİM SERMAYESİ YATIRIM FONU,GSF,DG,faal,INVEO PORTFÖY YÖNETİMİ A.Ş.,4028328d9c81f589019cc1d8480c02da,Diğer,unvan
GTF,AZİMUT PORTFÖY BİRİNCİ BORÇLANMA ARAÇLARI FONU,YF,DG,faal,AZİMUT PORTFÖY YÖNETİMİ A.Ş.,33E5FED7ED0B00EAE0530A4A622B2AEA,Borçlanma Araçları,unvan
GTH,GARANTİ PORTFÖY İHRACATÇI ŞİRKETLER HİSSE SENEDİ (TL) FONU (HİSSE SENEDİ YOĞUN FON),YF,HS,faal,GARANTİ PORTFÖY YÖNETİMİ A.Ş.,4028328d944ba7440194888d6b9c0018,Hisse Senedi,unvan
GTK,GARANTİ PORTFÖY KAMU BORÇLANMA ARAÇLARI ÖZEL FONU,YF,DG,faal,GARANTİ PORTFÖY YÖNETİMİ A.Ş.,4028328c7bf4b5e4017c307457b41d4d,Borçlanma Araçları,unvan
GTL,GARANTİ PORTFÖY BİRİNCİ PARA PİYASASI (TL) FONU,YF,DG,faal,GARANTİ PORTFÖY YÖNETİMİ A.Ş.,33E5FED7EAD700EAE0530A4A622B2AEA,Para Piyasası,unvan
GTM,GARANTİ PORTFÖY TEMETTÜ ÖDEYEN ŞİRKETLER HİSSE SENEDİ (TL) FONU (HİSSE SENEDİ YOĞUN FON),YF,HS,faal,GARANTİ PORTFÖY YÖNETİMİ A.Ş.,4028328c819d4b9d0181b440c8b25da2,Hisse Senedi,unvan
GTN,GARANTİ PORTFÖY GTH SERBEST (DÖVİZ) ÖZEL FON,YF,SF,faal,GARANTİ PORTFÖY YÖNETİMİ A.Ş.,4028328c950ba8c601956abb68d67db8,Serbest,unvan
GTR,ATLAS PORTFÖY YÖNETİMİ A.Ş. GÖKTÜRK-3 PROJE GAYRİMENKUL YATIRIM FONU,GMF,DG,faal,ATLAS PORTFÖY YÖNETİMİ A.Ş.,4028328c949953a20194fa0634a151f8,Diğer,unvan
GTY,GARANTİ PORTFÖY TREND SERBEST FON,YF,SF,faal,GARANTİ PORTFÖY YÖNETİMİ A.Ş.,4028328c7707357b017725073de2646e,Serbest,unvan
GTZ,GARANTİ PORTFÖY GÜMÜŞ FON SEPETİ FONU,YF,DG,faal,GARANTİ PORTFÖY YÖNETİMİ A.Ş.,4028328c758f5dc50175ad46dea50a0d,Fon Sepeti,unvan
GUA,GARANTİ PORTFÖY BİRİNCİ BORÇLANMA ARAÇLARI ÖZEL FON,YF,DG,faal,GARANTİ PORTFÖY YÖNETİMİ A.Ş.,4028328d7850aacb01786441c415627c,Borçlanma Araçları,unvan
GUB,GARANTİ PORTFÖY ÖZEL SEKTÖR BORÇLANMA ARAÇLARI FONU,YF,DG,faal,GARANTİ PORTFÖY YÖNETİMİ A.Ş.,4028328d8f3f7793018f723548071692,Borçlanma Araçları,unvan
GUC,GARANTİ PORTFÖY ÜÇÜNCÜ PARA PİYASASI SERBEST (TL) ÖZEL FON,YF,SF,faal,GARANTİ PORTFÖY YÖNETİMİ A.Ş.,4028328d98455cf60198f12aecbf3e76,Para Piyasası,unvan
GUF,İŞ PORTFÖY GÜMÜŞ FON SEPETİ FONU,YF,DG,faal,İŞ PORTFÖY YÖNETİMİ A.Ş.,4028328c9d7b22d3019dd8e180de2e6c,Fon Sepeti,unvan
GUH,GARANTİ PORTFÖY YABANCI TEKNOLOJİ HİSSE SENEDİ FONU,YF,DG,faal,GARANTİ PORTFÖY YÖNETİMİ A.Ş.,33E5FED7EF5B00EAE0530A4A622B2AEA,Hisse Senedi,unvan
GUK,GARANTİ PORTFÖY GÜMÜŞ KATILIM SERBEST FON,YF,KTF,faal,GARANTİ PORTFÖY YÖNETİMİ A.Ş.,4028328c998ee9d50199ce9865902a84,Kıymetli Madenler,unvan
GUM,AK PORTFÖY GÜMÜŞ FON SEPETİ FONU,YF,DG,faal,AK PORTFÖY YÖNETİMİ A.Ş.,4028328d76e302780176f647a17d2182,Fon Sepeti,unvan
GUV,GARANTİ PORTFÖY UZUN VADELİ BORÇLANMA ARAÇLARI FONU,YF,DG,faal,GARANTİ PORTFÖY YÖNETİMİ A.Ş.,4028328d8f3f7793018f72356952169d,Borçlanma Araçları,unvan
GVA,GARANTİ PORTFÖY ELEKTRİKLİ VE OTONOM ARAÇLAR DEĞİŞKEN FON,YF,DG,faal,GARANTİ PORTFÖY YÖNETİMİ A.Ş.,4028328c802924490180e034d1c71a98,Değişken,unvan
GVB,GARANTİ PORTFÖY ACE SERBEST (DÖVİZ-ABD DOLARI) ÖZEL FON,YF,SF,faal,GARANTİ PORTFÖY YÖNETİMİ A.Ş.,4028328c802924490180e0364a251aaa,Serbest,unvan
GVC,GARANTİ PORTFÖY ERG SERBEST (DÖVİZ) ÖZEL FON,YF,SF,faal,GARANTİ PORTFÖY YÖNETİMİ A.Ş.,4028328c7fd4321d0180093223b67f2b,Serbest,unvan
GVD,GARANTİ PORTFÖY KARABAĞLI SERBEST (DÖVİZ) ÖZEL FON,YF,SF,faal,GARANTİ PORTFÖY YÖNETİMİ A.Ş.,4028328c7fd4321d0180093320fa7f55,Serbest,unvan
GVI,GARANTİ PORTFÖY ÜÇÜNCÜ FON SEPETİ FONU,YF,DG,faal,GARANTİ PORTFÖY YÖNETİMİ A.Ş.,4028328c7fd4321d01800933f6eb7f9e,Fon Sepeti,unvan
GVL,GARANTİ PORTFÖY ZYT SERBEST (DÖVİZ) ÖZEL FON,YF,SF,faal,GARANTİ PORTFÖY YÖNETİMİ A.Ş.,4028328c7da7e73c017e24fdd4dd79f2,Serbest,unvan
GVZ,GARANTİ PORTFÖY ACE SERBEST (DÖVİZ-AVRO) ÖZEL FON,YF,SF,faal,GARANTİ PORTFÖY YÖNETİMİ A.Ş.,4028328c802924490180e037bb921abc,Serbest,unvan
GY2,QİNVEST PORTFÖY YÖNETİMİ A.Ş. İKİNCİ GAYRİMENKUL YATIRIM FONU,GMF,DG,faal,ASTRA PORTFÖY YÖNETİMİ A.Ş.,4028328d9b827483019b98c5b4c81d2a,Diğer,unvan
GYC,GARANTİ PORTFÖY YİRMİBEŞİNCİ SERBEST ÖZEL FON,YF,SF,faal,GARANTİ PORTFÖY YÖNETİMİ A.Ş.,4028328c800a1f9f018018d4eae42ede,Serbest,unvan
GYG,GARANTİ PORTFÖY TEKOS SERBEST (DÖVİZ-AVRO) ÖZEL FON,YF,SF,faal,GARANTİ PORTFÖY YÖNETİMİ A.Ş.,4028328d8305029e01835f2964e35e46,Serbest,unvan
GYK,INVEO PORTFÖY BORÇLANMA ARAÇLARI (TL) FONU,YF,DG,faal,INVEO PORTFÖY YÖNETİMİ A.Ş.,33E5FED7EA2700EAE0530A4A622B2AEA,Borçlanma Araçları,unvan
GYL,INVEO PORTFÖY KISA VADELİ BORÇLANMA ARAÇLARI (TL) FONU,YF,DG,faal,INVEO PORTFÖY YÖNETİMİ A.Ş.,33E5FED7EA1F00EAE0530A4A622B2AEA,Kısa Vadeli Borçlanma,unvan
GYN,GARANTİ PORTFÖY HCR SERBEST (DÖVİZ) ÖZEL FON,YF,SF,faal,GARANTİ PORTFÖY YÖNETİMİ A.Ş.,4028328d8305029e01835f26be375e19,Serbest,unvan
GYR,GARANTİ PORTFÖY TEKOS SERBEST (DÖVİZ-ABD DOLARI) ÖZEL FON,YF,SF,faal,GARANTİ PORTFÖY YÖNETİMİ A.Ş.,4028328d8305029e01835f27f0875e2b,Serbest,unvan
GYU,ARGEUS GAYRİMENKUL VE GİRİŞİM SERMAYESİ PORTFÖY YÖNETİMİ A.Ş. ALTINCI GAYRİMENKUL YATIRIM FONU,GMF,DG,faal,ARGEUS GAYRİMENKUL VE GİRİŞİM SERMAYESİ PORTFÖY YÖNETİMİ A.Ş.,4028328d950b608701951d162ac0721f,Diğer,unvan
GZB,GARANTİ PORTFÖY ÖPY İKİNCİ SERBEST ÖZEL FON,YF,SF,faal,GARANTİ PORTFÖY YÖNETİMİ A.Ş.,4028328c77d814500177de6097b34df5,Serbest,unvan
GZD,GARANTİ PORTFÖY ONÜÇÜNCÜ SERBEST (DÖVİZ) ÖZEL FON,YF,SF,faal,GARANTİ PORTFÖY YÖNETİMİ A.Ş.,4028328c71bc39bd01727567356528ac,Serbest,unvan
GZE,GARANTİ PORTFÖY EMTİA SERBEST FON,YF,SF,faal,GARANTİ PORTFÖY YÖNETİMİ A.Ş.,4028328c7afb2947017b3499a8142ca2,Serbest,unvan
GZG,GARANTİ PORTFÖY SAĞLIK VE GENETİK TEKNOLOJİLERİ DEĞİŞKEN FON,YF,DG,faal,GARANTİ PORTFÖY YÖNETİMİ A.Ş.,4028328c7afb2947017b349c6ebb2cc3,Değişken,unvan
GZH,GARANTİ PORTFÖY TEMİZ ENERJİ DEĞİŞKEN FON,YF,DG,faal,GARANTİ PORTFÖY YÖNETİMİ A.Ş.,4028328d767bb19c0176dd3faaf60e7c,Değişken,unvan
GZJ,GARANTİ PORTFÖY İKİNCİ FON SEPETİ FONU,YF,DG,faal,GARANTİ PORTFÖY YÖNETİMİ A.Ş.,4028328c7812c9c30178162051070a99,Fon Sepeti,unvan
GZL,GARANTİ PORTFÖY TARIM VE GIDA SEKTÖRÜ DEGİŞKEN FON,YF,DG,faal,GARANTİ PORTFÖY YÖNETİMİ A.Ş.,4028328c7afb2947017b349d4fcc2cd3,Değişken,unvan
GZM,GLOBAL MD PORTFÖY DURU SERBEST FON,YF,SF,faal,GLOBAL MD PORTFÖY YÖNETİMİ A.Ş.,4028328d7707357e0177cee4478a5c5a,Serbest,unvan
GZN,GLOBAL MD PORTFÖY BOĞAZİÇİ SERBEST FON,YF,SF,faal,GLOBAL MD PORTFÖY YÖNETİMİ A.Ş.,4028328d7707357e0177cee1c70a5c0a,Serbest,unvan
GZO,GARANTİ PORTFÖY ÖZM SERBEST (DÖVİZ) OZEL FON,YF,SF,faal,GARANTİ PORTFÖY YÖNETİMİ A.Ş.,4028328c7afb2947017b3498cfa82c92,Serbest,unvan
GZP,GARANTİ PORTFÖY BİRİNCİ FON SEPETİ FONU,YF,DG,faal,GARANTİ PORTFÖY YÖNETİMİ A.Ş.,4028328c7812c9c30178161f0d770a86,Fon Sepeti,unvan
GZR,GARANTİ PORTFÖY SÜRDÜRÜLEBİLİRLİK HİSSE SENEDİ (TL) FONU (HİSSE SENEDİ YOĞUN FON),YF,HS,faal,GARANTİ PORTFÖY YÖNETİMİ A.Ş.,4028328d767bb19c0176dd3dc9000e28,Hisse Senedi,unvan
GZU,GARANTİ PORTFÖY EKE SERBEST (DÖVİZ) ÖZEL FON,YF,SF,faal,GARANTİ PORTFÖY YÖNETİMİ A.Ş.,4028328c7d3c2e71017d803177ff7dde,Serbest,unvan
GZV,GARANTİ PORTFÖY ESG SÜRDÜRÜLEBİLİRLİK FON SEPETİ FONU,YF,SF,faal,GARANTİ PORTFÖY YÖNETİMİ A.Ş.,4028328c7707357d0177ab5475241b63,Fon Sepeti,unvan
GZY,GARANTİ PORTFÖY TURİZM VE SEYAHAT SEKTÖRÜ DEGİŞKEN FON,YF,DG,faal,GARANTİ PORTFÖY YÖNETİMİ A.Ş.,4028328c7afb2947017b349e7ae62ce4,Değişken,unvan
GZZ,GARANTİ PORTFÖY FİNANSAL TEKNOLOJİLER DEĞİŞKEN FON,YF,DG,faal,GARANTİ PORTFÖY YÖNETİMİ A.Ş.,4028328c7afb2947017b349b515f2cb2,Değişken,unvan
HAA,HEDEF PORTFÖY ATAK FON SEPETİ FONU,YF,DG,faal,HEDEF PORTFÖY YÖNETİMİ A.Ş.,4028328c969f29550196f844995c7a4c,Fon Sepeti,unvan
HAE,HSBC PORTFÖY EKİM 2026 SERBEST (DÖVİZ) FON,YF,SF,faal,HSBC PORTFÖY YÖNETİMİ A.Ş.,4028328d84686d100184f0c82d2e5eb8,Serbest,unvan
HAG,GARANTİ PORTFÖY EKİM 2026 SERBEST (DÖVİZ-ABD DOLARI) FON,YF,SF,faal,GARANTİ PORTFÖY YÖNETİMİ A.Ş.,4028328d70abc4de01712af518236666,Serbest,unvan
HAI,AHLATCI PORTFÖY ALTIN FONU,YF,DG,faal,AHLATCI PORTFÖY YÖNETİMİ A.Ş.,4028328d9b827481019c4747f28d77e2,Kıymetli Madenler,unvan
HAM,HEDEF PORTFÖY ALTIN KATILIM FONU,YF,KTF,faal,HEDEF PORTFÖY YÖNETİMİ A.Ş.,4028328c8d6db292018de96c9bc4569f,Kıymetli Madenler,unvan
HAN,HEDEF PORTFÖY YÖNETİMİ A.Ş. İLERİ TEKNOLOJİLER AR-GE GİRİŞİM SERMAYESİ YATIRIM FONU,GSF,DG,faal,HEDEF PORTFÖY YÖNETİMİ A.Ş.,4028328d7da7e96d017f4fc448bb6661,Diğer,unvan
HAR,BV PORTFÖY HARMONY SERBEST FON,YF,SF,faal,BV PORTFÖY YÖNETİMİ A.Ş.,4028328c976d2988019778faf22d18c4,Serbest,unvan
HAT,HEDEF PORTFÖY ATLAS İSTATİSTİKSEL ARBİTRAJ HİSSE SENEDİ SERBEST FON (HİSSE SENEDİ YOĞUN FON),YF,HS,faal,HEDEF PORTFÖY YÖNETİMİ A.Ş.,4028328d8b2fcee7018ca171be6a28c3,Hisse Senedi,unvan
HB1,ZİRAAT PORTFÖY HALKBANK SERBEST (DÖVİZ-AMERİKAN DOLARI) FON,YF,SF,faal,ZİRAAT PORTFÖY YÖNETİMİ A.Ş.,4028328c944ba53e01945fdeb6c4175d,Serbest,unvan
HB2,ZİRAAT PORTFÖY HALKBANK SERBEST (DÖVİZ-AVRO) FON,YF,SF,faal,ZİRAAT PORTFÖY YÖNETİMİ A.Ş.,4028328c944ba53e01945fde96371752,Serbest,unvan
HBF,HSBC PORTFÖY ALTIN FONU,YF,DG,faal,HSBC PORTFÖY YÖNETİMİ A.Ş.,33E5FED7E2A300EAE0530A4A622B2AEA,Kıymetli Madenler,unvan
HBG,HEDEF PORTFÖY YÖNETİMİ A.Ş. BİRİKİM GİRİŞİM SERMAYESİ YATIRIM FONU,GSF,DG,faal,HEDEF PORTFÖY YÖNETİMİ A.Ş.,4028328d7707357e01771aeed1bc3841,Diğer,unvan
HBI,HAS PORTFÖY BİRİNCİ HİSSE SENEDİ ÖZEL FON (HİSSE SENEDİ YOĞUN FON),YF,HS,faal,HAS PORTFÖY YÖNETİMİ A.Ş.,4028328c992f6d5601998614d0822573,Hisse Senedi,unvan
HBJ,HAS PORTFÖY BİRİNCİ SERBEST FON,YF,SF,faal,HAS PORTFÖY YÖNETİMİ A.Ş.,4028328c992f6d56019986144f34255b,Serbest,unvan
HBM,HAS PORTFÖY BİRİNCİ DEĞİŞKEN FON,YF,DG,faal,HAS PORTFÖY YÖNETİMİ A.Ş.,4028328c8f3f759a018fce9fde1a5447,Değişken,unvan
HBN,HSBC PORTFÖY BİRİNCİ FON SEPETİ FONU,YF,DG,faal,HSBC PORTFÖY YÖNETİMİ A.Ş.,4028328c8304fea80183655a72831a94,Fon Sepeti,unvan
HBU,HSBC PORTFÖY BIST 30 ENDEKSİ HİSSE SENEDİ FONU (HİSSE SENEDİ YOĞUN FON),YF,HS,faal,HSBC PORTFÖY YÖNETİMİ A.Ş.,33E5FED7E81B00EAE0530A4A622B2AEA,Hisse Senedi,unvan
HBV,HEDEF PORTFÖY DORUK HİSSE SENEDİ SERBEST (TL) FON (HİSSE SENEDİ YOĞUN FON),YF,HS,faal,HEDEF PORTFÖY YÖNETİMİ A.Ş.,4028328c7f7cb860017fbbf6153251d1,Hisse Senedi,unvan
HCF,HEDEF PORTFÖY BİRİNCİ ÇOKLU VARLIK KATILIM FONU,YF,KTF,faal,HEDEF PORTFÖY YÖNETİMİ A.Ş.,4028328d95959cc70195f651106f4e3d,Katılım,unvan
HCV,HEDEF PORTFÖY ATAK ÇOKLU VARLIK KATILIM FONU,YF,KTF,faal,HEDEF PORTFÖY YÖNETİMİ A.Ş.,4028328d949955a80194ad5659634842,Katılım,unvan
HDA,HEDEF PORTFÖY DÖRDÜNCÜ İSTATİSTİKSEL ARBİTRAJ HİSSE SENEDİ SERBEST (TL) FON (HİSSE SENEDİ YOĞUN FON),YF,HS,faal,HEDEF PORTFÖY YÖNETİMİ A.Ş.,4028328d86d233be018871f1264f2cf6,Hisse Senedi,unvan
HDC,HEDEF PORTFÖY DENGELİ ÇOKLU VARLIK KATILIM FONU,YF,KTF,faal,HEDEF PORTFÖY YÖNETİMİ A.Ş.,4028328d949955a80194ad52710a482e,Katılım,unvan
HDD,AHLATCI PORTFÖY BİRİNCİ DEĞİŞKEN FON,YF,DG,faal,AHLATCI PORTFÖY YÖNETİMİ A.Ş.,4028328d9b827481019bfe8ffd615ee1,Değişken,unvan
HDE,HSBC PORTFÖY BEŞİNCİ SERBEST (DÖVİZ-AVRO) FON,YF,SF,faal,HSBC PORTFÖY YÖNETİMİ A.Ş.,4028328c8f3f759a018fa998ca8f287a,Serbest,unvan
HDG,HEDEF PORTFÖY YÖNETİMİ A.Ş. DEĞER GİRİŞİM SERMAYESİ YATIRIM FONU,GSF,DG,faal,HEDEF PORTFÖY YÖNETİMİ A.Ş.,4028328d7707357e01771ae99cd53831,Diğer,unvan
HDH,HEDEF PORTFÖY DOĞU HİSSE SENEDİ SERBEST (TL) FON (HİSSE SENEDİ YOĞUN FON),YF,HS,faal,HEDEF PORTFÖY YÖNETİMİ A.Ş.,4028328c6ab78361016be174ed67242c,Hisse Senedi,unvan
HDJ,HEDEF PORTFÖY ARTI SERBEST (TL) FON,YF,SF,faal,HEDEF PORTFÖY YÖNETİMİ A.Ş.,4028328d7da7e96d017e77c0c2aa4a5a,Serbest,unvan
HDK,HEDEF PORTFÖY VEGA İSTATİSTİKSEL ARBİTRAJ HİSSE SENEDİ SERBEST FON (HİSSE SENEDİ YOĞUN FON),YF,HS,faal,HEDEF PORTFÖY YÖNETİMİ A.Ş.,4028328c86d231ff01877f6b0b1e28b5,Hisse Senedi,unvan
HDL,HEDEF PORTFÖY DENGELİ FON SEPETİ FONU,YF,DG,faal,HEDEF PORTFÖY YÖNETİMİ A.Ş.,4028328d95959cc70195f65872bf4f79,Fon Sepeti,unvan
HDS,HEDEF PORTFÖY SERBEST (TL) FON,YF,SF,faal,HEDEF PORTFÖY YÖNETİMİ A.Ş.,4028328c5d88e704015e185278640983,Serbest,unvan
HDU,HEDEF PORTFÖY YÖNETİMİ A.Ş. ÜÇÜNCÜ PROJE GAYRİMENKUL YATIRIM FONU,GMF,DG,faal,HEDEF PORTFÖY YÖNETİMİ A.Ş.,4028328d86d233bd018769f70e0f5a1a,Diğer,unvan
HDV,HSBC PORTFÖY YEDİNCİ SERBEST (DÖVİZ-POUND) FON,YF,SF,faal,HSBC PORTFÖY YÖNETİMİ A.Ş.,4028328c969f29550196ab2465632966,Serbest,unvan
HEA,AXA HAYAT VE EMEKLİLİK A.Ş. ALTIN KATILIM EMEKLİLİK YATIRIM FONU,EYF,,faal,AXA HAYAT VE EMEKLİLİK A.Ş.,33E5FED7EA0700EAE0530A4A622B2AEA,Kıymetli Madenler,unvan
HEB,AXA HAYAT VE EMEKLİLİK A.Ş. DEĞİŞKEN EMEKLİLİK YATIRIM FONU,EYF,,faal,AXA HAYAT VE EMEKLİLİK A.Ş.,33E5FED7ED7B00EAE0530A4A622B2AEA,Değişken,unvan
HEC,AXA HAYAT VE EMEKLİLİK A.Ş. OKS STANDART EMEKLİLİK YATIRIM FONU,OKS,DG,faal,AXA HAYAT VE EMEKLİLİK A.Ş.,4028328d5fc61027016045ea62f3729c,Diğer,unvan
HED,AXA HAYAT VE EMEKLİLİK A.Ş. KAMU DIŞ BORÇLANMA ARAÇLARI EMEKLİLİK YATIRIM FONU,EYF,,faal,AXA HAYAT VE EMEKLİLİK A.Ş.,33E5FED7ED8700EAE0530A4A622B2AEA,Borçlanma Araçları,unvan
HEE,AXA HAYAT VE EMEKLİLİK A.Ş. KATILIM DEĞİŞKEN EMEKLİLİK YATIRIM FONU,EYF,,faal,AXA HAYAT VE EMEKLİLİK A.Ş.,33E5FED7EA0F00EAE0530A4A622B2AEA,Katılım,unvan
HEG,AXA HAYAT VE EMEKLİLİK A.Ş BAŞLANGIÇ KATILIM EMEKLİLİK YATIRIM FONU,OKS,DG,faal,AXA HAYAT VE EMEKLİLİK A.Ş.,4028328c5988cc2e015992cd96ac5989,Katılım,unvan
HEH,HEDEF PORTFÖY ALGO EVEREST İSTATİSTİKSEL ARBİTRAJ HİSSE SENEDİ SERBEST FON (HİSSE SENEDİ YOĞUN FON),YF,HS,faal,HEDEF PORTFÖY YÖNETİMİ A.Ş.,4028328d84686d10018510c89dea73dc,Hisse Senedi,unvan
HEI,AXA HAYAT VE EMEKLİLİK A.Ş. OKS KATILIM STANDART EMEKLİLİK YATIRIM FONU,OKS,DG,faal,AXA HAYAT VE EMEKLİLİK A.Ş.,4028328d5fc61027016045eb63f472b6,Katılım,unvan
HEK,AXA HAYAT VE EMEKLİLİK A.Ş. STANDART EMEKLİLİK YATIRIM FONU,EYF,,faal,AXA HAYAT VE EMEKLİLİK A.Ş.,33E5FED7ED8300EAE0530A4A622B2AEA,Diğer,unvan
HEL,AXA HAYAT VE EMEKLİLİK A.Ş BAŞLANGIÇ EMEKLİLİK YATIRIM FONU,OKS,DG,faal,AXA HAYAT VE EMEKLİLİK A.Ş.,4028328c5988cc2e015992cba6525911,Diğer,unvan
HEO,HEDEF PORTFÖY YÖNETİMİ A.Ş. SUPERGEARS GİRİŞİM SERMAYESİ YATIRIM FONU,GSF,DG,faal,HEDEF PORTFÖY YÖNETİMİ A.Ş.,4028328c8d6db291018dcbd4c86830bc,Diğer,unvan
HEP,AXA HAYAT VE EMEKLİLİK A.Ş. PARA PİYASASI EMEKLİLİK YATIRIM FONU,EYF,,faal,AXA HAYAT VE EMEKLİLİK A.Ş.,33E5FED7ED8B00EAE0530A4A622B2AEA,Para Piyasası,unvan
HER,AXA HAYAT VE EMEKLİLİK A.Ş. KATILIM KATKI EMEKLİLİK YATIRIM FONU,EYF,,faal,AXA HAYAT VE EMEKLİLİK A.Ş.,33E5FED7EA0B00EAE0530A4A622B2AEA,Katılım,unvan
HES,AXA HAYAT VE EMEKLİLİK A.Ş. HİSSE SENEDİ EMEKLİLİK YATIRIM FONU,EYF,,faal,AXA HAYAT VE EMEKLİLİK A.Ş.,33E5FED7ED7F00EAE0530A4A622B2AEA,Hisse Senedi,unvan
HET,AXA HAYAT VE EMEKLİLİK A.Ş. KATKI EMEKLİLİK YATIRIM FONU,EYF,,faal,AXA HAYAT VE EMEKLİLİK A.Ş.,33E5FED7ED8F00EAE0530A4A622B2AEA,Diğer,unvan
HEY,HEDEF PORTFÖY YÖNETİMİ A.Ş. EFOR GİRİŞİM SERMAYESİ YATIRIM FONU,GSF,DG,faal,HEDEF PORTFÖY YÖNETİMİ A.Ş.,4028328d8b2fcee7018ca16bb7a02878,Diğer,unvan
HFA,HSBC PORTFÖY ALLİANZ DEĞİŞKEN ÖZEL FON,YF,DG,faal,HSBC PORTFÖY YÖNETİMİ A.Ş.,4028328c86845fa70186c13815e23535,Değişken,unvan
HFD,HEDEF PORTFÖY YÖNETİMİ A.Ş. FİDAN GİRİŞİM SERMAYESİ YATIRIM FONU,GSF,DG,faal,HEDEF PORTFÖY YÖNETİMİ A.Ş.,4028328d8b2fcee7018ca1689d1427c5,Diğer,unvan
HFG,HEDEF PORTFÖY YÖNETİMİ A.Ş. FİLİZ GİRİŞİM SERMAYESİ YATIRIM FONU,GSF,DG,faal,HEDEF PORTFÖY YÖNETİMİ A.Ş.,4028328c8b2fcee7018b479c5ac67ffa,Diğer,unvan
HFI,HEDEF PORTFÖY İKİNCİ KATILIM HİSSE SENEDİ SERBEST FON (HİSSE SENEDİ YOĞUN FON),YF,HS,faal,HEDEF PORTFÖY YÖNETİMİ A.Ş.,4028328c8ae7be4f018b1db5b7777b5f,Hisse Senedi,unvan
HFN,HEDEF PORTFÖY YÖNETİMİ A.Ş. FİNDOOR GİRİŞİM SERMAYESİ YATIRIM FONU,GSF,DG,faal,HEDEF PORTFÖY YÖNETİMİ A.Ş.,4028328c8d6db291018dcbd62cbd3114,Diğer,unvan
HFO,AHLATCI PORTFÖY KATILIM HİSSE SENEDİ (TL) FONU ( HİSSE SENEDİ YOĞUN FON),YF,HS,faal,AHLATCI PORTFÖY YÖNETİMİ A.Ş.,4028328d9f0a0a58019f36a53cbc396f,Hisse Senedi,unvan
HFR,A1 CAPİTAL PORTFÖY HİSSE SENEDİ (TL) FONU (HİSSE SENEDİ YOĞUN FON),YF,HS,faal,A1 CAPİTAL PORTFÖY YÖNETİMİ A.Ş.,4028328c998ee9d50199c2d5b15b6fd9,Hisse Senedi,unvan
HFS,ALLIANZ HAYAT VE EMEKLİLİK A.Ş. HSBC FON SEPETİ EMEKLİLİK YATIRIM FONU,EYF,,faal,ALLIANZ HAYAT VE EMEKLİLİK A.Ş.,4028328c93c3b40d0193f3e2ac0358e3,Fon Sepeti,unvan
HFT,HEDEF PORTFÖY YÖNETİMİ A.Ş. FONTR GİRİŞİM SERMAYESİ YATIRIM FONU,GSF,DG,faal,HEDEF PORTFÖY YÖNETİMİ A.Ş.,4028328c8d6db291018dcbd49b2430a6,Diğer,unvan
HFV,HSBC PYŞ ÜÇÜNCÜ SERBEST (DÖVİZ) FON,YF,SF,faal,HSBC PORTFÖY YÖNETİMİ A.Ş.,4028328c7da7e73d017e4d6688707cd8,Serbest,unvan
HFY,ALBARAKA PORTFÖY HAYAT FİNANS KISA VADELİ KATILIM SERBEST FON,YF,KTF,faal,ALBARAKA PORTFÖY YÖNETİMİ A.Ş.,4028328c998ee9d5019a071851dc2232,Kısa Vadeli Borçlanma,unvan
HG1,HAN VARLIK GAYRİMENKUL VE GİRİŞİM SERMAYESİ PORTFÖY YÖNETİMİ A.Ş. BİRİNCİ GİRİŞİM SERMAYESİ YATIRIM FONU,GSF,DG,faal,HAN VARLIK GAYRİMENKUL VE GİRİŞİM SERMAYESİ PORTFÖY YÖNETİMİ A.Ş.,4028328d9af24264019afdb2bc4e1747,Diğer,unvan
HG2,HAN VARLIK GAYRİMENKUL VE GİRİŞİM SERMAYESİ PORTFÖY YÖNETİMİ A.Ş. İKİNCİ PROJE GAYRİMENKUL YATIRIM FONU,GMF,DG,faal,HAN VARLIK GAYRİMENKUL VE GİRİŞİM SERMAYESİ PORTFÖY YÖNETİMİ A.Ş.,4028328d9c81f588019cbe13c0ae4b03,Diğer,unvan
HGC,HSBC PORTFÖY MART 2027 SERBEST (DÖVİZ) FON,YF,SF,faal,HSBC PORTFÖY YÖNETİMİ A.Ş.,4028328c7da7e73c017de6edb38c5cc8,Serbest,unvan
HGE,HEDEF PORTFÖY YÖNETİMİ A.Ş. GELİŞİM GİRİŞİM SERMAYESİ YATIRIM FONU,GSF,DG,faal,HEDEF PORTFÖY YÖNETİMİ A.Ş.,4028328c8304fea8018345a3dc9b5f88,Diğer,unvan
HGG,HAN VARLIK GAYRİMENKUL VE GİRİŞİM SERMAYESİ PORTFÖY YÖNETİMİ A.Ş. BİRİNCİ PROJE GAYRİMENKUL YATIRIM FONU,GMF,DG,faal,HAN VARLIK GAYRİMENKUL VE GİRİŞİM SERMAYESİ PORTFÖY YÖNETİMİ A.Ş.,4028328c969f295c019735d408b04dcd,Diğer,unvan
HGH,HEDEF PORTFÖY GÜNEŞ HİSSE SENEDİ SERBEST (TL) FON (HİSSE SENEDİ YOĞUN FON),YF,HS,faal,HEDEF PORTFÖY YÖNETİMİ A.Ş.,4028328d838f7dcd0183eaf702753ed9,Hisse Senedi,unvan
HGJ,HEDEF PORTFÖY GÜNEY HİSSE SENEDİ SERBEST FON (HİSSE SENEDİ YOĞUN FON),YF,HS,faal,HEDEF PORTFÖY YÖNETİMİ A.Ş.,4028328c89555baa018a4fe0f3f81df5,Hisse Senedi,unvan
HGL,HEDEF PORTFÖY YÖNETİMİ A.Ş. GLOBAL TRUST GİRİŞİM SERMAYESİ YATIRIM FONU,GSF,DG,faal,HEDEF PORTFÖY YÖNETİMİ A.Ş.,4028328d8b2fcee7018d0d6212921902,Diğer,unvan
HGM,HEDEF PORTFÖY İKİNCİ HİSSE SENEDİ (TL) FON (HİSSE SENEDİ YOĞUN FON),YF,HS,faal,HEDEF PORTFÖY YÖNETİMİ A.Ş.,4028328d86d233bd018769f2be6759d0,Hisse Senedi,unvan
HGR,HEDEF PORTFÖY ALGORİTMİK STRATEJİLER SERBEST FON,YF,SF,faal,HEDEF PORTFÖY YÖNETİMİ A.Ş.,4028328c992f6d57019956dad09f1903,Serbest,unvan
HGT,AZİMUT PORTFÖY 15.0 SERBEST (DÖVİZ) FON,YF,SF,faal,AZİMUT PORTFÖY YÖNETİMİ A.Ş.,4028328d7bf4b81c017d2dc82e1370bb,Serbest,unvan
HGU,HSBC PORTFÖY GÜÇLÜ SERBEST ÖZEL FON,YF,SF,faal,HSBC PORTFÖY YÖNETİMİ A.Ş.,4028328c84686b4001853e505370337b,Serbest,unvan
HGV,HEDEF PORTFÖY BİRİNCİ SERBEST FON,YF,SF,faal,HEDEF PORTFÖY YÖNETİMİ A.Ş.,4028328c802924490180e174a1f759b4,Serbest,unvan
HHB,TÜRKİYE HAYAT VE EMEKLİLİK A.Ş. BIST-30 DIŞI ŞİRKETLER HİSSE SENEDİ EMEKLİLİK YATIRIM FONU,EYF,,faal,TÜRKİYE HAYAT VE EMEKLİLİK A.Ş.,33E5FED7EB8B00EAE0530A4A622B2AEA,Hisse Senedi,unvan
HHM,TÜRKİYE HAYAT VE EMEKLİLİK A.Ş. TEKNOLOJİ SEKTÖRÜ KATILIM EMEKLİLİK YATIRIM FONU,EYF,KTF,faal,TÜRKİYE HAYAT VE EMEKLİLİK A.Ş.,33E5FED7ECBF00EAE0530A4A622B2AEA,Katılım,unvan
HHY,TÜRKİYE HAYAT VE EMEKLİLİK A.Ş. KARMA EMEKLİLİK YATIRIM FONU,EYF,,faal,TÜRKİYE HAYAT VE EMEKLİLİK A.Ş.,4028328c5b3ef438015bf7c4e6ea21eb,Karma,unvan
HIA,HEDEF PORTFÖY İSTATİSTİKSEL ARBİTRAJ SERBEST FON,YF,SF,faal,HEDEF PORTFÖY YÖNETİMİ A.Ş.,4028328c969f29550196f85af70f7bc6,Serbest,unvan
HID,HEDEF PORTFÖY İKİNCİ DEĞİŞKEN FON,YF,DG,faal,HEDEF PORTFÖY YÖNETİMİ A.Ş.,4028328c8b2fcee8018b810daaf624f4,Değişken,unvan
HIF,HEDEF PORTFÖY İKİNCİ SERBEST FON,YF,SF,faal,HEDEF PORTFÖY YÖNETİMİ A.Ş.,4028328c992f6d570199519ebe6a0151,Serbest,unvan
HIG,ROTA PORTFÖY YÖNETİMİ A.Ş. HİGHTECH GİRİŞİM SERMAYESİ YATIRIM FONU,GSF,DG,faal,ROTA PORTFÖY YÖNETİMİ A.Ş.,4028328d93c3b68c0193f8fb47f46eb2,Diğer,unvan
HIH,GARANTİ PORTFÖY HOLDİNGLER VE İŞTİRAKLERİ HİSSE SENEDİ (TL) FONU (HİSSE SENEDİ YOĞUN FON),YF,HS,faal,GARANTİ PORTFÖY YÖNETİMİ A.Ş.,4028328c969f295501975997584c2672,Hisse Senedi,unvan
HII,HSBC PYŞ BİRİNCİ SERBEST (DÖVİZ) ÖZEL FON,YF,SF,faal,HSBC PORTFÖY YÖNETİMİ A.Ş.,4028328c70abc23a0171540993bd5ada,Serbest,unvan
HIL,HEDEF PORTFÖY MEDYA VE İLETİŞİM DEĞİŞKEN FON,YF,DG,faal,HEDEF PORTFÖY YÖNETİMİ A.Ş.,4028328c919f164b0191c1e3c8f1047d,Değişken,unvan
HIM,HEDEF PORTFÖY BİRİNCİ İSTATİSTİKSEL ARBİTRAJ HİSSE SENEDİ SERBEST FON (HİSSE SENEDİ YOĞUN FON),YF,HS,faal,HEDEF PORTFÖY YÖNETİMİ A.Ş.,4028328c86d231ff0188004ef50232d1,Hisse Senedi,unvan
HIP,HSBC PORTFÖY İKİNCİ PARA PİYASASI (TL) FONU,YF,DG,faal,HSBC PORTFÖY YÖNETİMİ A.Ş.,4028328d919f18490191c247816019db,Para Piyasası,unvan
HIS,HEDEF PORTFÖY ÜÇÜNCÜ SERBEST FON,YF,SF,faal,HEDEF PORTFÖY YÖNETİMİ A.Ş.,4028328c853ff1c80185523dba053401,Serbest,unvan
HIZ,AZİMUT PORTFÖY DİNAMİK DEĞİŞKEN FON,YF,DG,faal,AZİMUT PORTFÖY YÖNETİMİ A.Ş.,4028328d9132fce7019155416d574dbb,Değişken,unvan
HJA,AZİMUT PORTFÖY BİRİNCİ HİSSE SENEDİ SERBEST FON (HİSSE SENEDİ YOĞUN FON),YF,HS,faal,AZİMUT PORTFÖY YÖNETİMİ A.Ş.,4028328d794d3bd7017956b1a7222253,Hisse Senedi,unvan
HJB,HEDEF PORTFÖY BİRİNCİ DEĞİŞKEN FON,YF,DG,faal,HEDEF PORTFÖY YÖNETİMİ A.Ş.,4028328c794d2f890179c83a32f434c6,Değişken,unvan
HKG,ZİRAAT PORTFÖY HALK'IN ÜRETEN KADINLARI DEĞİŞKEN FON,YF,DG,faal,ZİRAAT PORTFÖY YÖNETİMİ A.Ş.,4028328c906f3e7b0190c0601322668f,Değişken,unvan
HKH,HEDEF PORTFÖY KATILIM HİSSE SENEDİ (TL) FONU (HİSSE SENEDİ YOĞUN FON),YF,HS,faal,HEDEF PORTFÖY YÖNETİMİ A.Ş.,4028328d812b6aea018194d7a3674044,Hisse Senedi,unvan
HKJ,HEDEF PORTFÖY PARA PİYASASI SERBEST FON,YF,SF,faal,HEDEF PORTFÖY YÖNETİMİ A.Ş.,4028328d8d6db484018db1a45c3d6987,Para Piyasası,unvan
HKM,HEDEF PORTFÖY BAŞAK HİSSE SENEDİ SERBEST (TL) FON (HİSSE SENEDİ YOĞUN FON),YF,HS,faal,HEDEF PORTFÖY YÖNETİMİ A.Ş.,4028328d868461840186c6dbc3d77705,Hisse Senedi,unvan
HKP,HEDEF PORTFÖY KATILIM HİSSE SENEDİ SERBEST (TL) FON (HİSSE SENEDİ YOĞUN FON),YF,HS,faal,HEDEF PORTFÖY YÖNETİMİ A.Ş.,4028328c86d232000188422639b16e2c,Hisse Senedi,unvan
HKR,HSBC PORTFÖY KIRMIZI HİSSE SENEDİ SERBEST (TL) FONU (HİSSE SENEDİ YOĞUN FON),YF,HS,faal,HSBC PORTFÖY YÖNETİMİ A.Ş.,4028328d84686d120184ecbc4d6136fe,Hisse Senedi,unvan
HKV,ZİRAAT PORTFÖY HALKBANK KISA VADELİ BORÇLANMA ARAÇLARI (TL) FONU,YF,DG,faal,ZİRAAT PORTFÖY YÖNETİMİ A.Ş.,33E5FED7E2B700EAE0530A4A622B2AEA,Kısa Vadeli Borçlanma,unvan
HLA,NEO PORTFÖY ÜÇÜNCÜ HİSSE SENEDİ SERBEST FON (HİSSE SENEDİ YOĞUN FON),YF,HS,faal,NEO PORTFÖY YÖNETİMİ A.Ş.,4028328c93c3b40d0193cfa5842a17a6,Hisse Senedi,unvan
HLL,ZİRAAT PORTFÖY HALKBANK PARA PİYASASI (TL) FONU,YF,DG,faal,ZİRAAT PORTFÖY YÖNETİMİ A.Ş.,33E5FED7E58300EAE0530A4A622B2AEA,Para Piyasası,unvan
HLN,HEDEF PORTFÖY YÖNETİMİ A.Ş. ALTINCI GAYRİMENKUL YATIRIM FONU,GMF,DG,faal,HEDEF PORTFÖY YÖNETİMİ A.Ş.,4028328d96289e8c01966697fc8b58c6,Diğer,unvan
HLR,HEDEF PORTFÖY ADA HİSSE SENEDİ SERBEST (TL) FON (HİSSE SENEDİ YOĞUN FON),YF,HS,faal,HEDEF PORTFÖY YÖNETİMİ A.Ş.,4028328c7bf4b5e3017c747877cb73ac,Hisse Senedi,unvan
HMC,HEDEF PORTFÖY EKİNOKS SERBEST (TL) FON,YF,SF,faal,HEDEF PORTFÖY YÖNETİMİ A.Ş.,4028328c7d3c2e72017d56e2dfc351e8,Serbest,unvan
HME,HSBC PORTFÖY DÖRDÜNCÜ SERBEST (DÖVİZ) FON,YF,SF,faal,HSBC PORTFÖY YÖNETİMİ A.Ş.,4028328d84686d100184f1570a8e6360,Serbest,unvan
HMG,HSBC PYŞ MUTLAK GETİRİ HEDEFLİ HİSSE SENEDİ SERBEST (TL) FON (HİSSE SENEDİ YOĞUN FON),YF,HS,faal,HSBC PORTFÖY YÖNETİMİ A.Ş.,4028328d767bb19c017689969c212945,Hisse Senedi,unvan
HMK,HEDEF PORTFÖY EGE HİSSE SENEDİ SERBEST (TL) FON (HİSSE SENEDİ YOĞUN FON),YF,HS,faal,HEDEF PORTFÖY YÖNETİMİ A.Ş.,4028328d70abc4de017154fee8a27748,Hisse Senedi,unvan
HML,HEDEF PORTFÖY KATILIM SERBEST (DÖVİZ) FON,YF,KTF,faal,HEDEF PORTFÖY YÖNETİMİ A.Ş.,4028328d950b608601959406e5c7326c,Katılım,unvan
HMN,AKTİF PORTFÖY YÖNETİMİ A.Ş. HUMANİS GİRİŞİM SERMAYESİ YATIRIM FONU,GSF,DG,faal,AKTİF PORTFÖY YÖNETİMİ A.Ş.,4028328d992f6f6601995c389d6e497d,Diğer,unvan
HMP,HEDEF PORTFÖY YÖNETİMİ A.Ş. DÖRDÜNCÜ PROJE GAYRİMENKUL YATIRIM FONU,GMF,DG,faal,HEDEF PORTFÖY YÖNETİMİ A.Ş.,4028328d96289e8b019666a123647e3f,Diğer,unvan
HMR,HEDEF PORTFÖY İKİNCİ BORÇLANMA ARAÇLARI FONU,YF,DG,faal,HEDEF PORTFÖY YÖNETİMİ A.Ş.,4028328d70abc4de017155043c0677f1,Borçlanma Araçları,unvan
HMS,HSBC PORTFÖY SÜRDÜRÜLEBİLİRLİK HİSSE SENEDİ (TL) FONU (HİSSE SENEDİ YOĞUN FON),YF,HS,faal,HSBC PORTFÖY YÖNETİMİ A.Ş.,4028328d7bf4b81c017cc5eeb33c40b2,Hisse Senedi,unvan
HMT,AZİMUT PORTFÖY 12.0 SERBEST FON,YF,SF,faal,AZİMUT PORTFÖY YÖNETİMİ A.Ş.,4028328d767bb19d0176897aa0173e5f,Serbest,unvan
HMV,HEDEF PORTFÖY  MAVİ HİSSE SENEDİ SERBEST (TL) FON (HİSSE SENEDİ YOĞUN FON),YF,HS,faal,HEDEF PORTFÖY YÖNETİMİ A.Ş.,4028328c802924490180ae3a9e5c6885,Hisse Senedi,unvan
HNG,HEDEF PORTFÖY YÖNETİMİ A.Ş. COFUNDS GİRİŞİM SERMAYESİ YATIRIM FONU,GSF,DG,faal,HEDEF PORTFÖY YÖNETİMİ A.Ş.,4028328c861839b201862594b8a91086,Diğer,unvan
HNJ,HEDEF PORTFÖY BIST BANKA ENDEKSİ HİSSE SENEDİ FONU (HİSSE SENEDİ YOĞUN FON),YF,HS,faal,HEDEF PORTFÖY YÖNETİMİ A.Ş.,4028328c9132faf0019146e9551d515d,Hisse Senedi,unvan
HNS,HSBC PORTFÖY KAR PAYI ÖDEYEN MAYIS 2029 SERBEST (DÖVİZ) FON,YF,SF,faal,HSBC PORTFÖY YÖNETİMİ A.Ş.,4028328d84686d100184f0c947855ee5,Serbest,unvan
HOA,HSBC PORTFÖY TEKNOLOJİ DEĞİŞKEN FON,YF,DG,faal,HSBC PORTFÖY YÖNETİMİ A.Ş.,33E5FED7E9C700EAE0530A4A622B2AEA,Değişken,unvan
HOI,İSTANBUL PORTFÖY HOLDİNGLER VE İŞTİRAKLERİ HİSSE SENEDİ FONU (HİSSE SENEDİ YOĞUN FON),YF,HS,faal,İSTANBUL PORTFÖY YÖNETİMİ A.Ş.,4028328d9af24265019b4af76f141d95,Hisse Senedi,unvan
HOP,HAS PORTFÖY ÖPY PARA PİYASASI (TL) ÖZEL FON,YF,DG,faal,HAS PORTFÖY YÖNETİMİ A.Ş.,4028328c992f6d560199861493fb2568,Para Piyasası,unvan
HOT,HEDEF PORTFÖY ELEKTRİKLİ VE OTONOM ARAÇLAR DEĞİŞKEN FON,YF,DG,faal,HEDEF PORTFÖY YÖNETİMİ A.Ş.,4028328d95959cc70195f651b7c64eb4,Değişken,unvan
HOY,HSBC PORTFÖY YABANCI BYF FON SEPETİ FONU,YF,DG,faal,HSBC PORTFÖY YÖNETİMİ A.Ş.,33E5FED7E9CB00EAE0530A4A622B2AEA,Fon Sepeti,unvan
HP1,HEDEF PORTFÖY YÖNETİMİ A.Ş. BİRİNCİ GAYRİMENKUL YATIRIM FONU,GMF,DG,faal,HEDEF PORTFÖY YÖNETİMİ A.Ş.,4028328c819d4b9f0181fcb6ff7e40fe,Diğer,unvan
HP2,HEDEF PORTFÖY YÖNETİMİ A.Ş. İKİNCİ GAYRİMENKUL YATIRIM FONU,GMF,DG,faal,HEDEF PORTFÖY YÖNETİMİ A.Ş.,4028328c819d4b9f0181fcb790764111,Diğer,unvan
HP3,HEDEF PORTFÖY LİDYA SERBEST (DÖVİZ) FON,YF,SF,faal,HEDEF PORTFÖY YÖNETİMİ A.Ş.,4028328d8563fe9f018586d8e10a4175,Serbest,unvan
HPART,HEDEF PORTFÖY YÖNETİMİ A.Ş. ARTİNVEST GİRİŞİM SERMAYESİ YATIRIM FONU,GSF,DG,faal,HEDEF PORTFÖY YÖNETİMİ A.Ş.,4028328c969f29550196a5e86b4e52d9,Diğer,unvan
HPC,ZİRAAT PORTFÖY HEDEF SERBEST ÖZEL FON,YF,SF,faal,ZİRAAT PORTFÖY YÖNETİMİ A.Ş.,4028328d65fd445501667d265d01174d,Serbest,unvan
HPCLI,HEDEF PORTFÖY YÖNETİMİ A.Ş. CLİMATETECH GİRİŞİM SERMAYESİ YATIRIM FONU,GSF,DG,faal,HEDEF PORTFÖY YÖNETİMİ A.Ş.,4028328d919f184b0191d73e06250de8,Diğer,unvan
HPD,HSBC PORTFÖY İKİNCİ DEĞİŞKEN FON,YF,DG,faal,HSBC PORTFÖY YÖNETİMİ A.Ş.,33E5FED7E7F700EAE0530A4A622B2AEA,Değişken,unvan
HPF,HEDEF PORTFÖY KUZEY HİSSE SENEDİ SERBEST (TL) FON (HİSSE SENEDİ YOĞUN FON),YF,HS,faal,HEDEF PORTFÖY YÖNETİMİ A.Ş.,4028328d5fc61027016103129ea14bae,Hisse Senedi,unvan
HPG,HEDEF PORTFÖY YÖNETİMİ A.Ş. VARLIK GİRİŞİM SERMAYESİ YATIRIM FONU,GSF,DG,faal,HEDEF PORTFÖY YÖNETİMİ A.Ş.,4028328d80e917920180f1066da010b5,Diğer,unvan
HPH,HEDEF PORTFÖY PARA PİYASASI KATILIM FONU,YF,KTF,faal,HEDEF PORTFÖY YÖNETİMİ A.Ş.,4028328c9013796d0190359ffa9f06ce,Para Piyasası,unvan
HPI,HEDEF PORTFÖY İDEAL HİSSE SENEDİ SERBEST (TL) FON (HİSSE SENEDİ YOĞUN FON),YF,HS,faal,HEDEF PORTFÖY YÖNETİMİ A.Ş.,4028328c7850aacc0178ac3b5a426208,Hisse Senedi,unvan
HPJ,AZİMUT PORTFÖY HP HİSSE SENEDİ SERBEST ÖZEL FON (HİSSE SENEDİ YOĞUN FON),YF,HS,faal,AZİMUT PORTFÖY YÖNETİMİ A.Ş.,4028328c8304fea801836aba6d28367a,Hisse Senedi,unvan
HPL,HEDEF PORTFÖY ÇINAR HİSSE SENEDİ SERBEST (TL) FON (HİSSE SENEDİ YOĞUN FON),YF,HS,faal,HEDEF PORTFÖY YÖNETİMİ A.Ş.,4028328c7bf4b5e3017c74791b5873c2,Hisse Senedi,unvan
HPM,HEDEF PORTFÖY YÖNETİMİ A.Ş. KIYMET GİRİŞİM SERMAYESİ YATIRIM FONU,GSF,DG,faal,HEDEF PORTFÖY YÖNETİMİ A.Ş.,4028328d80e917920180f107390910c9,Diğer,unvan
HPN,HEDEF PORTFÖY YÖNETİMİ A.Ş. BİRLİK GİRİŞİM SERMAYESİ YATIRIM FONU,GSF,DG,faal,HEDEF PORTFÖY YÖNETİMİ A.Ş.,4028328d80e917920180f1050a3e109c,Diğer,unvan
HPO,HSBC PORTFÖY ÇOKLU VARLIK BİRİNCİ DEĞİŞKEN FON,YF,DG,faal,HSBC PORTFÖY YÖNETİMİ A.Ş.,33E5FED7E7FB00EAE0530A4A622B2AEA,Değişken,unvan
HPP,HEDEF PORTFÖY İKİNCİ PARA PİYASASI (TL) FON,YF,SF,faal,HEDEF PORTFÖY YÖNETİMİ A.Ş.,4028328d89555d7f0189f97768d170d6,Para Piyasası,unvan
HPSOL,HEDEF PORTFÖY YÖNETİMİ A.Ş. SOLARİS GİRİŞİM SERMAYESİ YATIRIM FONU,GSF,DG,faal,HEDEF PORTFÖY YÖNETİMİ A.Ş.,4028328d919f184b0191d7455dcc0ec2,Diğer,unvan
HPSUN,HEDEF PORTFÖY YÖNETİMİ A.Ş. SUNİNVEST GİRİŞİM SERMAYESİ YATIRIM FONU,GSF,DG,faal,HEDEF PORTFÖY YÖNETİMİ A.Ş.,4028328d9af24264019b26d7d1c05f60,Diğer,unvan
HPT,HSBC PORTFÖY KISA VADELİ BORÇLANMA ARAÇLARI (TL) FONU,YF,DG,faal,HSBC PORTFÖY YÖNETİMİ A.Ş.,33E5FED7E28F00EAE0530A4A622B2AEA,Kısa Vadeli Borçlanma,unvan
HPV,ZİRAAT PORTFÖY HALKBANK KISA VADELİ KİRA SERTİFİKALARI KATILIM (TL) FONU,YF,KTF,faal,ZİRAAT PORTFÖY YÖNETİMİ A.Ş.,4028328d5fc61027016021e425a6771c,Kısa Vadeli Borçlanma,unvan
HPZ,HEDEF PORTFÖY ZEN HİSSE SENEDİ SERBEST (TL) FON (HİSSE SENEDİ YOĞUN FON),YF,HS,faal,HEDEF PORTFÖY YÖNETİMİ A.Ş.,4028328c7850aacc0178ac3a843f61f8,Hisse Senedi,unvan
HQX,HEDEF PORTFÖY YÖNETİMİ A.Ş. İNCİ GİRİŞİM SERMAYESİ YATIRIM FONU,GSF,DG,faal,HEDEF PORTFÖY YÖNETİMİ A.Ş.,4028328c9d4a029c019d6819b5ba7193,Diğer,unvan
HRE,HEDEF PORTFÖY YÖNETİMİ A.Ş. BİRİNCİ PROJE GAYRİMENKUL YATIRIM FONU,GMF,DG,faal,HEDEF PORTFÖY YÖNETİMİ A.Ş.,4028328d944ba74401946f960218096d,Diğer,unvan
HRJ,HEDEF PORTFÖY YÖNETİMİ A.Ş. ENERJİ GİRİŞİM SERMAYESİ YATIRIM FONU,GSF,DG,faal,HEDEF PORTFÖY YÖNETİMİ A.Ş.,4028328c969f29550196a5e7ff9952ad,Diğer,unvan
HRS,HEDEF PORTFÖY AGRESİF FON SEPETİ FONU,YF,DG,faal,HEDEF PORTFÖY YÖNETİMİ A.Ş.,4028328c969f29550196f85b13ef7bd3,Fon Sepeti,unvan
HRT,HEDEF PORTFÖY ROBOTİK TEKNOLOJİLER DEĞİŞKEN FON,YF,DG,faal,HEDEF PORTFÖY YÖNETİMİ A.Ş.,4028328d95959cc70195f65164e64e9f,Değişken,unvan
HRZ,AKTİF PORTFÖY BIST HALKA ARZ ŞİRKETLERİ HİSSE SENEDİ (TL) FONU (HİSSE SENEDİ YOĞUN FON),YF,HS,faal,AKTİF PORTFÖY YÖNETİMİ A.Ş.,4028328c916b969d01919d13c60a313a,Hisse Senedi,unvan
HS1,ANADOLU HAYAT EMEKLİLİK A.Ş. BORÇLANMA ARAÇLARI EMEKLİLİK YATIRIM FONU,EYF,,faal,ANADOLU HAYAT EMEKLİLİK A.Ş.,33E5FED7EE7F00EAE0530A4A622B2AEA,Borçlanma Araçları,unvan
HSA,HSBC PORTFÖY DEĞİŞKEN (TL) FON,YF,DG,faal,HSBC PORTFÖY YÖNETİMİ A.Ş.,33E5FED7E57F00EAE0530A4A622B2AEA,Değişken,unvan
HSL,HSBC PORTFÖY PARA PİYASASI (TL) FONU,YF,DG,faal,HSBC PORTFÖY YÖNETİMİ A.Ş.,33E5FED7E7EB00EAE0530A4A622B2AEA,Para Piyasası,unvan
HSP,HSBC PORTFÖY KAR PAYI ÖDEYEN OCAK 2030 SERBEST (DÖVİZ) FON,YF,SF,faal,HSBC PORTFÖY YÖNETİMİ A.Ş.,4028328d8b2fcee7018bb412ded03ddc,Serbest,unvan
HSR,ALLIANZ YAŞAM VE EMEKLİLİK A.Ş. HİSSE SENEDİ EMEKLİLİK YATIRIM FONU,EYF,DG,faal,ALLIANZ YAŞAM VE EMEKLİLİK A.Ş.,4028328d96289e8c019633b97d11148e,Hisse Senedi,unvan
HST,HSBC PORTFÖY BORÇLANMA ARAÇLARI (TL) FONU,YF,DG,faal,HSBC PORTFÖY YÖNETİMİ A.Ş.,33E5FED7E7EF00EAE0530A4A622B2AEA,Borçlanma Araçları,unvan
HTD,HEDEF PORTFÖY TEKSTİL SEKTÖRÜ DEĞİŞKEN FON,YF,DG,faal,HEDEF PORTFÖY YÖNETİMİ A.Ş.,4028328d95959cc70195f651397e4e75,Değişken,unvan
HTE,HEDEF PORTFÖY TEMİZ ENERJİ DEĞİŞKEN FON,YF,DG,faal,HEDEF PORTFÖY YÖNETİMİ A.Ş.,4028328d919f184b01928a5502937769,Değişken,unvan
HTF,HSBC PORTFÖY PARA PİYASASI SERBEST (TL) FON,YF,SF,faal,HSBC PORTFÖY YÖNETİMİ A.Ş.,4028328d98455cf601989e504adf42c1,Para Piyasası,unvan
HTI,HEDEF PORTFÖY PERAKENDE TİCARET SEKTÖRÜ DEĞİŞKEN FON,YF,DG,faal,HEDEF PORTFÖY YÖNETİMİ A.Ş.,4028328d95959cc70195f658531c4f6e,Değişken,unvan
HTJ,HEDEF PORTFÖY TEKNOLOJİ DEĞİŞKEN FON,YF,DG,faal,HEDEF PORTFÖY YÖNETİMİ A.Ş.,4028328d906f407a0190d97a2d6a4579,Değişken,unvan
HTK,QNB PORTFÖY HAVACILIK VE SAVUNMA TEKNOLOJİLERİ FON SEPETİ FONU,YF,DG,faal,QNB PORTFÖY YÖNETİMİ A.Ş.,4028328d9e2771a1019e3acb38bb4c0b,Fon Sepeti,unvan
HTM,HEDEF PORTFÖY KAR PAYI ÖDEYEN ŞİRKETLER HİSSE SENEDİ FONU (HİSSE SENEDİ YOĞUN FON),YF,HS,faal,HEDEF PORTFÖY YÖNETİMİ A.Ş.,4028328c9132faf0019146e902d0513b,Hisse Senedi,unvan
HTPSB,HEDEF PORTFÖY YÖNETİMİ A.Ş. STARTUP BURADA GİRİŞİM SERMAYESİ YATIRIM FONU,GSF,DG,faal,HEDEF PORTFÖY YÖNETİMİ A.Ş.,4028328c80e917900180f60083342bbb,Diğer,unvan
HTR,HEDEF PORTFÖY TARIM VE GIDA DEĞİŞKEN FON,YF,DG,faal,HEDEF PORTFÖY YÖNETİMİ A.Ş.,4028328c919f164b0191c1e39f210472,Değişken,unvan
HTS,HSBC PORTFÖY ALTINCI SERBEST (DÖVİZ) FON,YF,SF,faal,HSBC PORTFÖY YÖNETİMİ A.Ş.,4028328c969f29550197121206757093,Serbest,unvan
HTZ,HEDEF PORTFÖY TURKUAZ SERBEST FON,YF,SF,faal,HEDEF PORTFÖY YÖNETİMİ A.Ş.,4028328c819d4b9d0181b4c710f76965,Serbest,unvan
HUI,AZİMUT PORTFÖY CAN HİSSE SENEDİ SERBEST ÖZEL FON (HİSSE SENEDİ YOĞUN FON),YF,HS,faal,AZİMUT PORTFÖY YÖNETİMİ A.Ş.,4028328d7da7e96e017ebacb44831495,Hisse Senedi,unvan
HUS,HEDEF PORTFÖY UĞUR SERBEST FON,YF,SF,faal,HEDEF PORTFÖY YÖNETİMİ A.Ş.,4028328c89555baa018a4fe122611e00,Serbest,unvan
HV2,HAN VARLIK GAYRİMENKUL VE GİRİŞİM SERMAYESİ PORTFÖY YÖNETİMİ A.Ş. İKİNCİ GAYRİMENKUL YATIRIM FONU,GMF,DG,faal,HAN VARLIK GAYRİMENKUL VE GİRİŞİM SERMAYESİ PORTFÖY YÖNETİMİ A.Ş.,4028328d9b827481019c322015db53bd,Diğer,unvan
HVA,HEDEF PORTFÖY ECE HİSSE SENEDİ SERBEST (TL) FON (HİSSE SENEDİ YOĞUN FON),YF,HS,faal,HEDEF PORTFÖY YÖNETİMİ A.Ş.,4028328d7da7e96e017e2421a8b414f3,Hisse Senedi,unvan
HVB,HEDEF PORTFÖY PUSULA HİSSE SENEDİ SERBEST (TL) FON (HİSSE SENEDİ YOĞUN FON),YF,HS,faal,HEDEF PORTFÖY YÖNETİMİ A.Ş.,4028328d7da7e96e017e2424ad9d154a,Hisse Senedi,unvan
HVC,HEDEF PORTFÖY ROTA HİSSE SENEDİ SERBEST (TL) FON (HİSSE SENEDİ YOĞUN FON),YF,HS,faal,HEDEF PORTFÖY YÖNETİMİ A.Ş.,4028328d7da7e96e017e242817b61590,Hisse Senedi,unvan
HVE,HEDEF PORTFÖY YÖNETİM A.Ş. TEKLİFİM GELSİN GİRİŞİM SERMAYESİ YATIRIM FONU,GSF,DG,faal,HEDEF PORTFÖY YÖNETİMİ A.Ş.,4028328c950ba8c7019547ab44076bb4,Diğer,unvan
HVG,HAN VARLIK GAYRİMENKUL VE GİRİŞİM SERMAYESİ PORTFÖY YÖNETİMİ A.Ş. BİRİNCİ GAYRİMENKUL YATIRIM FONU,GMF,DG,faal,HAN VARLIK GAYRİMENKUL VE GİRİŞİM SERMAYESİ PORTFÖY YÖNETİMİ A.Ş.,4028328c95959ac20195c85138ed3c6f,Diğer,unvan
HVI,DENİZ PORTFÖY HOLDİNGLER VE İŞTİRAKLERİ HİSSE SENEDİ (TL) FONU (HİSSE SENEDİ YOĞUN FON),YF,HS,faal,DENİZ PORTFÖY YÖNETİMİ A.Ş.,4028328d998eebe801999b04b0b9570e,Hisse Senedi,unvan
HVK,HEDEF PORTFÖY BİRİNCİ BORÇLANMA ARAÇLARI (TL) FONU,YF,DG,faal,HEDEF PORTFÖY YÖNETİMİ A.Ş.,4028328d7da7e96e017e242c4f3815a2,Borçlanma Araçları,unvan
HVL,HEDEF PORTFÖY POYRAZ SERBEST FON,YF,HS,faal,HEDEF PORTFÖY YÖNETİMİ A.Ş.,4028328d7da7e96e017e24265f47155c,Serbest,unvan
HVN,HEDEF PORTFÖY DÖRDÜNCÜ SERBEST FON,YF,SF,faal,HEDEF PORTFÖY YÖNETİMİ A.Ş.,4028328d81fdc61d01821bddec3d56e4,Serbest,unvan
HVS,HSBC PORTFÖY HİSSE SENEDİ (TL) FONU (HİSSE SENEDİ YOĞUN FON),YF,HS,faal,HSBC PORTFÖY YÖNETİMİ A.Ş.,33E5FED7E7F300EAE0530A4A622B2AEA,Hisse Senedi,unvan
HVT,ALLBATROSS PORTFÖY YÖNETİMİ A.Ş. BİRİNCİ PARA PİYASASI (TL) FONU,YF,DG,faal,ALLBATROSS PORTFÖY YÖNETİMİ A.Ş.,4028328c8288ba6a0182920026424e77,Para Piyasası,unvan
HVU,ALLBATROSS PORTFÖY BİRİNCİ DEĞİŞKEN FON,YF,DG,faal,ALLBATROSS PORTFÖY YÖNETİMİ A.Ş.,4028328c8288ba6a018291fe1f474df5,Değişken,unvan
HVV,AK PORTFÖY HERAKLES SERBEST (DÖVİZ) ÖZEL FON,YF,SF,faal,AK PORTFÖY YÖNETİMİ A.Ş.,4028328d70abc4de0170e7b139281ae7,Serbest,unvan
HVY,HAN VARLIK GAYRİMENKUL VE GİRİŞİM SERMAYESİ PORTFÖY YÖNETİMİ A.Ş. YENİ UFUKLAR GAYRİMENKUL YATIRIM FONU,GMF,DG,faal,HAN VARLIK GAYRİMENKUL VE GİRİŞİM SERMAYESİ PORTFÖY YÖNETİMİ A.Ş.,4028328c969f295c019735d424104dd8,Diğer,unvan
HVZ,ALLBATROSS PORTFÖY BİRİNCİ HİSSE SENEDİ (TL) FONU (HİSSE SENEDİ YOĞUN FON),YF,HS,faal,ALLBATROSS PORTFÖY YÖNETİMİ A.Ş.,4028328c8288ba6a018292019b224ea9,Hisse Senedi,unvan
HXQ,HEDEF PORTFÖY YÖNETİMİ A.Ş. MED GİRİŞİM SERMAYESİ YATIRIM FONU,GSF,DG,faal,HEDEF PORTFÖY YÖNETİMİ A.Ş.,4028328c9c4c12c1019c79bdd80f2121,Diğer,unvan
HXW,HEDEF PORTFÖY YÖNETİMİ A.Ş. DENİZ GİRİŞİM SERMAYESİ YATIRIM FONU,GSF,DG,faal,HEDEF PORTFÖY YÖNETİMİ A.Ş.,4028328c9c4c12c1019c79be05202146,Diğer,unvan
HXX,HEDEF PORTFÖY YÖNETİMİ A.Ş. SEKİZİNCİ GAYRİMENKUL YATIRIM FONU,GMF,DG,faal,HEDEF PORTFÖY YÖNETİMİ A.Ş.,4028328d9b827483019b934538c9531f,Diğer,unvan
HYG,HEDEF PORTFÖY YÖNETİMİ A.Ş. YONCA GİRİŞİM SERMAYESİ YATIRIM FONU,GSF,DG,faal,HEDEF PORTFÖY YÖNETİMİ A.Ş.,4028328d8b2fcee7018ca1683fe527b9,Diğer,unvan
HYK,HEDEF PORTFÖY AKDENİZ SERBEST FON,YF,SF,faal,HEDEF PORTFÖY YÖNETİMİ A.Ş.,4028328d74f01f56017565605e5e3479,Serbest,unvan
HYL,HEDEF PORTFÖY YÖNETİMİ A.Ş. WEPLAY GİRİŞİM SERMAYESİ YATIRIM FONU,GSF,DG,faal,HEDEF PORTFÖY YÖNETİMİ A.Ş.,4028328c861839b20186259458ba107c,Diğer,unvan
HYP,AZİMUT PORTFÖY İVME SERBEST FON,YF,SF,faal,AZİMUT PORTFÖY YÖNETİMİ A.Ş.,4028328d74f01f57017579e841194f83,Serbest,unvan
HYU,HSBC PORTFÖY KISA VADELİ SERBEST (TL) FON,YF,SF,faal,HSBC PORTFÖY YÖNETİMİ A.Ş.,4028328c949953a30194f4663d5d28eb,Kısa Vadeli Borçlanma,unvan
HYV,HEDEF PORTFÖY PARA PİYASASI (TL) FONU,YF,DG,faal,HEDEF PORTFÖY YÖNETİMİ A.Ş.,4028328d74f01f56017565663f7034fb,Para Piyasası,unvan
HYY,AK PORTFÖY HERAKLES HİSSE SENEDİ SERBEST ÖZEL FON (HİSSE SENEDİ YOĞUN FON),YF,HS,faal,AK PORTFÖY YÖNETİMİ A.Ş.,4028328d70abc4de0170e7b1c34e1af8,Hisse Senedi,unvan
HZV,AK PORTFÖY HEZ SERBEST (ÖZEL) FON,YF,SF,faal,AK PORTFÖY YÖNETİMİ A.Ş.,4028328d7fd43720017fe57e3e4d3171,Serbest,unvan
IAC,İŞ PORTFÖY MZS HİSSE SENEDİ SERBEST ÖZEL FON (HİSSE SENEDİ YOĞUN FON),YF,HS,faal,İŞ PORTFÖY YÖNETİMİ A.Ş.,4028328c802924490180b78a3b83488c,Hisse Senedi,unvan
IAE,İSTANBUL PORTFÖY AGRESİF DEĞİŞKEN FON,YF,DG,faal,İSTANBUL PORTFÖY YÖNETİMİ A.Ş.,4028328d8df5d28f018e194ca7792632,Değişken,unvan
IAG,İŞ PORTFÖY YÖNETİMİ A.Ş. ALTYAPI GİRİŞİM SERMAYESİ YATIRIM FONU,GSF,DG,faal,İŞ PORTFÖY YÖNETİMİ A.Ş.,4028328c7580088201758d27624b2fca,Diğer,unvan
IAI,İŞ PORTFÖY TOROS HİSSE SENEDİ SERBEST ÖZEL FON (HİSSE SENEDİ YOĞUN FON),YF,HS,faal,İŞ PORTFÖY YÖNETİMİ A.Ş.,4028328d8029261b0180cc20660c3daf,Hisse Senedi,unvan
IAJ,INVEO PORTFÖY ALTINCI SERBEST FON,YF,SF,faal,INVEO PORTFÖY YÖNETİMİ A.Ş.,4028328c919f164a0191dffbe0833ee7,Serbest,unvan
IAM,İŞ PORTFÖY AGRESİF FON SEPETİ FONU,YF,DG,faal,İŞ PORTFÖY YÖNETİMİ A.Ş.,4028328d906f407c019078aa608f5ade,Fon Sepeti,unvan
IAR,İSTANBUL PORTFÖY DÖRDÜNCÜ SERBEST FON,YF,SF,faal,İSTANBUL PORTFÖY YÖNETİMİ A.Ş.,4028328c610a7f0001616fbe206c6d9e,Serbest,unvan
IAS,ASTRA PORTFÖY MUTLAK GETİRİ HEDEFLİ HİSSE SENEDİ SERBEST FON (HİSSE SENEDİ YOĞUN FON),YF,HS,faal,ASTRA PORTFÖY YÖNETİMİ A.Ş.,33E5FED7E51F00EAE0530A4A622B2AEA,Hisse Senedi,unvan
IAT,İŞ PORTFÖY KİRA SERTİFİKALARI KATILIM (TL) FONU,YF,KTF,faal,İŞ PORTFÖY YÖNETİMİ A.Ş.,33E5FED7E51700EAE0530A4A622B2AEA,Katılım,unvan
IAU,PARDUS PORTFÖY İKİNCİ İSTATİSTİKSEL ARBİTRAJ HİSSE SENEDİ SERBEST (TL) FON (HİSSE SENEDİ YOĞUN FON),YF,HS,faal,PARDUS PORTFÖY YÖNETİMİ A.Ş.,4028328c86d231ff0188004f328e330d,Hisse Senedi,unvan
IAY,INVEO PORTFÖY ALTIN KATILIM FONU,YF,KTF,faal,INVEO PORTFÖY YÖNETİMİ A.Ş.,4028328d919f184b019256d28f3828b2,Kıymetli Madenler,unvan
IBB,İŞ PORTFÖY ATAK DEĞİŞKEN FON,YF,DG,faal,İŞ PORTFÖY YÖNETİMİ A.Ş.,4028328c629ea13a016316e950560b51,Değişken,unvan
IBC,İŞ PORTFÖY CENOVA SERBEST ÖZEL FON,YF,SF,faal,İŞ PORTFÖY YÖNETİMİ A.Ş.,4028328c629ea13a016316eaad620cab,Serbest,unvan
IBE,İSTANBUL PORTFÖY BEŞİNCİ SERBEST FON,YF,SF,faal,İSTANBUL PORTFÖY YÖNETİMİ A.Ş.,4028328d683d682b01689f13814f4e63,Serbest,unvan
IBG,AZİMUT PYŞ BİRİNCİ SERBEST FON,YF,SF,faal,AZİMUT PORTFÖY YÖNETİMİ A.Ş.,33E5FED7E9B700EAE0530A4A622B2AEA,Serbest,unvan
IBJ,AZİMUT PORTFÖY 18.0 SERBEST (DÖVİZ) FON,YF,SF,faal,AZİMUT PORTFÖY YÖNETİMİ A.Ş.,4028328c81fdc4490182265a40b61981,Serbest,unvan
IBK,İŞ PORTFÖY ÜÇÜNCÜ KISA VADELİ BORÇLANMA ARAÇLARI (TL) FONU,YF,DG,faal,İŞ PORTFÖY YÖNETİMİ A.Ş.,33E5FED7E30700EAE0530A4A622B2AEA,Kısa Vadeli Borçlanma,unvan
IBM,İSTANBUL PORTFÖY MUTLAK GETİRİ HEDEFLİ SERBEST FON,YF,SF,faal,İSTANBUL PORTFÖY YÖNETİMİ A.Ş.,4028328c843995b30184666382de3509,Serbest,unvan
IBP,İŞ PORTFÖY GED SERBEST (DÖVİZ) ÖZEL FON,YF,SF,faal,İŞ PORTFÖY YÖNETİMİ A.Ş.,4028328d7fd43720017ff9fb77f621b5,Serbest,unvan
IBR,AZİMUT PYŞ MUTLAK GETİRİ HEDEFLİ SERBEST FON,YF,SF,faal,AZİMUT PORTFÖY YÖNETİMİ A.Ş.,33E5FED7E9BB00EAE0530A4A622B2AEA,Serbest,unvan
ICA,TEB PORTFÖY ICBC TURKEY ALTIN FONU,YF,DG,faal,TEB PORTFÖY YÖNETİMİ A.Ş.,33E5FED7E2CF00EAE0530A4A622B2AEA,Kıymetli Madenler,unvan
ICC,TEB PORTFÖY BEŞİNCİ DEĞİŞKEN FON,YF,DG,faal,TEB PORTFÖY YÖNETİMİ A.Ş.,33E5FED7E22300EAE0530A4A622B2AEA,Değişken,unvan
ICD,TEB PORTFÖY DÖRDÜNCÜ DEĞİŞKEN FON,YF,DG,faal,TEB PORTFÖY YÖNETİMİ A.Ş.,33E5FED7E82300EAE0530A4A622B2AEA,Değişken,unvan
ICE,TEB PORTFÖY ICBC TURKEY PARA PİYASASI (TL) FONU,YF,DG,faal,TEB PORTFÖY YÖNETİMİ A.Ş.,33E5FED7E81F00EAE0530A4A622B2AEA,Para Piyasası,unvan
ICF,TEB PORTFÖY BİRİNCİ HİSSE SENEDİ FONU (HİSSE SENEDİ YOĞUN FON),YF,HS,faal,TEB PORTFÖY YÖNETİMİ A.Ş.,33E5FED7E2CB00EAE0530A4A622B2AEA,Hisse Senedi,unvan
ICG,İŞ PORTFÖY ARCADİA SERBEST (DÖVİZ) ÖZEL FON,YF,SF,faal,İŞ PORTFÖY YÖNETİMİ A.Ş.,4028328d6cd9324c016d1b7b8a104a5d,Serbest,unvan
ICH,PARDUS PORTFÖY İKİNCİ DEĞİŞKEN FON,YF,DG,faal,PARDUS PORTFÖY YÖNETİMİ A.Ş.,4028328c8b2fcee8018cd9fe904b4235,Değişken,unvan
ICI,AK PORTFÖY YÖNETİMİ A.Ş. İKİNCİ GİRİŞİM SERMAYESİ YATIRIM FONU,GSF,DG,faal,AK PORTFÖY YÖNETİMİ A.Ş.,4028328d767bb19d01768ad332c850bd,Diğer,unvan
ICM,İNCİR PORTFÖY BİRİNCİ PARA PİYASASI (TL) FONU,YF,DG,faal,İNCİR PORTFÖY YÖNETİMİ A.Ş.,4028328d9f52dddc019fff74d1af7857,Para Piyasası,unvan
ICN,İSTANBUL PORTFÖY ÜÇÜNCÜ İSTATİSTİKSEL ARBİTRAJ SERBEST (TL) FON,YF,SF,faal,İSTANBUL PORTFÖY YÖNETİMİ A.Ş.,4028328c86845fa8018697f4e3020c4a,Serbest,unvan
ICO,İNCİR PORTFÖY BİRİNCİ FON SEPETİ FONU,YF,DG,faal,İNCİR PORTFÖY YÖNETİMİ A.Ş.,4028328d9f52dddd019ffae441056fc6,Fon Sepeti,unvan
ICS,TEB PORTFÖY SERBEST (DÖVİZ) FON,YF,SF,faal,TEB PORTFÖY YÖNETİMİ A.Ş.,4028328d67565e4f0167c592fb237bad,Serbest,unvan
ICV,TEB PORTFÖY ONDOKUZUNCU SERBEST FON,YF,SF,faal,TEB PORTFÖY YÖNETİMİ A.Ş.,4028328d75e773c30175f4cddcae0c1a,Serbest,unvan
ICZ,AK PORTFÖY TEKNOLOJİ ŞİRKETLERİ HİSSE SENEDİ (TL) FONU (HİSSE SENEDİ YOĞUN FON),YF,HS,faal,AK PORTFÖY YÖNETİMİ A.Ş.,4028328d75e773c30175f418451507d8,Hisse Senedi,unvan
IDD,LOGOS PORTFÖY DİNAMİK DAĞILIMLI SERBEST FON,YF,SF,faal,LOGOS PORTFÖY YÖNETİMİ A.Ş.,33E5FED7E54B00EAE0530A4A622B2AEA,Serbest,unvan
IDF,İŞ PORTFÖY SERBEST (DÖVİZ) FON,YF,SF,faal,İŞ PORTFÖY YÖNETİMİ A.Ş.,4028328d65fd445501663f5d05b702e6,Serbest,unvan
IDG,AK PORTFÖY YÖNETİMİ A.Ş. DÖRDÜNCÜ GAYRİMENKUL YATIRIM FONU,GMF,DG,faal,AK PORTFÖY YÖNETİMİ A.Ş.,4028328d6d75a31a016d8c91744b286b,Diğer,unvan
IDH,İŞ PORTFÖY BIST 100 DIŞI ŞİRKETLER HİSSE SENEDİ (TL) FONU (HİSSE SENEDİ YOĞUN FON),YF,HS,faal,İŞ PORTFÖY YÖNETİMİ A.Ş.,4028328d7610639801764779f6ae23f5,Hisse Senedi,unvan
IDI,AZİMUT PORTFÖY İNŞAAT SEKTÖRÜ HİSSE SENEDİ FONU (HİSSE SENEDİ YOĞUN FON),YF,HS,faal,AZİMUT PORTFÖY YÖNETİMİ A.Ş.,4028328d949955a90194e02e9dc133e0,Hisse Senedi,unvan
IDL,AKTİF PORTFÖY PARA PİYASASI (TL) FONU,YF,DG,faal,AKTİF PORTFÖY YÖNETİMİ A.Ş.,4028328d74f01f570175308e22306b98,Para Piyasası,unvan
IDO,İŞ PORTFÖY ONDOKUZUNCU SERBEST (DÖVİZ-AVRO) FON,YF,SF,faal,İŞ PORTFÖY YÖNETİMİ A.Ş.,4028328d8e21d0ec018ef6b26bde0497,Serbest,unvan
IDP,PİRAMİT PORTFÖY SİRİUS HİSSE SENEDİ SERBEST FON (HİSSE SENEDİ YOĞUN FON),YF,HS,faal,PİRAMİT PORTFÖY YÖNETİMİ A.Ş.,4028328c767baf67017699e241c3160c,Hisse Senedi,unvan
IDT,INVEO PORTFÖY YÖNETİMİ A.Ş. GELİŞİM TRAKYA GAYRİMENKUL YATIRIM FONU,GMF,DG,faal,INVEO PORTFÖY YÖNETİMİ A.Ş.,4028328d9d7b24c9019d8bf8834f7dc2,Diğer,unvan
IDV,İŞ PORTFÖY ACHS SERBEST (DÖVİZ) ÖZEL FON,YF,DG,faal,İŞ PORTFÖY YÖNETİMİ A.Ş.,4028328d7f7cbe31017fd08587b940d2,Serbest,unvan
IDY,TEB PORTFÖY İKİNCİ DEĞİŞKEN FON,YF,DG,faal,TEB PORTFÖY YÖNETİMİ A.Ş.,33E5FED7E70F00EAE0530A4A622B2AEA,Değişken,unvan
IE1,INVEO PORTFÖY YÖNETİMİ A.Ş. İKİNCİ GAYRİMENKUL YATIRIM FONU,GMF,DG,faal,INVEO PORTFÖY YÖNETİMİ A.Ş.,4028328c9d7b22d3019d872bce6c3313,Diğer,unvan
IEA,ZURICH YAŞAM VE EMEKLİLİK A.Ş. DEĞİŞKEN EMEKLİLİK YATIRIM FONU,EYF,,faal,ZURİCH YAŞAM VE EMEKLİLİK A.Ş.,33E5FED7EC6700EAE0530A4A622B2AEA,Değişken,unvan
IEB,ZURİCH YAŞAM VE EMEKLİLİK A.Ş. STANDART EMEKLİLİK YATIRIM FONU,EYF,,faal,ZURİCH YAŞAM VE EMEKLİLİK A.Ş.,33E5FED7EC7B00EAE0530A4A622B2AEA,Diğer,unvan
IED,İŞ PORTFÖY AGRESİF DEĞİŞKEN FON,YF,DG,faal,İŞ PORTFÖY YÖNETİMİ A.Ş.,4028328d9d4a0485019d679ac32a1ed5,Değişken,unvan
IEE,ZURİCH YAŞAM VE EMEKLİLİK A.Ş. DENGELİ DEĞİŞKEN EMEKLİLİK YATIRIM FONU,EYF,,faal,ZURİCH YAŞAM VE EMEKLİLİK A.Ş.,33E5FED7EC7700EAE0530A4A622B2AEA,Değişken,unvan
IEF,ZURİCH YAŞAM VE EMEKLİLİK A.Ş. DİNAMİK DEĞİŞKEN EMEKLİLİK YATIRIM FONU,EYF,,faal,ZURİCH YAŞAM VE EMEKLİLİK A.Ş.,33E5FED7E9CF00EAE0530A4A622B2AEA,Değişken,unvan
IEG,ZURICH YAŞAM VE EMEKLİLİK A.Ş. BORÇLANMA ARAÇLARI EMEKLİLİK YATIRIM FONU,EYF,,faal,ZURİCH YAŞAM VE EMEKLİLİK A.Ş.,33E5FED7EEFF00EAE0530A4A622B2AEA,Borçlanma Araçları,unvan
IEH,ZURİCH YAŞAM VE EMEKLİLİK A.Ş. HİSSE SENEDİ EMEKLİLİK YATIRIM FONU,EYF,,faal,ZURİCH YAŞAM VE EMEKLİLİK A.Ş.,33E5FED7EC6F00EAE0530A4A622B2AEA,Hisse Senedi,unvan
IEK,ZURİCH YAŞAM VE EMEKLİLİK A.Ş. KARMA EMEKLİLİK YATIRIM FONU,EYF,,faal,ZURİCH YAŞAM VE EMEKLİLİK A.Ş.,33E5FED7EC6B00EAE0530A4A622B2AEA,Karma,unvan
IEN,İSTANBUL PORTFÖY İNŞAAT SEKTÖRÜ HİSSE SENEDİ SERBEST (TL) FON (HİSSE SENEDİ YOĞUN FON),YF,SF,faal,İSTANBUL PORTFÖY YÖNETİMİ A.Ş.,4028328c998ee9d50199c3f8a85546c6,Hisse Senedi,unvan
IER,ZURİCH YAŞAM VE EMEKLİLİK A.Ş. PARA PİYASASI EMEKLİLİK YATIRIM FONU,EYF,,faal,ZURİCH YAŞAM VE EMEKLİLİK A.Ş.,33E5FED7EC7300EAE0530A4A622B2AEA,Para Piyasası,unvan
IET,İŞ PORTFÖY YÖNETİMİ A.Ş. YENİLENEBİLİR ENERJİ TEKNOLOJİLERİ GİRİŞİM SERMAYESİ YATIRIM FONU,GSF,DG,faal,İŞ PORTFÖY YÖNETİMİ A.Ş.,4028328c84686b4001848602e1746e19,Diğer,unvan
IEV,İŞ PORTFÖY HAVACILIK VE SAVUNMA TEKNOLOJİLERİ DEĞİŞKEN FON,YF,DG,faal,İŞ PORTFÖY YÖNETİMİ A.Ş.,4028328c7f7cb860017f8d76d9643f96,Değişken,unvan
IEZ,INVEO PORTFÖY ELMA HİSSE SENEDİ SERBEST (TL) ÖZEL FON (HİSSE SENEDİ YOĞUN FON),YF,HS,faal,INVEO PORTFÖY YÖNETİMİ A.Ş.,4028328c82b7f0300182e86493113bf7,Hisse Senedi,unvan
IFD,İŞ PORTFÖY FINDIKLI SERBEST (DÖVİZ) ÖZEL FON,YF,DG,faal,İŞ PORTFÖY YÖNETİMİ A.Ş.,4028328d86d233be018737986a1e7723,Serbest,unvan
IFN,TEB PORTFÖY SÜRDÜRÜLEBİLİRLİK HİSSE SENEDİ FONU (HİSSE SENEDİ YOĞUN FON),YF,HS,faal,TEB PORTFÖY YÖNETİMİ A.Ş.,4028328d7f7cbe31017fbb3539874e63,Hisse Senedi,unvan
IFT,INVEO PORTFÖY YÖNETİMİ A.Ş. ÜÇÜNCÜ FİNTECH GİRİŞİM SERMAYESİ YATIRIM FONU,GSF,DG,faal,INVEO PORTFÖY YÖNETİMİ A.Ş.,4028328c93c3b40d0193f3d0f443564a,Diğer,unvan
IFV,TEB PORTFÖY BİRİNCİ KISA VADELİ BORÇLANMA ARAÇLARI (TL) FONU,YF,DG,faal,TEB PORTFÖY YÖNETİMİ A.Ş.,4028328d7f7cbe31017fbb39e6a84eb4,Kısa Vadeli Borçlanma,unvan
IFY,İSTANBUL PORTFÖY ÖPY BİRİNCİ SERBEST ÖZEL FON,YF,SF,faal,İSTANBUL PORTFÖY YÖNETİMİ A.Ş.,4028328c71bc39c0017283c948cc0bde,Serbest,unvan
IG1,İSRA GAYRİMENKUL VE GİRİŞİM SERMAYESİ PORTFÖY YÖNETİMİ A.Ş. BİRİNCİ GİRİŞİM SERMAYESİ YATIRIM FONU,GSF,DG,faal,İSRA GAYRİMENKUL VE GİRİŞİM SERMAYESİ PORTFÖY YÖNETİMİ A.Ş.,4028328c9132faf0019150cd34b125c3,Diğer,unvan
IG2,İSRA GAYRİMENKUL VE GİRİŞİM SERMAYESİ PORTFÖY YÖNETİMİ A.Ş. İKİNCİ GİRİŞİM SERMAYESİ YATIRIM FONU,GSF,DG,faal,İSRA GAYRİMENKUL VE GİRİŞİM SERMAYESİ PORTFÖY YÖNETİMİ A.Ş.,4028328c9132faf0019150d3300e2614,Diğer,unvan
IG3,İSRA GAYRİMENKUL VE GİRİŞİM SERMAYESİ PORTFÖY YÖNETİMİ A.Ş. ÜÇÜNCÜ GİRİŞİM SERMAYESİ YATIRIM FONU,GSF,DG,faal,İSRA GAYRİMENKUL VE GİRİŞİM SERMAYESİ PORTFÖY YÖNETİMİ A.Ş.,4028328c9af2405e019b543e42c742a1,Diğer,unvan
IGE,ZURİCH YAŞAM VE EMEKLİLİK A.Ş. KATKI EMEKLİLİK YATIRIM FONU,EYF,,faal,ZURİCH YAŞAM VE EMEKLİLİK A.Ş.,33E5FED7E9D300EAE0530A4A622B2AEA,Diğer,unvan
IGF,İŞ PORTFÖY GÜZEL SERBEST (DÖVİZ) ÖZEL FON,YF,SF,faal,İŞ PORTFÖY YÖNETİMİ A.Ş.,4028328d7da7e96d017dc8360c856a75,Serbest,unvan
IGI,İSTANBUL PORTFÖY YÖNETİMİ A.Ş. BOSPHORIST  GİRİŞİM SERMAYESİ YATIRIM FONU,GSF,DG,faal,İSTANBUL PORTFÖY YÖNETİMİ A.Ş.,4028328c760074830176047919fa0c84,Diğer,unvan
IGJ,AZİMUT PORTFÖY YÖNETİMİ A.Ş. İKİNCİ GAYRİMENKUL YATIRIM FONU,GMF,DG,faal,AZİMUT PORTFÖY YÖNETİMİ A.Ş.,4028328c90effe4c01910e57f0d54e7d,Diğer,unvan
IGL,TEB PORTFÖY ING BANK PARA PİYASASI (TL) FONU,YF,DG,faal,TEB PORTFÖY YÖNETİMİ A.Ş.,33E5FED7E6F300EAE0530A4A622B2AEA,Para Piyasası,unvan
IGM,İŞ PORTFÖY ÜNİ SERBEST (DÖVİZ) ÖZEL FON,YF,SF,faal,İŞ PORTFÖY YÖNETİMİ A.Ş.,4028328d7da7e96d017dc837557b6a85,Serbest,unvan
IGZ,İŞ PORTFÖY İKİNCİ HİSSE SENEDİ SERBEST FON (HİSSE SENEDİ YOĞUN FON),YF,HS,faal,İŞ PORTFÖY YÖNETİMİ A.Ş.,4028328d7da7e96d017dc8381fa36a95,Hisse Senedi,unvan
IH1,İNCİR PORTFÖY BİRİNCİ HİSSE SENEDİ FONU (HİSSE SENEDİ YOĞUN FON),YF,HS,faal,İNCİR PORTFÖY YÖNETİMİ A.Ş.,4028328c9ec11d3d019ed08a36ef449c,Hisse Senedi,unvan
IHA,ALLBATROS PORTFÖY İKİNCİ HİSSE SENEDİ (TL) FONU (HİSSE SENEDİ YOĞUN FON),YF,HS,faal,ALLBATROSS PORTFÖY YÖNETİMİ A.Ş.,4028328c86d232000188491cfaf63322,Hisse Senedi,unvan
IHC,INVEO PORTFÖY INTER SERBEST FON,YF,SF,faal,INVEO PORTFÖY YÖNETİMİ A.Ş.,4028328d7f7cbe31017fb5d5f9bb25a3,Serbest,unvan
IHK,İŞ PORTFÖY İŞ'TE KADIN HİSSE SENEDİ (TL) FONU (HİSSE SENEDİ YOĞUN FON),YF,HS,faal,İŞ PORTFÖY YÖNETİMİ A.Ş.,4028328c7707357b0177ca38ad4d1a16,Hisse Senedi,unvan
IHP,İSTANBUL PORTFÖY İKİNCİ HİSSE SENEDİ SERBEST (TL) FON (HİSSE SENEDİ YOĞUN FON),YF,HS,faal,İSTANBUL PORTFÖY YÖNETİMİ A.Ş.,4028328d90137b6401905da4a7384bd1,Hisse Senedi,unvan
IHT,İŞ PORTFÖY İHRACATÇI ŞİRKETLER HİSSE SENEDİ (TL) FONU (HİSSE SENEDİ YOĞUN FON),YF,HS,faal,İŞ PORTFÖY YÖNETİMİ A.Ş.,4028328d838f7dce0183a7c70533486a,Hisse Senedi,unvan
IHV,INVEO PORTFÖY BEŞİNCİ HİSSE SENEDİ SERBEST FON (HİSSE SENEDİ YOĞUN FON),YF,HS,faal,INVEO PORTFÖY YÖNETİMİ A.Ş.,4028328c919f164a0191dffc10b43ef5,Hisse Senedi,unvan
IHY,BULLS PORTFÖY GMS HİSSE SENEDİ SERBEST ÖZEL FON (HİSSE SENEDİ YOĞUN FON),YF,HS,faal,BULLS PORTFÖY YÖNETİMİ A.Ş.,4028328c84686b410184e7c138eb3b1a,Hisse Senedi,unvan
IHZ,ALLBATROSS PORTFÖY İKİNCİ HİSSE SENEDİ SERBEST FON (HİSSE SENEDİ YOĞUN FON),YF,HS,faal,ALLBATROSS PORTFÖY YÖNETİMİ A.Ş.,4028328d8b2fcee7018bfc46bd144ea5,Hisse Senedi,unvan
IIA,İSTANBUL PORTFÖY ONBİRİNCİ SERBEST (TL) FON,YF,SF,faal,İSTANBUL PORTFÖY YÖNETİMİ A.Ş.,4028328c8304fea80183892f84440fe9,Serbest,unvan
IIC,İSTANBUL PORTFÖY ONÜÇÜNCÜ SERBEST (TL) FON,YF,SF,faal,İSTANBUL PORTFÖY YÖNETİMİ A.Ş.,4028328d84686d11018485d155217f85,Serbest,unvan
IIE,BULLS PORTFÖY İKİNCİ SERBEST FON,YF,SF,faal,BULLS PORTFÖY YÖNETİMİ A.Ş.,4028328d84686d11018485ca52cd7f4e,Serbest,unvan
IIF,İŞ PORTFÖY İSTATİSTİKSEL ARBİTRAJ SERBEST FON,YF,SF,faal,İŞ PORTFÖY YÖNETİMİ A.Ş.,4028328c98242c750198370d10d669d4,Serbest,unvan
IIG,İŞ PORTFÖY YÖNETİMİ A.Ş. İKİNCİ GAYRİMENKUL YATIRIM FONU,GMF,DG,faal,İŞ PORTFÖY YÖNETİMİ A.Ş.,4028328c6efb1006016f182fbb6a7016,Diğer,unvan
IIH,İSTANBUL PORTFÖY ÜÇÜNCÜ HİSSE SENEDİ FONU (HİSSE SENEDİ YOĞUN FON),YF,HS,faal,İSTANBUL PORTFÖY YÖNETİMİ A.Ş.,4028328c6faf9e500170585d302474cb,Hisse Senedi,unvan
III,İSTANBUL PORTFÖY YÖNETİMİ A.Ş. DİJİTAL SPOR VE MEDYA YATIRIMLARI GİRİŞİM SERMAYESİ YATIRIM FONU,GSF,DG,faal,İSTANBUL PORTFÖY YÖNETİMİ A.Ş.,4028328d812b6aea018148c53c860db1,Diğer,unvan
IIN,INVEO PORTFÖY PARA PİYASASI SERBEST (TL) FON,YF,SF,faal,INVEO PORTFÖY YÖNETİMİ A.Ş.,4028328d998eebe80199a38bf82207ba,Para Piyasası,unvan
IIS,İSTANBUL PORTFÖY İKİNCİ SERBEST FON,YF,SF,faal,İSTANBUL PORTFÖY YÖNETİMİ A.Ş.,4028328c56a410060156e5e6af914a1b,Serbest,unvan
IIY,İŞ PORTFÖY YÖNETİMİ A.Ş. BEŞİNCİ GAYRİMENKUL YATIRIM FONU,GMF,DG,faal,İŞ PORTFÖY YÖNETİMİ A.Ş.,4028328d683d682b01689f2ebfc351ee,Diğer,unvan
IJA,INVEO PORTFÖY ATAK DEĞİŞKEN FON,YF,DG,faal,INVEO PORTFÖY YÖNETİMİ A.Ş.,4028328d7afb2dbd017b11ae3fdf0e79,Değişken,unvan
IJB,İŞ PORTFÖY DİJİTAL OYUN SEKTÖRÜ KARMA FON,YF,DG,faal,İŞ PORTFÖY YÖNETİMİ A.Ş.,4028328d7850aacc0178c606765c3dfc,Karma,unvan
IJC,İŞ PORTFÖY YARI İLETKEN TEKNOLOJİLERİ DEĞİŞKEN FON,YF,DG,faal,İŞ PORTFÖY YÖNETİMİ A.Ş.,4028328c7902c29d01791dbac6bb5309,Değişken,unvan
IJE,İŞ PORTFÖY EFON SERBEST (DÖVİZ) ÖZEL FON,YF,DG,faal,İŞ PORTFÖY YÖNETİMİ A.Ş.,4028328d7a4e446d017a851489f92b7e,Serbest,unvan
IJF,AZİMUT PORTFÖY EREN HİSSE SENEDİ SERBEST ÖZEL FON (HİSSE SENEDİ YOĞUN FON),YF,HS,faal,AZİMUT PORTFÖY YÖNETİMİ A.Ş.,4028328d7a4e446c017a9974d538781b,Hisse Senedi,unvan
IJG,AK PORTFÖY YÖNETİMİ A.Ş. JEC YENİLENEBİLİR ENERJİ ÖZEL GİRİŞİM SERMAYESİ YATIRIM FONU,GSF,DG,faal,AK PORTFÖY YÖNETİMİ A.Ş.,4028328d767bb19d01768ad727c45104,Diğer,unvan
IJH,TEB PORTFÖY ICBC TURKEY FON SEPETİ FONU,YF,DG,faal,TEB PORTFÖY YÖNETİMİ A.Ş.,4028328c794d2f890179600046c35d4a,Fon Sepeti,unvan
IJI,İSTANBUL PORTFÖY HİSSE SENEDİ SERBEST (TL) FON (HİSSE SENEDİ YOĞUN FON),YF,HS,faal,İSTANBUL PORTFÖY YÖNETİMİ A.Ş.,4028328c84686b400184f6cfa2f36419,Hisse Senedi,unvan
IJK,İSTANBUL PORTFÖY KEREM SERBEST (DÖVİZ) ÖZEL FON,YF,SF,faal,İSTANBUL PORTFÖY YÖNETİMİ A.Ş.,4028328c7850aacc0178b6bcb1795a72,Serbest,unvan
IJL,İSTANBUL PORTFÖY SPİCA SERBEST (DÖVİZ) FON,YF,SF,faal,İSTANBUL PORTFÖY YÖNETİMİ A.Ş.,4028328c794d2f880179f13b872915a8,Serbest,unvan
IJP,İŞ PORTFÖY BLOCKCHAİN TEKNOLOJİLERİ KARMA FON,YF,DG,faal,İŞ PORTFÖY YÖNETİMİ A.Ş.,4028328d7850aacc0178c60572a13dd3,Karma,unvan
IJS,İŞ PORTFÖY TÜRK REASÜRANS SERBEST ÖZEL FON,YF,SF,faal,İŞ PORTFÖY YÖNETİMİ A.Ş.,4028328d7b64858a017b9b388b2f7bd4,Serbest,unvan
IJT,İŞ PORTFÖY TARIM SERBEST FON,YF,SF,faal,İŞ PORTFÖY YÖNETİMİ A.Ş.,4028328d794d3bd7017956048ddb1a5a,Serbest,unvan
IJV,İSTANBUL PORTFÖY BİRİNCİ PARA PİYASASI (TL) FONU,YF,DG,faal,İSTANBUL PORTFÖY YÖNETİMİ A.Ş.,4028328c7850aacc0178b6bb133d5a32,Para Piyasası,unvan
IJZ,İŞ PORTFÖY SİBER GÜVENLİK TEKNOLOJİLERİ DEĞİŞKEN FON,YF,DG,faal,İŞ PORTFÖY YÖNETİMİ A.Ş.,4028328c7902c29d01791dbbfaa6533a,Değişken,unvan
IK2,İŞ PORTFÖY KAR PAYI ÖDEYEN İKİNCİ SERBEST (DÖVİZ) FON,YF,SF,faal,İŞ PORTFÖY YÖNETİMİ A.Ş.,4028328c998ee9d50199ed01224d501b,Serbest,unvan
IKG,AK PORTFÖY YÖNETİMİ A.Ş. İKİNCİ GAYRİMENKUL YATIRIM FONU,GMF,DG,faal,AK PORTFÖY YÖNETİMİ A.Ş.,4028328d65fd445501660fa9b4431800,Diğer,unvan
IKJ,INVEO PORTFÖY YÖNETİMİ A.Ş. EKOLOJİK YATIRIMLAR GİRİŞİM SERMAYESİ YATIRIM FONU,GSF,DG,faal,INVEO PORTFÖY YÖNETİMİ A.Ş.,4028328d8b2fcee7018c8683cb3b174c,Diğer,unvan
IKL,İŞ PORTFÖY SAĞLIK ŞİRKETLERİ KARMA FON,YF,DG,faal,İŞ PORTFÖY YÖNETİMİ A.Ş.,4028328c7707357b017762bee46433c8,Karma,unvan
IKP,İŞ PORTFÖY YENİLENEBİLİR ENERJİ KARMA FON,YF,DG,faal,İŞ PORTFÖY YÖNETİMİ A.Ş.,4028328d77e3fc030177f8252b6b1e6f,Karma,unvan
IKV,İŞ PORTFÖY İKİNCİ KISA VADELİ BORÇLANMA ARAÇLARI (TL) FONU,YF,DG,faal,İŞ PORTFÖY YÖNETİMİ A.Ş.,4028328d976d2b830197a13d76045116,Kısa Vadeli Borçlanma,unvan
ILC,İŞ PORTFÖY ONÜÇÜNCÜ SERBEST (DÖVİZ) FON,YF,SF,faal,İŞ PORTFÖY YÖNETİMİ A.Ş.,4028328c86d2320001870ecd6c1823ee,Serbest,unvan
ILE,İŞ PORTFÖY ANADOLU SİGORTA SERBEST (TL) ÖZEL FON,YF,SF,faal,İŞ PORTFÖY YÖNETİMİ A.Ş.,4028328c86d2320001870ecce37f23cb,Serbest,unvan
ILH,İŞ PORTFÖY BİRİNCİ PARA PİYASASI SERBEST (TL) FON,YF,SF,faal,İŞ PORTFÖY YÖNETİMİ A.Ş.,4028328c86d2320001870ecd479a23e2,Para Piyasası,unvan
ILI,İŞ PORTFÖY İKİNCİ SERBEST (TL) FON,YF,SF,faal,İŞ PORTFÖY YÖNETİMİ A.Ş.,4028328c86d2320001870ecd0b7b23d6,Serbest,unvan
ILM,İSTANBUL PORTFÖY ONUNCU SERBEST FON,YF,SF,faal,İSTANBUL PORTFÖY YÖNETİMİ A.Ş.,4028328c800a1f9f01801cd441ad4af1,Serbest,unvan
ILN,İŞ PORTFÖY YÖNETİMİ A.Ş. FOLKART BİRİNCİ GAYRİMENKUL YATIRIM FONU,GMF,DG,faal,İŞ PORTFÖY YÖNETİMİ A.Ş.,4028328c8b2fcee7018c349b46ac5c06,Diğer,unvan
ILP,İŞ PORTFÖY POLMİNE SERBEST (DÖVİZ) ÖZEL FON,YF,SF,faal,İŞ PORTFÖY YÖNETİMİ A.Ş.,4028328c86d231ff018829d6c160461f,Serbest,unvan
ILT,İŞ PORTFÖY YÖNETİMİ A.Ş. DİJİTAL TEKNOLOJİLER GİRİŞİM SERMAYESİ YATIRIM FONU,GSF,DG,faal,İŞ PORTFÖY YÖNETİMİ A.Ş.,4028328c8588f3010185e8eba36d1b90,Diğer,unvan
ILU,İSTANBUL PORTFÖY ONALTINCI SERBEST FON,YF,SF,faal,İSTANBUL PORTFÖY YÖNETİMİ A.Ş.,4028328d976d2b8301979cb9bcf53253,Serbest,unvan
ILV,İSTANBUL PORTFÖY YÖNETİMİ A.Ş. L2G VENTURES GİRİŞİM SERMAYESİ YATIRIM FONU,GSF,DG,faal,İSTANBUL PORTFÖY YÖNETİMİ A.Ş.,4028328c7da7e73b017f5044b64339e0,Diğer,unvan
ILZ,İŞ PORTFÖY TEMKİNLİ FON SEPETİ FONU,YF,DG,faal,İŞ PORTFÖY YÖNETİMİ A.Ş.,4028328c7707357b0177afeb48512498,Fon Sepeti,unvan
IMB,İSTANBUL PORTFÖY ALGORİTMİK MODEL HİSSE SENEDİ FONU (HİSSE SENEDİ YOĞUN FON),YF,HS,faal,İSTANBUL PORTFÖY YÖNETİMİ A.Ş.,4028328d944ba74401946a675ec06927,Hisse Senedi,unvan
IMF,İSTANBUL PORTFÖY MAESTRO SERBEST FON,YF,SF,faal,İSTANBUL PORTFÖY YÖNETİMİ A.Ş.,4028328c7063ab7f01708691fecc4588,Serbest,unvan
IMG,GARANTİ PORTFÖY ING BANK KAR PAYI ÖDEYEN SERBEST (DÖVİZ) FON,YF,SF,faal,GARANTİ PORTFÖY YÖNETİMİ A.Ş.,4028328c9013796e01903ac131a23dbe,Serbest,unvan
IMH,İŞ PORTFÖY ANADOLU HAYAT EMEKLİLİK SERBEST ÖZEL FON,YF,SF,faal,İŞ PORTFÖY YÖNETİMİ A.Ş.,4028328c6ab78361016b89b5de8933fc,Serbest,unvan
IML,İŞ PORTFÖY MODEL PORTFÖY HİSSE SENEDİ (TL) FONU (HİSSE SENEDİ YOĞUN FON),YF,HS,faal,İŞ PORTFÖY YÖNETİMİ A.Ş.,4028328d919f18490192be995f4c605d,Hisse Senedi,unvan
IMO,İŞ PORTFÖY ODAK SERBEST ÖZEL FON,YF,SF,faal,İŞ PORTFÖY YÖNETİMİ A.Ş.,4028328d644795a90164fe84c49a552a,Serbest,unvan
IMR,İSTANBUL PORTFÖY YÖNETİMİ A.Ş. MYPROJECT GİRİŞİM SERMAYESİ YATIRIM FONU,GSF,DG,faal,İSTANBUL PORTFÖY YÖNETİMİ A.Ş.,4028328d906f407c0190e929b22f44f3,Diğer,unvan
IMS,İŞ PORTFÖY MERMER SERBEST ÖZEL FON,YF,SF,faal,İŞ PORTFÖY YÖNETİMİ A.Ş.,4028328d644795ad0164b2435ba011cf,Serbest,unvan
IMT,İŞ PORTFÖY TOROS SERBEST (DÖVİZ) ÖZEL FON,YF,SF,faal,İŞ PORTFÖY YÖNETİMİ A.Ş.,4028328c6ab78361016b4671fb7a3b78,Serbest,unvan
IMY,İŞ PORTFÖY SKYLARK SERBEST (DÖVİZ) ÖZEL FON,YF,SF,faal,İŞ PORTFÖY YÖNETİMİ A.Ş.,4028328c64479334016585637af247c0,Serbest,unvan
IMZ,İŞ PORTFÖY POYRAZ SERBEST (DÖVİZ) ÖZEL FON,YF,SF,faal,İŞ PORTFÖY YÖNETİMİ A.Ş.,4028328d6ab78640016adf7a43761c39,Serbest,unvan
IN8,INVEO PORTFÖY YÖNETİMİ A.Ş. POLAT VENTURES GİRİŞİM SERMAYESİ YATIRIM FONU,GSF,DG,faal,INVEO PORTFÖY YÖNETİMİ A.Ş.,4028328d838f7dce0183a7380f5a4591,Diğer,unvan
IN9,INVEO PORTFÖY YÖNETİMİ A.Ş. NEFES EGE GAYRİMENKUL YATIRIM FONU,GMF,DG,faal,INVEO PORTFÖY YÖNETİMİ A.Ş.,4028328d8288bc3d0182b5ba38f17af1,Diğer,unvan
INH,GARANTİ PORTFÖY ING BANK ÖZEL BANKACILIK VE PLATİNUM DEĞİŞKEN ÖZEL FON,YF,DG,faal,GARANTİ PORTFÖY YÖNETİMİ A.Ş.,4028328c5fc60da70160f9e738ec6629,Değişken,unvan
INJ,ALBARAKA PORTFÖY YÖNETİMİ A.Ş. İNSHA GİRİŞİM SERMAYESİ YATIRIM FONU,GSF,DG,faal,ALBARAKA PORTFÖY YÖNETİMİ A.Ş.,4028328c8b2fcee8018b810f514f253f,Diğer,unvan
INV,INVEO PORTFÖY İSTATİSTİKSEL ARBİTRAJ KAR PAYI ÖDEYEN SERBEST (TL) ÖZEL FON,YF,SF,faal,INVEO PORTFÖY YÖNETİMİ A.Ş.,4028328c80292449018040f9e1c2638d,Serbest,unvan
INZ,INVEO PORTFÖY İSTATİSTİKSEL ARBİTRAJ SERBEST (TL) FON,YF,SF,faal,INVEO PORTFÖY YÖNETİMİ A.Ş.,4028328c80292449018040f6fb84636d,Serbest,unvan
IO2,INVEO PORTFÖY YÖNETİMİ A.Ş. İKİNCİ GİRİŞİM SERMAYESİ YATIRIM FONU,GSF,DG,faal,INVEO PORTFÖY YÖNETİMİ A.Ş.,4028328c9c81f417019cb92947f75392,Diğer,unvan
IOG,İŞ PORTFÖY GÜMÜŞ SERBEST FON,YF,SF,faal,İŞ PORTFÖY YÖNETİMİ A.Ş.,4028328c758f5dc40175b7aba54d4e14,Kıymetli Madenler,unvan
IOH,İŞ PORTFÖY ONSEKİZİNCİ SERBEST (DÖVİZ) FON,YF,SF,faal,İŞ PORTFÖY YÖNETİMİ A.Ş.,4028328d8b2fcee7018c68535e9a7c44,Serbest,unvan
IOJ,İŞ PORTFÖY EKİM 2026 SERBEST (DÖVİZ) FON,YF,DG,faal,İŞ PORTFÖY YÖNETİMİ A.Ş.,4028328c84399748018466b33f1f103c,Serbest,unvan
IOL,İŞ PORTFÖY OSK SERBEST (DÖVİZ) ÖZEL FON,YF,SF,faal,İŞ PORTFÖY YÖNETİMİ A.Ş.,4028328c838f7bfd01841d464f1f6caf,Serbest,unvan
IOM,İSTANBUL PORTFÖY ONBEŞİNCİ SERBEST FON,YF,SF,faal,İSTANBUL PORTFÖY YÖNETİMİ A.Ş.,4028328c86845fa80186c65b61d81fd7,Serbest,unvan
ION,İSTANBUL PORTFÖY ONİKİNCİ SERBEST FON,YF,SF,faal,İSTANBUL PORTFÖY YÖNETİMİ A.Ş.,4028328d838f7dcd0183cc9f1f425bd6,Serbest,unvan
IOO,İŞ PORTFÖY İKİNCİ PARA PİYASASI (TL) FON,YF,DG,faal,İŞ PORTFÖY YÖNETİMİ A.Ş.,4028328c80e9178f0181058cce4416ab,Para Piyasası,unvan
IOP,İŞ PORTFÖY ODEABANK PARA PİYASASI (TL) FONU,YF,DG,faal,İŞ PORTFÖY YÖNETİMİ A.Ş.,4028328d70abc4de017130550077401f,Para Piyasası,unvan
IOT,AZİMUT PORTFÖY 216 SERBEST (DÖVİZ) ÖZEL FON,YF,SF,faal,AZİMUT PORTFÖY YÖNETİMİ A.Ş.,4028328c8d6db292018da804b4ab5b52,Serbest,unvan
IOV,İSTANBUL PORTFÖY PAPİRUS SERBEST (DÖVİZ) ÖZEL FON,YF,SF,faal,İSTANBUL PORTFÖY YÖNETİMİ A.Ş.,4028328c7d3c2e71017d809fcae303ba,Serbest,unvan
IPA,İŞ PORTFÖY SÜTAŞ HİSSE SENEDİ SERBEST ÖZEL FON (HİSSE SENEDİ YOĞUN FON),YF,HS,faal,İŞ PORTFÖY YÖNETİMİ A.Ş.,33E5FED7E51B00EAE0530A4A622B2AEA,Hisse Senedi,unvan
IPB,İSTANBUL PORTFÖY BİRİNCİ DEĞİŞKEN FON,YF,DG,faal,İSTANBUL PORTFÖY YÖNETİMİ A.Ş.,33E5FED7E53F00EAE0530A4A622B2AEA,Değişken,unvan
IPBIR,INVEO PORTFÖY YÖNETİMİ A.Ş. BİRİNCİ GİRİŞİM SERMAYESİ YATIRIM FONU,GSF,DG,faal,INVEO PORTFÖY YÖNETİMİ A.Ş.,4028328c9c81f417019cb929785253a0,Diğer,unvan
IPC,İŞ PORTFÖY CK SERBEST ÖZEL FON,YF,SF,faal,İŞ PORTFÖY YÖNETİMİ A.Ş.,33E5FED7F06F00EAE0530A4A622B2AEA,Serbest,unvan
IPE,İŞ PORTFÖY ANADOLU SİGORTA SERBEST ÖZEL FON,YF,SF,faal,İŞ PORTFÖY YÖNETİMİ A.Ş.,33E5FED7F1B700EAE0530A4A622B2AEA,Serbest,unvan
IPF,PERFORM PORTFÖY İKİNCİ SERBEST FON,YF,SF,faal,PERFORM PORTFÖY YÖNETİMİ A.Ş.,33E5FED7E91300EAE0530A4A622B2AEA,Serbest,unvan
IPG,İŞ PORTFÖY ATAK FON SEPETİ FONU,YF,SF,faal,İŞ PORTFÖY YÖNETİMİ A.Ş.,33E5FED7F0A700EAE0530A4A622B2AEA,Fon Sepeti,unvan
IPINV,INVEO PORTFÖY YÖNETİMİ A.Ş. INVEO VENTURES GİRİŞİM SERMAYESİ YATIRIM FONU,GSF,DG,faal,INVEO PORTFÖY YÖNETİMİ A.Ş.,4028328c950ba8c601952769090d3d46,Diğer,unvan
IPJ,İŞ PORTFÖY ELEKTRİKLİ ARAÇLAR KARMA FON,YF,DG,faal,İŞ PORTFÖY YÖNETİMİ A.Ş.,4028328d63530eab01638ce7dc647c36,Karma,unvan
IPK,İŞ PORTFÖY KOS SERBEST ÖZEL FON,YF,SF,faal,İŞ PORTFÖY YÖNETİMİ A.Ş.,33E5FED7F07300EAE0530A4A622B2AEA,Serbest,unvan
IPO,İŞ PORTFÖY ONUR SERBEST ÖZEL FON,YF,SF,faal,İŞ PORTFÖY YÖNETİMİ A.Ş.,33E5FED7F07700EAE0530A4A622B2AEA,Serbest,unvan
IPP,PERFORM PORTFÖY BİRİNCİ SERBEST FON,YF,SF,faal,PERFORM PORTFÖY YÖNETİMİ A.Ş.,33E5FED7E90F00EAE0530A4A622B2AEA,Serbest,unvan
IPR,İŞ PORTFÖY ICARUS SERBEST ÖZEL FON,YF,SF,faal,İŞ PORTFÖY YÖNETİMİ A.Ş.,33E5FED7F12300EAE0530A4A622B2AEA,Serbest,unvan
IPU,İŞ PORTFÖY AS SERBEST ÖZEL FON,YF,SF,faal,İŞ PORTFÖY YÖNETİMİ A.Ş.,33E5FED7F11F00EAE0530A4A622B2AEA,Serbest,unvan
IPV,İŞ PORTFÖY EUROBOND BORÇLANMA ARAÇLARI (DÖVİZ) FONU,YF,DG,faal,İŞ PORTFÖY YÖNETİMİ A.Ş.,4028328d57ff66320157ffc47aac034e,Borçlanma Araçları,unvan
IQI,QİNVEST PORTFÖY YÖNETİMİ A.Ş. MACELLAN İLERİ TEKNOLOJİ GİRİŞİM SERMAYESİ YATIRIM FONU,GSF,DG,faal,ASTRA PORTFÖY YÖNETİMİ A.Ş.,4028328d838f7dce0183a29c1d742b4a,Diğer,unvan
IRB,İSTANBUL PORTFÖY İSTATİSTİKSEL ARBİTRAJ HİSSE SENEDİ SERBEST FON (HİSSE SENEDİ YOĞUN FON),YF,HS,faal,İSTANBUL PORTFÖY YÖNETİMİ A.Ş.,4028328c998ee9d5019a96eb50854ef4,Hisse Senedi,unvan
IRD,ÜNLÜ PORTFÖY YÖNETİMİ A.Ş. 4 MEVSİM GİRİŞİM SERMAYESİ YATIRIM FONU,GSF,DG,faal,ÜNLÜ PORTFÖY YÖNETİMİ A.Ş.,4028328c7da7e73d017deca695fe0368,Diğer,unvan
IRE,İŞ PORTFÖY KAR PAYI ÖDEYEN SERBEST (DÖVİZ) FON,YF,SF,faal,İŞ PORTFÖY YÖNETİMİ A.Ş.,4028328c8b2fcee7018d2235b5f7377c,Serbest,unvan
IRF,İSTANBUL PORTFÖY BİRİNCİ FON SEPETİ FONU,YF,DG,faal,İSTANBUL PORTFÖY YÖNETİMİ A.Ş.,4028328c7da7e73c017ee942d99313bd,Fon Sepeti,unvan
IRG,İŞ PORTFÖY YÖNETİMİ A.Ş. DÖRDÜNCÜ GAYRİMENKUL YATIRIM FONU,GMF,DG,faal,İŞ PORTFÖY YÖNETİMİ A.Ş.,4028328c86845fa80186a7c2d9db6b6b,Diğer,unvan
IRH,INVEO PORTFÖY YÖNETİMİ A.Ş. BİRİNCİ KARMA GİRİŞİM SERMAYESİ YATIRIM FONU,GSF,DG,faal,INVEO PORTFÖY YÖNETİMİ A.Ş.,4028328c8f3f759b018faab8e34257b0,Karma,unvan
IRL,İSTANBUL PORTFÖY KEY SERBEST FON,YF,SF,faal,İSTANBUL PORTFÖY YÖNETİMİ A.Ş.,4028328c7da7e73d017deca2cd400346,Serbest,unvan
IRO,İSTANBUL PORTFÖY ROBOTİK TEKNOLOJİLERİ SERBEST FON,YF,SF,faal,İSTANBUL PORTFÖY YÖNETİMİ A.Ş.,4028328c8a99cab8018ad64ec5cc6a6b,Serbest,unvan
IRP,İŞ PORTFÖY YÖNETİMİ A.Ş. AGRO GİRİŞİM SERMAYESİ YATIRIM FONU,GSF,DG,faal,İŞ PORTFÖY YÖNETİMİ A.Ş.,4028328c8588f3010185e8eb7cc11b79,Diğer,unvan
IRT,INVEO PORTFÖY TEKNOLOJİ DEĞİŞKEN FON,YF,DG,faal,INVEO PORTFÖY YÖNETİMİ A.Ş.,4028328d7da7e96e017dc8d1be851091,Değişken,unvan
IRV,İSTANBUL PORTFÖY İSTATİSTİKSEL ARBİTRAJ SERBEST FON,YF,SF,faal,İSTANBUL PORTFÖY YÖNETİMİ A.Ş.,4028328c7da7e73d017deca58a6b0359,Serbest,unvan
IRY,INVEO PORTFÖY PARA PİYASASI (TL) FONU,YF,DG,faal,INVEO PORTFÖY YÖNETİMİ A.Ş.,4028328d86d233be01879dd48a805144,Para Piyasası,unvan
IS2,İSRA GAYRİMENKUL VE GİRİŞİM SERMAYESİ PORTFÖY YÖNETİMİ A.Ş. İKİNCİ PROJE GAYRİMENKUL YATIRIM FONU,GMF,DG,faal,İSRA GAYRİMENKUL VE GİRİŞİM SERMAYESİ PORTFÖY YÖNETİMİ A.Ş.,4028328d9d7b24c8019e253fcc7c50e3,Diğer,unvan
ISGLK,İŞ PORTFÖY ALTIN KATILIM BORSA YATIRIM FONU,BYF,DG,faal,İŞ PORTFÖY YÖNETİMİ A.Ş.,4028328c8e21cef7018e2d7fbcab3103,Kıymetli Madenler,unvan
ISMDL,İŞ PORTFÖY BIST 100 ENDEKSİ MODEL PORTFÖY HİSSE SENEDİ YOĞUN BORSA YATIRIM FONU,BYF,HS,faal,İŞ PORTFÖY YÖNETİMİ A.Ş.,4028328d9f52dddc019fa3aac5b419f8,Hisse Senedi,unvan
ISR,İŞ PORTFÖY BİRİNCİ SERBEST (DÖVİZ) ÖZEL FON,YF,SF,faal,İŞ PORTFÖY YÖNETİMİ A.Ş.,4028328c61c47377016200c6d9d776f9,Serbest,unvan
ISS,İŞ PORTFÖY DEĞER SERBEST ÖZEL FON,YF,SF,faal,İŞ PORTFÖY YÖNETİMİ A.Ş.,33E5FED7E55700EAE0530A4A622B2AEA,Serbest,unvan
IST,İSTANBUL PORTFÖY KISA VADELİ BORÇLANMA ARAÇLARI (TL) FONU,YF,DG,faal,İSTANBUL PORTFÖY YÖNETİMİ A.Ş.,33E5FED7E52300EAE0530A4A622B2AEA,Kısa Vadeli Borçlanma,unvan
ISX30,İŞ PORTFÖY BIST 30 ENDEKSİ HİSSE SENEDİ YOĞUN BORSA YATIRIM FONU,BYF,HS,faal,İŞ PORTFÖY YÖNETİMİ A.Ş.,4028328c9f52dc40019f9495b1f7688b,Hisse Senedi,unvan
ISZ,İŞ PORTFÖY YÖNETİMİ A.Ş. BİRİNCİ GAYRİMENKUL YATIRIM FONU,GMF,DG,faal,İŞ PORTFÖY YÖNETİMİ A.Ş.,4028328d65442dfb0165a49e7c671e6b,Diğer,unvan
ITA,İŞ PORTFÖY ARSLAN SERBEST (DÖVİZ) ÖZEL FON,YF,DG,faal,İŞ PORTFÖY YÖNETİMİ A.Ş.,4028328c8563fcce018581f85d083921,Serbest,unvan
ITC,INVEO PORTFÖY TEMETTÜ ÖDEYEN ŞİRKETLER HİSSE SENEDİ (TL) FONU (HİSSE SENEDİ YOĞUN FON),YF,HS,faal,INVEO PORTFÖY YÖNETİMİ A.Ş.,4028328d9af24264019b31aa584611f4,Hisse Senedi,unvan
ITD,İŞ PORTFÖY TE2 SERBEST (DÖVİZ) ÖZEL FON,YF,SF,faal,İŞ PORTFÖY YÖNETİMİ A.Ş.,4028328c84686b4001848620e75b70ce,Serbest,unvan
ITF,İSTANBUL PORTFÖY YÖNETİMİ A.Ş. DİJİTAL TEKNOLOJİ GİRİŞİM SERMAYESİ YATIRIM FONU,GSF,DG,faal,İSTANBUL PORTFÖY YÖNETİMİ A.Ş.,4028328c760074830176047b662c0c93,Diğer,unvan
ITG,İŞ PORTFÖY YÖNETİMİ A.Ş. QUASAR İSTANBUL TİCARİ GAYRİMENKUL YATIRIM FONU,GMF,DG,faal,İŞ PORTFÖY YÖNETİMİ A.Ş.,4028328d683d682b01689f3df1695567,Diğer,unvan
ITH,İSTANBUL PORTFÖY YÖNETİMİ A.Ş. ONE LIFE VENTURES GİRİŞİM SERMAYESİ YATIRIM FONU,GSF,DG,faal,İSTANBUL PORTFÖY YÖNETİMİ A.Ş.,4028328d7afb2dbd017b544f7b965239,Diğer,unvan
ITJ,İSTANBUL PORTFÖY SEKİZİNCİ SERBEST FON,YF,SF,faal,İSTANBUL PORTFÖY YÖNETİMİ A.Ş.,4028328c7812c9c301781c8b71e15bcf,Serbest,unvan
ITL,İŞ PORTFÖY ÖPY DELTA SERBEST (TL) ÖZEL FON,YF,DG,faal,İŞ PORTFÖY YÖNETİMİ A.Ş.,4028328d838f7dcd0183f02d1ab162d2,Serbest,unvan
ITN,İSTANBUL PORTFÖY YÖNETİMİ A.Ş. METİS VENTURES GİRİŞİM SERMAYESİ YATIRIM FONU,GSF,DG,faal,İSTANBUL PORTFÖY YÖNETİMİ A.Ş.,4028328d906f407c0190e9297ef544e8,Diğer,unvan
ITP,İŞ PORTFÖY TEKNOLOJİ KARMA FON,YF,DG,faal,İŞ PORTFÖY YÖNETİMİ A.Ş.,4028328c767baf670176ada4851c521b,Karma,unvan
ITR,İŞ PORTFÖY TE1 SERBEST ÖZEL FON,YF,SF,faal,İŞ PORTFÖY YÖNETİMİ A.Ş.,4028328c84686b4001848617d8c56fdb,Serbest,unvan
ITT,İSTANBUL PORTFÖY YÖNETİMİ A.Ş. TT VENTURES GİRİŞİM SERMAYESİ YATIRIM FONU,GSF,DG,faal,İSTANBUL PORTFÖY YÖNETİMİ A.Ş.,4028328c838f7bfc0183cad605e95676,Diğer,unvan
ITU,MAXİS GİRİŞİM SERMAYESİ PORTFÖY YÖNETİMİ A.Ş. İTÜ ARI TEKNOKENT GİRİŞİM SERMAYESİ YATIRIM FONU,GSF,DG,faal,MAXİS GİRİŞİM SERMAYESİ PORTFÖY YÖNETİMİ A.Ş.,4028328c998ee9d50199e20899a910cf,Diğer,unvan
ITV,İŞ PORTFÖY ALTINCI SERBEST (DÖVİZ) FON,YF,DG,faal,İŞ PORTFÖY YÖNETİMİ A.Ş.,4028328c7da7e73b017eaff2367b0564,Serbest,unvan
ITY,AZİMUT PORTFÖY YÖNETİMİ A.Ş. İLERİ TEKNOLOJİLER VE YAPAY ZEKA GİRİŞİM SERMAYESİ YATIRIM FONU,GSF,DG,faal,AZİMUT PORTFÖY YÖNETİMİ A.Ş.,4028328d919f184a01927060b1b94bcc,Diğer,unvan
ITZ,İŞ PORTFÖY ATLAS SERBEST (DÖVİZ) ÖZEL FON,YF,SF,faal,İŞ PORTFÖY YÖNETİMİ A.Ş.,4028328c8b2fcee7018d22358b743771,Serbest,unvan
IUA,İSTANBUL PORTFÖY KARYA SERBEST (DÖVİZ) FON,YF,SF,faal,İSTANBUL PORTFÖY YÖNETİMİ A.Ş.,4028328d812b6aea0181811f68925b4c,Serbest,unvan
IUB,İŞ PORTFÖY EVREN SERBEST (DÖVİZ) ÖZEL FON,YF,SF,faal,İŞ PORTFÖY YÖNETİMİ A.Ş.,4028328d81fdc61c018225e53f1725cf,Serbest,unvan
IUC,INVEO PORTFÖY GEDİK YATIRIM SERBEST (TL) ÖZEL FON,YF,SF,faal,INVEO PORTFÖY YÖNETİMİ A.Ş.,4028328d8029261b0180d1ba01666a50,Serbest,unvan
IUF,İŞ PORTFÖY YEDİNCİ SERBEST (DÖVİZ-AVRO) FON,YF,DG,faal,İŞ PORTFÖY YÖNETİMİ A.Ş.,4028328d7da7e96d017ec4cef2ce5f79,Serbest,unvan
IUG,AK PORTFÖY YÖNETİMİ A.Ş. ÜÇÜNCÜ GİRİŞİM SERMAYESİ YATIRIM FONU,GSF,DG,faal,AK PORTFÖY YÖNETİMİ A.Ş.,4028328d767bb19d01768ad54d8750ea,Diğer,unvan
IUH,INVEO PORTFÖY DÖNÜŞTÜRÜCÜ TEKNOLOJİLER FON SEPETİ FONU,YF,DG,faal,INVEO PORTFÖY YÖNETİMİ A.Ş.,4028328d8029261b0180cbd4c32539d7,Fon Sepeti,unvan
IUL,AZİMUT PORTFÖY YÖNETİMİ A.Ş. İNAN 3 ÖZEL GAYRİMENKUL YATIRIM FONU,GMF,DG,faal,AZİMUT PORTFÖY YÖNETİMİ A.Ş.,4028328c90effe4c01910e58289f4ea2,Diğer,unvan
IUM,İŞ PORTFÖY HK SERBEST (DÖVİZ) ÖZEL FON,YF,DG,faal,İŞ PORTFÖY YÖNETİMİ A.Ş.,4028328d7da7e96d017ede6e89e763c4,Serbest,unvan
IUN,İŞ PORTFÖY YELKEN SERBEST (DÖVİZ) ÖZEL FON,YF,DG,faal,İŞ PORTFÖY YÖNETİMİ A.Ş.,4028328d7da7e96d017ede6fcb6863dc,Serbest,unvan
IUV,İŞ PORTFÖY BEŞİNCİ SERBEST (DÖVİZ) FON,YF,DG,faal,İŞ PORTFÖY YÖNETİMİ A.Ş.,4028328d7da7e96d017ec4d0099b5f90,Serbest,unvan
IUZ,İŞ PORTFÖY ANADOLUBANK PARA PİYASASI (TL) FONU,YF,DG,faal,İŞ PORTFÖY YÖNETİMİ A.Ş.,4028328d7da7e96d017ec4cd99025f5f,Para Piyasası,unvan
IV1,INVEO PORTFÖY YÖNETİMİ A.Ş. BİRİNCİ TEKNOLOJİ GİRİŞİM SERMAYESİ YATIRIM FONU,GSF,DG,faal,INVEO PORTFÖY YÖNETİMİ A.Ş.,4028328d838f7dce0183e9c95cac3796,Diğer,unvan
IV2,PHİLLİP PORTFÖY ARİSTA SERBEST FON,YF,SF,faal,PHİLLİP PORTFÖY YÖNETİMİ A.Ş.,4028328d84686d110184762742af1f51,Serbest,unvan
IV3,INVEO PORTFÖY YÖNETİMİ A.Ş. INVEO VENTURES CO-INVESTMENT GİRİŞİM SERMAYESİ YATIRIM FONU,GSF,DG,faal,INVEO PORTFÖY YÖNETİMİ A.Ş.,4028328d838f7dce0183e9ca1c4137a5,Diğer,unvan
IV4,INVEO PORTFÖY YÖNETİMİ A.Ş. FOUNDERS GİRİŞİM SERMAYESİ YATIRIM FONU,GSF,DG,faal,INVEO PORTFÖY YÖNETİMİ A.Ş.,4028328d838f7dce0183e9cadd9337b7,Diğer,unvan
IV6,INVEO PORTFÖY TE3 SERBEST (DÖVİZ) ÖZEL FON,YF,SF,faal,INVEO PORTFÖY YÖNETİMİ A.Ş.,4028328d84686d1001850a2a0f934894,Serbest,unvan
IV7,INVEO PORTFÖY BEŞER SERBEST (TL) ÖZEL FON,YF,SF,faal,INVEO PORTFÖY YÖNETİMİ A.Ş.,4028328c84686b410184e7db3b123d56,Serbest,unvan
IV8,INVEO PORTFÖY KİRA SERTİFİKALARI KATILIM FONU,YF,KTF,faal,INVEO PORTFÖY YÖNETİMİ A.Ş.,4028328c8f3f759b018f7c57aecb2852,Katılım,unvan
IVA,İSTANBUL PORTFÖY BAYRAKTAR SERBEST ÖZEL FON,YF,DG,faal,İSTANBUL PORTFÖY YÖNETİMİ A.Ş.,4028328c7da7e73b017e52273d170bbe,Serbest,unvan
IVB,INVEO PORTFÖY YÖNETİMİ A.Ş. BİRİNCİ SANAYİ GAYRİMENKUL YATIRIM FONU,GMF,DG,faal,INVEO PORTFÖY YÖNETİMİ A.Ş.,4028328d8b2fcee7018b904aafab3d4e,Diğer,unvan
IVE,QİNVEST PORTFÖY YÖNETİMİ A.Ş. BİRİNCİ GİRİŞİM SERMAYESİ YATIRIM FONU,GSF,DG,faal,ASTRA PORTFÖY YÖNETİMİ A.Ş.,4028328c906f3e7c0190cb5b8d8a27bb,Diğer,unvan
IVF,İSTANBUL PORTFÖY KATILIM HİSSE SENEDİ (TL) FONU (HİSSE SENEDİ YOĞUN FON),YF,HS,faal,İSTANBUL PORTFÖY YÖNETİMİ A.Ş.,4028328c7da7e73d017e583a9c153ad3,Hisse Senedi,unvan
IVG,ROTA PORTFÖY YÖNETİMİ A.Ş. PİN İÇECEK VE GIDA TEKNOLOJİLERİ GİRİŞİM SERMAYESİ YATIRIM FONU,GSF,DG,faal,ROTA PORTFÖY YÖNETİMİ A.Ş.,4028328d976d2b830197a1dac4996cd8,Diğer,unvan
IVM,HEDEF PORTFÖY YÖNETİMİ A.Ş.İVME GİRİŞİM SERMAYESİ YATIRIM FONU,GSF,DG,faal,HEDEF PORTFÖY YÖNETİMİ A.Ş.,4028328d95959cc70195f650e1664e31,Diğer,unvan
IVS,İSTANBUL PORTFÖY İKİNCİ İSTATİSTİKSEL ARBİTRAJ SERBEST FON,YF,SF,faal,İSTANBUL PORTFÖY YÖNETİMİ A.Ş.,4028328c8304fea80183658c321f1d3e,Serbest,unvan
IVY,İSTANBUL PORTFÖY BLOCKCHAIN TEKNOLOJİLERİ DEĞİŞKEN FON,YF,DG,faal,İSTANBUL PORTFÖY YÖNETİMİ A.Ş.,4028328c7bf4b5e4017c55ec751343b1,Değişken,unvan
IY1,İSRA GAYRİMENKUL VE GİRİŞİM SERMAYESİ PORTFÖY YÖNETİMİ A.Ş V STATÜ GAYRİMENKUL YATIRIM FONU,GMF,DG,faal,İSRA GAYRİMENKUL VE GİRİŞİM SERMAYESİ PORTFÖY YÖNETİMİ A.Ş.,4028328c930ce8de01932b15a36148fe,Diğer,unvan
IY2,İSRA GAYRİMENKUL VE GİRİŞİM SERMAYESİ PORTFÖY YÖNETİMİ A.Ş İKİNCİ GAYRİMENKUL YATIRIM FONU,GMF,DG,faal,İSRA GAYRİMENKUL VE GİRİŞİM SERMAYESİ PORTFÖY YÖNETİMİ A.Ş.,4028328c930ce8de01932b1583be48ed,Diğer,unvan
IY3,İSRA GAYRİMENKUL VE GİRİŞİM SERMAYESİ PORTFÖY YÖNETİMİ A.Ş. BİRİNCİ PROJE GAYRİMENKUL YATIRIM FONU,GMF,DG,faal,İSRA GAYRİMENKUL VE GİRİŞİM SERMAYESİ PORTFÖY YÖNETİMİ A.Ş.,4028328d969f295601975ecce4d90246,Diğer,unvan
IYB,AURA PORTFÖY DEĞİŞKEN FON,YF,DG,faal,AURA PORTFÖY YÖNETİMİ A.Ş.,33E5FED7E50F00EAE0530A4A622B2AEA,Değişken,unvan
IYG,İŞ PORTFÖY YÖNETİMİ A.Ş. YENİLENEBİLİR ENERJİ GİRİŞİM SERMAYESİ YATIRIM FONU,GSF,DG,faal,İŞ PORTFÖY YÖNETİMİ A.Ş.,4028328c7580088201758d258b432f88,Diğer,unvan
IYP,İSTANBUL PORTFÖY YILDIZ SERBEST ÖZEL FON,YF,SF,faal,İSTANBUL PORTFÖY YÖNETİMİ A.Ş.,4028328d767bb19c01768a9879d6354f,Serbest,unvan
IYR,İŞ PORTFÖY HEDEF SERBEST FON,YF,SF,faal,İŞ PORTFÖY YÖNETİMİ A.Ş.,33E5FED7E55300EAE0530A4A622B2AEA,Serbest,unvan
IYS,İŞ PORTFÖY SÜTAŞ SERBEST ÖZEL FON,YF,SF,faal,İŞ PORTFÖY YÖNETİMİ A.Ş.,33E5FED7E51300EAE0530A4A622B2AEA,Serbest,unvan
IYV,İSTANBUL PORTFÖY AŞİYAN SERBEST FON,YF,SF,faal,İSTANBUL PORTFÖY YÖNETİMİ A.Ş.,4028328c998ee9d5019a162b553a1d7e,Serbest,unvan
IZA,AZİMUT PORTFÖY İNAN2 SERBEST ÖZEL FON,YF,SF,faal,AZİMUT PORTFÖY YÖNETİMİ A.Ş.,4028328c8b2fcee7018c6db8b70b667a,Serbest,unvan
IZB,İSTANBUL PORTFÖY BİRİNCİ FON SEPETİ SERBEST FON,YF,SF,faal,İSTANBUL PORTFÖY YÖNETİMİ A.Ş.,4028328d7850aacb017863e704316469,Fon Sepeti,unvan
IZE,İŞ PORTFÖY ÜÇÜNCÜ SERBEST (DÖVİZ) ÖZEL FON,YF,SF,faal,İŞ PORTFÖY YÖNETİMİ A.Ş.,4028328d7bf4b81d017c502966b436d5,Serbest,unvan
IZL,İŞ PORTFÖY EYLÜL 2027 SERBEST (DÖVİZ) FON,YF,SF,faal,İŞ PORTFÖY YÖNETİMİ A.Ş.,4028328c7da7e73c017f736f3bcf5a75,Serbest,unvan
IZS,İSTANBUL PORTFÖY ALTINCI SERBEST FON,YF,SF,faal,İSTANBUL PORTFÖY YÖNETİMİ A.Ş.,4028328d71bc3c630171c6312bf454cd,Serbest,unvan
IZV,İSTANBUL PORTFÖY ATLANTİK SERBEST (TL) ÖZEL FON,YF,SF,faal,İSTANBUL PORTFÖY YÖNETİMİ A.Ş.,4028328d7707357f01771e6764213feb,Serbest,unvan
IZY,İŞ PORTFÖY ONYEDİNCİ SERBEST (DÖVİZ) FON,YF,SF,faal,İŞ PORTFÖY YÖNETİMİ A.Ş.,4028328d8b2fcee7018bdd35f9311c4d,Serbest,unvan
JET,ATA PORTFÖY HAVACILIK VE SAVUNMA TEKNOLOJİLERİ DEĞİŞKEN FONU,YF,DG,faal,ATA PORTFÖY YÖNETİMİ A.Ş.,4028328d8e21d0ec018ef6b1012a047a,Değişken,unvan
JOT,İŞ PORTFÖY JOTANTA SERBEST (DÖVİZ) ÖZEL FON,YF,DG,faal,İŞ PORTFÖY YÖNETİMİ A.Ş.,4028328d8e21d0ec018ebddcd33030a0,Serbest,unvan
JOY,BV PORTFÖY YÖNETİMİ A.Ş. JOYGAME PRE-IPO GİRİŞİM SERMAYESİ YATIRIM FONU,GSF,DG,faal,BV PORTFÖY YÖNETİMİ A.Ş.,4028328d8b2fcee7018c113746232e03,Diğer,unvan
JST,AK PORTFÖY YÖNETİMİ A.Ş. J-START ÖZEL GİRİŞİM SERMAYESİ YATIRIM FONU,GSF,DG,faal,AK PORTFÖY YÖNETİMİ A.Ş.,4028328d8b2fcee7018cf3d0d14a59e9,Diğer,unvan
JUP,AURA PORTFÖY JÜPİTER SERBEST (DÖVİZ) FON,YF,SF,faal,AURA PORTFÖY YÖNETİMİ A.Ş.,4028328d8f3f7793018f7244dd8118d9,Serbest,unvan
KAC,EMLAK KATILIM PORTFÖY KISA VADELİ KATILIM SERBEST (TL) FON,YF,KTF,faal,EMLAK KATILIM PORTFÖY YÖNETİMİ A.Ş.,4028328d81fdc61c018243dd6ee936f5,Kısa Vadeli Borçlanma,unvan
KAN,KUVEYT TÜRK PORTFÖY ALTIN KATILIM SERBEST FON,YF,KTF,faal,KUVEYT TÜRK PORTFÖY YÖNETİMİ A.Ş.,4028328d969f295601970cd3d01d0ece,Kıymetli Madenler,unvan
KAV,KUVEYT TÜRK PORTFÖY ALTINCI KATILIM SERBEST (DÖVİZ-AVRO) FON,YF,KTF,faal,KUVEYT TÜRK PORTFÖY YÖNETİMİ A.Ş.,4028328c819d4b9e0181afa9467c668d,Katılım,unvan
KBG,KIZILAY GAYRİMENKUL VE GİRİŞİM SERMAYESİ PORTFÖY YÖNETİMİ A.Ş.BİRİNCİ GİRİŞİM SERMAYESİ YATIRIM FONU,GSF,DG,faal,KIZILAY GAYRİMENKUL VE GİRİŞİM SERMAYESİ PORTFÖY YÖNETİMİ A.Ş.,4028328c767baf6701769398147d6af1,Diğer,unvan
KBI,KIZILAY GAYRİMENKUL VE GİRİŞİM SERMAYESİ PORTFÖY YÖNETİMİ A.Ş. BİYOTEKNOLOJİ VE SAĞLIK GİRİŞİM SERMAYESİ YATIRIM FONU,GSF,DG,faal,KIZILAY GAYRİMENKUL VE GİRİŞİM SERMAYESİ PORTFÖY YÖNETİMİ A.Ş.,4028328c767baf680176d803d9010973,Diğer,unvan
KBJ,STRATEJİ PORTFÖY KİBELE KAR PAYI ÖDEYEN HİSSE SENEDİ SERBEST FON (HİSSE SENEDİ YOĞUN FON),YF,HS,faal,STRATEJİ PORTFÖY YÖNETİMİ A.Ş.,4028328d8e21d0ec018e3715c5290a27,Hisse Senedi,unvan
KBN,KUVEYT TÜRK PORTFÖY YÖNETİMİ A.Ş. BİRİNCİ KARMA GAYRİMENKUL YATIRIM FONU,GMF,DG,faal,KUVEYT TÜRK PORTFÖY YÖNETİMİ A.Ş.,4028328d949955a90194fa7f27797342,Karma,unvan
KBP,KUVEYT TÜRK PORTFÖY PY KATILIM HİSSE SENEDİ SERBEST ÖZEL FON (HİSSE SENEDİ YOĞUN FON),YF,HS,faal,KUVEYT TÜRK PORTFÖY YÖNETİMİ A.Ş.,4028328d93c3b68c0194166dd8467468,Hisse Senedi,unvan
KBV,KALKINMA GİRİŞİM SERMAYESİ PORTFÖY YÖNETİMİ A.Ş. BİRİNCİ GİRİŞİM SERMAYESİ YATIRIM FONU,GSF,DG,faal,KALKINMA GİRİŞİM SERMAYESİ PORTFÖY YÖNETİMİ A.Ş.,4028328c9af2405e019b276774596d8f,Diğer,unvan
KBZ,KUVEYT TÜRK PORTFÖY SBZ KATILIM SERBEST (DÖVİZ) ÖZEL FON,YF,KTF,faal,KUVEYT TÜRK PORTFÖY YÖNETİMİ A.Ş.,4028328c950ba8c70195663053187dea,Katılım,unvan
KCG,KIZILAY GAYRİMENKUL VE GİRİŞİM SERMAYESİ PORTFÖY YÖNETİMİ A.Ş. ETKİ YATIRIM GİRİŞİM SERMAYESİ YATIRIM FONU,GSF,DG,faal,KIZILAY GAYRİMENKUL VE GİRİŞİM SERMAYESİ PORTFÖY YÖNETİMİ A.Ş.,4028328c767baf670176939bfe906b1a,Diğer,unvan
KCI,PARDUS PORTFÖY YÖNETİMİ A.Ş. İKİNCİ GAYRİMENKUL YATIRIM FONU,GMF,DG,faal,PARDUS PORTFÖY YÖNETİMİ A.Ş.,4028328c8d6db292018dac7211ae7d8a,Diğer,unvan
KCL,KARE PORTFÖY ÇOKLU VARLIK KATILIM FONU,YF,KTF,faal,KARE PORTFÖY YÖNETİMİ A.Ş.,4028328c93c3b40d019427222be50ac0,Katılım,unvan
KCN,ASTRA PORTFÖY İKİNCİ HİSSE SENEDİ SERBEST (TL) FON (HİSSE SENEDİ YOĞUN FON),YF,HS,faal,ASTRA PORTFÖY YÖNETİMİ A.Ş.,4028328c88c529ea018930ba71454fa5,Hisse Senedi,unvan
KCR,AK PORTFÖY KÜLÇE ALTIN KATILIM FONU,YF,KTF,faal,AK PORTFÖY YÖNETİMİ A.Ş.,4028328c9ec11d3d019ed087d4724460,Kıymetli Madenler,unvan
KCV,KUVEYT TÜRK PORTFÖY ÇOKLU VARLIK KATILIM FONU,YF,KTF,faal,KUVEYT TÜRK PORTFÖY YÖNETİMİ A.Ş.,4028328d84686d1001853f52a2c47794,Katılım,unvan
KDE,KUVEYT TÜRK PORTFÖY DENGELİ KATILIM FONU,YF,KTF,faal,KUVEYT TÜRK PORTFÖY YÖNETİMİ A.Ş.,4028328c969f29550196ce8e3f4e2120,Katılım,unvan
KDI,KARE PORTFÖY İKİNCİ SERBEST (DÖVİZ) FON,YF,SF,faal,KARE PORTFÖY YÖNETİMİ A.Ş.,4028328c8e21cef8018e9997e1e307e5,Serbest,unvan
KDK,KUVEYT TÜRK PORTFÖY BİRİNCİ KATILIM SERBEST (DÖVİZ- ABD DOLARI) ÖZEL FON,YF,KTF,faal,KUVEYT TÜRK PORTFÖY YÖNETİMİ A.Ş.,4028328c84686b4001853f5320b14447,Katılım,unvan
KDL,KUVEYT TÜRK PORTFÖY BEŞİNCİ KATILIM SERBEST (DÖVİZ) FON,YF,KTF,faal,KUVEYT TÜRK PORTFÖY YÖNETİMİ A.Ş.,4028328c819d4b9e0181afa870606652,Katılım,unvan
KDO,İŞ PORTFÖY KATILIM SERBEST (DÖVİZ-AVRO) FON,YF,SF,faal,İŞ PORTFÖY YÖNETİMİ A.Ş.,4028328c998ee9d7019a58dc0f77173d,Katılım,unvan
KDS,KUVEYT TÜRK PORTFÖY YEDİNCİ KATILIM SERBEST (DÖVİZ) FON,YF,KTF,faal,KUVEYT TÜRK PORTFÖY YÖNETİMİ A.Ş.,4028328c861839b201864f38bb7e0ebf,Katılım,unvan
KDT,GARANTİ PORTFÖY KATILIM SERBEST (DÖVİZ) FON,YF,KTF,faal,GARANTİ PORTFÖY YÖNETİMİ A.Ş.,4028328d8e21d0ec018ebdf1da51279c,Katılım,unvan
KDV,KUVEYT TÜRK PORTFÖY DOKUZUNCU KATILIM SERBEST (DÖVİZ) FON,YF,KTF,faal,KUVEYT TÜRK PORTFÖY YÖNETİMİ A.Ş.,4028328d9132fce701914c32b15c0423,Katılım,unvan
KDZ,KUVEYT TÜRK PORTFÖY SEKİZİNCİ KATILIM SERBEST (DÖVİZ) FON,YF,SF,faal,KUVEYT TÜRK PORTFÖY YÖNETİMİ A.Ş.,4028328c8b2fcee8018d5a8a48355056,Katılım,unvan
KEA,KATILIM EMEKLİLİK VE HAYAT A.Ş. KATILIM KATKI EMEKLİLİK YATIRIM FONU,EYF,,faal,KATILIM EMEKLİLİK VE HAYAT A.Ş,33E5FED7F00F00EAE0530A4A622B2AEA,Katılım,unvan
KEB,KATILIM EMEKLİLİK VE HAYAT A.Ş. KATILIM STANDART EMEKLİLİK YATIRIM FONU,EYF,,faal,KATILIM EMEKLİLİK VE HAYAT A.Ş,33E5FED7F02700EAE0530A4A622B2AEA,Katılım,unvan
KED,KATILIM EMEKLİLİK VE HAYAT A.Ş. GENÇLERE YÖNELİK ATAK KATILIM DEĞİŞKEN EMEKLİLİK YATIRIM FONU,EYF,,faal,KATILIM EMEKLİLİK VE HAYAT A.Ş,4028328c69d88eee0169fba70eb35842,Katılım,unvan
KEF,KATILIM EMEKLİLİK VE HAYAT A.Ş. ALTIN KATILIM EMEKLİLİK YATIRIM FONU,EYF,,faal,KATILIM EMEKLİLİK VE HAYAT A.Ş,33E5FED7F02B00EAE0530A4A622B2AEA,Kıymetli Madenler,unvan
KEG,KATILIM EMEKLİLİK VE HAYAT A.Ş. DENGELİ KATILIM DEĞİŞKEN EMEKLİLİK YATIRIM FONU,EYF,,faal,KATILIM EMEKLİLİK VE HAYAT A.Ş,33E5FED7F01300EAE0530A4A622B2AEA,Katılım,unvan
KEH,KATILIM EMEKLİLİK VE HAYAT A.Ş. KATILIM HİSSE SENEDİ EMEKLİLİK YATIRIM FONU,EYF,,faal,KATILIM EMEKLİLİK VE HAYAT A.Ş,33E5FED7F02F00EAE0530A4A622B2AEA,Hisse Senedi,unvan
KEI,KUVEYT TÜRK PORTFÖY KATILIM EMEKLİLİK İKİNCİ KATILIM SERBEST ÖZEL FON,YF,KTF,faal,KUVEYT TÜRK PORTFÖY YÖNETİMİ A.Ş.,4028328c949953a00194ac5679b43d8d,Katılım,unvan
KEK,KATILIM EMEKLİLİK VE HAYAT A.Ş. KATILIM DEĞİŞKEN GRUP EMEKLİLİK YATIRIM FONU,EYF,,faal,KATILIM EMEKLİLİK VE HAYAT A.Ş,33E5FED7EFBB00EAE0530A4A622B2AEA,Katılım,unvan
KEO,KUVEYT TÜRK PORTFÖY KATILIM EMEKLİLİK BİRİNCİ KATILIM SERBEST ÖZEL FON,YF,KTF,faal,KUVEYT TÜRK PORTFÖY YÖNETİMİ A.Ş.,4028328c949953a00194ac56a3fe3d98,Katılım,unvan
KES,KATILIM EMEKLİLİK VE HAYAT A.Ş AGRESİF KATILIM DEĞİŞKEN (DÖVİZ) EMEKLİLİK YATIRIM FONU,EYF,,faal,KATILIM EMEKLİLİK VE HAYAT A.Ş,33E5FED7F07F00EAE0530A4A622B2AEA,Katılım,unvan
KET,KATILIM EMEKLİLİK VE HAYAT A.Ş. OKS ATAK KATILIM DEĞİŞKEN EMEKLİLİK YATIRIM FONU,OKS,DG,faal,KATILIM EMEKLİLİK VE HAYAT A.Ş,4028328d5fc610270160027d52901a2d,Katılım,unvan
KEU,KUVEYT TÜRK PORTFÖY ONUNCU KATILIM SERBEST (DÖVİZ-AVRO) FON,YF,KTF,faal,KUVEYT TÜRK PORTFÖY YÖNETİMİ A.Ş.,4028328d9132fce701914c3210f40411,Katılım,unvan
KEY,KATILIM EMEKLİLİK VE HAYAT A.Ş. BAŞLANGIÇ KATILIM EMEKLİLİK YATIRIM FONU,OKS,DG,faal,KATILIM EMEKLİLİK VE HAYAT A.Ş,4028328c588c1d62015945d62b210f50,Katılım,unvan
KEZ,KATILIM EMEKLİLİK VE HAYAT A.Ş. OKS AGRESİF KATILIM DEĞİŞKEN EMEKLİLİK YATIRIM FONU,OKS,DG,faal,KATILIM EMEKLİLİK VE HAYAT A.Ş,4028328d5fc61027016002808bdd1a7e,Katılım,unvan
KFE,KATILIM EMEKLİLİK VE HAYAT A.Ş. KUVEYT TÜRK KATILIM FON SEPETİ EMEKLİLİK YATIRIM FONU,EYF,,faal,KATILIM EMEKLİLİK VE HAYAT A.Ş,4028328d95959cc60195a376351d13b7,Fon Sepeti,unvan
KFO,KALKINMA GİRİŞİM SERMAYESİ PORTFÖY YÖNETİMİ A.Ş. FON SEPETİ GİRİŞİM SERMAYESİ YATIRIM FONU,GSF,DG,faal,KALKINMA GİRİŞİM SERMAYESİ PORTFÖY YÖNETİMİ A.Ş.,4028328c9af2405e019b2767474c6d81,Fon Sepeti,unvan
KFZ,KUVEYT TÜRK PORTFÖY KFZ KATILIM SERBEST ÖZEL FON,YF,KTF,faal,KUVEYT TÜRK PORTFÖY YÖNETİMİ A.Ş.,4028328c8e21cef8018e9e1e9e0b4b4d,Katılım,unvan
KG1,KALKINMA GİRİŞİM SERMAYESİ PORTFÖY YÖNETİMİ A.Ş. KALKINMA ODTÜ TEKNOKENT GİRİŞİM SERMAYESİ YATIRIM FONU,GSF,DG,faal,KALKINMA GİRİŞİM SERMAYESİ PORTFÖY YÖNETİMİ A.Ş.,4028328d84686d1201852e6ee4496589,Diğer,unvan
KGB,KIZILAY GAYRİMENKUL VE GİRİŞİM SERMAYESİ PORTFÖY YÖNETİMİ A.Ş. BİRİNCİ GAYRİMENKUL YATIRIM FONU,GMF,DG,faal,KIZILAY GAYRİMENKUL VE GİRİŞİM SERMAYESİ PORTFÖY YÖNETİMİ A.Ş.,4028328d7063adca0170a0e0a51a0db4,Diğer,unvan
KGC,KATILIM EMEKLİLİK VE HAYAT A.Ş. GÜMÜŞ KATILIM EMEKLİLİK YATIRIM FONU,EYF,,faal,KATILIM EMEKLİLİK VE HAYAT A.Ş,4028328c991da58501992ef4eeca5e73,Kıymetli Madenler,unvan
KGG,KIZILAY GAYRİMENKUL VE GİRİŞİM SERMAYESİ PORTFÖY YÖNETİMİ A.Ş. İKİNCİ GAYRİMENKUL YATIRIM FONU,GMF,DG,faal,KIZILAY GAYRİMENKUL VE GİRİŞİM SERMAYESİ PORTFÖY YÖNETİMİ A.Ş.,4028328c838f7bfc0183c1b2712521b9,Diğer,unvan
KGI,KALKINMA GİRİŞİM SERMAYESİ PORTFÖY YÖNETİMİ A.Ş.KALKINMA KATILIM GİRİŞİM SERMAYESİ YATIRIM FONU,GSF,KTF,faal,KALKINMA GİRİŞİM SERMAYESİ PORTFÖY YÖNETİMİ A.Ş.,4028328c794d2f8a0179a302828b4359,Katılım,unvan
KGK,KALKINMA GİRİŞİM SERMAYESİ PORTFÖY YÖNETİMİ A.Ş.YENİLİKÇİ VE İLERİ TEKNOLOJİLER KATILIM GİRİŞİM SERMAYESİ YATIRIM FONU,GSF,KTF,faal,KALKINMA GİRİŞİM SERMAYESİ PORTFÖY YÖNETİMİ A.Ş.,4028328c794d2f8a0179a3036e194368,Katılım,unvan
KGM,KUVEYT TÜRK PORTFÖY GÜMÜŞ KATILIM FON SEPETİ FONU,YF,KTF,faal,KUVEYT TÜRK PORTFÖY YÖNETİMİ A.Ş.,4028328c919f164b0191c218db9b078b,Fon Sepeti,unvan
KH1,AK PORTFÖY KATILIM HİSSE SENEDİ FONU (HİSSE SENEDİ YOĞUN FON),YF,HS,faal,AK PORTFÖY YÖNETİMİ A.Ş.,4028328c98455aeb0198563cdcbd4e3a,Hisse Senedi,unvan
KHA,PARDUS PORTFÖY İKİNCİ HİSSE SENEDİ (TL) FONU (HİSSE SENEDİ YOĞUN FON),YF,HS,faal,PARDUS PORTFÖY YÖNETİMİ A.Ş.,4028328c8b2fcee8018cd9ebc25a3fba,Hisse Senedi,unvan
KHB,KARE PORTFÖY BİST 100 DIŞI ŞİRKETLER HİSSE SENEDİ FONU (HİSSE SENEDİ YOĞUN FON),YF,HS,faal,KARE PORTFÖY YÖNETİMİ A.Ş.,4028328c93c3b40d019427227a180ace,Hisse Senedi,unvan
KHC,PARDUS PORTFÖY KATILIM HİSSE SENEDİ (TL) FONU (HİSSE SENEDİ YOĞUN FON),YF,HS,faal,PARDUS PORTFÖY YÖNETİMİ A.Ş.,4028328c8b2fcee8018cda086375435d,Hisse Senedi,unvan
KHD,ATLAS PORTFÖY İKİNCİ KATILIM HİSSE SENEDİ SERBEST FON (HİSSE SENEDİ YOĞUN FON),YF,HS,faal,ATLAS PORTFÖY YÖNETİMİ A.Ş.,4028328d98455cf60198d1dae4421c9b,Hisse Senedi,unvan
KHF,ALLBATROSS PORTFÖY KATILIM HİSSE SENEDİ SERBEST FON (HİSSE SENEDİ YOĞUN FON),YF,SF,faal,ALLBATROSS PORTFÖY YÖNETİMİ A.Ş.,4028328d949955a90194e09f41f53de5,Hisse Senedi,unvan
KHJ,ATLAS PORTFÖY KATILIM HİSSE SENEDİ FONU(HİSSE SENEDİ YOĞUN FON),YF,HS,faal,ATLAS PORTFÖY YÖNETİMİ A.Ş.,4028328c906f3e7c0190a08c8cae3118,Hisse Senedi,unvan
KHL,ANADOLU HAYAT EMEKLİLİK A.Ş. KATILIM HİSSE SENEDİ EMEKLİLİK YATIRIM FONU,EYF,,faal,ANADOLU HAYAT EMEKLİLİK A.Ş.,4028328c9b82727a019c4236d2f8332e,Hisse Senedi,unvan
KHP,KUVEYT TÜRK PORTFÖY PAYLAŞIMLI HESAP PARA PİYASASI KATILIM FONU,YF,KTF,faal,KUVEYT TÜRK PORTFÖY YÖNETİMİ A.Ş.,4028328d9cc9d32c019d3d661ae750f3,Para Piyasası,unvan
KHT,ALLBATROSS PORTFÖY KARTAL HİSSE SENEDİ SERBEST (TL) FON (HİSSE SENEDİ YOĞUN FON),YF,HS,faal,ALLBATROSS PORTFÖY YÖNETİMİ A.Ş.,4028328d8588f3010185a5ed3a826cda,Hisse Senedi,unvan
KHU,KUVEYT TÜRK PORTFÖY BİRİNCİ KATILIM SERBEST (DÖVİZ-AVRO) ÖZEL FON,YF,KTF,faal,KUVEYT TÜRK PORTFÖY YÖNETİMİ A.Ş.,4028328d7da7e96d017ed375496b7fb6,Katılım,unvan
KIA,TRIVE PORTFÖY MUTLAK GETİRİ HEDEFLİ DEĞİŞKEN FON,YF,DG,faal,TRIVE PORTFÖY YÖNETİMİ A.Ş.,4028328c838f7bfc0183c0f1b5991817,Değişken,unvan
KIB,TRIVE PORTFÖY ROBOTİK TEKNOLOJİLERİ DEĞİŞKEN FON,YF,DG,faal,TRIVE PORTFÖY YÖNETİMİ A.Ş.,4028328c838f7bfd01841d76867a6e84,Değişken,unvan
KIE,TRIVE PORTFÖY PARA PİYASASI (TL) FONU,YF,SF,faal,TRIVE PORTFÖY YÖNETİMİ A.Ş.,4028328c81fdc4490182696b73b74dde,Para Piyasası,unvan
KIH,KARE PORTFÖY İSTATİSTİKSEL ARBİTRAJ SERBEST FON,YF,SF,faal,KARE PORTFÖY YÖNETİMİ A.Ş.,4028328c949953a30194f4618665289b,Serbest,unvan
KIK,KUVEYT TÜRK PORTFÖY İKİNCİ KATILIM FONU,YF,KTF,faal,KUVEYT TÜRK PORTFÖY YÖNETİMİ A.Ş.,4028328c976d29880197b133360f32b9,Katılım,unvan
KIS,ASTRA PORTFÖY KİRA SERTİFİKASI KATILIM (DÖVİZ) FONU,YF,KTF,faal,ASTRA PORTFÖY YÖNETİMİ A.Ş.,33E5FED7F08B00EAE0530A4A622B2AEA,Katılım,unvan
KJK,KUVEYT TÜRK  PORTFÖY KUVEYT TÜRK YABANCI KATILIM SERBEST ÖZEL FON,YF,KTF,faal,KUVEYT TÜRK PORTFÖY YÖNETİMİ A.Ş.,4028328d794d3bd701798f4689bd5688,Katılım,unvan
KJM,KATILIM EMEKLİLİK VE HAYAT A.Ş. KIYMETLİ MADENLER KATILIM EMEKLİLİK YATIRIM FONU,EYF,,faal,KATILIM EMEKLİLİK VE HAYAT A.Ş,4028328d7a4e446d017a5804b5ce3365,Kıymetli Madenler,unvan
KKB,KUVEYT TÜRK PORTFÖY EKAS KATILIM SERBEST (DÖVİZ) ÖZEL FON,YF,KTF,faal,KUVEYT TÜRK PORTFÖY YÖNETİMİ A.Ş.,4028328c7d3c2e72017d6beb0c5c17f9,Katılım,unvan
KKC,KARE PORTFÖY KATILIM SERBEST (DÖVİZ-AVRO) FON,YF,KTF,faal,KARE PORTFÖY YÖNETİMİ A.Ş.,4028328c949953a30194f462d4ed28b2,Katılım,unvan
KKE,KUVEYT TÜRK PORTFÖY USTA KATILIM SERBEST (DÖVİZ) ÖZEL FON,YF,KTF,faal,KUVEYT TÜRK PORTFÖY YÖNETİMİ A.Ş.,4028328d8a99cc90018adb98be33715a,Katılım,unvan
KKG,KUVEYT TÜRK  PORTFÖY YÖNETİMİ A.Ş. KOBİ GİRİŞİM SERMAYESİ YATIRIM FONU,GSF,DG,faal,KUVEYT TÜRK PORTFÖY YÖNETİMİ A.Ş.,4028328d75e773c20175ff8a36704f79,Diğer,unvan
KKH,İŞ PORTFÖY DENGELİ FON SEPETİ FONU,YF,DG,faal,İŞ PORTFÖY YÖNETİMİ A.Ş.,4028328c745d11ca0174b515ac1a7f7a,Fon Sepeti,unvan
KKL,ALLBATROSS PORTFÖY KISA VADELİ KATILIM SERBEST (TL) FON,YF,KTF,faal,ALLBATROSS PORTFÖY YÖNETİMİ A.Ş.,4028328d8e21d0eb018ec1f32c330a0b,Kısa Vadeli Borçlanma,unvan
KKO,YAPI KREDİ PORTFÖY KASIM 2026 KAR PAYI ÖDEYEN SERBEST (DÖVİZ) FON,YF,SF,faal,YAPI KREDİ PORTFÖY YÖNETİMİ A.Ş.,4028328d9132fce80191515e395e2b7a,Serbest,unvan
KKP,İŞ PORTFÖY 2028 KAPİTAL KAR PAYI ÖDEYEN SERBEST (DÖVİZ) FON,YF,SF,faal,İŞ PORTFÖY YÖNETİMİ A.Ş.,4028328c8f3f759a018fb9178f4d7cac,Serbest,unvan
KKR,KUVEYT TÜRK PORTFÖY YÖNETİMİ A.Ş. İKİNCİ KARMA GAYRİMENKUL YATIRIM FONU,GMF,DG,faal,KUVEYT TÜRK PORTFÖY YÖNETİMİ A.Ş.,4028328d949955a90194fa7d57e47304,Karma,unvan
KKS,KATILIM EMEKLİLİK VE HAYAT A.Ş. KİRA SERTİFİKALARI KATILIM EMEKLİLİK YATIRIM FONU,EYF,,faal,KATILIM EMEKLİLİK VE HAYAT A.Ş,4028328c6447933401650006f0767890,Katılım,unvan
KKT,KUVEYT TÜRK PORTFÖY İKİNCİ KISA VADELİ KATILIM SERBEST (TL) FON,YF,KTF,faal,KUVEYT TÜRK PORTFÖY YÖNETİMİ A.Ş.,4028328c89555baa018962df2f201d77,Kısa Vadeli Borçlanma,unvan
KKV,KATILIM EMEKLİLİK VE HAYAT A.Ş. KISA VADELİ KİRA SERTİFİKALARI KATILIM EMEKLİLİK YATIRIM FONU,EYF,,faal,KATILIM EMEKLİLİK VE HAYAT A.Ş,4028328c8df5d097018e1e6cbd3e780d,Kısa Vadeli Borçlanma,unvan
KLC,KUVEYT TÜRK PORTFÖY YÖNETİMİ A.Ş. LONCA HIZLANDIRMA GİRİŞİM SERMAYESİ YATIRIM FONU,GSF,DG,faal,KUVEYT TÜRK PORTFÖY YÖNETİMİ A.Ş.,4028328d949955a90194fa7d0d4072df,Diğer,unvan
KLG,KUVEYT TÜRK PORTFÖY YÖNETİMİ A.Ş. LONCA GİRİŞİM SERMAYESİ YATIRIM FONU,GSF,DG,faal,KUVEYT TÜRK PORTFÖY YÖNETİMİ A.Ş.,4028328c7707357b017715a436602587,Diğer,unvan
KLH,ATLAS PORTFÖY KATILIM HİSSE SENEDİ SERBEST FON (HİSSE SENEDİ YOĞUN FON),YF,HS,faal,ATLAS PORTFÖY YÖNETİMİ A.Ş.,4028328c906f3e7b0190a09abb3a4806,Hisse Senedi,unvan
KLI,AK PORTFÖY PARA PİYASASI KATILIM SERBEST FON,YF,KTF,faal,AK PORTFÖY YÖNETİMİ A.Ş.,4028328c998ee9d5019a6e01e49a73c1,Para Piyasası,unvan
KLL,KUVEYT TÜRK PORTFÖY TLL KATILIM SERBEST (DÖVİZ) ÖZEL FON,YF,KTF,faal,KUVEYT TÜRK PORTFÖY YÖNETİMİ A.Ş.,4028328c8588f3000185a1468e76533b,Katılım,unvan
KLM,İŞ PORTFÖY KALAMIŞ SERBEST (DÖVİZ) ÖZEL FON,YF,DG,faal,İŞ PORTFÖY YÖNETİMİ A.Ş.,4028328c84686b4001853f0978d53efa,Serbest,unvan
KLS,ALLBATROSS PORTFÖY KATILIM SERBEST (DÖVİZ) FON,YF,KTF,faal,ALLBATROSS PORTFÖY YÖNETİMİ A.Ş.,4028328d8e21d0eb018ec1f2fb3a09ee,Katılım,unvan
KLT,KATILIM EMEKLİLİK VE HAYAT A.Ş. TEMETTÜ ÖDEYEN ŞİRKETLER KATILIM HİSSE SENEDİ EMEKLİLİK YATIRIM FONU,EYF,,faal,KATILIM EMEKLİLİK VE HAYAT A.Ş,4028328c8588f300018607f958cb769b,Hisse Senedi,unvan
KLU,KUVEYT TÜRK PORTFÖY PARA PİYASASI KATILIM (TL) FONU,YF,KTF,faal,KUVEYT TÜRK PORTFÖY YÖNETİMİ A.Ş.,4028328d7850aacb01788800cec33b48,Para Piyasası,unvan
KLV,KATILIM EMEKLİLİK VE HAYAT A.Ş. KATILIM KARMA EMEKLİLİK YATIRIM FONU,EYF,,faal,KATILIM EMEKLİLİK VE HAYAT A.Ş,4028328d9f52dddd019fae22e54c7d43,Katılım,unvan
KMA,KUVEYT TÜRK PORTFÖY KMA KATILIM SERBEST (DÖVİZ) ÖZEL FON,YF,KTF,faal,KUVEYT TÜRK PORTFÖY YÖNETİMİ A.Ş.,4028328c84686b4001853f5304844436,Katılım,unvan
KME,KUVEYT TÜRK PORTFÖY TEMKİNLİ KATILIM FONU,YF,KTF,faal,KUVEYT TÜRK PORTFÖY YÖNETİMİ A.Ş.,4028328c969f29550196ce8e7394212b,Katılım,unvan
KMF,AZİMUT PORTFÖY ALTIN KATILIM FONU,YF,KTF,faal,AZİMUT PORTFÖY YÖNETİMİ A.Ş.,4028328c8b2fcee7018b95a9d42a41ce,Kıymetli Madenler,unvan
KML,AGESA HAYAT VE EMEKLİLİK A.Ş. KIYMETLİ MADENLER EMEKLİLİK YATIRIM FONU,EYF,,faal,AGESA HAYAT VE EMEKLİLİK A.Ş.,4028328d950b608701958ac2f72b417f,Kıymetli Madenler,unvan
KMN,YAPI KREDİ PORTFÖY KIYMETLİ MADENLER KATILIM FONU,YF,KTF,faal,YAPI KREDİ PORTFÖY YÖNETİMİ A.Ş.,4028328d9b5e6825019b6fb56e984d46,Kıymetli Madenler,unvan
KMP,HDI FİBA EMEKLİLİK VE HAYAT A.Ş. KIYMETLİ MADENLER EMEKLİLİK YATIRIM FONU,EYF,,faal,HDI FİBA EMEKLİLİK VE HAYAT A.Ş.,4028328c9cc9d177019d197c8d6133a3,Kıymetli Madenler,unvan
KMT,KUVEYT TÜRK PORTFÖY KAM KATILIM SERBEST (TL) ÖZEL FON,YF,KTF,faal,KUVEYT TÜRK PORTFÖY YÖNETİMİ A.Ş.,4028328d86d233be0188523099f6093b,Katılım,unvan
KNC,AK PORTFÖY ÖPY ÜÇÜNCÜ SERBEST (DÖVİZ) ÖZEL FON,YF,SF,faal,AK PORTFÖY YÖNETİMİ A.Ş.,4028328d812b6c2f018195652ac425de,Serbest,unvan
KNI,AZİMUT PORTFÖY İKİNCİ PARA PİYASASI SERBEST (TL) FON,YF,DG,faal,AZİMUT PORTFÖY YÖNETİMİ A.Ş.,4028328d96289e8c019691299de061fc,Para Piyasası,unvan
KNJ,KUVEYT TÜRK PORTFÖY ENERJİ KATILIM FONU,YF,KTF,faal,KUVEYT TÜRK PORTFÖY YÖNETİMİ A.Ş.,4028328d8d6db484018dc14bd7e23187,Katılım,unvan
KNN,İŞ PORTFÖY KANTİTATİF SERBEST (TL) FON,YF,SF,faal,İŞ PORTFÖY YÖNETİMİ A.Ş.,4028328d982435780198370f91085e84,Serbest,unvan
KNP,AK PORTFÖY KOR SERBEST (DÖVİZ) ÖZEL FON,YF,SF,faal,AK PORTFÖY YÖNETİMİ A.Ş.,4028328d812b6c2f01819568adff262a,Serbest,unvan
KNS,KUVEYT TÜRK PORTFÖY NKS KATILIM SERBEST (TL) ÖZEL FON,YF,KTF,faal,KUVEYT TÜRK PORTFÖY YÖNETİMİ A.Ş.,4028328c8304fea801831d3c6f0e7a7c,Katılım,unvan
KNT,AK PORTFÖY VİRA SERBEST (DÖVİZ) ÖZEL FON,YF,SF,faal,AK PORTFÖY YÖNETİMİ A.Ş.,4028328d812b6c2f01819566fdcd25ff,Serbest,unvan
KNU,KIZILAY GAYRİMENKUL VE GİRİŞİM SERMAYESİ PORTFÖY YÖNETİMİ A.Ş. ÜÇÜNCÜ GİRİŞİM SERMAYESİ YATIRIM FONU,GSF,DG,faal,KIZILAY GAYRİMENKUL VE GİRİŞİM SERMAYESİ PORTFÖY YÖNETİMİ A.Ş.,4028328c916b969d01918e70ad11451b,Diğer,unvan
KNV,AK PORTFÖY OPERA SERBEST (DÖVİZ) ÖZEL FON,YF,SF,faal,AK PORTFÖY YÖNETİMİ A.Ş.,4028328d812b6c2f018195664a6925ee,Serbest,unvan
KNZ,AK PORTFÖY MNM SERBEST (DÖVİZ) ÖZEL FON,YF,SF,faal,AK PORTFÖY YÖNETİMİ A.Ş.,4028328d812b6c2f01819567afc22613,Serbest,unvan
KO4,QNB PORTFÖY KAR PAYI ÖDEYEN ONDÖRDÜNCÜ SERBEST (DÖVİZ-AVRO) FON,YF,SF,faal,QNB PORTFÖY YÖNETİMİ A.Ş.,4028328d98455cf60198d21dfaf21f81,Serbest,unvan
KOA,ALLIANZ YAŞAM VE EMEKLİLİK A.Ş. OKS STANDART EMEKLİLİK YATIRIM FONU,OKS,DG,faal,ALLIANZ YAŞAM VE EMEKLİLİK A.Ş.,4028328c5fc60da801600cd1dd695d54,Diğer,unvan
KOB,KUVEYT TÜRK PORTFÖY KUVEYT TÜRK KATILIM BANKASI ÖZEL BANKACILIK KATILIM SERBEST ÖZEL FON,YF,KTF,faal,KUVEYT TÜRK PORTFÖY YÖNETİMİ A.Ş.,4028328d98455cf60198d21930221f73,Katılım,unvan
KOD,YAPI KREDİ PORTFÖY KÜÇÜK ÖLÇEKLİ ŞİRKETLER DEĞİŞKEN FON,YF,DG,faal,YAPI KREDİ PORTFÖY YÖNETİMİ A.Ş.,4028328c9d4a029c019d6cf8e9fa4085,Değişken,unvan
KOE,ALLIANZ YAŞAM VE EMEKLİLİK A.Ş. KOÇ HOLDİNG EMEKLİ VAKFI BİRİNCİ DEĞİŞKEN GRUP EMEKLİLİK YATIRIM FONU,EYF,,faal,ALLIANZ YAŞAM VE EMEKLİLİK A.Ş.,4028328d5988e263015a5f90796d10f9,Değişken,unvan
KOG,KUVEYT TÜRK PORTFÖY YÖNETİMİ A.Ş. NEOVA KATILIM SİGORTA ÖZEL GİRİŞİM SERMAYESİ YATIRIM FONU,GSF,DG,faal,KUVEYT TÜRK PORTFÖY YÖNETİMİ A.Ş.,4028328c7bf4b5e2017cfeed8281224e,Katılım,unvan
KOI,YAPI KREDİ PORTFÖY YÖNETİMİ A.Ş. KOÇ TOPLULUĞU ŞİRKETLERİ İKİNCİ ÖZEL FON SEPETİ GİRİŞİM SERMAYESİ YATIRIM FONU,GSF,DG,faal,YAPI KREDİ PORTFÖY YÖNETİMİ A.Ş.,4028328c98455aea0198501aa9d207f7,Fon Sepeti,unvan
KOP,ASTRA PORTFÖY İKİNCİ SERBEST (DÖVİZ) FON,YF,SF,faal,ASTRA PORTFÖY YÖNETİMİ A.Ş.,4028328c610a7f00016170995ccb7c5c,Serbest,unvan
KOS,ALLIANZ YAŞAM VE EMEKLİLİK A.Ş. OKS KATILIM STANDART EMEKLİLİK YATIRIM FONU,OKS,DG,faal,ALLIANZ YAŞAM VE EMEKLİLİK A.Ş.,4028328c5fc60da801600cd486805d9d,Katılım,unvan
KOT,AZİMUT PORTFÖY KOÇ TOPLULUĞU ŞİRKETLERİ HİSSE SENEDİ FONU (HİSSE SENEDİ YOĞUN FON),YF,HS,faal,AZİMUT PORTFÖY YÖNETİMİ A.Ş.,4028328d95959cc70195aee3933b1c35,Hisse Senedi,unvan
KOZ,İŞ PORTFÖY KOZA SERBEST (DÖVİZ) ÖZEL FON,YF,DG,faal,İŞ PORTFÖY YÖNETİMİ A.Ş.,4028328d8588f3010185cf34135c5e42,Serbest,unvan
KP3,KARE PORTFÖY ÜÇÜNCÜ SERBEST (DÖVİZ) FON,YF,SF,faal,KARE PORTFÖY YÖNETİMİ A.Ş.,4028328c949953a30194f463095728bd,Serbest,unvan
KPA,KUVEYT TÜRK PORTFÖY KAR PAYI ÖDEYEN KATILIM HİSSE SENEDİ FONU (HİSSE SENEDİ YOĞUN FON),YF,HS,faal,KUVEYT TÜRK PORTFÖY YÖNETİMİ A.Ş.,4028328d919f18490191c20488991342,Hisse Senedi,unvan
KPB,ROTA PORTFÖY ÖPY BİRİNCİ SERBEST ÖZEL FON,YF,SF,faal,ROTA PORTFÖY YÖNETİMİ A.Ş.,4028328c758f5dc501759dd09a1e4739,Serbest,unvan
KPC,KUVEYT TÜRK PORTFÖY KATILIM HİSSE SENEDİ (TL) FONU (HİSSE SENEDİ YOĞUN FON),YF,HS,faal,KUVEYT TÜRK PORTFÖY YÖNETİMİ A.Ş.,4028328d72f8dbc901736c8112312e41,Hisse Senedi,unvan
KPD,KUVEYT TÜRK PORTFÖY KAR PAYI ÖDEYEN KATILIM SERBEST (DÖViZ) FON,YF,KTF,faal,KUVEYT TÜRK PORTFÖY YÖNETİMİ A.Ş.,4028328d919f184b01929f7b8fc15a1b,Katılım,unvan
KPE,İŞ PORTFÖY YÖNETİMİ A.Ş. KAR PAYI ÖDEYEN GAYRİMENKUL YATIRIM FONU,GMF,DG,faal,İŞ PORTFÖY YÖNETİMİ A.Ş.,4028328d9b827483019ba17505573c7d,Diğer,unvan
KPF,NEO PORTFÖY MUTLAK GETİRİ HEDEFLİ HİSSE SENEDİ SERBEST FON (HİSSE SENEDİ YOĞUN FON),YF,HS,faal,NEO PORTFÖY YÖNETİMİ A.Ş.,4028328c93c3b40d0193cfa517ce1777,Hisse Senedi,unvan
KPH,İŞ PORTFÖY KAR PAYI ÖDEYEN HİSSE SENEDİ (TL) FONU (HİSSE SENEDİ YOĞUN FON),YF,HS,faal,İŞ PORTFÖY YÖNETİMİ A.Ş.,4028328d8f3f7792018ff29557d70a99,Hisse Senedi,unvan
KPI,İŞ PORTFÖY PARA PİYASASI KATILIM (TL) FONU,YF,KTF,faal,İŞ PORTFÖY YÖNETİMİ A.Ş.,4028328c98242c750198370ce55c69c9,Para Piyasası,unvan
KPJ,KUVEYT TÜRK PORTFÖY YÖNETİMİ A.Ş. KARMA GİRİŞİM SERMAYESİ YATIRIM FONU,GSF,DG,faal,KUVEYT TÜRK PORTFÖY YÖNETİMİ A.Ş.,4028328c991da58501992e93b73d53e9,Karma,unvan
KPK,İŞ PORTFÖY DURUSU SERBEST (DÖVİZ) ÖZEL FON,YF,SF,faal,İŞ PORTFÖY YÖNETİMİ A.Ş.,4028328c745d11ca0174b50fd7107f21,Serbest,unvan
KPM,KARE PORTFÖY SEKİZİNCİ HİSSE SENEDİ SERBEST FON (HİSSE SENEDİ YOĞUN FON),YF,HS,faal,KARE PORTFÖY YÖNETİMİ A.Ş.,4028328d98455cf7019888dbc53a51f6,Hisse Senedi,unvan
KPP,KARE PORTFÖY PARA PİYASASI FONU,YF,DG,faal,KARE PORTFÖY YÖNETİMİ A.Ş.,4028328d8b2fcee7018cc96ffd0934b5,Para Piyasası,unvan
KPR,KUVEYT TÜRK PARA PİYASASI KATILIM SERBEST FON,YF,KTF,faal,KUVEYT TÜRK PORTFÖY YÖNETİMİ A.Ş.,4028328c944ba53e01946e459edc0d66,Para Piyasası,unvan
KPS,QNB PORTFÖY KAR PAYI ÖDEYEN ONİKİNCİ SERBEST (DÖVİZ) FON,YF,SF,faal,QNB PORTFÖY YÖNETİMİ A.Ş.,4028328c93c3b40d0193d51a5afc56ff,Serbest,unvan
KPU,KUVEYT TÜRK PORTFÖY İKİNCİ KATILIM HİSSE SENEDİ (TL) FONU (HİSSE SENEDİ YOĞUN FON),YF,HS,faal,KUVEYT TÜRK PORTFÖY YÖNETİMİ A.Ş.,4028328d86d233be0188523338130977,Hisse Senedi,unvan
KRC,KARE PORTFÖY BİRİNCİ BORÇLANMA ARAÇLARI FONU,YF,DG,faal,KARE PORTFÖY YÖNETİMİ A.Ş.,33E5FED7E5D700EAE0530A4A622B2AEA,Borçlanma Araçları,unvan
KRF,KARE PORTFÖY BİRİNCİ DEĞİŞKEN FON,YF,DG,faal,KARE PORTFÖY YÖNETİMİ A.Ş.,4028328c610a7efe016175a2fcfc7467,Değişken,unvan
KRH,PARDUS PORTFÖY KARTAL HİSSE SENEDİ SERBEST FON (HİSSE SENEDİ YOĞUN FON),YF,SF,faal,PARDUS PORTFÖY YÖNETİMİ A.Ş.,4028328d998eebe80199b8310e1e5081,Hisse Senedi,unvan
KRL,KUVEYT TÜRK PORTFÖY YÖNETİMİ A.Ş. KİRA SERTİFİKALARI GİRİŞİM SERMAYESİ YATIRIM FONU,GSF,DG,faal,KUVEYT TÜRK PORTFÖY YÖNETİMİ A.Ş.,4028328d949955a90194fa7ce99472d2,Diğer,unvan
KRM,TÜRKİYE HAYAT VE EMEKLİLİK A.Ş. KATILIM KARMA EMEKLİLİK YATIRIM FONU,EYF,,faal,TÜRKİYE HAYAT VE EMEKLİLİK A.Ş.,4028328d8b2fcee7018d0d24fa701310,Katılım,unvan
KRO,DENİZ PORTFÖY KAR PAYI ÖDEYEN ONUNCU SERBEST (DÖVİZ) FON,YF,SF,faal,DENİZ PORTFÖY YÖNETİMİ A.Ş.,4028328c8b2fcee8018d45bbbede6e32,Serbest,unvan
KRR,İŞ PORTFÖY KARMA FON,YF,DG,faal,İŞ PORTFÖY YÖNETİMİ A.Ş.,4028328c9c81f417019c891d9e8c02f1,Karma,unvan
KRS,KARE PORTFÖY SERBEST (DÖVİZ) FON,YF,SF,faal,KARE PORTFÖY YÖNETİMİ A.Ş.,33E5FED7E5E300EAE0530A4A622B2AEA,Serbest,unvan
KRT,KARE PORTFÖY TÜRKİYE ODAKLI SERBEST (DÖVİZ) FON,YF,SF,faal,KARE PORTFÖY YÖNETİMİ A.Ş.,4028328c65fd41d801670802c6370d78,Serbest,unvan
KRU,ANADOLU HAYAT EMEKLİLİK A.Ş. KİRA SERTİFİKALARI KATILIM EMEKLİLİK YATIRIM FONU,EYF,,faal,ANADOLU HAYAT EMEKLİLİK A.Ş.,4028328c9b82727a019c42369d113323,Katılım,unvan
KRV,QNB PORTFÖY KAR PAYI ÖDEYEN ALTINCI SERBEST (DÖVİZ) FON,YF,SF,faal,QNB PORTFÖY YÖNETİMİ A.Ş.,4028328d8b2fcee7018cd4d76e2c455b,Serbest,unvan
KSA,HEDEF PORTFÖY KISA VADELİ SERBEST (TL) FON,YF,SF,faal,HEDEF PORTFÖY YÖNETİMİ A.Ş.,4028328c887d111a0188906cd9a9345e,Kısa Vadeli Borçlanma,unvan
KSC,KUVEYT TÜRK PORTFÖY ASC KATILIM SERBEST (DÖVİZ) ÖZEL FON,YF,KTF,faal,KUVEYT TÜRK PORTFÖY YÖNETİMİ A.Ş.,4028328c976d29880197830448c54097,Katılım,unvan
KSD,ASTRA PORTFÖY BİRİNCİ KATILIM SERBEST FON,YF,KTF,faal,ASTRA PORTFÖY YÖNETİMİ A.Ş.,4028328d62dd78a50162f678b5d43b1c,Katılım,unvan
KSH,KATILIM EMEKLİLİK VE HAYAT A.Ş. TEKNOLOJİ SEKTÖRÜ KATILIM EMEKLİLİK YATIRIM FONU,EYF,,faal,KATILIM EMEKLİLİK VE HAYAT A.Ş,4028328d95959cc60195a377ac0513dd,Katılım,unvan
KSK,AZİMUT PORTFÖY İKİNCİ PARA PİYASASI KATILIM FONU,YF,KTF,faal,AZİMUT PORTFÖY YÖNETİMİ A.Ş.,4028328c8b2fcee7018c68c1fce357e7,Para Piyasası,unvan
KSL,ALBARAKA PORTFÖY İKİNCİ KATILIM SERBEST (DÖVİZ-AVRO) FON,YF,KTF,faal,ALBARAKA PORTFÖY YÖNETİMİ A.Ş.,4028328d8df5d28f018e0f203b263793,Katılım,unvan
KSM,ALBARAKA PORTFÖY İKİNCİ KATILIM SERBEST (DÖVİZ-USD) FON,YF,KTF,faal,ALBARAKA PORTFÖY YÖNETİMİ A.Ş.,4028328d8df5d28f018e0f2015653784,Katılım,unvan
KSP,QNB PORTFÖY KAR PAYI ÖDEYEN SERBEST (DÖVİZ-POUND) FON,YF,SF,faal,QNB PORTFÖY YÖNETİMİ A.Ş.,4028328c969f295501975a1a247e3260,Serbest,unvan
KSR,KUVEYT TÜRK PORTFÖY SÜRDÜRÜLEBİLİRLİK KATILIM FONU,YF,KTF,faal,KUVEYT TÜRK PORTFÖY YÖNETİMİ A.Ş.,4028328d7bf4b81d017c031ccf9d12ad,Katılım,unvan
KST,ALLBATROSS PORTFÖY KATILIM HİSSE SENEDİ (TL) FONU (HİSSE SENEDİ YOĞUN FON),YF,HS,faal,ALLBATROSS PORTFÖY YÖNETİMİ A.Ş.,4028328d8b2fcee7018bfc4fcc372140,Hisse Senedi,unvan
KSU,KATILIM EMEKLİLİK VE HAYAT A.Ş. SÜRDÜRÜLEBİLİRLİK KATILIM EMEKLİLİK YATIRIM FONU,EYF,,faal,KATILIM EMEKLİLİK VE HAYAT A.Ş,4028328c8df5d097018e1e6ce57b7818,Katılım,unvan
KSV,KUVEYT TÜRK PORTFÖY KISA VADELİ KATILIM SERBEST (TL) FON,YF,KTF,faal,KUVEYT TÜRK PORTFÖY YÖNETİMİ A.Ş.,4028328d6efb12d9016f18513f5f78ed,Kısa Vadeli Borçlanma,unvan
KSY,YAPI KREDİ PORTFÖY PY KANDİLLİ SERBEST ÖZEL FON,YF,SF,faal,YAPI KREDİ PORTFÖY YÖNETİMİ A.Ş.,4028328d6d75a31d016d90bc2c92607b,Serbest,unvan
KTE,KUVEYT TÜRK PORTFÖY CEYLAN KİRA SERTİFİKALARI KATILIM SERBEST (DÖVİZ) ÖZEL FON,YF,KTF,faal,KUVEYT TÜRK PORTFÖY YÖNETİMİ A.Ş.,4028328c683d658b01685bc45e2425ad,Katılım,unvan
KTI,AZİMUT PORTFÖY KATILIM HİSSE SENEDİ FONU (HİSSE SENEDİ YOĞUN FON),YF,HS,faal,AZİMUT PORTFÖY YÖNETİMİ A.Ş.,4028328c8b2fcee7018b95a91f2841bf,Hisse Senedi,unvan
KTJ,KUVEYT TÜRK PORTFÖY TEKNOLOJİ KATILIM FONU,YF,KTF,faal,KUVEYT TÜRK PORTFÖY YÖNETİMİ A.Ş.,4028328d8d6db484018dc14bfe3a31a0,Katılım,unvan
KTM,KUVEYT TÜRK PORTFÖY BİRİNCİ KATILIM (TL) FONU,YF,KTF,faal,KUVEYT TÜRK PORTFÖY YÖNETİMİ A.Ş.,33E5FED7F10F00EAE0530A4A622B2AEA,Katılım,unvan
KTN,KUVEYT TÜRK PORTFÖY KİRA SERTİFİKALARI KATILIM (TL) FONU,YF,KTF,faal,KUVEYT TÜRK PORTFÖY YÖNETİMİ A.Ş.,33E5FED7F11300EAE0530A4A622B2AEA,Katılım,unvan
KTR,KUVEYT TÜRK PORTFÖY BİRİNCİ KATILIM SERBEST (TL) FON,YF,KTF,faal,KUVEYT TÜRK PORTFÖY YÖNETİMİ A.Ş.,33E5FED7F09B00EAE0530A4A622B2AEA,Katılım,unvan
KTS,KUVEYT TÜRK PORTFÖY KATILIM HİSSE SENEDİ SERBEST FON (HİSSE SENEDİ YOĞUN FON),YF,HS,faal,KUVEYT TÜRK PORTFÖY YÖNETİMİ A.Ş.,33E5FED7F09F00EAE0530A4A622B2AEA,Hisse Senedi,unvan
KTT,KUVEYT TÜRK PORTFÖY DÖRDÜNCÜ KATILIM SERBEST (DÖVİZ) FON,YF,KTF,faal,KUVEYT TÜRK PORTFÖY YÖNETİMİ A.Ş.,33E5FED7F18F00EAE0530A4A622B2AEA,Katılım,unvan
KTU,KUVEYT TÜRK PORTFÖY NEOVA KATILIM SERBEST (TL) ÖZEL FON,YF,KTF,faal,KUVEYT TÜRK PORTFÖY YÖNETİMİ A.Ş.,4028328c5eed5862015f4d16fff97fb0,Katılım,unvan
KTV,KUVEYT TÜRK PORTFÖY KISA VADELİ KİRA SERTİFİKALARI KATILIM (TL) FONU,YF,KTF,faal,KUVEYT TÜRK PORTFÖY YÖNETİMİ A.Ş.,4028328d5d88e96c015dc212e215496b,Kısa Vadeli Borçlanma,unvan
KTY,KUVEYT TÜRK PORTFÖY YÖNETİMİ A.Ş. TEKNOGİRİŞİM GİRİŞİM SERMAYESİ YATIRIM FONU,GSF,DG,faal,KUVEYT TÜRK PORTFÖY YÖNETİMİ A.Ş.,4028328d75e773c20175ff888d5a4f6a,Diğer,unvan
KTZ,KATILIM EMEKLİLİK VE HAYAT A.Ş OKS KATILIM STANDART EMEKLİLİK YATIRIM FONU,OKS,DG,faal,KATILIM EMEKLİLİK VE HAYAT A.Ş,4028328d5fc6102701608df2b1c91452,Katılım,unvan
KU3,KUVEYT TÜRK PORTFÖY ÜÇÜNCÜ KATILIM FONU,YF,KTF,faal,KUVEYT TÜRK PORTFÖY YÖNETİMİ A.Ş.,4028328c9d4a029c019d72a49a9920ca,Katılım,unvan
KUA,KUVEYT TÜRK PORTFÖY AGRESİF KATILIM FONU,YF,KTF,faal,KUVEYT TÜRK PORTFÖY YÖNETİMİ A.Ş.,4028328c969f29550196ce8dd7f3210a,Katılım,unvan
KUB,KARE PORTFÖY DEĞİŞKEN (DÖVİZ) FON,YF,DG,faal,KARE PORTFÖY YÖNETİMİ A.Ş.,33E5FED7E5DF00EAE0530A4A622B2AEA,Değişken,unvan
KUD,KUVEYT TÜRK PORTFÖY DİNAMİK KATILIM FONU,YF,KTF,faal,KUVEYT TÜRK PORTFÖY YÖNETİMİ A.Ş.,4028328c969f29550196ce8e08a02115,Katılım,unvan
KUE,AURA PORTFÖY YÖNETİMİ A.Ş. KUZEY EGE GAYRİMENKUL YATIRIM FONU,GMF,DG,faal,AURA PORTFÖY YÖNETİMİ A.Ş.,4028328d7b64858a017beed5f9497c03,Diğer,unvan
KUG,İSTANBUL PORTFÖY YÖNETİMİ A.Ş. KÜLTEPE GİRİŞİM SERMAYESİ YATIRIM FONU,GSF,DG,faal,İSTANBUL PORTFÖY YÖNETİMİ A.Ş.,4028328c8304fea8018336cdd95807b7,Diğer,unvan
KUP,AK PORTFÖY KAR PAYI ÖDEYEN SERBEST (DÖVİZ) FON,YF,SF,faal,AK PORTFÖY YÖNETİMİ A.Ş.,4028328d8f3f7793018fce96f6b47161,Serbest,unvan
KUT,KUVEYT TÜRK PORTFÖY KIYMETLİ MADENLER KATILIM FONU,YF,KTF,faal,KUVEYT TÜRK PORTFÖY YÖNETİMİ A.Ş.,4028328d7b64858a017bede14a8239db,Kıymetli Madenler,unvan
KVA,KUVEYT TÜRK PORTFÖY KTYMD KISA VADELİ KATILIM SERBEST ÖZEL FON,YF,KTF,faal,KUVEYT TÜRK PORTFÖY YÖNETİMİ A.Ş.,4028328d95959cc60195a353684b1186,Kısa Vadeli Borçlanma,unvan
KVK,HEDEF PORTFÖY KATILIM İSTATİSTİKSEL ARBİTRAJ SERBEST FON,YF,KTF,faal,HEDEF PORTFÖY YÖNETİMİ A.Ş.,4028328d89555d7f0189cfdde4ec1268,Katılım,unvan
KVR,ATLAS PORTFÖY KISA VADELİ KATILIM SERBEST FON,YF,KTF,faal,ATLAS PORTFÖY YÖNETİMİ A.Ş.,4028328d998eebe8019a72aa53402615,Kısa Vadeli Borçlanma,unvan
KVS,AZİMUT PORTFÖY KISA VADELİ SERBEST (TL) FON,YF,SF,faal,AZİMUT PORTFÖY YÖNETİMİ A.Ş.,4028328d86d233bf0187e1d30fd86a19,Kısa Vadeli Borçlanma,unvan
KVT,AK PORTFÖY ENERJİ ŞİRKETLERİ HİSSE SENEDİ (TL) FONU (HİSSE SENEDİ YOĞUN FON),YF,HS,faal,AK PORTFÖY YÖNETİMİ A.Ş.,4028328d930ceaec01936cd393593c51,Hisse Senedi,unvan
KYA,KARE PORTFÖY HİSSE SENEDİ FONU (HİSSE SENEDİ YOĞUN FON),YF,HS,faal,KARE PORTFÖY YÖNETİMİ A.Ş.,33E5FED7E5D300EAE0530A4A622B2AEA,Hisse Senedi,unvan
KYR,BV PORTFÖY ÜÇÜNCÜ HİSSE SENEDİ SERBEST FON (HİSSE SENEDİ YOĞUN FON),YF,HS,faal,BV PORTFÖY YÖNETİMİ A.Ş.,4028328d8b2fcee7018baf69eb994105,Hisse Senedi,unvan
KYS,KARE PORTFÖY YEDİNCİ SERBEST (DÖVİZ) FON,YF,SF,faal,KARE PORTFÖY YÖNETİMİ A.Ş.,4028328d969f295601970c79a00f08a8,Serbest,unvan
KZL,KUVEYT TÜRK PORTFÖY ALTIN KATILIM FONU,YF,KTF,faal,KUVEYT TÜRK PORTFÖY YÖNETİMİ A.Ş.,4028328c67f69c0301683c2a12976c39,Kıymetli Madenler,unvan
KZO,AZİMUT PORTFÖY KOİ HİSSE SENEDİ SERBEST ÖZEL FON (HİSSE SENEDİ YOĞUN FON),YF,HS,faal,AZİMUT PORTFÖY YÖNETİMİ A.Ş.,4028328d998eebe8019a9c73802914a0,Hisse Senedi,unvan
KZU,KUVEYT TÜRK PORTFÖY İKİNCİ ALTIN KATILIM FONU,YF,KTF,faal,KUVEYT TÜRK PORTFÖY YÖNETİMİ A.Ş.,4028328c9013796e01903ac0a2b83db1,Kıymetli Madenler,unvan
LAF,TEMPLETON LATIN AMERICA FUND A(Acc) USD,YYF,,faal,DENİZBANK A.Ş.,33E5FED7F03B00EAE0530A4A622B2AEA,Diğer,unvan
LAI,ATLAS PORTFÖY İKİNCİ HİSSE SENEDİ SERBEST FON (HİSSE SENEDİ YOĞUN FON),YF,HS,faal,ATLAS PORTFÖY YÖNETİMİ A.Ş.,4028328c906f3e7c0190e018136b049e,Hisse Senedi,unvan
LAK,AHLATCI PORTFÖY ALTIN KATILIM FONU,YF,KTF,faal,AHLATCI PORTFÖY YÖNETİMİ A.Ş.,4028328d9ec11d41019efa1b64042d00,Kıymetli Madenler,unvan
LC1,LETVEN CAPİTAL GİRİŞİM SERMAYESİ PORTFÖY YÖNETİMİ A.Ş. PREO GİRİŞİM SERMAYESİ YATIRIM FONU,GSF,DG,faal,LETVEN CAPITAL GİRİŞİM SERMAYESİ PORTFÖY YÖNETİMİ A.Ş.,4028328d8305029d018383b776ec237d,Diğer,unvan
LC2,LETVEN CAPİTAL GİRİŞİM SERMAYESİ PORTFÖY YÖNETİMİ A.Ş. RETİNA GİRİŞİM SERMAYESİ YATIRIM FONU,GSF,DG,faal,LETVEN CAPITAL GİRİŞİM SERMAYESİ PORTFÖY YÖNETİMİ A.Ş.,4028328d8305029d018383b8ed5c23a0,Diğer,unvan
LC3,LETVEN CAPİTAL GİRİŞİM SERMAYESİ PORTFÖY YÖNETİMİ A.Ş. GENİUS GİRİŞİM SERMAYESİ YATIRIM FONU,GSF,DG,faal,LETVEN CAPITAL GİRİŞİM SERMAYESİ PORTFÖY YÖNETİMİ A.Ş.,4028328d8305029d018383b61e4c236e,Diğer,unvan
LC4,LETVEN CAPİTAL GİRİŞİM SERMAYESİ PORTFÖY YÖNETİMİ A.Ş. CODE GİRİŞİM SERMAYESİ YATIRIM FONU,GSF,DG,faal,LETVEN CAPITAL GİRİŞİM SERMAYESİ PORTFÖY YÖNETİMİ A.Ş.,4028328d8305029d018383b48486235f,Diğer,unvan
LDG,LETVEN CAPİTAL GİRİŞİM SERMAYESİ PORTFÖY YÖNETİMİ A.Ş. MİLRES GİRİŞİM SERMAYESİ YATIRIM FONU,GSF,DG,faal,LETVEN CAPITAL GİRİŞİM SERMAYESİ PORTFÖY YÖNETİMİ A.Ş.,4028328d767bb19d0176dcc10cb0073a,Diğer,unvan
LDS,TERA PORTFÖY YÖNETİMİ A.Ş. LUDUS VENTURES GİRİŞİM SERMAYESİ YATIRIM FONU,GSF,DG,faal,TERA PORTFÖY YÖNETİMİ A.Ş.,4028328c8b2fcee8018bdd3a51d9371e,Diğer,unvan
LET,QNB PORTFÖY LETO SERBEST (DÖVİZ) ÖZEL FON,YF,SF,faal,QNB PORTFÖY YÖNETİMİ A.Ş.,4028328c8b2fcee7018c91faa9ec1b38,Serbest,unvan
LFD,İŞ PORTFÖY AZİM HİSSE SENEDİ SERBEST ÖZEL FON (HİSSE SENEDİ YOĞUN FON),YF,HS,faal,İŞ PORTFÖY YÖNETİMİ A.Ş.,4028328d7bf4b81c017ceff6f7e12618,Hisse Senedi,unvan
LGC,LOGOS PORTFÖY YÖNETİMİ A.Ş. İNOVATİF TEKNOLOJİ GİRİŞİM SERMAYESİ YATIRIM FONU,GSF,DG,faal,LOGOS PORTFÖY YÖNETİMİ A.Ş.,4028328c802924490180d104d51c14b3,Diğer,unvan
LGK,AZİMUT PORTFÖY İKİNCİ ÖPY SERBEST ÖZEL FON,YF,SF,faal,AZİMUT PORTFÖY YÖNETİMİ A.Ş.,4028328c950ba8c701955aecaf4b335c,Serbest,unvan
LGO,ATLAS PORTFÖY ALGO TOROS HİSSE SENEDİ SERBEST (TL) FON (HİSSE SENEDİ YOĞUN FON),YF,HS,faal,ATLAS PORTFÖY YÖNETİMİ A.Ş.,4028328c8ae7be4e018b14e2bc327593,Hisse Senedi,unvan
LHM,AK PORTFÖY NETA SERBEST (DÖVİZ) ÖZEL FON,YF,DG,faal,AK PORTFÖY YÖNETİMİ A.Ş.,4028328d7707357f0177cf1e58b27e84,Serbest,unvan
LHP,AK PORTFÖY YEDİNCİ SERBEST (DÖVİZ) FON,YF,DG,faal,AK PORTFÖY YÖNETİMİ A.Ş.,4028328d7707357f0177cf1f72b37e9f,Serbest,unvan
LJS,İSTANBUL PORTFÖY YÖNETİMİ A.Ş. DİNÇER LOJİSTİK GİRİŞİM SERMAYESİ YATIRIM FONU,GSF,DG,faal,İSTANBUL PORTFÖY YÖNETİMİ A.Ş.,4028328c919f164b01920063a2bf2d41,Diğer,unvan
LK2,ALKİMA GİRİŞİM SERMAYESİ PORTFÖY YÖNETİMİ A.Ş. İKİNCİ GİRİŞİM SERMAYESİ YATIRIM FONU,GSF,DG,faal,ALKİMA GİRİŞİM SERMAYESİ PORTFÖY YÖNETİMİ A.Ş.,4028328c9e276fa9019e8dc54e0f37e2,Diğer,unvan
LKF,İŞ PORTFÖY ALTIN KATILIM FONU,YF,KTF,faal,İŞ PORTFÖY YÖNETİMİ A.Ş.,4028328d9e2771a1019e49d7a8713524,Kıymetli Madenler,unvan
LKT,AKTİF PORTFÖY İKİNCİ PARA PİYASASI (TL) FONU,YF,DG,faal,AKTİF PORTFÖY YÖNETİMİ A.Ş.,4028328d9373bab0019387cec28546f5,Para Piyasası,unvan
LLA,ALLBATROSS PORTFÖY AYDIN HİSSE SENEDİ SERBEST (TL) FON (HİSSE SENEDİ YOĞUN FON),YF,HS,faal,ALLBATROSS PORTFÖY YÖNETİMİ A.Ş.,4028328c89555ba901896955c13e5840,Hisse Senedi,unvan
LLI,ALLBATROSS PORTFÖY YÖNETİMİ A.Ş. İKİNCİ GİRİŞİM SERMAYESİ YATIRIM FONU,GSF,DG,faal,ALLBATROSS PORTFÖY YÖNETİMİ A.Ş.,4028328d8b2fcee7018b9063693630de,Diğer,unvan
LLU,ALLBATROSS PORTFÖY YÖNETİMİ A.Ş. ÜÇÜNCÜ GİRİŞİM SERMAYESİ YATIRIM FONU,GSF,DG,faal,ALLBATROSS PORTFÖY YÖNETİMİ A.Ş.,4028328c8e21cef8018e5194205326cd,Diğer,unvan
LPH,STATECH PORTFÖY İSTATİSTİKSEL ARBİTRAJ HİSSE SENEDİ SERBEST (TL) FON (HİSSE SENEDİ YOĞUN FON),YF,HS,faal,STATECH PORTFÖY YÖNETİMİ A.Ş.,4028328c919f164a01929023a0054e8b,Hisse Senedi,unvan
LRN,RE-PIE PORTFÖY YÖNETİMİ A.Ş. LARİNDA SMART ENERGY TECHNOLOGY GİRİŞİM SERMAYESİ YATIRIM FONU,GSF,DG,faal,RE-PIE PORTFÖY YÖNETİMİ A.Ş.,4028328d906f40790190ca1edaae6168,Diğer,unvan
LRT,ATA PORTFÖY ALGORİTMİK STRATEJİLER SERBEST FON,YF,SF,faal,ATA PORTFÖY YÖNETİMİ A.Ş.,4028328c88c529ea01895411cd407686,Serbest,unvan
LTC,AK PORTFÖY BİRİNCİ İSTATİSTİKSEL ARBİTRAJ HİSSE SENEDİ SERBEST FON (HİSSE SENEDİ YOĞUN FON),YF,HS,faal,AK PORTFÖY YÖNETİMİ A.Ş.,4028328c8e21cef7018ea909e2423e8a,Hisse Senedi,unvan
LTE,LOGOS PORTFÖY YÖNETİMİ A.Ş.TESTİNİUM GİRİŞİM SERMAYESİ YATIRIM FONU,GSF,DG,faal,LOGOS PORTFÖY YÖNETİMİ A.Ş.,4028328d838f7dcd018414d76c5f0558,Diğer,unvan
LTG,LETVEN CAPİTAL GİRİŞİM SERMAYESİ PORTFÖY YÖNETİMİ A.Ş. TARS GİRİŞİM SERMAYESİ YATIRIM FONU,GSF,DG,faal,LETVEN CAPITAL GİRİŞİM SERMAYESİ PORTFÖY YÖNETİMİ A.Ş.,4028328d767bb19d0176dcbfe344072a,Diğer,unvan
LTI,AKTİF PORTFÖY YÖNETİMİ A.Ş. AİRCAR GİRİŞİM SERMAYESİ YATIRIM FONU,GSF,DG,faal,AKTİF PORTFÖY YÖNETİMİ A.Ş.,4028328d8b2fcee7018d1caa70154234,Diğer,unvan
LTL,AHLATCI PORTFÖY HİSSE SENEDİ (TL) FONU (HİSSE SENEDİ YOĞUN FON),YF,HS,faal,AHLATCI PORTFÖY YÖNETİMİ A.Ş.,4028328d9b827483019c046a65ff2528,Hisse Senedi,unvan
LTO,LETVEN CAPİTAL GİRİŞİM SERMAYESİ PORTFÖY YÖNETİMİ A.Ş. SOFA GİRİŞİM SERMAYESİ YATIRIM FONU,GSF,DG,faal,LETVEN CAPITAL GİRİŞİM SERMAYESİ PORTFÖY YÖNETİMİ A.Ş.,4028328d89555d7f018a8eb4a3a13596,Diğer,unvan
LTS,HEDEF PORTFÖY LOTUS SERBEST FON,YF,SF,faal,HEDEF PORTFÖY YÖNETİMİ A.Ş.,4028328d89555d7f0189cfdb284f11fb,Serbest,unvan
LTT,LETVEN CAPİTAL GİRİŞİM SERMAYESİ PORTFÖY YÖNETİMİ A.Ş. TİMUS GİRİŞİM SERMAYESİ YATIRIM FONU,GSF,DG,faal,LETVEN CAPITAL GİRİŞİM SERMAYESİ PORTFÖY YÖNETİMİ A.Ş.,4028328d89555d7f018a8eb4cb7935a1,Diğer,unvan
LZV,AZİMUT PORTFÖY İLA  HİSSE SENEDİ SERBEST (TL) ÖZEL FON (HİSSE SENEDİ YOĞUN FON),YF,HS,faal,AZİMUT PORTFÖY YÖNETİMİ A.Ş.,4028328d7da7e96e017e488df2157592,Hisse Senedi,unvan
MAA,NEO PORTFÖY YÖNETİMİ A.Ş. MAANAA LEVENT PROJE GAYRİMENKUL YATIRIM FONU,GMF,DG,faal,NEO PORTFÖY YÖNETİMİ A.Ş.,4028328c976d29890197e916b1bd3b65,Diğer,unvan
MAC,MARMARA CAPİTAL PORTFÖY HİSSE SENEDİ (TL) FONU (HİSSE SENEDİ YOĞUN FON),YF,HS,faal,MARMARA CAPİTAL PORTFÖY YÖNETİMİ A.Ş.,33E5FED7ECDF00EAE0530A4A622B2AEA,Hisse Senedi,unvan
MAD,MEKSA PORTFÖY BİRİNCİ DEĞİŞKEN FON,YF,DG,faal,MEKSA PORTFÖY YÖNETİMİ A.Ş.,33E5FED7E5E700EAE0530A4A622B2AEA,Değişken,unvan
MAE,MAXİS GİRİŞİM SERMAYESİ PORTFÖY YÖNETİMİ A.Ş. E-TİCARET GİRİŞİM SERMAYESİ YATIRIM FONU,GSF,DG,faal,MAXİS GİRİŞİM SERMAYESİ PORTFÖY YÖNETİMİ A.Ş.,4028328d7bf4b81c017c1781993e781d,Diğer,unvan
MAI,MAXİS GİRİŞİM SERMAYESİ PORTFÖY YÖNETİMİ A.Ş. TEMİZ ENERJİ GİRİŞİM SERMAYESİ YATIRIM FONU,GSF,DG,faal,MAXİS GİRİŞİM SERMAYESİ PORTFÖY YÖNETİMİ A.Ş.,4028328c758f5dc40175b768a9104c19,Diğer,unvan
MAS,MARMARA CAPİTAL PORTFÖY HİSSE SENEDİ SERBEST (TL) FON (HİSSE SENEDİ YOĞUN FON),YF,HS,faal,MARMARA CAPİTAL PORTFÖY YÖNETİMİ A.Ş.,4028328c7812c9c30178164eec36191d,Hisse Senedi,unvan
MAT,MAXİS GİRİŞİM SERMAYESİ PORTFÖY YÖNETİMİ A.Ş. T-FON GİRİŞİM SERMAYESİ YATIRIM FONU,GSF,DG,faal,MAXİS GİRİŞİM SERMAYESİ PORTFÖY YÖNETİMİ A.Ş.,4028328c82b7f0300182e956e5782fba,Diğer,unvan
MAV,QNB PORTFÖY ADAMAVİ SERBEST (DÖVİZ) ÖZEL FON,YF,SF,faal,QNB PORTFÖY YÖNETİMİ A.Ş.,4028328c8b2fcee7018c91fad76d1b47,Serbest,unvan
MBB,AKTİF PORTFÖY YÖNETİMİ A.Ş. BUKET GİRİŞİM SERMAYESİ YATIRIM FONU,GSF,DG,faal,AKTİF PORTFÖY YÖNETİMİ A.Ş.,4028328c760074850176664ad92444be,Diğer,unvan
MBK,AKTİF PORTFÖY YÖNETİMİ A.Ş. MİNDVEST GİRİŞİM SERMAYESİ YATIRIM FONU,GSF,DG,faal,AKTİF PORTFÖY YÖNETİMİ A.Ş.,4028328c76007485017666509fef44d6,Diğer,unvan
MBL,MEKSA PORTFÖY İKİNCİ DEĞİŞKEN FON,YF,DG,faal,MEKSA PORTFÖY YÖNETİMİ A.Ş.,33E5FED7E5EB00EAE0530A4A622B2AEA,Değişken,unvan
MBP,MT PORTFÖY YÖNETİMİ A.Ş. BİRİNCİ GİRİŞİM SERMAYESİ YATIRIM FONU,GSF,DG,faal,MT PORTFÖY YÖNETİMİ A.Ş.,4028328c998ee9d5019a4e383ed761f1,Diğer,unvan
MBR,MT PORTFÖY BİRİNCİ BORÇLANMA ARAÇLARI FONU,YF,DG,faal,MT PORTFÖY YÖNETİMİ A.Ş.,4028328c950ba8c601959362582a793d,Borçlanma Araçları,unvan
MBU,FRANKLIN MUTUAL U.S. VALUE FUND A(Acc) USD,YYF,,faal,DENİZBANK A.Ş.,33E5FED7EFAB00EAE0530A4A622B2AEA,Diğer,unvan
MCU,AZİMUT PORTFÖY MUTLAK GETİRİ HEDEFLİ HİSSE SENEDİ SERBEST FON (HİSSE SENEDİ YOĞUN FON),YF,HS,faal,AZİMUT PORTFÖY YÖNETİMİ A.Ş.,4028328c976d298901979d1eb42f33cf,Hisse Senedi,unvan
MD1,MT PORTFÖY BİRİNCİ DEĞİŞKEN FON,YF,DG,faal,MT PORTFÖY YÖNETİMİ A.Ş.,4028328c9373b8ac0193b51d38224fe7,Değişken,unvan
MD2,MT PORTFÖY İKİNCİ DEĞİŞKEN FON,YF,DG,faal,MT PORTFÖY YÖNETİMİ A.Ş.,4028328c9373b8ac0193b52444545057,Değişken,unvan
MDD,ANADOLU HAYAT EMEKLİLİK A.Ş. MERKEZİ ALACAĞIN DEVRİ DENGELİ DEĞİŞKEN EMEKLİLİK YATIRIM FONU,EYF,,faal,ANADOLU HAYAT EMEKLİLİK A.Ş.,4028328d8e21d0ec018e8a1de4f350c0,Değişken,unvan
MDE,TÜRKİYE HAYAT VE EMEKLİLİK A.Ş. MERKEZİ ALACAĞIN DEVRİ TEMKİNLİ DEĞİŞKEN EYF,EYF,,faal,TÜRKİYE HAYAT VE EMEKLİLİK A.Ş.,4028328d93c3b68c0193f2ac74824021,Değişken,unvan
MDF,FİBA PORTFÖY MODEL EMTİA FON SEPETİ SERBEST FON,YF,SF,faal,FİBA PORTFÖY YÖNETİMİ A.Ş.,4028328c991da58401992d539b652e9f,Fon Sepeti,unvan
MDG,MAQASID GAYRİMENKUL VE GİRİŞİM SERMAYESİ PORTFÖY YÖNETİMİ A.Ş. DOĞAN PROJE GAYRİMENKUL YATIRIM FONU,GMF,DG,faal,ERA CAPİTAL GAYRİMENKUL VE GİRİŞİM SERMAYESİ PORTFÖY YÖNETİMİ A.Ş.,4028328d998eebe8019a972359c77144,Diğer,unvan
MDK,ANADOLU HAYAT EMEKLİLİK A.Ş. MERKEZİ ALACAĞIN DEVRİ MUHAFAZAKAR KATILIM DEĞİŞKEN EMEKLİLİK YATIRIM FONU,EYF,,faal,ANADOLU HAYAT EMEKLİLİK A.Ş.,4028328c93c3b40d0193f883227009bf,Katılım,unvan
MDT,İSTANBUL PORTFÖY YÖNETİMİ A.Ş. MEDİTERRA 3 GİRİŞİM SERMAYESİ YATIRIM FONU,GSF,DG,faal,İSTANBUL PORTFÖY YÖNETİMİ A.Ş.,4028328d86d233bf018704b7bca03b32,Diğer,unvan
MEA,METLİFE EMEKLİLİK VE HAYAT A.Ş.ALTIN KATILIM EMEKLİLİK YATIRIM FONU,EYF,,faal,METLİFE EMEKLİLİK VE HAYAT A.Ş.,4028328c6efb1009016f572e20be57fb,Kıymetli Madenler,unvan
MEB,METLİFE EMEKLİLİK VE HAYAT A.Ş. BORÇLANMA ARAÇLARI EMEKLİLİK YATIRIM FONU,EYF,,faal,METLİFE EMEKLİLİK VE HAYAT A.Ş.,4028328d998eebe8019a4f3a5294280c,Borçlanma Araçları,unvan
MEG,ATLAS PORTFÖY YÖNETİMİ A.Ş. MEDYA YAPIMLARI GİRİŞİM SERMAYESİ YATIRIM FONU,GSF,DG,faal,ATLAS PORTFÖY YÖNETİMİ A.Ş.,4028328c998ee9d7019a34d0a45d72cf,Diğer,unvan
MET,GARANTİ PORTFÖY METAVERSE VE YENİ TEKNOLOJİLER DEĞİŞKEN FON,YF,DG,faal,GARANTİ PORTFÖY YÖNETİMİ A.Ş.,4028328c7f7cb860017f88424612124b,Değişken,unvan
MEV,METLİFE EMEKLİLİK VE HAYAT A.Ş. TEKNOLOJİ FON SEPETİ EMEKLİLİK YATIRIM FONU,EYF,,faal,METLİFE EMEKLİLİK VE HAYAT A.Ş.,4028328c86d231ff01884ce722e54f39,Fon Sepeti,unvan
MEY,METLİFE EMEKLİLİK VE HAYAT A.Ş. SÜRDÜRÜLEBİLİRLİK FON SEPETİ EMEKLİLİK YATIRIM FONU,EYF,,faal,METLİFE EMEKLİLİK VE HAYAT A.Ş.,4028328c86d231ff01884ce76fcb4f44,Fon Sepeti,unvan
MFG,MAQASID GAYRİMENKUL VE GİRİŞİM SERMAYESİ PORTFÖY YÖNETİMİ A.Ş. FONBULUCU GELECEK GİRİŞİM SERMAYESİ YATIRIM FONU,GSF,DG,faal,ERA CAPİTAL GAYRİMENKUL VE GİRİŞİM SERMAYESİ PORTFÖY YÖNETİMİ A.Ş.,4028328c8588f3010185f2eb216d5029,Diğer,unvan
MFP,MAQASID GAYRİMENKUL VE GİRİŞİM SERMAYESİ PORTFÖY YÖNETİMİ A.Ş. FONPRIME GİRİŞİM SERMAYESİ YATIRIM FONU,GSF,DG,faal,ERA CAPİTAL GAYRİMENKUL VE GİRİŞİM SERMAYESİ PORTFÖY YÖNETİMİ A.Ş.,4028328c86d231ff01877543aa173cd0,Diğer,unvan
MFS,İSTANBUL PORTFÖY YÖNETİMİ A.Ş. METİS FON SEPETİ GİRİŞİM SERMAYESİ YATIRIM FONU,GSF,DG,faal,İSTANBUL PORTFÖY YÖNETİMİ A.Ş.,4028328c950ba8c601958f4a320a5cb8,Fon Sepeti,unvan
MFU,MAXİS GİRİŞİM SERMAYESİ PORTFÖY YÖNETİMİ A.Ş. FUTURE OF MOBİLİTY GİRİŞİM SERMAYESİ YATIRIM FONU,GSF,DG,faal,MAXİS GİRİŞİM SERMAYESİ PORTFÖY YÖNETİMİ A.Ş.,4028328d9d7b24c9019e210ae8835522,Diğer,unvan
MG1,MAXİS GİRİŞİM SERMAYESİ PORTFÖY YÖNETİMİ A.Ş. ASTART GİRİŞİM SERMAYESİ YATIRIM FONU,GSF,DG,faal,MAXİS GİRİŞİM SERMAYESİ PORTFÖY YÖNETİMİ A.Ş.,4028328d992f6f66019957b395704f19,Diğer,unvan
MG2,MAXİS GİRİŞİM SERMAYESİ PORTFÖY YÖNETİMİ A.Ş. TEMPLETON TÜRKİYE FONU II GİRİŞİM SERMAYESİ YATIRIM FONU,GSF,DG,faal,MAXİS GİRİŞİM SERMAYESİ PORTFÖY YÖNETİMİ A.Ş.,4028328c976d29880197830488a940a2,Diğer,unvan
MG3,MAXİS GİRİŞİM SERMAYESİ PORTFÖY YÖNETİMİ A.Ş. KARMA STRATEJİ GİRİŞİM SERMAYESİ YATIRIM FONU,GSF,DG,faal,MAXİS GİRİŞİM SERMAYESİ PORTFÖY YÖNETİMİ A.Ş.,4028328d998eebe80199a39ee82c093e,Karma,unvan
MGA,AKTİF PORTFÖY YÖNETİMİ A.Ş. BİRİNCİ GAYRİMENKUL YATIRIM FONU,GMF,DG,faal,AKTİF PORTFÖY YÖNETİMİ A.Ş.,4028328d7812cbf301781b5757ab59e6,Diğer,unvan
MGB,İŞ PORTFÖY MUTLAK GETİRİ HEDEFLİ HİSSE SENEDİ SERBEST FON (HİSSE SENEDİ YOĞUN FON),YF,HS,faal,İŞ PORTFÖY YÖNETİMİ A.Ş.,4028328d93c3b68d0194412ee5a821f9,Hisse Senedi,unvan
MGD,DENİZ PORTFÖY MGD HİSSE SENEDİ SERBEST ÖZEL FON (HİSSE SENEDİ YOĞUN FON),YF,HS,faal,DENİZ PORTFÖY YÖNETİMİ A.Ş.,4028328c906f3e7c0190728992210d17,Hisse Senedi,unvan
MGE,PARDUS PORTFÖY MUTLAK GETİRİ HEDEFLİ HİSSE SENEDİ SERBEST (TL) FON (HİSSE SENEDİ YOĞUN FON),YF,HS,faal,PARDUS PORTFÖY YÖNETİMİ A.Ş.,4028328c8b2fcee7018ba34eab5c36f0,Hisse Senedi,unvan
MGF,MAXİS GİRİŞİM SERMAYESİ PORTFÖY YÖNETİMİ A.Ş. ARYA GİRİŞİM SERMAYESİ YATIRIM FONU,GSF,DG,faal,MAXİS GİRİŞİM SERMAYESİ PORTFÖY YÖNETİMİ A.Ş.,4028328c838f7bfc0183e610af0845dd,Diğer,unvan
MGG,MAQASID GAYRİMENKUL VE GİRİŞİM SERMAYESİ PORTFÖY YÖNETİMİ A.Ş. FİNANSAL TEKNOLOJİLER GİRİŞİM SERMAYESİ YATIRIM FONU,GSF,DG,faal,ERA CAPİTAL GAYRİMENKUL VE GİRİŞİM SERMAYESİ PORTFÖY YÖNETİMİ A.Ş.,4028328d812b6c2f0181381190da1474,Diğer,unvan
MGH,TEB PORTFÖY MUTLAK GETİRİ HEDEFLİ HİSSE SENEDİ SERBEST FON (HİSSE SENEDİ YOĞUN FON),YF,HS,faal,TEB PORTFÖY YÖNETİMİ A.Ş.,4028328c8e21cef8018e2cccd8f41f7f,Hisse Senedi,unvan
MGK,MAXİS GİRİŞİM SERMAYESİ PORTFÖY YÖNETİMİ A.Ş. TSKB GİRİŞİM SERMAYESİ YATIRIM FONU,GSF,DG,faal,MAXİS GİRİŞİM SERMAYESİ PORTFÖY YÖNETİMİ A.Ş.,4028328c8a99cab9018abbfe1fa171a6,Diğer,unvan
MGR,MAXİS GİRİŞİM SERMAYESİ PORTFÖY YÖNETİMİ A.Ş. ATLAS BÜYÜME SERMAYESİ GİRİŞİM SERMAYESİ YATIRIM FONU,GSF,DG,faal,MAXİS GİRİŞİM SERMAYESİ PORTFÖY YÖNETİMİ A.Ş.,4028328d794d3bd701798f3618d90b34,Diğer,unvan
MGS,MAXİS GİRİŞİM SERMAYESİ PORTFÖY YÖNETİMİ A.Ş. YENİLİKÇİ GİRİŞİM SERMAYESİ YATIRIM FONU,GSF,DG,faal,MAXİS GİRİŞİM SERMAYESİ PORTFÖY YÖNETİMİ A.Ş.,4028328c758f5dc40175b7661a1f4c09,Diğer,unvan
MGV,MAXİS GİRİŞİM SERMAYESİ PORTFÖY YÖNETİMİ A.Ş. MAXIS VENTURES GİRİŞİM SERMAYESİ YATIRIM FONU,GSF,DG,faal,MAXİS GİRİŞİM SERMAYESİ PORTFÖY YÖNETİMİ A.Ş.,4028328c8a99cab9018abbfe71a271bc,Diğer,unvan
MHA,METLİFE EMEKLİLİK VE HAYAT A.Ş. KATILIM KATKI EMEKLİLİK YATIRIM FONU,EYF,,faal,METLİFE EMEKLİLİK VE HAYAT A.Ş.,33E5FED7EA6700EAE0530A4A622B2AEA,Katılım,unvan
MHB,METLİFE EMEKLİLİK VE HAYAT A.Ş. BAŞLANGIÇ EMEKLİLİK YATIRIM FONU,OKS,DG,faal,METLİFE EMEKLİLİK VE HAYAT A.Ş.,4028328c595ae6b8015974203fa750a8,Diğer,unvan
MHC,METLİFE EMEKLİLİK VE HAYAT A.Ş. BAŞLANGIÇ KATILIM EMEKLİLİK YATIRIM FONU,OKS,DG,faal,METLİFE EMEKLİLİK VE HAYAT A.Ş.,4028328c595ae6b80159742190025148,Katılım,unvan
MHD,METLİFE EMEKLİLİK VE HAYAT A.Ş. KAMU DIŞ BORÇLANMA ARAÇLARI (ABD DOLARI 0-5 YIL VADELİ) EMEKLİLİK YATIRIM FONU,EYF,,faal,METLİFE EMEKLİLİK VE HAYAT A.Ş.,33E5FED7EC5F00EAE0530A4A622B2AEA,Borçlanma Araçları,unvan
MHE,METLİFE EMEKLİLİK VE HAYAT A.Ş. MUTLAK GETİRİ HEDEFLİ DEĞİŞKEN EMEKLİLİK YATIRIM FONU,EYF,,faal,METLİFE EMEKLİLİK VE HAYAT A.Ş.,33E5FED7EC6300EAE0530A4A622B2AEA,Değişken,unvan
MHF,MT PORTFÖY BIST HALKA ARZ ŞİRKETLERİ HİSSE SENEDİ FONU (HİSSE SENEDİ YOĞUN FON),YF,HS,faal,MT PORTFÖY YÖNETİMİ A.Ş.,4028328d944ba745019483f9e0d06b29,Hisse Senedi,unvan
MHG,METLİFE EMEKLİLİK VE HAYAT A.Ş. BORÇLANMA ARAÇLARI GRUP EMEKLİLİK YATIRIM FONU,EYF,,faal,METLİFE EMEKLİLİK VE HAYAT A.Ş.,33E5FED7EED700EAE0530A4A622B2AEA,Borçlanma Araçları,unvan
MHH,METLİFE EMEKLİLİK VE HAYAT A.Ş. HİSSE SENEDİ EMEKLİLİK YATIRIM FONU,EYF,,faal,METLİFE EMEKLİLİK VE HAYAT A.Ş.,33E5FED7EED300EAE0530A4A622B2AEA,Hisse Senedi,unvan
MHI,METLİFE EMEKLİLİK VE HAYAT A.Ş. OKS KATILIM STANDART EMEKLİLİK YATIRIM FONU,OKS,DG,faal,METLİFE EMEKLİLİK VE HAYAT A.Ş.,4028328d5fc61027016097afaf0448a6,Katılım,unvan
MHK,METLİFE EMEKLİLİK VE HAYAT A.Ş. STANDART EMEKLİLİK YATIRIM FONU,EYF,,faal,METLİFE EMEKLİLİK VE HAYAT A.Ş.,33E5FED7EC5700EAE0530A4A622B2AEA,Diğer,unvan
MHL,METLİFE EMEKLİLİK VE HAYAT A.Ş. PARA PİYASASI  EMEKLİLİK YATIRIM FONU,EYF,,faal,METLİFE EMEKLİLİK VE HAYAT A.Ş.,33E5FED7EEE300EAE0530A4A622B2AEA,Para Piyasası,unvan
MHM,METLİFE EMEKLİLİK VE HAYAT A.Ş. OKS TEMKİNLİ DEGİŞKEN EMEKLİLİK YATIRIM FONU,OKS,DG,faal,METLİFE EMEKLİLİK VE HAYAT A.Ş.,4028328d5c459ee7015d1d2a9b863177,Değişken,unvan
MHN,METLİFE EMEKLİLİK VE HAYAT A.Ş. OKS DENGELİ DEGİŞKEN EMEKLİLİK YATIRIM FONU,OKS,DG,faal,METLİFE EMEKLİLİK VE HAYAT A.Ş.,4028328d5c459ee7015d1d2c22cd3185,Değişken,unvan
MHO,METLİFE EMEKLİLİK VE HAYAT A.Ş. OKS ATAK DEGİŞKEN EMEKLİLİK YATIRIM FONU,OKS,DG,faal,METLİFE EMEKLİLİK VE HAYAT A.Ş.,4028328d5c459ee7015d1d2e254c3193,Değişken,unvan
MHR,METLİFE EMEKLİLİK VE HAYAT A.Ş. OKS AGRESİF DEGİŞKEN EMEKLİLİK  YATIRIM FONU,OKS,DG,faal,METLİFE EMEKLİLİK VE HAYAT A.Ş.,4028328d5c459ee7015d1d2fe09f31a1,Değişken,unvan
MHS,METLİFE EMEKLİLİK VE HAYAT A.Ş. KATILIM STANDART EMEKLİLİK YATIRIM FONU,EYF,,faal,METLİFE EMEKLİLİK VE HAYAT A.Ş.,33E5FED7EA6B00EAE0530A4A622B2AEA,Katılım,unvan
MHT,METLİFE EMEKLİLİK VE HAYAT A.Ş. KATKI EMEKLİLİK YATIRIM FONU,EYF,,faal,METLİFE EMEKLİLİK VE HAYAT A.Ş.,33E5FED7EEDF00EAE0530A4A622B2AEA,Diğer,unvan
MHU,METLİFE EMEKLİLİK VE HAYAT A.Ş. OKS ATAK KATILIM DEGİŞKEN EMEKLİLİK YATIRIM FONU,OKS,DG,faal,METLİFE EMEKLİLİK VE HAYAT A.Ş.,4028328d5c459ee7015d1d327ea431c7,Katılım,unvan
MHV,METLİFE EMEKLİLİK VE HAYAT A.Ş. OKS AGRESİF KATILIM DEGİŞKEN EMEKLİLİK YATIRIM FONU,OKS,DG,faal,METLİFE EMEKLİLİK VE HAYAT A.Ş.,4028328d5c459ee7015d1d34466b31d5,Katılım,unvan
MHY,METLİFE EMEKLİLİK VE HAYAT A.Ş. DENGELİ DEĞİŞKEN GRUP EMEKLİLİK YATIRIM FONU,EYF,,faal,METLİFE EMEKLİLİK VE HAYAT A.Ş.,33E5FED7EEDB00EAE0530A4A622B2AEA,Değişken,unvan
MHZ,METLİFE EMEKLİLİK VE HAYAT A.Ş. OKS STANDART EMEKLİLİK YATIRIM FONU,OKS,DG,faal,METLİFE EMEKLİLİK VE HAYAT A.Ş.,4028328d5fc61027016097ae82494897,Diğer,unvan
MIK,MT PORTFÖY İKİNCİ SERBEST FON,YF,SF,faal,MT PORTFÖY YÖNETİMİ A.Ş.,4028328c98f754d1019919939ed432bf,Serbest,unvan
MJB,AKTİF PORTFÖY BİRİNCİ FON SEPETİ FONU,YF,DG,faal,AKTİF PORTFÖY YÖNETİMİ A.Ş.,4028328d7afb2dbd017b53f59ae049ae,Fon Sepeti,unvan
MJE,ALBARAKA PORTFÖY KATILIM SERBEST (DÖVİZ-AVRO) FON,YF,KTF,faal,ALBARAKA PORTFÖY YÖNETİMİ A.Ş.,4028328d86d233bd01878e3868ec380a,Katılım,unvan
MJG,AKTİF PORTFÖY GÜMÜŞ FON SEPETİ FONU,YF,DG,faal,AKTİF PORTFÖY YÖNETİMİ A.Ş.,4028328d7850aacb0178ef410bdf6920,Fon Sepeti,unvan
MJH,AKTİF PORTFÖY FORTUNA SERBEST FON,YF,SF,faal,AKTİF PORTFÖY YÖNETİMİ A.Ş.,4028328c794d2f890179c7fbb91b3059,Serbest,unvan
MJK,MEKSA PORTFÖY KARDELEN SERBEST FON,YF,SF,faal,MEKSA PORTFÖY YÖNETİMİ A.Ş.,4028328d7b648589017b829f7e055d1f,Serbest,unvan
MJL,AKTİF PORTFÖY AKTİF SERBEST (DÖVİZ-AVRO) FON,YF,SF,faal,AKTİF PORTFÖY YÖNETİMİ A.Ş.,4028328c794d2f890179c7f91d84302c,Serbest,unvan
MK1,MAQASID GAYRİMENKUL VE GİRİŞİM SERMAYESİ PORTFÖY YÖNETİMİ A.Ş. BİRİNCİ KARMA GİRİŞİM SERMAYESİ YATIRIM FONU,GSF,DG,faal,ERA CAPİTAL GAYRİMENKUL VE GİRİŞİM SERMAYESİ PORTFÖY YÖNETİMİ A.Ş.,4028328d9cc9d32b019d19a40d9e3b3d,Karma,unvan
MKA,MARMARA CAPİTAL PORTFÖY KATILIM HİSSE SENEDİ (TL) FONU (HİSSE SENEDİ YOĞUN FON),YF,HS,faal,MARMARA CAPİTAL PORTFÖY YÖNETİMİ A.Ş.,4028328d93c3b68c01941c6dc7a651fa,Hisse Senedi,unvan
MKG,AKTİF PORTFÖY ALTIN KATILIM FONU,YF,KTF,faal,AKTİF PORTFÖY YÖNETİMİ A.Ş.,4028328d7179849801719797384a1dcb,Kıymetli Madenler,unvan
MKL,İŞ PORTFÖY MKS SERBEST (DÖVİZ) ÖZEL FON,YF,SF,faal,İŞ PORTFÖY YÖNETİMİ A.Ş.,4028328d89555d7f018a84155db867e0,Serbest,unvan
MLK,TERA PORTFÖY MASLAK SERBEST ÖZEL FON,YF,SF,faal,TERA PORTFÖY YÖNETİMİ A.Ş.,4028328d98455cf70198c69c0e992d51,Serbest,unvan
MLS,AKTİF PORTFÖY SİYAH BEYAZ SERBEST ÖZEL FON,YF,SF,faal,AKTİF PORTFÖY YÖNETİMİ A.Ş.,4028328d7812cbf301781b58eeb55a0b,Serbest,unvan
MLT,DENİZ PORTFÖY MELTEM HİSSE SENEDİ SERBEST (TL) FON (HİSSE SENEDİ YOĞUN FON),YF,HS,faal,DENİZ PORTFÖY YÖNETİMİ A.Ş.,4028328c98f754d101990aaea10e4e9f,Hisse Senedi,unvan
MMG,MAQASID GAYRİMENKUL VE GİRİŞİM SERMAYESİ PORTFÖY YÖNETİMİ A.Ş. MEYDAN GAYRİMENKUL YATIRIM FONU,GMF,DG,faal,ERA CAPİTAL GAYRİMENKUL VE GİRİŞİM SERMAYESİ PORTFÖY YÖNETİMİ A.Ş.,4028328d8305029d0183465e1930340f,Diğer,unvan
MMH,AKTİF PORTFÖY BIST 30 ENDEKSİ HİSSE SENEDİ (TL)  FONU (HİSSE SENEDİ YOĞUN FON),YF,HS,faal,AKTİF PORTFÖY YÖNETİMİ A.Ş.,4028328c71bc39c0017218e307c43a95,Hisse Senedi,unvan
MOD,YAPI KREDİ PORTFÖY MODA SERBEST (DÖVİZ) ÖZEL FON,YF,SF,faal,YAPI KREDİ PORTFÖY YÖNETİMİ A.Ş.,4028328c8b2fcee7018b65f4ba4b1e70,Serbest,unvan
MOG,MAXİS GİRİŞİM SERMAYESİ PORTFÖY YÖNETİMİ A.Ş. ODTÜ 70. YIL GİRİŞİM SERMAYESİ YATIRIM FONU,GSF,DG,faal,MAXİS GİRİŞİM SERMAYESİ PORTFÖY YÖNETİMİ A.Ş.,4028328d9aaa2dfa019ac5219da47efe,Diğer,unvan
MOZ,EMAA BLUE PORTFÖY MOZAİK SERBEST FON,YF,SF,faal,EMAA BLUE PORTFÖY YÖNETİMİ A.Ş.,4028328d998eebe8019a531e13514129,Serbest,unvan
MP1,MT PORTFÖY GÜMÜŞ FON SEPETİ FONU,YF,DG,faal,MT PORTFÖY YÖNETİMİ A.Ş.,4028328c969f295c019763df269b0047,Fon Sepeti,unvan
MP2,MT PORTFÖY İKİNCİ HİSSE SENEDİ SERBEST FON (HİSSE SENEDİ YOĞUN FON),YF,HS,faal,MT PORTFÖY YÖNETİMİ A.Ş.,4028328d950b608601951832acb7467c,Hisse Senedi,unvan
MP4,MT PORTFÖY DÖRDÜNCÜ HİSSE SENEDİ SERBEST FON (HİSSE SENEDİ YOĞUN FON),YF,HS,faal,MT PORTFÖY YÖNETİMİ A.Ş.,4028328c969f2955019763d9387a1598,Hisse Senedi,unvan
MPA,MAXİS GİRİŞİM SERMAYESİ PORTFÖY YÖNETİMİ A.Ş. FOUNDER ONE GİRİŞİM SERMAYESİ YATIRIM FONU,GSF,DG,faal,MAXİS GİRİŞİM SERMAYESİ PORTFÖY YÖNETİMİ A.Ş.,4028328d8029261b01803d248ccd664e,Diğer,unvan
MPATA,AKTİF PORTFÖY YÖNETİMİ A.Ş. İKİNCİ GAYRİMENKUL YATIRIM (TL) FONU,GMF,DG,faal,AKTİF PORTFÖY YÖNETİMİ A.Ş.,4028328c65fd41d90166e98154297528,Diğer,unvan
MPD,AKTİF PORTFÖY AKTİF SERBEST (DÖVİZ) FON,YF,SF,faal,AKTİF PORTFÖY YÖNETİMİ A.Ş.,4028328c65fd41d90166e982b4577550,Serbest,unvan
MPE,MT PORTFÖY PARA PİYASASI KATILIM (TL) FONU,YF,KTF,faal,MT PORTFÖY YÖNETİMİ A.Ş.,4028328d9824357901983233d0bf3acb,Para Piyasası,unvan
MPF,AKTİF PORTFÖY KISA VADELİ KİRA SERTİFİKASI KATILIM (TL) FONU,YF,KTF,faal,AKTİF PORTFÖY YÖNETİMİ A.Ş.,4028328c5b3ef438015c3ed1175733a5,Kısa Vadeli Borçlanma,unvan
MPI,MEKSA PORTFÖY İSTATİSTİKSEL ARBİTRAJ SERBEST (TL) FON,YF,SF,faal,MEKSA PORTFÖY YÖNETİMİ A.Ş.,4028328c8b2fcee8018b8f28ed952c63,Serbest,unvan
MPK,AKTİF PORTFÖY KİRA SERTİFİKASI KATILIM (TL) FONU,YF,KTF,faal,AKTİF PORTFÖY YÖNETİMİ A.Ş.,4028328d5b3ef6c7015baa2d51b32630,Katılım,unvan
MPL,MT PORTFÖY PARA PİYASASI (TL) FONU,YF,DG,faal,MT PORTFÖY YÖNETİMİ A.Ş.,4028328c9373b8ac0193b51ec3475016,Para Piyasası,unvan
MPN,AKTİF PORTFÖY İKİNCİ AKTİF SERBEST (DÖVİZ) FON,YF,SF,faal,AKTİF PORTFÖY YÖNETİMİ A.Ş.,4028328c6ab78362016b54b6f83a38ac,Serbest,unvan
MPP,MEKSA PORTFÖY PRIME SERBEST FON,YF,SF,faal,MEKSA PORTFÖY YÖNETİMİ A.Ş.,4028328c55a2cb380155b512353a3210,Serbest,unvan
MPS,AKTİF PORTFÖY KATILIM HİSSE SENEDİ (TL) FONU (HİSSE SENEDİ YOĞUN FON),YF,HS,faal,AKTİF PORTFÖY YÖNETİMİ A.Ş.,4028328d5b3ef6c7015baa2f04ff2669,Hisse Senedi,unvan
MPT,AKTİF PORTFÖY YÖNETİMİ A.Ş. AKTİF VENTURES GİRİŞİM SERMAYESİ YATIRIM FONU,GSF,DG,faal,AKTİF PORTFÖY YÖNETİMİ A.Ş.,4028328c7600748501766652127944e5,Diğer,unvan
MRE,MAQASID GAYRİMENKUL VE GİRİŞİM SERMAYESİ PORTFÖY YÖNETİMİ A.Ş. FONTAR GİRİŞİM SERMAYESİ YATIRIM FONU,GSF,DG,faal,ERA CAPİTAL GAYRİMENKUL VE GİRİŞİM SERMAYESİ PORTFÖY YÖNETİMİ A.Ş.,4028328c8588f3010185f2eaf712501d,Diğer,unvan
MRI,TEB PORTFÖY MERİDYEN SERBEST FON,YF,SF,faal,TEB PORTFÖY YÖNETİMİ A.Ş.,4028328d916b98a001918dad18d326d3,Serbest,unvan
MSK,AZİMUT PORTFÖY MSG SERBEST (TL) ÖZEL FON,YF,SF,faal,AZİMUT PORTFÖY YÖNETİMİ A.Ş.,4028328d86d233be0187be0846f8698c,Serbest,unvan
MSO,ASTRA PORTFÖY MSK SERBEST (DÖVİZ) ÖZEL FON,YF,SF,faal,ASTRA PORTFÖY YÖNETİMİ A.Ş.,4028328d8b2fcee7018c2506e87c279b,Serbest,unvan
MSR,MEKSA PORTFÖY ALGORİTMİK STRATEJİLER SERBEST FON,YF,SF,faal,MEKSA PORTFÖY YÖNETİMİ A.Ş.,4028328d8e21d0ec018e36dd93660c38,Serbest,unvan
MSS,MAQASID GAYRİMENKUL VE GİRİŞİM SERMAYESİ PORTFÖY YÖNETİMİ A.Ş. MAYAHUB GİRİŞİM SERMAYESİ YATIRIM FONU,GSF,DG,faal,ERA CAPİTAL GAYRİMENKUL VE GİRİŞİM SERMAYESİ PORTFÖY YÖNETİMİ A.Ş.,4028328d7afb2dbd017b5e01f9402ab7,Diğer,unvan
MT1,MT PORTFÖY BİRİNCİ SERBEST (DÖVİZ) FON,YF,SF,faal,MT PORTFÖY YÖNETİMİ A.Ş.,4028328c9373b8ac0193b5125e6a4f7c,Serbest,unvan
MT2,MT PORTFÖY PARA PİYASASI SERBEST (TL) FON,YF,SF,faal,MT PORTFÖY YÖNETİMİ A.Ş.,4028328c9373b8ac0193b51292d74f87,Para Piyasası,unvan
MT5,MT PORTFÖY BEŞİNCİ HİSSE SENEDİ SERBEST FON (HİSSE SENEDİ YOĞUN FON),YF,HS,faal,MT PORTFÖY YÖNETİMİ A.Ş.,4028328d982435790198322ee5683a0b,Hisse Senedi,unvan
MT6,MT PORTFÖY ALTINCI HİSSE SENEDİ SERBEST FON (HİSSE SENEDİ YOĞUN FON),YF,HS,faal,MT PORTFÖY YÖNETİMİ A.Ş.,4028328d982435790198322e4e0f39de,Hisse Senedi,unvan
MT7,MT PORTFÖY YEDİNCİ HİSSE SENEDİ SERBEST FON (HİSSE SENEDİ YOĞUN FON),YF,HS,faal,MT PORTFÖY YÖNETİMİ A.Ş.,4028328c98f754d1019919936eb332b2,Hisse Senedi,unvan
MT8,MT PORTFÖY SEKİZİNCİ HİSSE SENEDİ SERBEST FON (HİSSE SENEDİ YOĞUN FON),YF,HS,faal,MT PORTFÖY YÖNETİMİ A.Ş.,4028328d998eebe8019a10d726f67fb0,Hisse Senedi,unvan
MT9,MT PORTFÖY DOKUZUNCU HİSSE SENEDİ SERBEST FON (HİSSE SENEDİ YOĞUN FON),YF,HS,faal,MT PORTFÖY YÖNETİMİ A.Ş.,4028328d998eebe8019a10d6f4ec7f97,Hisse Senedi,unvan
MTA,MT PORTFÖY ALTIN KATILIM FONU,YF,KTF,faal,MT PORTFÖY YÖNETİMİ A.Ş.,4028328d98243579019832318ccc3a63,Kıymetli Madenler,unvan
MTC,MT PORTFÖY YÖNETİMİ A.Ş. İKİNCİ GİRİŞİM SERMAYESİ YATIRIM FONU,GSF,DG,faal,MT PORTFÖY YÖNETİMİ A.Ş.,4028328c9af2405e019b462578e76770,Diğer,unvan
MTD,BV PORTFÖY MALZEME TEKNOLOJİLERİ DEĞİŞKEN FON,YF,DG,faal,BV PORTFÖY YÖNETİMİ A.Ş.,4028328d949955a90194b20c87887dc5,Değişken,unvan
MTE,MT PORTFÖY BİRİNCİ HİSSE SENEDİ SERBEST FON (HİSSE SENEDİ YOĞUN FON),YF,HS,faal,MT PORTFÖY YÖNETİMİ A.Ş.,4028328c949953a00194f3efa444305f,Hisse Senedi,unvan
MTF,MT PORTFÖY BİRİNCİ İSTATİSTİKSEL ARBİTRAJ HİSSE SENEDİ SERBEST (TL) FON (HİSSE SENEDİ YOĞUN FON),YF,HS,faal,MT PORTFÖY YÖNETİMİ A.Ş.,4028328c949953a00194f3ef60ef3053,Hisse Senedi,unvan
MTG,DENİZ PORTFÖY MUTLAK GETİRİ HEDEFLİ HİSSE SENEDİ SERBEST FON (HİSSE SENEDİ YOĞUN FON),YF,HS,faal,DENİZ PORTFÖY YÖNETİMİ A.Ş.,4028328c9373b8aa0193ba169f5a37e9,Hisse Senedi,unvan
MTH,MT PORTFÖY BİRİNCİ HİSSE SENEDİ FONU (HİSSE SENEDİ YOĞUN FON),YF,HS,faal,MT PORTFÖY YÖNETİMİ A.Ş.,4028328d9373bab00193b51ab7b63889,Hisse Senedi,unvan
MTI,AZİMUT PORTFÖY METİS SERBEST ÖZEL FON,YF,SF,faal,AZİMUT PORTFÖY YÖNETİMİ A.Ş.,4028328c90effe4c01910e580c824e90,Serbest,unvan
MTK,MT PORTFÖY KATILIM HİSSE SENEDİ (TL) FONU (HİSSE SENEDİ YOĞUN FON),YF,HS,faal,MT PORTFÖY YÖNETİMİ A.Ş.,4028328c969f2955019711b35bc66848,Hisse Senedi,unvan
MTL,AURA PORTFÖY MUTLAK GETİRİ HEDEFLİ SERBEST FON,YF,SF,faal,AURA PORTFÖY YÖNETİMİ A.Ş.,4028328d8e21d0ec018ee6a1b8344ea3,Serbest,unvan
MTS,AKTİF PORTFÖY TARIM VE SÜRDÜRÜLEBİLİRLİK FON SEPETİ FONU,YF,DG,faal,AKTİF PORTFÖY YÖNETİMİ A.Ş.,4028328c84686b4001852988fa6a40b0,Fon Sepeti,unvan
MTT,MAXİS GİRİŞİM SERMAYESİ PORTFÖY YÖNETİMİ A.Ş. MOLTEN EAST TÜRKİYE TEKNOLOJİ GİRİŞİM SERMAYESİ YATIRIM FONU,GSF,DG,faal,MAXİS GİRİŞİM SERMAYESİ PORTFÖY YÖNETİMİ A.Ş.,4028328d9af24265019b4ade96e01911,Diğer,unvan
MTU,MT PORTFÖY ÜÇÜNCÜ HİSSE SENEDİ SERBEST FON (HİSSE SENEDİ YOĞUN FON),YF,HS,faal,MT PORTFÖY YÖNETİMİ A.Ş.,4028328d950b60860195183255c04671,Hisse Senedi,unvan
MTV,AK PORTFÖY METAVERSE VE DİJİTAL YAŞAM TEKNOLOJİLERİ DEĞİŞKEN FON,YF,DG,faal,AK PORTFÖY YÖNETİMİ A.Ş.,4028328c7f7cb862017fb7147ff835ce,Değişken,unvan
MTX,TEB PORTFÖY ÜÇÜNCÜ DEĞİŞKEN FON,YF,DG,faal,TEB PORTFÖY YÖNETİMİ A.Ş.,4028328c800a1f9f018018cd1cab2d3d,Değişken,unvan
MU1,AK PORTFÖY MUTLAK GETİRİ HEDEFLİ HİSSE SENEDİ SERBEST FON (HİSSE SENEDİ YOĞUN FON),YF,HS,faal,AK PORTFÖY YÖNETİMİ A.Ş.,4028328d9373bab0019396d353bc16f4,Hisse Senedi,unvan
MUC,MT PORTFÖY YÖNETİMİ A.Ş. ÜÇÜNCÜ GİRİŞİM SERMAYESİ YATIRIM FONU,GSF,DG,faal,MT PORTFÖY YÖNETİMİ A.Ş.,4028328c9af2405e019b462552766765,Diğer,unvan
MUG,AKTİF PORTFÖY YÖNETİMİ A.Ş. ÜÇÜNCÜ GAYRİMENKUL YATIRIM FONU,GMF,DG,faal,AKTİF PORTFÖY YÖNETİMİ A.Ş.,4028328c950ba8c701955bd0967359b1,Diğer,unvan
MUL,MT PORTFÖY BİRİNCİ SERBEST FON,YF,SF,faal,MT PORTFÖY YÖNETİMİ A.Ş.,4028328c9373b8ac0193917943617744,Serbest,unvan
MUT,GARANTİ PORTFÖY MUTLAK GETİRİ HEDEFLİ HİSSE SENEDİ SERBEST FON (HİSSE SENEDİ YOĞUN FON),YF,HS,faal,GARANTİ PORTFÖY YÖNETİMİ A.Ş.,4028328c9132faf001915b978fb309ca,Hisse Senedi,unvan
MVG,MAXİS GİRİŞİM SERMAYESİ PORTFÖY YÖNETİMİ A.Ş. TPEF V GİRİŞİM SERMAYESİ YATIRIM FONU,GSF,DG,faal,MAXİS GİRİŞİM SERMAYESİ PORTFÖY YÖNETİMİ A.Ş.,4028328c9f52dc40019fea97bb814248,Diğer,unvan
MYF,MAXİS GİRİŞİM SERMAYESİ PORTFÖY YÖNETİMİ A.Ş. TÜRKİYE YEŞİL FİNANS PROJESİ GİRİŞİM SERMAYESİ YATIRIM FONU,GSF,DG,faal,MAXİS GİRİŞİM SERMAYESİ PORTFÖY YÖNETİMİ A.Ş.,4028328c9013796e01903af3f5c63f9d,Diğer,unvan
MYI,MAQASID GAYRİMENKUL VE GİRİŞİM SERMAYESİ PORTFÖY YÖNETİMİ A.Ş. FONBULUCU GİRİŞİM SERMAYESİ YATIRIM FONU,GSF,DG,faal,ERA CAPİTAL GAYRİMENKUL VE GİRİŞİM SERMAYESİ PORTFÖY YÖNETİMİ A.Ş.,4028328c767baf6801769aac4787039a,Diğer,unvan
MYP,AKTİF PORTFÖY YÖNETİMİ A.Ş. YAPRAK YENİLENEBİLİR ENERJİ GİRİŞİM SERMAYESİ YATIRIM FONU,GSF,DG,faal,AKTİF PORTFÖY YÖNETİMİ A.Ş.,4028328c7600748501766665b7b24567,Diğer,unvan
MYT,MAQASİD GAYRİMENKUL VE GİRİŞİM SERMAYESİ PORTFÖY YÖNETİMİ A.Ş. YENİLİKÇİ TEKNOLOJİLER GİRİŞİM SERMAYESİ YATIRIM FONU,GSF,DG,faal,ERA CAPİTAL GAYRİMENKUL VE GİRİŞİM SERMAYESİ PORTFÖY YÖNETİMİ A.Ş.,4028328c767baf6801769aae77fa03ab,Diğer,unvan
MYU,MAXİS GİRİŞİM SERMAYESİ PORTFÖY YÖNETİMİ A.Ş. 100. YIL GİRİŞİM SERMAYESİ YATIRIM FONU,GSF,DG,faal,MAXİS GİRİŞİM SERMAYESİ PORTFÖY YÖNETİMİ A.Ş.,4028328c8a99cab9018abbfe4a7471b1,Diğer,unvan
MZL,AGESA HAYAT VE EMEKLİLİK A.Ş. İKİNCİ FON SEPETİ EMEKLİLİK YATIRIM FONU,EYF,,faal,AGESA HAYAT VE EMEKLİLİK A.Ş.,4028328d761063980176474d1f8f21ae,Fon Sepeti,unvan
MZN,AGESA HAYAT VE EMEKLİLİK A.Ş. BİRİNCİ FON SEPETİ EMEKLİLİK YATIRIM FONU,EYF,,faal,AGESA HAYAT VE EMEKLİLİK A.Ş.,4028328d761063980176474be44d219f,Fon Sepeti,unvan
MZP,AGESA HAYAT VE EMEKLİLİK A.Ş. ÜÇÜNCÜ FON SEPETİ EMEKLİLİK YATIRIM FONU,EYF,,faal,AGESA HAYAT VE EMEKLİLİK A.Ş.,4028328d761063980176474de71121bd,Fon Sepeti,unvan
NA6,ANATOLIA GAYRİMENKUL VE GİRİŞİM SERMAYESİ PORTFÖY YÖNETİMİ A.Ş. AGIA GİRİŞİM SERMAYESİ YATIRIM FONU,GSF,DG,faal,ANATOLIA GAYRİMENKUL VE GİRİŞİM SERMAYESİ PORTFÖY YÖNETİMİ A.Ş.,4028328d9f0a0a59019f287d9cc8688c,Diğer,unvan
NA7,ANATOLIA GAYRİMENKUL VE GİRİŞİM SERMAYESİ PORTFÖY YÖNETİMİ A.Ş. NEO PLANET GİRİŞİM SERMAYESİ YATIRIM FONU,GSF,DG,faal,ANATOLIA GAYRİMENKUL VE GİRİŞİM SERMAYESİ PORTFÖY YÖNETİMİ A.Ş.,4028328c9f52dc4001a019b97d4b1947,Diğer,unvan
NAA,NATURA GAYRİMENKUL VE GİRİŞİM SERMAYESİ PORTFÖY YÖNETİMİ A.Ş. ALTINCI PROJE GAYRİMENKUL YATIRIM FONU,GMF,DG,faal,NATURA GAYRİMENKUL VE GİRİŞİM SERMAYESİ PORTFÖY YÖNETİMİ A.Ş.,4028328d98455cf70198d1b4b22675a7,Diğer,unvan
NAG,NEO PORTFÖY YÖNETİMİ A.Ş. AKS GAYRİMENKUL YATIRIM FONU,GMF,DG,faal,NEO PORTFÖY YÖNETİMİ A.Ş.,4028328c7da7e73d017e57d8c6a13552,Diğer,unvan
NAK,NEO PORTFÖY ALTIN KATILIM FONU,YF,KTF,faal,NEO PORTFÖY YÖNETİMİ A.Ş.,4028328c9aaa2bf9019abf64209a53d3,Kıymetli Madenler,unvan
NAL,NEO PORTFÖY ALTINCI SERBEST FON,YF,SF,faal,NEO PORTFÖY YÖNETİMİ A.Ş.,4028328c98455aea0198bd3c22505b7f,Serbest,unvan
NAT,INVEO PORTFÖY YÖNETİMİ A.Ş. ADVENTURES GİRİŞİM SERMAYESİ YATIRIM FONU,GSF,DG,faal,INVEO PORTFÖY YÖNETİMİ A.Ş.,4028328d7da7e96d017ed4afa8c00ebb,Diğer,unvan
NAU,NEO PORTFÖY ALTIN FONU,YF,DG,faal,NEO PORTFÖY YÖNETİMİ A.Ş.,4028328c8e21cef8018e2c96f3281b17,Kıymetli Madenler,unvan
NAV,NUROL PORTFÖY NOVA HİSSE SENEDİ SERBEST FON (HİSSE SENEDİ YOĞUN FON),YF,HS,faal,NUROL PORTFÖY YÖNETİMİ A.Ş.,4028328d919f184b0192b8beeaf824bc,Hisse Senedi,unvan
NBA,NUROL PORTFÖY YÖNETİMİ A.Ş. BABACAN MERİDİAN PROJE GAYRİMENKUL YATIRIM FONU,GMF,DG,faal,NUROL PORTFÖY YÖNETİMİ A.Ş.,4028328c950ba8c601953c3758af3d15,Diğer,unvan
NBC,NUROL PORTFÖY YÖNETİMİ A.Ş. ONBİRİNCİ GİRİŞİM SERMAYESİ YATIRIM FONU,GSF,DG,faal,NUROL PORTFÖY YÖNETİMİ A.Ş.,4028328d969f29540197363a839b3eb0,Diğer,unvan
NBE,NEO PORTFÖY BEŞİNCİ SERBEST FON,YF,SF,faal,NEO PORTFÖY YÖNETİMİ A.Ş.,4028328d949955a90194b7aa0c252f6a,Serbest,unvan
NBH,NEO PORTFÖY ALGORİTMİK STRATEJİLER SERBEST FON,YF,SF,faal,NEO PORTFÖY YÖNETİMİ A.Ş.,4028328d7850aacb0178e8c9a1485c69,Serbest,unvan
NBI,NUROL PORTFÖY YÖNETİMİ A.Ş. BÜYÜYEN İŞLETMELER GİRİŞİM SERMAYESİ YATIRIM FONU,GSF,DG,faal,NUROL PORTFÖY YÖNETİMİ A.Ş.,4028328c8b2fcee7018c442a34830096,Diğer,unvan
NBM,NEO PORTFÖY BİRİNCİ BORÇLANMA ARAÇLARI FONU,YF,DG,faal,NEO PORTFÖY YÖNETİMİ A.Ş.,4028328c98242c7501983b74f5336a90,Borçlanma Araçları,unvan
NBO,NEO PORTFÖY BORÇLANMA ARACI FONLARI FON SEPETİ FONU,YF,DG,faal,NEO PORTFÖY YÖNETİMİ A.Ş.,4028328d969f2954019734c4e11e2256,Fon Sepeti,unvan
NBP,NEO PORTFÖY YÖNETİMİ A.Ş. BİRİNCİ PROJE GAYRİMENKUL YATIRIM FONU,GMF,DG,faal,NEO PORTFÖY YÖNETİMİ A.Ş.,4028328c95959ac201961f7cee7b5dc1,Diğer,unvan
NBR,NATURA GAYRİMENKUL VE GİRİŞİM SERMAYESİ PORTFÖY YÖNETİMİ A.Ş. BİRİNCİ PROJE GAYRİMENKUL YATIRIM FONU,GMF,DG,faal,NATURA GAYRİMENKUL VE GİRİŞİM SERMAYESİ PORTFÖY YÖNETİMİ A.Ş.,4028328c930ce8de01932ab894de40ab,Diğer,unvan
NBY,QNB PORTFÖY YÖNETİMİ A.Ş. QNBEYOND GİRİŞİM SERMAYESİ YATIRIM FONU,GSF,DG,faal,QNB PORTFÖY YÖNETİMİ A.Ş.,4028328d75e773c30175f4c3cbab0bce,Diğer,unvan
NBZ,NEO PORTFÖY BİRİNCİ SERBEST (DÖVİZ) FON,YF,SF,faal,NEO PORTFÖY YÖNETİMİ A.Ş.,4028328d7850aacb0178e8cba2d05c79,Serbest,unvan
NCA,NEO PORTFÖY YÖNETİMİ A.Ş. ASTRA CAPİTAL GİRİŞİM SERMAYESİ YATIRIM FONU,GSF,DG,faal,NEO PORTFÖY YÖNETİMİ A.Ş.,4028328d998eebe8019aa6c4e7e645f5,Diğer,unvan
NCG,NUROL PORTFÖY YÖNETİMİ A.Ş. CARACAL GİRİŞİM SERMAYESİ YATIRIM FONU,GSF,DG,faal,NUROL PORTFÖY YÖNETİMİ A.Ş.,4028328c8b2fcee7018d21efe6a9318e,Diğer,unvan
NCH,NEO PORTFÖY YÖNETİMİ A.Ş. PALMET GİRİŞİM SERMAYESİ YATIRIM FONU,GSF,DG,faal,NEO PORTFÖY YÖNETİMİ A.Ş.,4028328c949953a20194f921909f4913,Diğer,unvan
NCI,PARDUS PORTFÖY YÖNETİMİ A.Ş. İKİNCİ GİRİŞİM SERMAYESİ YATIRIM FONU,GSF,DG,faal,PARDUS PORTFÖY YÖNETİMİ A.Ş.,4028328d8b2fcee7018c7d1e29095bda,Diğer,unvan
NCP,NUROL PORTFÖY YÖNETİMİ A.Ş. İDACAPİTAL WORQCOMPANY GİRİŞİM SERMAYESİ YATIRIM FONU,GSF,DG,faal,NUROL PORTFÖY YÖNETİMİ A.Ş.,4028328d919f184b0192f74dc6067c1b,Diğer,unvan
NCS,NUROL PORTFÖY ÜÇÜNCÜ SERBEST (DÖVİZ) FON,YF,SF,faal,NUROL PORTFÖY YÖNETİMİ A.Ş.,4028328c86d2320001870ef291f32901,Serbest,unvan
NCU,NEO PORTFÖY ÜÇÜNCÜ SERBEST (DÖVİZ) FON,YF,SF,faal,NEO PORTFÖY YÖNETİMİ A.Ş.,4028328c949953a20194fa0688e7520e,Serbest,unvan
NCV,NUROL PORTFÖY ÜÇÜNCÜ SERBEST FON,YF,SF,faal,NUROL PORTFÖY YÖNETİMİ A.Ş.,4028328d950b60860195948447d13a9d,Serbest,unvan
NDC,TACİRLER PORTFÖY NMÇ KAR PAYI ÖDEYEN SERBEST ÖZEL FON,YF,SF,faal,TACİRLER PORTFÖY YÖNETİMİ A.Ş.,4028328d8e21d0ec018f3e71203f73ef,Serbest,unvan
NDG,NUROL PORTFÖY YÖNETİMİ A.Ş. APRİL MEDYA GİRİŞİM SERMAYESİ YATIRIM FONU,GSF,DG,faal,NUROL PORTFÖY YÖNETİMİ A.Ş.,4028328d7bf4b81c017d28bc85254c49,Diğer,unvan
NDK,NUROL PORTFÖY YÖNETİMİ A.Ş. DOKUZUNCU GİRİŞİM SERMAYESİ YATIRIM FONU,GSF,DG,faal,NUROL PORTFÖY YÖNETİMİ A.Ş.,4028328d969f29540197363ac89c3ec6,Diğer,unvan
NDL,ALLBATROSS PORTFÖY ANADOLU HİSSE SENEDİ SERBEST (TL) ÖZEL FON (HİSSE SENEDİ YOĞUN FON),YF,HS,faal,ALLBATROSS PORTFÖY YÖNETİMİ A.Ş.,4028328d868461840186cbc47d833be7,Hisse Senedi,unvan
NDS,NEO PORTFÖY DÖRDÜNCÜ SERBEST FON,YF,SF,faal,NEO PORTFÖY YÖNETİMİ A.Ş.,4028328c8f3f759b018fde6729a549b9,Serbest,unvan
NDU,NUROL PORTFÖY ÜÇÜNCÜ İSTATİSTİKSEL ARBİTRAJ HİSSE SENEDİ SERBEST FON (HİSSE SENEDİ YOĞUN FON),YF,HS,faal,NUROL PORTFÖY YÖNETİMİ A.Ş.,4028328d950b6086019594841e623a89,Hisse Senedi,unvan
NEA,NEO PORTFÖY YÖNETİMİ A.Ş. AKDENİZ GİRİŞİM SERMAYESİ YATIRIM FONU,GSF,DG,faal,NEO PORTFÖY YÖNETİMİ A.Ş.,4028328c7d3c2e71017d9545c661578b,Diğer,unvan
NEC,NEO PORTFÖY YÖNETİMİ A.Ş. OVİUM GİRİŞİM SERMAYESİ YATIRIM FONU,GSF,DG,faal,NEO PORTFÖY YÖNETİMİ A.Ş.,4028328c7d3c2e71017d95437166576d,Diğer,unvan
NEP,NEO PORTFÖY YÖNETİMİ A.Ş. PERGE GİRİŞİM SERMAYESİ YATIRIM FONU,GSF,DG,faal,NEO PORTFÖY YÖNETİMİ A.Ş.,4028328c7fd43043017fd4be57b0064b,Diğer,unvan
NES,INVEO PORTFÖY DÖRDÜNCÜ SERBEST ÖZEL FON,YF,SF,faal,INVEO PORTFÖY YÖNETİMİ A.Ş.,4028328c8e21cef7018ea95f73834a1a,Serbest,unvan
NEV,AKTİF PORTFÖY YÖNETİMİ A.Ş. NKOLAY EV KADIKÖY KATILIM GAYRİMENKUL YATIRIM FONU,GMF,DG,faal,AKTİF PORTFÖY YÖNETİMİ A.Ş.,4028328c976d29880197d535fda62585,Katılım,unvan
NFA,NEO PORTFÖY YÖNETİMİ A.Ş. FENERCİOĞLU PROJE GAYRİMENKUL YATIRIM FONU,GMF,DG,faal,NEO PORTFÖY YÖNETİMİ A.Ş.,4028328d8b2fcee7018c1b97f3452a82,Diğer,unvan
NFE,NEO PORTFÖY YÖNETİMİ A.Ş. ONÜÇÜNCÜ GAYRİMENKUL YATIRIM FONU,GMF,DG,faal,NEO PORTFÖY YÖNETİMİ A.Ş.,4028328d8b2fcee7018c1b9818fd2a8e,Diğer,unvan
NFF,NEO PORTFÖY FON SEPETİ SERBEST FON,YF,SF,faal,NEO PORTFÖY YÖNETİMİ A.Ş.,4028328c8ff3a6770190117b0f5c2278,Fon Sepeti,unvan
NFG,NEO PORTFÖY YÖNETİMİ A.Ş. FIRSAT GAYRİMENKUL YATIRIM FONU,GMF,DG,faal,NEO PORTFÖY YÖNETİMİ A.Ş.,4028328c7fd43043017fd4bf43b9065f,Diğer,unvan
NFH,NEO PORTFÖY HİSSE SENEDİ SERBEST FON (HİSSE SENEDİ YOĞUN FON),YF,HS,faal,NEO PORTFÖY YÖNETİMİ A.Ş.,4028328d906f40790190e3dd892d65c7,Hisse Senedi,unvan
NFK,HEDEF PORTFÖY NEHİR HİSSE SENEDİ SERBEST (TL) FON (HİSSE SENEDİ YOĞUN FON),YF,HS,faal,HEDEF PORTFÖY YÖNETİMİ A.Ş.,4028328d8588f30101859c09418822b2,Hisse Senedi,unvan
NFS,NUROL PORTFÖY BİRİNCİ FON SEPETİ FONU,YF,DG,faal,NUROL PORTFÖY YÖNETİMİ A.Ş.,4028328d950b60860195948f8d073be7,Fon Sepeti,unvan
NFU,NEO PORTFÖY YÖNETİMİ A.Ş. BİRİNCİ FON SEPETİ GİRİŞİM SERMAYESİ YATIRIM FONU,GSF,DG,faal,NEO PORTFÖY YÖNETİMİ A.Ş.,4028328c9ec11d3d019ef4e1a10b1a97,Fon Sepeti,unvan
NG1,NATURA GAYRİMENKUL VE GİRİŞİM SERMAYESİ PORTFÖY YÖNETİMİ A.Ş. BİRİNCİ GİRİŞİM SERMAYESİ YATIRIM FONU,GSF,DG,faal,NATURA GAYRİMENKUL VE GİRİŞİM SERMAYESİ PORTFÖY YÖNETİMİ A.Ş.,4028328d93c3b68c0194086e89a950e4,Diğer,unvan
NG2,NEO PORTFÖY YÖNETİMİ A.Ş. İKİNCİ GAYRİMENKUL YATIRIM FONU,GMF,DG,faal,NEO PORTFÖY YÖNETİMİ A.Ş.,4028328d7850aacb017863f0f1d46507,Diğer,unvan
NG3,NEO PORTFÖY YÖNETİMİ A.Ş. ÜÇÜNCÜ GAYRİMENKUL YATIRIM FONU,GMF,DG,faal,NEO PORTFÖY YÖNETİMİ A.Ş.,4028328d7850aacb017863f20af4652a,Diğer,unvan
NG4,NEO PORTFÖY YÖNETİMİ A.Ş. DÖRDÜNCÜ GAYRİMENKUL YATIRIM FONU,GMF,DG,faal,NEO PORTFÖY YÖNETİMİ A.Ş.,4028328d7850aacb017863f2a7c3656a,Diğer,unvan
NG5,NEO PORTFÖY YÖNETİMİ A.Ş. BEŞİNCİ GAYRİMENKUL YATIRIM FONU,GMF,DG,faal,NEO PORTFÖY YÖNETİMİ A.Ş.,4028328d7850aacb017863f3a8156585,Diğer,unvan
NG6,ARGEUS GAYRİMENKUL VE GİRİŞİM SERMAYESİ PORTFÖY YÖNETİMİ A.Ş. İKİNCİ GAYRİMENKUL YATIRIM FONU,GMF,DG,faal,ARGEUS GAYRİMENKUL VE GİRİŞİM SERMAYESİ PORTFÖY YÖNETİMİ A.Ş.,4028328d7afb2dbc017b585ae1ea360f,Diğer,unvan
NG7,NEO PORTFÖY YÖNETİMİ A.Ş. YEDİNCİ GAYRİMENKUL YATIRIM FONU,GMF,DG,faal,NEO PORTFÖY YÖNETİMİ A.Ş.,4028328d7afb2dbc017b585bf6c03625,Diğer,unvan
NG8,NEO PORTFÖY YÖNETİMİ A.Ş. DOKUZUNCU GAYRİMENKUL YATIRIM FONU,GMF,DG,faal,NEO PORTFÖY YÖNETİMİ A.Ş.,4028328c80e9178f0181057cbe8615ec,Diğer,unvan
NG9,NEO PORTFÖY YÖNETİMİ A.Ş. İTK VENTURES GİRİŞİM SERMAYESİ YATIRIM FONU,GSF,DG,faal,NEO PORTFÖY YÖNETİMİ A.Ş.,4028328c81fdc44901823a7eb9ed541d,Diğer,unvan
NGB,NATURA GAYRİMENKUL VE GİRİŞİM SERMAYESİ PORTFÖY YÖNETİMİ A.Ş. BEŞİNCİ PROJE GAYRİMENKUL YATIRIM FONU,GMF,DG,faal,NATURA GAYRİMENKUL VE GİRİŞİM SERMAYESİ PORTFÖY YÖNETİMİ A.Ş.,4028328c98455aea0198e6302633383e,Diğer,unvan
NGC,ANATOLIA GAYRİMENKUL VE GİRİŞİM SERMAYESİ PORTFÖY YÖNETİMİ A.Ş. MG HARBOUR GAYRİMENKUL YATIRIM FONU,GMF,DG,faal,ANATOLIA GAYRİMENKUL VE GİRİŞİM SERMAYESİ PORTFÖY YÖNETİMİ A.Ş.,4028328d998eebe80199947e5bfb0860,Diğer,unvan
NGD,NATURA GAYRİMENKUL VE GİRİŞİM SERMAYESİ PORTFÖY YÖNETİMİ A.Ş. DÖRDÜNCÜ PROJE GAYRİMENKUL YATIRIM FONU,GMF,DG,faal,NATURA GAYRİMENKUL VE GİRİŞİM SERMAYESİ PORTFÖY YÖNETİMİ A.Ş.,4028328c98455aea0198e630bc3a3849,Diğer,unvan
NGK,ANATOLIA GAYRİMENKUL VE GİRİŞİM SERMAYESİ PORTFÖY YÖNETİMİ A.Ş. İKİNCİ GİRİŞİM SERMAYESİ YATIRIM FONU,GSF,DG,faal,ANATOLIA GAYRİMENKUL VE GİRİŞİM SERMAYESİ PORTFÖY YÖNETİMİ A.Ş.,4028328d998eebe80199947e25660845,Diğer,unvan
NGM,NEO PORTFÖY YÖNETİMİ A.Ş. ONİKİNCİ GAYRİMENKUL YATIRIM FONU,GMF,DG,faal,NEO PORTFÖY YÖNETİMİ A.Ş.,4028328d95959cc60195dd00a84c6067,Diğer,unvan
NGO,NEO PORTFÖY YÖNETİMİ A.Ş. ONUNCU GAYRİMENKUL YATIRIM FONU,GMF,DG,faal,NEO PORTFÖY YÖNETİMİ A.Ş.,4028328d8b2fcee7018c1b9339ba2a24,Diğer,unvan
NGR,NATURA GAYRİMENKUL VE GİRİŞİM SERMAYESİ PORTFÖY YÖNETİMİ A.Ş. RİVA PROJE GAYRİMENKUL YATIRIM FONU,GMF,DG,faal,NATURA GAYRİMENKUL VE GİRİŞİM SERMAYESİ PORTFÖY YÖNETİMİ A.Ş.,4028328d976d2b820197880de81f6b5e,Diğer,unvan
NGS,NEO PORTFÖY YÖNETİMİ A.Ş. ONBİRİNCİ GİRİŞİM SERMAYESİ YATIRIM FONU,GSF,DG,faal,NEO PORTFÖY YÖNETİMİ A.Ş.,4028328d982435780198310d9912244c,Diğer,unvan
NGU,NATURA GAYRİMENKUL VE GİRİŞİM SERMAYESİ PORTFÖY YÖNETİMİ A.Ş. ÜÇÜNCÜ PROJE GAYRİMENKUL YATIRIM FONU,GMF,DG,faal,NATURA GAYRİMENKUL VE GİRİŞİM SERMAYESİ PORTFÖY YÖNETİMİ A.Ş.,4028328c98455aea0198e63126133854,Diğer,unvan
NGY,NATURA GAYRİMENKUL VE GİRİŞİM SERMAYESİ PORTFÖY YÖNETİMİ A.Ş. YÜCE GAYRİMENKUL YATIRIM FONU,GMF,DG,faal,NATURA GAYRİMENKUL VE GİRİŞİM SERMAYESİ PORTFÖY YÖNETİMİ A.Ş.,4028328c9d4a029c019d778643d55757,Diğer,unvan
NH1,NEO PORTFÖY YÖNETİMİ A.Ş. NEO TECH VENTURES GİRİŞİM SERMAYESİ YATIRIM FONU,GSF,DG,faal,NEO PORTFÖY YÖNETİMİ A.Ş.,4028328c81fdc44901823a7ff3c4542c,Diğer,unvan
NH2,NEO PORTFÖY YÖNETİMİ A.Ş. CORNERSTONE GAYRİMENKUL YATIRIM FONU,GMF,DG,faal,NEO PORTFÖY YÖNETİMİ A.Ş.,4028328c8288ba6a01828ce1c4711f25,Diğer,unvan
NH3,NEO PORTFÖY YÖNETİMİ A.Ş. TÜRKAZ GAYRİMENKUL YATIRIM FONU,GMF,DG,faal,NEO PORTFÖY YÖNETİMİ A.Ş.,4028328c8288ba6a01828cdb6fcb1eb0,Diğer,unvan
NH4,NEO PORTFÖY YÖNETİMİ A.Ş. SEKİZİNCİ GAYRİMENKUL YATIRIM FONU,GMF,DG,faal,NEO PORTFÖY YÖNETİMİ A.Ş.,4028328c8288ba6a01828cdd11b21eea,Diğer,unvan
NH5,NEO PORTFÖY YÖNETİMİ A.Ş. ÜÇÜNCÜ PROJE GAYRİMENKUL YATIRIM FONU,GMF,DG,faal,NEO PORTFÖY YÖNETİMİ A.Ş.,4028328d8305029e01835ed03ca758ab,Diğer,unvan
NHA,ZURİCH YAŞAM VE EMEKLİLİK A.Ş. ALTIN EMEKLİLİK YATIRIM FONU,EYF,,faal,ZURİCH YAŞAM VE EMEKLİLİK A.Ş.,4028328c5a953393015aa8db990f56df,Kıymetli Madenler,unvan
NHM,ZURİCH YAŞAM VE EMEKLİLİK A.Ş. TEMKİNLİ DEĞİŞKEN EMEKLİLİK YATIRIM FONU,EYF,,faal,ZURİCH YAŞAM VE EMEKLİLİK A.Ş.,4028328d5c459ee5015cca83248a515e,Değişken,unvan
NHN,ZURİCH YAŞAM VE EMEKLİLİK A.Ş. İKİNCİ DEĞİŞKEN EMEKLİLİK YATIRIM FONU,EYF,,faal,ZURİCH YAŞAM VE EMEKLİLİK A.Ş.,4028328d5c459ee5015cca85f7dc516c,Değişken,unvan
NHP,NEO PORTFÖY BİRİNCİ FON SEPETİ FONU,YF,DG,faal,NEO PORTFÖY YÖNETİMİ A.Ş.,4028328c7fd4321d017fdad2af7149e5,Fon Sepeti,unvan
NHT,DENİZ PORTFÖY NH SERBEST (DÖVİZ) ÖZEL FON,YF,SF,faal,DENİZ PORTFÖY YÖNETİMİ A.Ş.,4028328c8588f3010185ca8a289042d1,Serbest,unvan
NHV,NUROL PORTFÖY BİRİNCİ SERBEST (TL) ÖZEL FON,YF,SF,faal,NUROL PORTFÖY YÖNETİMİ A.Ş.,4028328d812b6d6b018172035c643dd9,Serbest,unvan
NHY,NEO PORTFÖY BİRİNCİ HİSSE SENEDİ (TL) FONU (HİSSE SENEDİ YOĞUN FON),YF,HS,faal,NEO PORTFÖY YÖNETİMİ A.Ş.,4028328c8288ba6a0182a15e77a40dc6,Hisse Senedi,unvan
NIG,TRIVE PORTFÖY SERBEST FON,YF,SF,faal,TRIVE PORTFÖY YÖNETİMİ A.Ş.,4028328c7d3c2e72017d9e6430af0a5b,Serbest,unvan
NIH,NEO PORTFÖY YÖNETİMİ A.Ş. İSTANBUL HOLDİNG GİRİŞİM SERMAYESİ YATIRIM FONU,GSF,DG,faal,NEO PORTFÖY YÖNETİMİ A.Ş.,4028328c8e21cef8018ee2437ed66b67,Diğer,unvan
NIN,NEO PORTFÖY YÖNETİMİ A.Ş. CO-INVESTMENT 2 GİRİŞİM SERMAYESİ YATIRIM FONU,GSF,DG,faal,NEO PORTFÖY YÖNETİMİ A.Ş.,4028328d906f407c0190c4f104a6129c,Diğer,unvan
NIP,NUROL PORTFÖY YÖNETİMİ A.Ş. İKİNCİ PROJE GAYRİMENKUL YATIRIM FONU,GMF,DG,faal,NUROL PORTFÖY YÖNETİMİ A.Ş.,4028328c98242c750198360a4cda47a1,Diğer,unvan
NIS,NEO PORTFÖY İSTATİSTİKSEL ARBİTRAJ SERBEST FON,YF,SF,faal,NEO PORTFÖY YÖNETİMİ A.Ş.,4028328d95959cc60195a850e9923e59,Serbest,unvan
NIV,NEO PORTFÖY YÖNETİMİ A.Ş. INFİNİTY VENTURES GİRİŞİM SERMAYESİ YATIRIM FONU,GSF,DG,faal,NEO PORTFÖY YÖNETİMİ A.Ş.,4028328d982435780198310cf6562434,Diğer,unvan
NJF,NUROL PORTFÖY ALTIN KATILIM FONU,YF,KTF,faal,NUROL PORTFÖY YÖNETİMİ A.Ş.,4028328d7bf4b81d017c0ca359203713,Kıymetli Madenler,unvan
NJG,NUROL PORTFÖY BİRİNCİ SERBEST FON,YF,SF,faal,NUROL PORTFÖY YÖNETİMİ A.Ş.,4028328d7bf4b81d017c0ca795a53743,Serbest,unvan
NJR,NUROL PORTFÖY BİRİNCİ BORÇLANMA ARAÇLARI FONU,YF,DG,faal,NUROL PORTFÖY YÖNETİMİ A.Ş.,4028328d7bf4b81d017c0ca4dfe63723,Borçlanma Araçları,unvan
NJY,NUROL PORTFÖY BİRİNCİ KATILIM FONU,YF,KTF,faal,NUROL PORTFÖY YÖNETİMİ A.Ş.,4028328d7bf4b81d017c0ca62a693733,Katılım,unvan
NKA,NEO PORTFÖY KATILIM SERBEST (DÖVİZ) FON,YF,SF,faal,NEO PORTFÖY YÖNETİMİ A.Ş.,4028328c949953a20194fa0ebefa524a,Katılım,unvan
NKB,AKTİF PORTFÖY YÖNETİMİ A.Ş. NKOLAY EV BEŞİKTAŞ KATILIM GAYRİMENKUL YATIRIM FONU,GMF,DG,faal,AKTİF PORTFÖY YÖNETİMİ A.Ş.,4028328c976d29880197d5364ece2590,Katılım,unvan
NKC,NEO PORTFÖY İKİNCİ HİSSE SENEDİ FONU (HİSSE SENEDİ YOĞUN FON),YF,HS,faal,NEO PORTFÖY YÖNETİMİ A.Ş.,4028328c98242c7501983b74c4de6a85,Hisse Senedi,unvan
NKE,AKTİF PORTFÖY YÖNETİMİ A.Ş. NKOLAY EV KATILIM GAYRİMENKUL YATIRIM FONU,GMF,DG,faal,AKTİF PORTFÖY YÖNETİMİ A.Ş.,4028328c976d29880197d536889a259b,Katılım,unvan
NKG,İSTANBUL PORTFÖY YÖNETİMİ A.Ş. NAKKAŞ ALTYAPI GİRİŞİM SERMAYESİ YATIRIM FONU,GSF,DG,faal,İSTANBUL PORTFÖY YÖNETİMİ A.Ş.,4028328c919f164a0192247156505f5f,Diğer,unvan
NKH,NEO PORTFÖY İKİNCİ HİSSE SENEDİ SERBEST FON (HİSSE SENEDİ YOĞUN FON),YF,SF,faal,NEO PORTFÖY YÖNETİMİ A.Ş.,4028328c949953a20194fa0e9224523f,Hisse Senedi,unvan
NKI,NUROL PORTFÖY YÖNETİMİ A.Ş. ONİKİNCİ GİRİŞİM SERMAYESİ YATIRIM FONU,GSF,DG,faal,NUROL PORTFÖY YÖNETİMİ A.Ş.,4028328c98242c750198360a1fcc4796,Diğer,unvan
NKJ,ATA PORTFÖY GIG SİGORTA SERBEST (TL) ÖZEL FON,YF,SF,faal,ATA PORTFÖY YÖNETİMİ A.Ş.,4028328d7b648589017bc490cc2f7565,Serbest,unvan
NKK,ATA PORTFÖY SEKİZİNCİ SERBEST FON,YF,SF,faal,ATA PORTFÖY YÖNETİMİ A.Ş.,4028328d8029261a01806a1ca1437cf7,Serbest,unvan
NKL,AKTİF PORTFÖY KISA VADELİ SERBEST (TL) FON,YF,SF,faal,AKTİF PORTFÖY YÖNETİMİ A.Ş.,4028328c89555baa018a1db5ccde3018,Kısa Vadeli Borçlanma,unvan
NKM,NEO PORTFÖY KATILIM HİSSE SENEDİ FONU (HİSSE SENEDİ YOĞUN FON),YF,HS,faal,NEO PORTFÖY YÖNETİMİ A.Ş.,4028328c9b82727a019c32bb14f001fc,Hisse Senedi,unvan
NKN,NEO PORTFÖY YÖNETİMİ A.Ş. İKİNCİ PROJE GAYRİMENKUL YATIRIM FONU,GMF,DG,faal,NEO PORTFÖY YÖNETİMİ A.Ş.,4028328c950ba8c6019542b8cc19128f,Diğer,unvan
NKP,NEO PORTFÖY KAR PAYI ÖDEYEN DEĞİŞKEN FON,YF,DG,faal,NEO PORTFÖY YÖNETİMİ A.Ş.,4028328d969f2954019734c3f214223c,Değişken,unvan
NKS,NUROL PORTFÖY GRANADA SERBEST (TL) FON,YF,SF,faal,NUROL PORTFÖY YÖNETİMİ A.Ş.,4028328c86d2320001870ee7f3102708,Serbest,unvan
NKT,NUROL PORTFÖY BİRİNCİ KATILIM HİSSE SENEDİ FONU (HİSSE SENEDİ YOĞUN FON),YF,HS,faal,NUROL PORTFÖY YÖNETİMİ A.Ş.,4028328d950b608601959484c4b43aca,Hisse Senedi,unvan
NKV,KUVEYT TÜRK PORTFÖY NKV KATILIM SERBEST ÖZEL FON,YF,KTF,faal,KUVEYT TÜRK PORTFÖY YÖNETİMİ A.Ş.,4028328c9132faf001914c32290b775d,Katılım,unvan
NLA,NUROL PORTFÖY YÖNETİMİ A.Ş. ALTINCI GİRİŞİM SERMAYESİ YATIRIM FONU,GSF,DG,faal,NUROL PORTFÖY YÖNETİMİ A.Ş.,4028328c944ba53e0194827aa74c476b,Diğer,unvan
NLB,NUROL PORTFÖY YÖNETİMİ A.Ş. BEŞİNCİ GİRİŞİM SERMAYESİ YATIRIM FONU,GSF,DG,faal,NUROL PORTFÖY YÖNETİMİ A.Ş.,4028328c944ba53e0194827ad1bf4779,Diğer,unvan
NLC,TEB PORTFÖY ONALTINCI SERBEST (DÖVİZ) FON,YF,SF,faal,TEB PORTFÖY YÖNETİMİ A.Ş.,4028328c944ba53d01945fc039a70074,Serbest,unvan
NLD,AZİMUT PORTFÖY NL-2 SERBEST (DÖVİZ) ÖZEL FON,YF,SF,faal,AZİMUT PORTFÖY YÖNETİMİ A.Ş.,4028328c96289c74019658df0a2c1a3a,Serbest,unvan
NLE,NUROL PORTFÖY EMLAK SEKTÖRÜ HİSSE SENEDİ FONU (HİSSE SENEDİ YOĞUN FON),YF,HS,faal,NUROL PORTFÖY YÖNETİMİ A.Ş.,4028328c969f295c0196aa1e818405e1,Hisse Senedi,unvan
NLK,NUROL PORTFÖY KISA VADELİ SERBEST FON,YF,SF,faal,NUROL PORTFÖY YÖNETİMİ A.Ş.,4028328c950ba8c801951e3f073b7304,Kısa Vadeli Borçlanma,unvan
NLL,GLOBAL MD PORTFÖY NİL SERBEST FON,YF,SF,faal,GLOBAL MD PORTFÖY YÖNETİMİ A.Ş.,4028328c998ee9d70199e2a4166f38c9,Serbest,unvan
NLT,NEO PORTFÖY YÖNETİMİ A.Ş. ALTINCI GİRİŞİM SERMAYESİ YATIRIM FONU,GSF,DG,faal,NEO PORTFÖY YÖNETİMİ A.Ş.,4028328d919f1849019271a587f307c8,Diğer,unvan
NMC,NUROL PORTFÖY YÖNETİMİ A.Ş. M CHARM GAYRİMENKUL YATIRIM FONU,GMF,DG,faal,NUROL PORTFÖY YÖNETİMİ A.Ş.,4028328d7b64858a017ba6fb9e81733c,Diğer,unvan
NME,NUROL PORTFÖY MERCAN KATILIM SERBEST (DÖVİZ) FON,YF,KTF,faal,NUROL PORTFÖY YÖNETİMİ A.Ş.,4028328c950ba8c601953c3511233ce3,Katılım,unvan
NMG,NEO PORTFÖY İKİNCİ SERBEST FON,YF,SF,faal,NEO PORTFÖY YÖNETİMİ A.Ş.,4028328c8b2fcee7018c349b00535bfb,Serbest,unvan
NMP,AK PORTFÖY NEMA PARA PİYASASI (TL) FONU,YF,DG,faal,AK PORTFÖY YÖNETİMİ A.Ş.,4028328d9b827481019bda8b9e0c1cd3,Para Piyasası,unvan
NMU,NUROL PORTFÖY MUTLAK GETİRİ HEDEFLİ HİSSE SENEDİ SERBEST FON (HİSSE SENEDİ YOĞUN FON),YF,HS,faal,NUROL PORTFÖY YÖNETİMİ A.Ş.,4028328d9aaa2df9019ada6492855bb4,Hisse Senedi,unvan
NNF,HEDEF PORTFÖY BİRİNCİ HİSSE SENEDİ (TL) FONU (HİSSE SENEDİ YOĞUN FON),YF,HS,faal,HEDEF PORTFÖY YÖNETİMİ A.Ş.,4028328c73a8657f0173c3947a7b1347,Hisse Senedi,unvan
NNP,NEO PORTFÖY YÖNETİMİ A.Ş. AVANTAJ GAYRİMENKUL YATIRIM FONU,GMF,DG,faal,NEO PORTFÖY YÖNETİMİ A.Ş.,4028328c838f7bfd0183a722eb7459cb,Diğer,unvan
NNS,NUROL PORTFÖY EKSEN HİSSE SENEDİ SERBEST FON (HİSSE SENEDİ YOĞUN FON),YF,HS,faal,NUROL PORTFÖY YÖNETİMİ A.Ş.,4028328d919f184b0192b8c30aab2519,Hisse Senedi,unvan
NO1,NEO PORTFÖY YÖNETİMİ A.Ş. ONBİRİNCİ GAYRİMENKUL YATIRIM FONU,GMF,DG,faal,NEO PORTFÖY YÖNETİMİ A.Ş.,4028328c8e21cef8018e99bfbe880be8,Diğer,unvan
NO2,NEO PORTFÖY YÖNETİMİ A.Ş. ONİKİNCİ GİRİŞİM SERMAYESİ YATIRIM FONU,GSF,DG,faal,NEO PORTFÖY YÖNETİMİ A.Ş.,4028328d982435780198310d6d342441,Diğer,unvan
NO3,NEO PORTFÖY YÖNETİMİ A.Ş. ONÜÇÜNCÜ GİRİŞİM SERMAYESİ YATIRIM FONU,GSF,DG,faal,NEO PORTFÖY YÖNETİMİ A.Ş.,4028328c98455aea0198f60f128d00b7,Diğer,unvan
NO4,NEO PORTFÖY YÖNETİMİ A.Ş. ONDÖRDÜNCÜ GİRİŞİM SERMAYESİ YATIRIM FONU,GSF,DG,faal,NEO PORTFÖY YÖNETİMİ A.Ş.,4028328d998eebe8019aa6c5248a4602,Diğer,unvan
NO5,NEO PORTFÖY YÖNETİMİ A.Ş. ONBEŞİNCİ GİRİŞİM SERMAYESİ YATIRIM FONU,GSF,DG,faal,NEO PORTFÖY YÖNETİMİ A.Ş.,4028328c9aaa2bfa019acaea861f2fb2,Diğer,unvan
NO6,NEO PORTFÖY YÖNETİMİ A.Ş. ONALTINCI GİRİŞİM SERMAYESİ YATIRIM FONU,GSF,DG,faal,NEO PORTFÖY YÖNETİMİ A.Ş.,4028328d9c4c12c8019c714099776a2c,Diğer,unvan
NO7,NEO PORTFÖY YÖNETİMİ A.Ş. ONYEDİNCİ GİRİŞİM SERMAYESİ YATIRIM FONU,GSF,DG,faal,NEO PORTFÖY YÖNETİMİ A.Ş.,4028328c9d7b22d2019e0777ce042318,Diğer,unvan
NO8,NEO PORTFÖY YÖNETİMİ A.Ş. ONSEKİZİNCİ GİRİŞİM SERMAYESİ YATIRIM FONU,GSF,DG,faal,NEO PORTFÖY YÖNETİMİ A.Ş.,4028328d9d7b24c8019e07762b1d20c4,Diğer,unvan
NO9,NEO PORTFÖY YÖNETİMİ A.Ş. ONDOKUZUNCU GİRİŞİM SERMAYESİ YATIRIM FONU,GSF,DG,faal,NEO PORTFÖY YÖNETİMİ A.Ş.,4028328c9d7b22d2019e077434c522d7,Diğer,unvan
NOA,NEO PORTFÖY ALFA SERBEST FON,YF,SF,faal,NEO PORTFÖY YÖNETİMİ A.Ş.,4028328c9373b8ac0193b56984e752ba,Serbest,unvan
NOG,NUROL PORTFÖY YÖNETİMİ A.Ş. ONUNCU GİRİŞİM SERMAYESİ YATIRIM FONU,GSF,DG,faal,NUROL PORTFÖY YÖNETİMİ A.Ş.,4028328d969f29540197363aa4d53ebb,Diğer,unvan
NOI,TACİRLER PORTFÖY NOVA İSTATİSTİKSEL ARBİTRAJ SERBEST FON,YF,SF,faal,TACİRLER PORTFÖY YÖNETİMİ A.Ş.,4028328d982435780198372a74d36046,Serbest,unvan
NOP,NUROL PORTFÖY YÖNETİMİ A.Ş. ONDÖRDÜNCÜ GİRİŞİM SERMAYESİ YATIRIM FONU,GSF,DG,faal,NUROL PORTFÖY YÖNETİMİ A.Ş.,4028328c9cc9d175019ce2807cfd7416,Diğer,unvan
NOU,NUROL PORTFÖY YÖNETİMİ A.Ş. ONÜÇÜNCÜ GİRİŞİM SERMAYESİ YATIRIM FONU,GSF,DG,faal,NUROL PORTFÖY YÖNETİMİ A.Ş.,4028328d9af24265019b55ab89217172,Diğer,unvan
NOV,AZİMUT PORTFÖY INOVA AGRO HİSSE SENEDİ SERBEST ÖZEL FON (HİSSE SENEDİ YOĞUN FON),YF,HS,faal,AZİMUT PORTFÖY YÖNETİMİ A.Ş.,4028328c86845fa80186bc594cc70838,Hisse Senedi,unvan
NP1,NEO PORTFÖY YASEMİN SERBEST FON,YF,SF,faal,NEO PORTFÖY YÖNETİMİ A.Ş.,4028328d8588f3000185a9d19cb37806,Serbest,unvan
NP2,NEO PORTFÖY İKİNCİ FON SEPETİ FONU,YF,DG,faal,NEO PORTFÖY YÖNETİMİ A.Ş.,4028328d969f2954019734c552c92261,Fon Sepeti,unvan
NP4,NEO PORTFÖY YÖNETİMİ A.Ş. DÖRDÜNCÜ PROJE GAYRİMENKUL YATIRIM FONU,GMF,DG,faal,NEO PORTFÖY YÖNETİMİ A.Ş.,4028328c976d29890197e916f3ae3b70,Diğer,unvan
NP5,NUROL PORTFÖY YÖNETİMİ A.Ş. BEŞİNCİ PROJE GAYRİMENKUL YATIRIM FONU,GMF,DG,faal,NUROL PORTFÖY YÖNETİMİ A.Ş.,4028328c9cc9d176019cdd2609f9323d,Diğer,unvan
NP7,NEO PORTFÖY YÖNETİMİ A.Ş. HEPİYİ GİRİŞİM SERMAYESİ YATIRIM FONU,GSF,DG,faal,NEO PORTFÖY YÖNETİMİ A.Ş.,4028328d93c3b68c0193de2693e2014d,Diğer,unvan
NP8,NEO PORTFÖY YÖNETİMİ A.Ş. SEKİZİNCİ GİRİŞİM SERMAYESİ YATIRIM FONU,GSF,DG,faal,NEO PORTFÖY YÖNETİMİ A.Ş.,4028328d93c3b68c0193de26e1e40161,Diğer,unvan
NP9,NEO PORTFÖY YÖNETİMİ A.Ş. DOKUZUNCU GİRİŞİM SERMAYESİ YATIRIM FONU,GSF,DG,faal,NEO PORTFÖY YÖNETİMİ A.Ş.,4028328c949953a20194f921b3ff491e,Diğer,unvan
NPA,NUROL PORTFÖY YÖNETİMİ A.Ş. BİRİNCİ GİRİŞİM SERMAYESİ YATIRIM FONU,GSF,DG,faal,NUROL PORTFÖY YÖNETİMİ A.Ş.,4028328d7850aacb017869891ac30cc6,Diğer,unvan
NPB,NUROL PORTFÖY YÖNETİMİ A.Ş. İKİNCİ GİRİŞİM SERMAYESİ YATIRIM FONU,GSF,DG,faal,NUROL PORTFÖY YÖNETİMİ A.Ş.,4028328d7850aacb0178698dda5f0d3f,Diğer,unvan
NPC,NUROL PORTFÖY YÖNETİMİ A.Ş. ÜÇÜNCÜ GİRİŞİM SERMAYESİ YATIRIM FONU,GSF,DG,faal,NUROL PORTFÖY YÖNETİMİ A.Ş.,4028328d7850aacb0178698ed95b0d4e,Diğer,unvan
NPCLN,NEO PORTFÖY YÖNETİMİ A.Ş. CLEANTECH GİRİŞİM SERMAYESİ YATIRIM FONU,GSF,DG,faal,NEO PORTFÖY YÖNETİMİ A.Ş.,4028328d919f1849019271a4f03407a1,Diğer,unvan
NPD,NUROL PORTFÖY YÖNETİMİ A.Ş. DÖRDÜNCÜ GİRİŞİM SERMAYESİ YATIRIM FONU,GSF,DG,faal,NUROL PORTFÖY YÖNETİMİ A.Ş.,4028328d7850aacb01786990220c0d66,Diğer,unvan
NPE,NEO PORTFÖY YÖNETİMİ A.Ş. DÖRDÜNCÜ GİRİŞİM SERMAYESİ YATIRIM FONU,GSF,DG,faal,NEO PORTFÖY YÖNETİMİ A.Ş.,4028328d7850aacb01786983b6b00c60,Diğer,unvan
NPF,NEO PORTFÖY YÖNETİMİ A.Ş. YAŞAM TEKNOLOJİLERİ GİRİŞİM SERMAYESİ YATIRIM FONU,GSF,DG,faal,NEO PORTFÖY YÖNETİMİ A.Ş.,4028328d7850aacb0178698491970c90,Diğer,unvan
NPG,NEO PORTFÖY YÖNETİMİ A.Ş. TEKSTİL SANAYİ GİRİŞİM SERMAYESİ YATIRIM FONU,GSF,DG,faal,NEO PORTFÖY YÖNETİMİ A.Ş.,4028328d7850aacb0178698563a20ca1,Diğer,unvan
NPH,NUROL PORTFÖY BİRİNCİ HİSSE SENEDİ FONU (HİSSE SENEDİ YOĞUN FON),YF,HS,faal,NUROL PORTFÖY YÖNETİMİ A.Ş.,4028328c919f164a019290533b28516a,Hisse Senedi,unvan
NPI,NEO PORTFÖY YÖNETİMİ A.Ş. BEŞİNCİ GİRİŞİM SERMAYESİ YATIRIM FONU,GSF,DG,faal,NEO PORTFÖY YÖNETİMİ A.Ş.,4028328c8d6db28f018dcaca58ab197b,Diğer,unvan
NPJET,NEO PORTFÖY YÖNETİMİ A.Ş. EMLAK JET GAYRİMENKUL YATIRIM FONU,GMF,DG,faal,NEO PORTFÖY YÖNETİMİ A.Ş.,4028328c7bf4b5e2017c84301a497423,Diğer,unvan
NPK,NEO PORTFÖY İPEKYOLU SERBEST ÖZEL FON,YF,SF,faal,NEO PORTFÖY YÖNETİMİ A.Ş.,4028328c944ba53d01945eb526ca68ed,Serbest,unvan
NPO,NUROL PORTFÖY YÖNETİMİ A.Ş. ONİKİNCİ GAYRİMENKUL YATIRIM FONU,GMF,DG,faal,NUROL PORTFÖY YÖNETİMİ A.Ş.,4028328c998ee9d501999e6865c05bb6,Diğer,unvan
NPR,NEO PORTFÖY YÖNETİMİ A.Ş. BİRİNCİ GİRİŞİM SERMAYESİ YATIRIM FONU,GSF,DG,faal,NEO PORTFÖY YÖNETİMİ A.Ş.,4028328d7da7e96e017e4ec9e6ed227b,Diğer,unvan
NPS,NEO PORTFÖY YÖNETİMİ A.Ş. YENİLİKÇİ SAĞLIK TEKNOLOJİLERİ GİRİŞİM SERMAYESİ YATIRIM FONU,GSF,DG,faal,NEO PORTFÖY YÖNETİMİ A.Ş.,4028328c8d6db28f018dcacbef2e1987,Diğer,unvan
NPT,NEO PORTFÖY YÖNETİMİ A.Ş. TARGET GİRİŞİM SERMAYESİ YATIRIM FONU,GSF,DG,faal,NEO PORTFÖY YÖNETİMİ A.Ş.,4028328c7d3c2e71017d9544487f577c,Diğer,unvan
NPTLR,NUROL PORTFÖY BIST TLREF ENDEKSİ (TL) BORSA YATIRIM FONU,BYF,DG,faal,NUROL PORTFÖY YÖNETİMİ A.Ş.,4028328c9af2405e019b4608916165b4,Diğer,unvan
NPU,NEO PORTFÖY YÖNETİMİ A.Ş. CO-İNVESTMENT 1 GİRİŞİM SERMAYESİ YATIRIM FONU,GSF,DG,faal,NEO PORTFÖY YÖNETİMİ A.Ş.,4028328d7da7e96e017e4ec88cbd2269,Diğer,unvan
NR3,NUROL PORTFÖY YÖNETİMİ A.Ş. ONÜÇÜNCÜ GAYRİMENKUL YATIRIM FONU,GMF,DG,faal,NUROL PORTFÖY YÖNETİMİ A.Ş.,4028328c9cc9d176019cdd25d62f3218,Diğer,unvan
NRC,NEO PORTFÖY BİRİNCİ DEĞİŞKEN FON,YF,DG,faal,NEO PORTFÖY YÖNETİMİ A.Ş.,4028328c7bf4b5e4017ceb165ec76a0f,Değişken,unvan
NRF,ONE PORTFÖY YÖNETİMİ A.Ş. NAR GİRİŞİM SERMAYESİ YATIRIM FONU,GSF,DG,faal,ONE PORTFÖY YÖNETİMİ A.Ş.,4028328c86d231ff0188588963293ac0,Diğer,unvan
NRG,NEO PORTFÖY BİRİNCİ PARA PİYASASI FONU,YF,DG,faal,NEO PORTFÖY YÖNETİMİ A.Ş.,4028328c7bf4b5e4017ceb0bd9a0690f,Para Piyasası,unvan
NRM,NEO PORTFÖY İKİNCİ SERBEST (DÖVİZ) FON,YF,SF,faal,NEO PORTFÖY YÖNETİMİ A.Ş.,4028328c7bf4b5e4017ceb17657a6a41,Serbest,unvan
NRY,NEO PORTFÖY YÖNETİMİ A.Ş. ROYA GAYRİMENKUL YATIRIM FONU,GMF,DG,faal,NEO PORTFÖY YÖNETİMİ A.Ş.,4028328d8b2fcee7018c1b847d1529c3,Diğer,unvan
NS1,NATURA GAYRİMENKUL VE GİRİŞİM SERMAYESİ PORTFÖY YÖNETİMİ A.Ş. BİRİNCİ GAYRİMENKUL YATIRIM FONU,GMF,DG,faal,NATURA GAYRİMENKUL VE GİRİŞİM SERMAYESİ PORTFÖY YÖNETİMİ A.Ş.,4028328c9d4a029c019d778669b65762,Diğer,unvan
NS7,NATURA GAYRİMENKUL VE GİRİŞİM SERMAYESİ PORTFÖY YÖNETİMİ A.Ş. YEDİNCİ PROJE GAYRİMENKUL YATIRIM FONU,GMF,DG,faal,NATURA GAYRİMENKUL VE GİRİŞİM SERMAYESİ PORTFÖY YÖNETİMİ A.Ş.,4028328c9d7b22d2019dd98d7c1d01d2,Diğer,unvan
NS8,NATURA GAYRİMENKUL VE GİRİŞİM SERMAYESİ PORTFÖY YÖNETİMİ A.Ş. SEKİZİNCİ PROJE GAYRİMENKUL YATIRIM FONU,GMF,DG,faal,NATURA GAYRİMENKUL VE GİRİŞİM SERMAYESİ PORTFÖY YÖNETİMİ A.Ş.,4028328c9d4a029c019d77868db15774,Diğer,unvan
NSA,NEO PORTFÖY PARA PİYASASI KATILIM SERBEST FON,YF,SF,faal,NEO PORTFÖY YÖNETİMİ A.Ş.,4028328c8e21cef8018e5fd4473429a9,Para Piyasası,unvan
NSD,NUROL PORTFÖY DÖRDÜNCÜ SERBEST (DÖVİZ) FON,YF,SF,faal,NUROL PORTFÖY YÖNETİMİ A.Ş.,4028328c86d2320001870ef26b0728f6,Serbest,unvan
NSG,NEO PORTFÖY YÖNETİMİ A.Ş. SİMYA I GİRİŞİM SERMAYESİ YATIRIM FONU,GSF,DG,faal,NEO PORTFÖY YÖNETİMİ A.Ş.,4028328c84686b400184cdcba6bd176e,Diğer,unvan
NSH,NUROL PORTFÖY İSTATİSTİKSEL ARBİTRAJ HİSSE SENEDİ SERBEST FON (HİSSE SENEDİ YOĞUN FON),YF,HS,faal,NUROL PORTFÖY YÖNETİMİ A.Ş.,4028328c90effe4e0191077e1683469a,Hisse Senedi,unvan
NSI,NEO PORTFÖY YÖNETİMİ A.Ş. SİMYA 2 GİRİŞİM SERMAYESİ YATIRIM FONU,GSF,DG,faal,NEO PORTFÖY YÖNETİMİ A.Ş.,4028328c9013796e01905e1830073095,Diğer,unvan
NSK,NEO PORTFÖY BİRİNCİ SERBEST FON,YF,SF,faal,NEO PORTFÖY YÖNETİMİ A.Ş.,4028328d7707357e017767416f2025e0,Serbest,unvan
NSP,NUROL PORTFÖY PARA PİYASASI KATILIM FONU,YF,KTF,faal,NUROL PORTFÖY YÖNETİMİ A.Ş.,4028328c949953a00194d095798f5407,Para Piyasası,unvan
NSS,NUROL PORTFÖY SONENBERG KAR PAYI ÖDEYEN SERBEST (DÖVİZ) ÖZEL FON,YF,SF,faal,NUROL PORTFÖY YÖNETİMİ A.Ş.,4028328c8439933b018451bf1eb925af,Serbest,unvan
NST,İŞ PORTFÖY EMLAK SEKTÖRÜ HİSSE SENEDİ FONU (HİSSE SENEDİ YOĞUN FON),YF,HS,faal,İŞ PORTFÖY YÖNETİMİ A.Ş.,4028328d976d2b830198185b9ad07f98,Hisse Senedi,unvan
NSY,NEO PORTFÖY YEDİNCİ SERBEST FON,YF,SF,faal,NEO PORTFÖY YÖNETİMİ A.Ş.,4028328c98455aea0198bd3bd4585b59,Serbest,unvan
NSZ,NUROL PORTFÖY YÖNETİMİ A.Ş. SEKİZİNCİ GİRİŞİM SERMAYESİ YATIRIM FONU,GSF,DG,faal,NUROL PORTFÖY YÖNETİMİ A.Ş.,4028328c950ba8c601953c37a67f3d2b,Diğer,unvan
NT1,NATURA GAYRİMENKUL VE GİRİŞİM SERMAYESİ PORTFÖY YÖNETİMİ A.Ş. BİRİNCİ ENERJİ KAR PAYI ÖDEYEN GİRİŞİM SERMAYESİ YATIRIM FONU,GSF,DG,faal,NATURA GAYRİMENKUL VE GİRİŞİM SERMAYESİ PORTFÖY YÖNETİMİ A.Ş.,4028328d93c3b68c0194086e707550d9,Diğer,unvan
NTB,AZİMUT PORTFÖY AVŞAR HİSSE SENEDİ SERBEST FON (HİSSE SENEDİ YOĞUN FON),YF,HS,faal,AZİMUT PORTFÖY YÖNETİMİ A.Ş.,4028328d8029261b0180d0bf78b05f7e,Hisse Senedi,unvan
NTD,ÜNLÜ PORTFÖY UFT HİSSE SENEDİ SERBEST ÖZEL FON (HİSSE SENEDİ YOĞUN FON),YF,HS,faal,ÜNLÜ PORTFÖY YÖNETİMİ A.Ş.,4028328c8d6db28f018dc1b4a3fd5e0b,Hisse Senedi,unvan
NTE,NATURA GAYRİMENKUL VE GİRİŞİM SERMAYESİ PORTFÖY YÖNETİMİ A.Ş. AGORAS ART&TECHNOLOGY GİRİŞİM SERMAYESİ YATIRIM FONU,GSF,DG,faal,NATURA GAYRİMENKUL VE GİRİŞİM SERMAYESİ PORTFÖY YÖNETİMİ A.Ş.,4028328c9d4a029c019d778aaf2258e0,Diğer,unvan
NTF,NEO PORTFÖY TEK SERBEST (TL) FON,YF,SF,faal,NEO PORTFÖY YÖNETİMİ A.Ş.,4028328c84686b4001852f75f8d86737,Serbest,unvan
NTI,NEO PORTFÖY TEKNOLOJİ VE İNOVASYON DEĞİŞKEN FON,YF,DG,faal,NEO PORTFÖY YÖNETİMİ A.Ş.,4028328d969f2954019734c5ddab226c,Değişken,unvan
NTO,NUROL PORTFÖY TRADA SERBEST (DÖVİZ) ÖZEL FON,YF,SF,faal,NUROL PORTFÖY YÖNETİMİ A.Ş.,4028328c8271f3f901827db7efda2fbd,Serbest,unvan
NTS,NUROL PORTFÖY İKİNCİ SERBEST FON,YF,SF,faal,NUROL PORTFÖY YÖNETİMİ A.Ş.,4028328c86d2320001870eef1a84286c,Serbest,unvan
NUA,NUROL PORTFÖY YÖNETİMİ A.Ş. FORTİS GAYRİMENKUL YATIRIM FONU,GMF,DG,faal,NUROL PORTFÖY YÖNETİMİ A.Ş.,4028328d7b64858a017ba6f415e472c1,Diğer,unvan
NUB,NUROL PORTFÖY BEŞİNCİ SERBEST (DÖVİZ) FON,YF,SF,faal,NUROL PORTFÖY YÖNETİMİ A.Ş.,4028328c8e21cef8018f29140f403b88,Serbest,unvan
NUC,NUROL PORTFÖY YÖNETİMİ A.Ş. CHARM GAYRİMENKUL YATIRIM FONU,GMF,DG,faal,NUROL PORTFÖY YÖNETİMİ A.Ş.,4028328d7b64858a017ba6f7c65972f6,Diğer,unvan
NUE,NUROL PORTFÖY YÖNETİMİ A.Ş. EGÇ KONUT GAYRİMENKUL YATIRIM FONU,GMF,DG,faal,NUROL PORTFÖY YÖNETİMİ A.Ş.,4028328d7b64858a017ba6faf460732d,Diğer,unvan
NUF,NUROL PORTFÖY YÖNETİMİ A.Ş. D VİZYON GAYRİMENKUL YATIRIM FONU,GMF,DG,faal,NUROL PORTFÖY YÖNETİMİ A.Ş.,4028328d7b64858a017ba6f5ad1a72df,Diğer,unvan
NUG,NUROL PORTFÖY ALTINCI SERBEST (DÖVİZ) FON,YF,SF,faal,NUROL PORTFÖY YÖNETİMİ A.Ş.,4028328c8e21cef8018f2913d54d3b6f,Serbest,unvan
NUH,NEO PORTFÖY ÜÇÜNCÜ HİSSE SENEDİ FONU (HİSSE SENEDİ YOĞUN FON),YF,HS,faal,NEO PORTFÖY YÖNETİMİ A.Ş.,4028328d998eebe8019a10d6b9307f83,Hisse Senedi,unvan
NUI,NUROL PORTFÖY YÖNETİMİ A.Ş. TİCARİ GAYRİMENKUL YATIRIM FONU,GMF,DG,faal,NUROL PORTFÖY YÖNETİMİ A.Ş.,4028328c86d2320001876b3fda727c97,Diğer,unvan
NUJ,NUROL PORTFÖY YÖNETİMİ A.Ş. JUNE GİRİŞİM SERMAYESİ YATIRIM FONU,GSF,DG,faal,NUROL PORTFÖY YÖNETİMİ A.Ş.,4028328c8e21cef8018f2914739b3b9e,Diğer,unvan
NUK,NUROL PORTFÖY YÖNETİMİ A.Ş. BİRİNCİ PROJE GAYRİMENKUL YATIRIM FONU,GMF,DG,faal,NUROL PORTFÖY YÖNETİMİ A.Ş.,4028328d7b64858a017ba6f4cc5072d0,Diğer,unvan
NUL,NUROL PORTFÖY YÖNETİMİ A.Ş. İGC GAYRİMENKUL YATIRIM FONU,GMF,DG,faal,NUROL PORTFÖY YÖNETİMİ A.Ş.,4028328c86d2320001876b3f66957c75,Diğer,unvan
NUN,NUROL PORTFÖY YÖNETİMİ A.Ş. KELEŞOĞLU GAYRİMENKUL YATIRIM FONU,GMF,DG,faal,NUROL PORTFÖY YÖNETİMİ A.Ş.,4028328c86d2320001876b3f97887c81,Diğer,unvan
NUP,NUROL PORTFÖY YÖNETİMİ A.Ş. ÜÇÜNCÜ GAYRİMENKUL YATIRIM FONU,GMF,DG,faal,NUROL PORTFÖY YÖNETİMİ A.Ş.,4028328c86d2320001876b3fbb017c8c,Diğer,unvan
NUS,NUROL PORTFÖY YÖNETİMİ A.Ş. ALTINCI KATILIM GAYRİMENKUL YATIRIM FONU,GMF,DG,faal,NUROL PORTFÖY YÖNETİMİ A.Ş.,4028328c86d2320001876b3f441a7c6a,Katılım,unvan
NUT,NUROL PORTFÖY YÖNETİMİ A.Ş. NUROL TOWER GAYRİMENKUL YATIRIM FONU,GMF,DG,faal,NUROL PORTFÖY YÖNETİMİ A.Ş.,4028328d7b64858a017ba6f87fc07305,Diğer,unvan
NUV,NUROL PORTFÖY İKİNCİ İSTATİSTİKSEL ARBİTRAJ SERBEST FON,YF,SF,faal,NUROL PORTFÖY YÖNETİMİ A.Ş.,4028328c8e21cef8018f2914425c3b93,Serbest,unvan
NUY,NUROL PORTFÖY YÖNETİMİ A.Ş. YEDİNCİ GAYRİMENKUL YATIRIM FONU,GMF,DG,faal,NUROL PORTFÖY YÖNETİMİ A.Ş.,4028328d906f407a0190dff041777d8f,Diğer,unvan
NUZ,FT GAYRİMENKUL VE GİRİŞİM SERMAYESİ PORTFÖY YÖNETİMİ A.Ş. KARMA GAYRİMENKUL YATIRIM FONU,GMF,DG,faal,FT GAYRİMENKUL VE GİRİŞİM SERMAYESİ PORTFÖY YÖNETİMİ A.Ş.,4028328d7b64858a017ba6fa10dc731e,Karma,unvan
NV1,NET VARLIK GAYRİMENKUL VE GİRİŞİM SERMAYESİ PORTFÖY YÖNETİMİ A.Ş. BİRİNCİ GAYRİMENKUL YATIRIM FONU,GMF,DG,faal,NET VARLIK GAYRİMENKUL VE GİRİŞİM SERMAYESİ PORTFÖY YÖNETİMİ A.Ş.,4028328c9e276fa9019e886782d72614,Diğer,unvan
NVA,NEO PORTFÖY YÖNETİMİ A.Ş. VBT YAZILIM GİRİŞİM SERMAYESİ YATIRIM FONU,GSF,DG,faal,NEO PORTFÖY YÖNETİMİ A.Ş.,4028328c8e21cef8018ee24344186b5c,Diğer,unvan
NVB,NEO PORTFÖY İKINCİ PARA PİYASASI (TL) FONU,YF,DG,faal,NEO PORTFÖY YÖNETİMİ A.Ş.,4028328d81fdc61c01824a6886160fa5,Para Piyasası,unvan
NVC,NEO PORTFÖY VENTO SERBEST FON,YF,SF,faal,NEO PORTFÖY YÖNETİMİ A.Ş.,4028328c8304fea8018316956a4d42f8,Serbest,unvan
NVK,INVEO PORTFÖY KATILIM SERBEST (DÖVİZ) FON,YF,KTF,faal,INVEO PORTFÖY YÖNETİMİ A.Ş.,4028328d919f184b0191e664006d0183,Katılım,unvan
NVP,NUROL PORTFÖY İKİNCİ SERBEST (DÖVİZ) ÖZEL FON,YF,SF,faal,NUROL PORTFÖY YÖNETİMİ A.Ş.,4028328c8304fea8018360452e4223ef,Serbest,unvan
NVT,NEO PORTFÖY ÜÇÜNCÜ SERBEST (TL) FON,YF,SF,faal,NEO PORTFÖY YÖNETİMİ A.Ş.,4028328d81fdc61c01824a6978300fcb,Serbest,unvan
NVZ,NEO PORTFÖY ORSA SERBEST (DÖVİZ) FON,YF,SF,faal,NEO PORTFÖY YÖNETİMİ A.Ş.,4028328c8304fea80183169a6aff4308,Serbest,unvan
NWX,NUROL PORTFÖY YÖNETİMİ A.Ş. ALTINCI PROJE GAYRİMENKUL YATIRIM FONU,GMF,DG,faal,NUROL PORTFÖY YÖNETİMİ A.Ş.,4028328d9e9b8f9d019ebb278f8b36d1,Diğer,unvan
NY1,NET VARLIK GAYRİMENKUL VE GİRİŞİM SERMAYESİ PORTFÖY YÖNETİMİ A.Ş. BİRİNCİ PROJE GAYRİMENKUL YATIRIM FONU,GMF,DG,faal,NET VARLIK GAYRİMENKUL VE GİRİŞİM SERMAYESİ PORTFÖY YÖNETİMİ A.Ş.,4028328c9e276fa9019e88675d0f25f9,Diğer,unvan
NY4,NATURA GAYRİMENKUL VE GİRİŞİM SERMAYESİ PORTFÖY YÖNETİMİ A.Ş. 7400 GİRİŞİM SERMAYESİ YATIRIM FONU,GSF,DG,faal,NATURA GAYRİMENKUL VE GİRİŞİM SERMAYESİ PORTFÖY YÖNETİMİ A.Ş.,4028328c9d4a029c019d77931ecb596f,Diğer,unvan
NYC,NEO PORTFÖY YÖNETİMİ A.Ş. ONUNCU GİRİŞİM SERMAYESİ YATIRIM FONU,GSF,DG,faal,NEO PORTFÖY YÖNETİMİ A.Ş.,4028328c838f7bfd0183c756ac5a201a,Diğer,unvan
NYD,NEO PORTFÖY YÖNETİMİ A.Ş. BİLGE GAYRİMENKUL YATIRIM FONU,GMF,DG,faal,NEO PORTFÖY YÖNETİMİ A.Ş.,4028328c838f7bfd0183c7559596200b,Diğer,unvan
NYE,NUROL PORTFÖY YÖNETİMİ A.Ş. YEDİNCİ GİRİŞİM SERMAYESİ YATIRIM FONU,GSF,DG,faal,NUROL PORTFÖY YÖNETİMİ A.Ş.,4028328c950ba8c601953c37ccb53d38,Diğer,unvan
NYG,NEO PORTFÖY YÖNETİMİ A.Ş. ÜÇÜNCÜ GİRİŞİM SERMAYESİ YATIRIM FONU,GSF,DG,faal,NEO PORTFÖY YÖNETİMİ A.Ş.,4028328c7fd43043017ffa3c8f542466,Diğer,unvan
NYH,NUROL PORTFÖY İAU SERBEST (DÖVİZ) ÖZEL FON,YF,SF,faal,NUROL PORTFÖY YÖNETİMİ A.Ş.,4028328d8029261a0180d78663f732d3,Serbest,unvan
NYL,NEO PORTFÖY YÖNETİMİ A.Ş. KARBON TEKNOLOJİLERİ GİRİŞİM SERMAYESİ YATIRIM FONU,GSF,DG,faal,NEO PORTFÖY YÖNETİMİ A.Ş.,4028328c7fd43043017ffa3af0152455,Diğer,unvan
NYM,NEO PORTFÖY YÖNETİMİ A.Ş. YİRMİNCİ GİRİŞİM SERMAYESİ YATIRIM FONU,GSF,DG,faal,NEO PORTFÖY YÖNETİMİ A.Ş.,4028328c9d7b22d2019e0774081b22cb,Diğer,unvan
NYO,NUROL PORTFÖY YÖNETİMİ A.Ş. ONBİRİNCİ GAYRİMENKUL YATIRIM FONU,GMF,DG,faal,NUROL PORTFÖY YÖNETİMİ A.Ş.,4028328c950ba8c60195948580d4143b,Diğer,unvan
NZA,ALLİANZ YAŞAM VE EMEKLİLİK A.Ş. ALTIN KATILIM EMEKLİLİK YATIRIM FONU,EYF,,faal,ALLIANZ YAŞAM VE EMEKLİLİK A.Ş.,4028328c9b82727a019bb1ddfeac2a07,Kıymetli Madenler,unvan
NZH,NEO PORTFÖY İKİNCİ DEĞİŞKEN FON,YF,DG,faal,NEO PORTFÖY YÖNETİMİ A.Ş.,4028328d780c3fe4017810c09aaf06fc,Değişken,unvan
NZT,NEO PORTFÖY PARA PİYASASI SERBEST FON,YF,SF,faal,NEO PORTFÖY YÖNETİMİ A.Ş.,4028328d780c3fe4017810c1a536070f,Para Piyasası,unvan
NZU,NUROL PORTFÖY ZÜMRÜT KATILIM SERBEST (DÖVİZ) FON,YF,KTF,faal,NUROL PORTFÖY YÖNETİMİ A.Ş.,4028328c950ba8c601953c34c7643cd8,Katılım,unvan
OAB,QNB PORTFÖY AYDOĞAN SERBEST (DÖVİZ) ÖZEL FON,YF,SF,faal,QNB PORTFÖY YÖNETİMİ A.Ş.,4028328d8288bc3d0182b4ccd5b46f7e,Serbest,unvan
OAG,OMURGA GAYRİMENKUL VE GİRİŞİM SERMAYESİ PORTFÖY YÖNETİMİ A.Ş. DIGITAL TRANSFORMATION GİRİŞİM SERMAYESİ YATIRIM FONU,GSF,DG,faal,OMURGA GAYRİMENKUL VE GİRİŞİM SERMAYESİ PORTFÖY YÖNETİMİ A.Ş.,4028328d7a4e446d017aa4bef14f4e8f,Diğer,unvan
OAL,OYAK PORTFÖY YÖNETİMİ A.Ş. ALTINCI GİRİŞİM SERMAYESİ YATIRIM FONU,GSF,DG,faal,OYAK PORTFÖY YÖNETİMİ A.Ş.,4028328c7da7e73c017f315f9d2c6698,Diğer,unvan
OAO,TEB PORTFÖY ODEABANK AYRICALIKLI VE ÖZEL BANKACILIK DEĞİŞKEN ÖZEL FON,YF,DG,faal,TEB PORTFÖY YÖNETİMİ A.Ş.,4028328d9f52dddd019febabfa797ba2,Değişken,unvan
OAZ,ORAGON GAYRİMENKUL VE GİRİŞİM SERMAYESİ PORTFÖY YÖNETİMİ A.Ş. AYYILDIZ GAYRİMENKUL YATIRIM FONU,GMF,DG,faal,ORAGON GAYRİMENKUL VE GİRİŞİM SERMAYESİ PORTFÖY YÖNETİMİ A.Ş.,4028328d949955a80194bb7748335a9d,Diğer,unvan
OBE,AKTİF PORTFÖY YÖNETİMİ A.Ş. OBSS GİRİŞİM SERMAYESİ YATIRIM FONU,GSF,DG,faal,AKTİF PORTFÖY YÖNETİMİ A.Ş.,4028328d9af24265019b365f4c6b4047,Diğer,unvan
OBG,ARZ GAYRİMENKUL VE GİRİŞİM SERMAYESİ PORTFÖY YÖNETİMİ A.Ş. ONBEŞİNCİ GİRİŞİM SERMAYESİ YATIRIM FONU,GSF,DG,faal,ARZ GAYRİMENKUL VE GİRİŞİM SERMAYESİ PORTFÖY YÖNETİMİ A.Ş.,4028328d90f0004501910d38505b792a,Diğer,unvan
OBI,OYAK PORTFÖY İKİNCİ BORÇLANMA ARAÇLARI (TL) FONU,YF,DG,faal,OYAK PORTFÖY YÖNETİMİ A.Ş.,4028328c81fdc44901822593261a15dd,Borçlanma Araçları,unvan
OBK,OYAK PORTFÖY YÖNETİMİ A.Ş. YEDİNCİ GİRİŞİM SERMAYESİ YATIRIM FONU,GSF,DG,faal,OYAK PORTFÖY YÖNETİMİ A.Ş.,4028328c81fdc4490182258f4c2315b6,Diğer,unvan
OBN,AK PORTFÖY ONBEŞİNCİ SERBEST (DÖVİZ) FON,YF,SF,faal,AK PORTFÖY YÖNETİMİ A.Ş.,4028328c8b2fcee7018cb4c5092f29c6,Serbest,unvan
OBP,OYAK PORTFÖY İKİNCİ DEĞİŞKEN FON,YF,DG,faal,OYAK PORTFÖY YÖNETİMİ A.Ş.,33E5FED7E5F700EAE0530A4A622B2AEA,Değişken,unvan
OBR,AK PORTFÖY ONBİRİNCİ SERBEST (DÖVİZ) FON,YF,SF,faal,AK PORTFÖY YÖNETİMİ A.Ş.,4028328c86d231ff01877595bb6f4a4b,Serbest,unvan
OCH,NUROL PORTFÖY YÖNETİMİ A.Ş. OC HEDEF GAYRİMENKUL YATIRIM FONU,GMF,DG,faal,NUROL PORTFÖY YÖNETİMİ A.Ş.,4028328d7a4e446c017a80d4352a3370,Diğer,unvan
OCM,QNB PORTFÖY SM SERBEST (DÖVİZ) ÖZEL FON,YF,SF,faal,QNB PORTFÖY YÖNETİMİ A.Ş.,4028328d81fdc61c018243f66e3b37be,Serbest,unvan
OCN,QNB PORTFÖY SEFA SERBEST (DÖVİZ) ÖZEL FON,YF,SF,faal,QNB PORTFÖY YÖNETİMİ A.Ş.,4028328c7f7cb860017facfc54736ada,Serbest,unvan
OCT,QNB PORTFÖY DENİZ YILDIZI SERBEST (DÖVİZ) ÖZEL FON,YF,SF,faal,QNB PORTFÖY YÖNETİMİ A.Ş.,4028328c7f7cb860017facfb2c596aca,Serbest,unvan
OD9,ONE PORTFÖY YÖNETİMİ A.Ş. DOKUZUNCU GİRİŞİM SERMAYESİ YATIRIM FONU,GSF,DG,faal,ONE PORTFÖY YÖNETİMİ A.Ş.,4028328c9d7b22d2019dd30b52990e68,Diğer,unvan
ODD,OYAK PORTFÖY DÖRDÜNCÜ SERBEST FON,YF,SF,faal,OYAK PORTFÖY YÖNETİMİ A.Ş.,4028328c71bc39bf01723652464f721e,Serbest,unvan
ODG,ONE PORTFÖY İKİNCİ DEĞİŞKEN FON,YF,DG,faal,ONE PORTFÖY YÖNETİMİ A.Ş.,4028328d9c81f588019cbe67f4ca58e7,Değişken,unvan
ODN,AK PORTFÖY ONDÖRDÜNCÜ SERBEST (DÖVİZ) FON,YF,SF,faal,AK PORTFÖY YÖNETİMİ A.Ş.,4028328c8b2fcee7018cb4c56c2429dc,Serbest,unvan
ODO,ORAGON GAYRİMENKUL VE GİRİŞİM SERMAYESİ PORTFÖY YÖNETİMİ A.Ş. AYDOS GİRİŞİM SERMAYESİ YATIRIM FONU,GSF,DG,faal,ORAGON GAYRİMENKUL VE GİRİŞİM SERMAYESİ PORTFÖY YÖNETİMİ A.Ş.,4028328d949955a80194bb76ec075a6d,Diğer,unvan
ODP,OSMANLI PORTFÖY BİRİNCİ SERBEST FON,YF,SF,faal,OSMANLI PORTFÖY YÖNETİMİ A.Ş.,4028328d7da7e96d017ddcac58833609,Serbest,unvan
ODS,OYAK PORTFÖY İKİNCİ SERBEST (DÖVİZ) FON,YF,SF,faal,OYAK PORTFÖY YÖNETİMİ A.Ş.,4028328d65fd445501669ad003b14bc1,Serbest,unvan
ODT,OYAK PORTFÖY YÖNETİMİ A.Ş. ODTÜ TEKNOKENT ETKİ GİRİŞİM SERMAYESİ YATIRIM FONU,GSF,DG,faal,OYAK PORTFÖY YÖNETİMİ A.Ş.,4028328d8e21d0ec018e383be4801a8d,Diğer,unvan
ODV,AK PORTFÖY ÜÇÜNCÜ FON SEPETİ FONU,YF,DG,faal,AK PORTFÖY YÖNETİMİ A.Ş.,4028328c55a2cb380155df814ce51fa5,Fon Sepeti,unvan
ODZ,OYAK PORTFÖY YÖNETİMİ A.Ş. DOKUZUNCU GİRİŞİM SERMAYESİ YATIRIM FONU,GSF,DG,faal,OYAK PORTFÖY YÖNETİMİ A.Ş.,4028328d8588f3000185de4ca93c3b0b,Diğer,unvan
OEI,KALKINMA GİRİŞİM SERMAYESİ PORTFÖY YÖNETİMİ A.Ş. OTOMOTİV ENDÜSTRİSİ İHRACATÇILARI BİRLİĞİ GİRİŞİM SERMAYESİ YATIRIM FONU,GSF,DG,faal,KALKINMA GİRİŞİM SERMAYESİ PORTFÖY YÖNETİMİ A.Ş.,4028328c9cc9d175019cfbd62c9713c4,Diğer,unvan
OFA,OYAK PORTFÖY TÜRKİYE FİNANS KATILIM SERBEST (DÖVİZ-AVRO) FON,YF,KTF,faal,OYAK PORTFÖY YÖNETİMİ A.Ş.,4028328d887d12f8018896541f627515,Katılım,unvan
OFB,OYAK PORTFÖY İSTATİSTİKSEL ARBİTRAJ SERBEST (TL) FON,YF,SF,faal,OYAK PORTFÖY YÖNETİMİ A.Ş.,4028328d7610639801762917b96146cf,Serbest,unvan
OFG,HEDEF PORTFÖY YÖNETİMİ A.Ş. FORM GAYRİMENKUL YATIRIM FONU,GMF,DG,faal,HEDEF PORTFÖY YÖNETİMİ A.Ş.,4028328c77e3f8e80177fc587ed36d74,Diğer,unvan
OFI,OYAK PORTFÖY İKİNCİ FON SEPETİ FONU,YF,DG,faal,OYAK PORTFÖY YÖNETİMİ A.Ş.,4028328d8029261a0180d0d374d57c44,Fon Sepeti,unvan
OFK,OYAK PORTFÖY TÜRKİYE FİNANS KATILIM SERBEST (DÖVİZ-ABD DOLARI) FON,YF,KTF,faal,OYAK PORTFÖY YÖNETİMİ A.Ş.,4028328c8588f3010185baa3fed437fb,Katılım,unvan
OFN,AZİMUT PORTFÖY YÖNETİMİ A.Ş. FİBA GELECEK GİRİŞİM SERMAYESİ YATIRIM FONU,GSF,DG,faal,AZİMUT PORTFÖY YÖNETİMİ A.Ş.,4028328d7da7e96d017e2add10972a45,Diğer,unvan
OFO,QNB PORTFÖY JKDK SERBEST (DÖVİZ) ÖZEL FON,YF,SF,faal,QNB PORTFÖY YÖNETİMİ A.Ş.,4028328c8304fea801836a71c5e7710e,Serbest,unvan
OFS,OYAK PORTFÖY BİRİNCİ FON SEPETİ FONU,YF,DG,faal,OYAK PORTFÖY YÖNETİMİ A.Ş.,4028328d767bb19d01768abcc55f4eae,Fon Sepeti,unvan
OG2,OMURGA GAYRİMENKUL VE GİRİŞİM SERMAYESİ PORTFÖY YÖNETİMİ A.Ş. UFUK KARMA GAYRİMENKUL YATIRIM FONU,GMF,DG,faal,OMURGA GAYRİMENKUL VE GİRİŞİM SERMAYESİ PORTFÖY YÖNETİMİ A.Ş.,4028328c65fd41d801668766c5875857,Karma,unvan
OG3,OMURGA GAYRİMENKUL VE GİRİŞİM SERMAYESİ PORTFÖY YÖNETİMİ A.Ş. TEKNOLOJİ GİRİŞİM SERMAYESİ YATIRIM FONU,GSF,DG,faal,OMURGA GAYRİMENKUL VE GİRİŞİM SERMAYESİ PORTFÖY YÖNETİMİ A.Ş.,4028328c767baf6801768fe4fb8c4883,Diğer,unvan
OG4,OMURGA GAYRİMENKUL VE GİRİŞİM SERMAYESİ PORTFÖY YÖNETİMİ A.Ş. DÖRDÜNCÜ GAYRİMENKUL YATIRIM FONU,GMF,DG,faal,OMURGA GAYRİMENKUL VE GİRİŞİM SERMAYESİ PORTFÖY YÖNETİMİ A.Ş.,4028328d9af24265019b01e198d43119,Diğer,unvan
OG9,OMURGA GAYRİMENKUL VE GİRİŞİM SERMAYESİ PORTFÖY YÖNETİMİ A.Ş. DOKUZUNCU GİRİŞİM SERMAYESİ YATIRIM FONU,GSF,DG,faal,OMURGA GAYRİMENKUL VE GİRİŞİM SERMAYESİ PORTFÖY YÖNETİMİ A.Ş.,4028328d9af24264019b35fd9bf63fc7,Diğer,unvan
OGB,OYAK PORTFÖY YÖNETİMİ A.Ş. ÜÇÜNCÜ GİRİŞİM SERMAYESİ YATIRIM FONU,GSF,DG,faal,OYAK PORTFÖY YÖNETİMİ A.Ş.,4028328d761062090176611a38860c71,Diğer,unvan
OGC,TERA PORTFÖY YÖNETİMİ A.Ş. ÇATI KATILIM GAYRİMENKUL YATIRIM FONU,GMF,DG,faal,TERA PORTFÖY YÖNETİMİ A.Ş.,4028328c7902c29d017936bdec346e87,Katılım,unvan
OGD,OYAK PORTFÖY ALTIN KATILIM FONU,YF,KTF,faal,OYAK PORTFÖY YÖNETİMİ A.Ş.,4028328d72f8dbca0173994ebc367693,Kıymetli Madenler,unvan
OGE,OMURGA GAYRİMENKUL VE GİRİŞİM SERMAYESİ PORTFÖY YÖNETİMİ A.Ş. GEOMETRİ MELEK GİRİŞİM SERMAYESİ YATIRIM FONU,GSF,DG,faal,OMURGA GAYRİMENKUL VE GİRİŞİM SERMAYESİ PORTFÖY YÖNETİMİ A.Ş.,4028328d84686d100185069c33063c02,Diğer,unvan
OGF,OYAK PORTFÖY OYAK ÜYELERİ İLE ÇALIŞANLARINA YÖNELİK BORÇLANMA ARAÇLARI ÖZEL FONU,YF,DG,faal,OYAK PORTFÖY YÖNETİMİ A.Ş.,4028328c65fd41d90166e95c4b4b7311,Borçlanma Araçları,unvan
OGG,OMURGA GAYRİMENKUL VE GİRİŞİM SERMAYESİ PORTFÖY YÖNETİMİ A.Ş. ÖZGÜN PROJE GAYRİMENKUL YATIRIM FONU,GMF,DG,faal,OMURGA GAYRİMENKUL VE GİRİŞİM SERMAYESİ PORTFÖY YÖNETİMİ A.Ş.,4028328c950ba8c6019518d8ecdc4b0f,Diğer,unvan
OGI,OMURGA GAYRİMENKUL VE GİRİŞİM SERMAYESİ PORTFÖY YÖNETİMİ A.Ş. İKİNCİ GAYRİMENKUL YATIRIM FONU,GMF,DG,faal,OMURGA GAYRİMENKUL VE GİRİŞİM SERMAYESİ PORTFÖY YÖNETİMİ A.Ş.,4028328d69a8545e0169ba52861b4278,Diğer,unvan
OGK,ONE PORTFÖY YÖNETİMİ A.Ş. GENYAP KATILIM PROJE GAYRİMENKUL YATIRIM FONU,GMF,DG,faal,ONE PORTFÖY YÖNETİMİ A.Ş.,4028328d9d4a0485019d4e5016dd1f2b,Katılım,unvan
OGL,ORAGON GAYRİMENKUL VE GİRİŞİM SERMAYESİ PORTFÖY YÖNETİMİ A.Ş. GLOBAL-İST GİRİŞİM SERMAYESİ YATIRIM FONU,GSF,DG,faal,ORAGON GAYRİMENKUL VE GİRİŞİM SERMAYESİ PORTFÖY YÖNETİMİ A.Ş.,4028328d906f407c0190c4d0bd8e119a,Diğer,unvan
OGM,OYAK PORTFÖY YÖNETİMİ A.Ş. BİRİNCİ GAYRİMENKUL YATIRIM FONU,GMF,DG,faal,OYAK PORTFÖY YÖNETİMİ A.Ş.,4028328c67565bc50167a7feb1982df3,Diğer,unvan
OGN,ARGEUS GAYRİMENKUL VE GİRİŞİM SERMAYESİ PORTFÖY YÖNETİMİ A.Ş. ONUNCU GAYRİMENKUL YATIRIM FONU,GMF,DG,faal,ARGEUS GAYRİMENKUL VE GİRİŞİM SERMAYESİ PORTFÖY YÖNETİMİ A.Ş.,4028328c998ee9d50199a41dfce50d99,Diğer,unvan
OGO,OYAK PORTFÖY YÖNETİMİ A.Ş. DÖRDÜNCÜ GİRİŞİM SERMAYESİ YATIRIM FONU,GSF,DG,faal,OYAK PORTFÖY YÖNETİMİ A.Ş.,4028328d761062090176611b95ff0c81,Diğer,unvan
OGR,OYAK PORTFÖY YÖNETİMİ A.Ş. BİRİNCİ GİRİŞİM SERMAYESİ YATIRIM FONU,GSF,DG,faal,OYAK PORTFÖY YÖNETİMİ A.Ş.,4028328d7610620901766112ef730c39,Diğer,unvan
OGS,OMURGA GAYRİMENKUL VE GİRİŞİM SERMAYESİ PORTFÖY YÖNETİMİ A.Ş. ONUNCU GİRİŞİM SERMAYESİ YATIRIM FONU,GSF,DG,faal,OMURGA GAYRİMENKUL VE GİRİŞİM SERMAYESİ PORTFÖY YÖNETİMİ A.Ş.,4028328c919f164b019295ab84f84ddf,Diğer,unvan
OGT,OYAK PORTFÖY YÖNETİMİ A.Ş. İKİNCİ GİRİŞİM SERMAYESİ YATIRIM FONU,GSF,DG,faal,OYAK PORTFÖY YÖNETİMİ A.Ş.,4028328d7610620901766118cb8f0c61,Diğer,unvan
OGV,QNB PORTFÖY HUNA SERBEST (DÖVİZ) ÖZEL FON,YF,SF,faal,QNB PORTFÖY YÖNETİMİ A.Ş.,4028328d812b6d6b0181673ef77c0760,Serbest,unvan
OHB,OYAK PORTFÖY BİRİNCİ HİSSE SENEDİ (TL) FONU (HİSSE SENEDİ YOĞUN FON),YF,HS,faal,OYAK PORTFÖY YÖNETİMİ A.Ş.,4028328d5eed5adf015f7192d3a3638a,Hisse Senedi,unvan
OHI,PARDUS PORTFÖY ONUNCU HİSSE SENEDİ SERBEST (TL) FON (HİSSE SENEDİ YOĞUN FON),YF,HS,faal,PARDUS PORTFÖY YÖNETİMİ A.Ş.,4028328d8e21d0ec018e8008c9dd46d5,Hisse Senedi,unvan
OHK,OYAK PORTFÖY KATILIM HİSSE SENEDİ (TL) FONU (HİSSE SENEDİ YOĞUN FON),YF,HS,faal,OYAK PORTFÖY YÖNETİMİ A.Ş.,4028328c84686b400184c87d3cf17759,Hisse Senedi,unvan
OHT,OYAK PORTFÖY İKİNCİ KISA VADELİ KİRA SERTİFİKALARI KATILIM (TL) FONU,YF,KTF,faal,OYAK PORTFÖY YÖNETİMİ A.Ş.,4028328c8f3f759a018f619fc8342e49,Kısa Vadeli Borçlanma,unvan
OIG,QİNVEST PORTFÖY YÖNETİMİ A.Ş. İKİNCİ GİRİŞİM SERMAYESİ YATIRIM FONU,GSF,DG,faal,ASTRA PORTFÖY YÖNETİMİ A.Ş.,4028328c90effe4c01912b898ce16762,Diğer,unvan
OIL,OSMANLI PORTFÖY ALTIN FON SEPETİ FONU,YF,DG,faal,OSMANLI PORTFÖY YÖNETİMİ A.Ş.,4028328c81fdc449018225ad01ff1651,Fon Sepeti,unvan
OIR,OSMANLI PORTFÖY DENGELİ FON SEPETİ FONU,YF,DG,faal,OSMANLI PORTFÖY YÖNETİMİ A.Ş.,4028328c81fdc449018225aa8da91633,Fon Sepeti,unvan
OIS,ASTRA PORTFÖY İKİNCİ SERBEST ÖZEL FON,YF,SF,faal,ASTRA PORTFÖY YÖNETİMİ A.Ş.,4028328d84399770018441f4669c3cbd,Serbest,unvan
OJB,QNB PORTFÖY BEŞİNCİ SERBEST (DÖVİZ) FON,YF,SF,faal,QNB PORTFÖY YÖNETİMİ A.Ş.,4028328c7850aacc0178daa36dc31b02,Serbest,unvan
OJG,OYAK PORTFÖY YÖNETİMİ A.Ş. BEŞİNCİ GİRİŞİM SERMAYESİ YATIRIM FONU,GSF,DG,faal,OYAK PORTFÖY YÖNETİMİ A.Ş.,4028328c7887c5400178ab4f05163f66,Diğer,unvan
OJH,ASTRA PORTFÖY YÖNETİMİ A.Ş. BİRİNCİ HİSSE SENEDİ SERBEST FON (HİSSE SENEDİ YOĞUN FON),YF,HS,faal,ASTRA PORTFÖY YÖNETİMİ A.Ş.,4028328d7bf4b81c017ca79c81c62791,Hisse Senedi,unvan
OJK,QNB PORTFÖY ALTIN FONU,YF,DG,faal,QNB PORTFÖY YÖNETİMİ A.Ş.,4028328d7afb2dbd017b358fd7ca08d6,Kıymetli Madenler,unvan
OJT,QNB PORTFÖY TEKNOLOJİ FON SEPETİ FONU,YF,DG,faal,QNB PORTFÖY YÖNETİMİ A.Ş.,4028328d7902c2a20179131f49b53f0c,Fon Sepeti,unvan
OJU,QNB PORTFÖY UFUK SERBEST (DÖVİZ) ÖZEL FON,YF,SF,faal,QNB PORTFÖY YÖNETİMİ A.Ş.,4028328c7afb2946017b0bfd93ee44d2,Serbest,unvan
OJY,QNB PORTFÖY YALÇIN SERBEST (DÖVİZ) ÖZEL FON,YF,SF,faal,QNB PORTFÖY YÖNETİMİ A.Ş.,4028328d7afb2dbc017b627d04f01e4a,Serbest,unvan
OKD,OYAK PORTFÖY BİRİNCİ DEĞİŞKEN FON,YF,DG,faal,OYAK PORTFÖY YÖNETİMİ A.Ş.,33E5FED7E5FB00EAE0530A4A622B2AEA,Değişken,unvan
OKF,OYAK PORTFÖY KAR PAYI ÖDEYEN BİRİNCİ SERBEST (TL) FON,YF,SF,faal,OYAK PORTFÖY YÖNETİMİ A.Ş.,4028328d7f7cbe31017fb0e2d97704b0,Serbest,unvan
OKP,OYAK PORTFÖY BİRİNCİ KISA VADELİ BORÇLANMA ARAÇLARI (TL) FONU,YF,DG,faal,OYAK PORTFÖY YÖNETİMİ A.Ş.,4028328d6ab7863b016c0a20c6c6791f,Kısa Vadeli Borçlanma,unvan
OKT,OYAK PORTFÖY BİRİNCİ BORÇLANMA ARAÇLARI FONU,YF,DG,faal,OYAK PORTFÖY YÖNETİMİ A.Ş.,33E5FED7E5FF00EAE0530A4A622B2AEA,Borçlanma Araçları,unvan
OLA,OSMANLI PORTFÖY İKİNCİ SERBEST (DÖVİZ-AVRO) FON,YF,SF,faal,OSMANLI PORTFÖY YÖNETİMİ A.Ş.,4028328c7da7e73d017f402ba7c4749b,Serbest,unvan
OLD,QNB PORTFÖY TEMİZ ENERJİ VE SU FON SEPETİ FONU,YF,DG,faal,QNB PORTFÖY YÖNETİMİ A.Ş.,4028328d7d3c3042017d4c931c0342ac,Fon Sepeti,unvan
OLE,OSMANLI PORTFÖY BİRİNCİ FON SEPETİ FONU,YF,DG,faal,OSMANLI PORTFÖY YÖNETİMİ A.Ş.,4028328c7da7e73d017f4030339575ff,Fon Sepeti,unvan
OLG,GOLDEN GLOBAL PORTFÖY YÖNETİMİ A.Ş. BİRİNCİ GAYRİMENKUL YATIRIM FONU,GMF,DG,faal,GOLDEN GLOBAL PORTFÖY YÖNETİMİ A.Ş.,4028328d9cc9d32c019d2f1c96887c02,Diğer,unvan
OLN,ONE PORTFÖY YÖNETİMİ A.Ş. ALTINCI GAYRİMENKUL YATIRIM FONU,GMF,DG,faal,ONE PORTFÖY YÖNETİMİ A.Ş.,4028328d9c4c12ca019c522a07fd380d,Diğer,unvan
OLP,GOLDEN GLOBAL PORTFÖY YÖNETİMİ A.Ş. BİRİNCİ PROJE GAYRİMENKUL YATIRIM FONU,GMF,DG,faal,GOLDEN GLOBAL PORTFÖY YÖNETİMİ A.Ş.,4028328d9cc9d32c019d2f1c66527bf3,Diğer,unvan
OMB,ASTRA PORTFÖY MAB SERBEST (DÖVİZ) ÖZEL FON,YF,SF,faal,ASTRA PORTFÖY YÖNETİMİ A.Ş.,4028328d84399770018441f61a813ccd,Serbest,unvan
OMC,QNB PORTFÖY ORKİDE SERBEST (DÖVİZ) ÖZEL FON,YF,SF,faal,QNB PORTFÖY YÖNETİMİ A.Ş.,4028328d812b6aea01815d8064a841b2,Serbest,unvan
OMDBE,OMURGA GAYRİMENKUL VE GİRİŞİM SERMAYESİ PORTFÖY YÖNETİMİ A.Ş. DBE GİRİŞİM SERMAYESİ YATIRIM FONU,GSF,DG,faal,OMURGA GAYRİMENKUL VE GİRİŞİM SERMAYESİ PORTFÖY YÖNETİMİ A.Ş.,4028328c819d4b9e0181af8071ed647a,Diğer,unvan
OME,PARDUS PORTFÖY EVREN SERBEST FON,YF,SF,faal,PARDUS PORTFÖY YÖNETİMİ A.Ş.,4028328d80e91791018128e9836117cd,Serbest,unvan
OMG,AZİMUT PORTFÖY İKİNCİ HİSSE SENEDİ FONU (HİSSE SENEDİ YOĞUN FON),YF,HS,faal,AZİMUT PORTFÖY YÖNETİMİ A.Ş.,4028328d9132fce701915541482d4da0,Hisse Senedi,unvan
OMGIO,OMURGA GAYRİMENKUL VE GİRİŞİM SERMAYESİ PORTFÖY YÖNETİMİ A.Ş. GIO TEKNOLOJİ GİRİŞİM SERMAYESİ YATIRIM FONU,GSF,DG,faal,OMURGA GAYRİMENKUL VE GİRİŞİM SERMAYESİ PORTFÖY YÖNETİMİ A.Ş.,4028328d812b6c2f01819628399c34a3,Diğer,unvan
OMT,OSMANLI PORTFÖY PARA PİYASASI KATILIM (TL) FONU,YF,KTF,faal,OSMANLI PORTFÖY YÖNETİMİ A.Ş.,4028328c9f52dc3f01a0155a84277d71,Para Piyasası,unvan
ON0,ARZ GAYRİMENKUL VE GİRİŞİM SERMAYESİ PORTFÖY YÖNETİMİ A.Ş. ONUNCU GİRİŞİM SERMAYESİ YATIRIM FONU,GSF,DG,faal,ARZ GAYRİMENKUL VE GİRİŞİM SERMAYESİ PORTFÖY YÖNETİMİ A.Ş.,4028328d8b2fcee7018caaec5f520f19,Diğer,unvan
ON1,ARZ GAYRİMENKUL VE GİRİŞİM SERMAYESİ PORTFÖY YÖNETİMİ A.Ş. ONBİRİNCİ GİRİŞİM SERMAYESİ YATIRIM FONU,GSF,DG,faal,ARZ GAYRİMENKUL VE GİRİŞİM SERMAYESİ PORTFÖY YÖNETİMİ A.Ş.,4028328d8b2fcee7018caaec2d570f0c,Diğer,unvan
ON2,ARZ GAYRİMENKUL VE GİRİŞİM SERMAYESİ PORTFÖY YÖNETİMİ A.Ş. ONİKİNCİ GİRİŞİM SERMAYESİ YATIRIM FONU,GSF,DG,faal,ARZ GAYRİMENKUL VE GİRİŞİM SERMAYESİ PORTFÖY YÖNETİMİ A.Ş.,4028328d8b2fcee7018caaf685ea106a,Diğer,unvan
ON3,ARZ GAYRİMENKUL VE GİRİŞİM SERMAYESİ PORTFÖY YÖNETİMİ A.Ş. DOKUZUNCU GAYRİMENKUL YATIRIM FONU,GMF,DG,faal,ARZ GAYRİMENKUL VE GİRİŞİM SERMAYESİ PORTFÖY YÖNETİMİ A.Ş.,4028328d8b2fcee7018ced608b3d1369,Diğer,unvan
ON4,ARZ GAYRİMENKUL VE GİRİŞİM SERMAYESİ PORTFÖY YÖNETİMİ A.Ş. ONDÖRDÜNCÜ GİRİŞİM SERMAYESİ YATIRIM FONU,GSF,DG,faal,ARZ GAYRİMENKUL VE GİRİŞİM SERMAYESİ PORTFÖY YÖNETİMİ A.Ş.,4028328c9132faf00191463cb5564637,Diğer,unvan
ON6,ARZ GAYRİMENKUL VE GİRİŞİM SERMAYESİ PORTFÖY YÖNETİMİ A.Ş. ONALTINCI GİRİŞİM SERMAYESİ YATIRIM FONU,GSF,DG,faal,ARZ GAYRİMENKUL VE GİRİŞİM SERMAYESİ PORTFÖY YÖNETİMİ A.Ş.,4028328c976d29880197d5a0fc012dc6,Diğer,unvan
ON8,ARZ GAYRİMENKUL VE GİRİŞİM SERMAYESİ PORTFÖY YÖNETİMİ A.Ş. TARIM TEKNOLOJİLERİ GİRİŞİM SERMAYESİ YATIRIM FONU,GSF,DG,faal,ARZ GAYRİMENKUL VE GİRİŞİM SERMAYESİ PORTFÖY YÖNETİMİ A.Ş.,4028328c991da58501992e9d53f05472,Diğer,unvan
ONA,ARZ GAYRİMENKUL VE GİRİŞİM SERMAYESİ PORTFÖY YÖNETİMİ A.Ş. ONÜÇÜNCÜ GİRİŞİM SERMAYESİ YATIRIM FONU,GSF,DG,faal,ARZ GAYRİMENKUL VE GİRİŞİM SERMAYESİ PORTFÖY YÖNETİMİ A.Ş.,4028328c9132faf00191463be5414620,Diğer,unvan
ONB,TEB PORTFÖY ALTERNATİF BANK SERBEST (DÖVİZ) ÖZEL FON,YF,SF,faal,TEB PORTFÖY YÖNETİMİ A.Ş.,4028328d8e21d0eb018f1078a29151d2,Serbest,unvan
OND,QNB PORTFÖY KAR PAYI ÖDEYEN ONBİRİNCİ SERBEST (DÖVİZ) FON,YF,SF,faal,QNB PORTFÖY YÖNETİMİ A.Ş.,4028328d919f184a01924d303c853d52,Serbest,unvan
ONE,AKTİF PORTFÖY BİRİNCİ HİSSE SENEDİ SERBEST (TL) FON (HİSSE SENEDİ YOĞUN FON),YF,HS,faal,AKTİF PORTFÖY YÖNETİMİ A.Ş.,4028328c8b2fcee8018b8f35f1492c88,Hisse Senedi,unvan
ONF,AK PORTFÖY ONALTINCI SERBEST (DÖVİZ-POUND) FON,YF,SF,faal,AK PORTFÖY YÖNETİMİ A.Ş.,4028328c998ee9d7019a5e8af0cf76eb,Serbest,unvan
ONK,AK PORTFÖY ONİKİNCİ SERBEST (DÖVİZ-AVRO) FON,YF,SF,faal,AK PORTFÖY YÖNETİMİ A.Ş.,4028328c88c529eb0188d909d43a43ae,Serbest,unvan
ONN,AKTİF PORTFÖY AKTİF ONİKS SERBEST (TL) FON,YF,SF,faal,AKTİF PORTFÖY YÖNETİMİ A.Ş.,4028328d70abc4df0170c9c18d9b7747,Serbest,unvan
ONS,İŞ PORTFÖY ONİKİNCİ SERBEST (DÖVİZ) FON,YF,SF,faal,İŞ PORTFÖY YÖNETİMİ A.Ş.,4028328c86845fa80186a7c64f856b80,Serbest,unvan
ONT,TEB PORTFÖY ONDÖRDÜNCÜ SERBEST (DÖVİZ) FON,YF,SF,faal,TEB PORTFÖY YÖNETİMİ A.Ş.,4028328d89555d7f018a6e8c6b56702b,Serbest,unvan
ONU,ARZ GAYRİMENKUL VE GİRİŞİM SERMAYESİ PORTFÖY YÖNETİMİ A.Ş. ONUNCU GAYRİMENKUL YATIRIM FONU,GMF,DG,faal,ARZ GAYRİMENKUL VE GİRİŞİM SERMAYESİ PORTFÖY YÖNETİMİ A.Ş.,4028328d8e21d0ec018e8028d21677ba,Diğer,unvan
ONX,ROTA PORTFÖY YÖNETİMİ A.Ş. ONX GİRİŞİM SERMAYESİ YATIRIM FONU,GSF,DG,faal,ROTA PORTFÖY YÖNETİMİ A.Ş.,4028328d992f6f660199851be2b9333d,Diğer,unvan
ONY,TEB PORTFÖY ONYEDİNCİ SERBEST (DÖVİZ-POUND) FON,YF,SF,faal,TEB PORTFÖY YÖNETİMİ A.Ş.,4028328d969f295701969f874756042d,Serbest,unvan
OO1,OYAK PORTFÖY YÖNETİMİ A.Ş. BİRİNCİ PROJE GAYRİMENKUL YATIRIM FONU,GMF,DG,faal,OYAK PORTFÖY YÖNETİMİ A.Ş.,4028328c93c3b40d0193cf978e5c165b,Diğer,unvan
OO2,OYAK PORTFÖY YÖNETİMİ A.Ş. İKİNCİ PROJE GAYRİMENKUL YATIRIM FONU,GMF,DG,faal,OYAK PORTFÖY YÖNETİMİ A.Ş.,4028328c93c3b40d0193cf976d78164c,Diğer,unvan
OO3,OYAK PORTFÖY YÖNETİMİ A.Ş. ÜÇÜNCÜ PROJE GAYRİMENKUL YATIRIM FONU,GMF,DG,faal,OYAK PORTFÖY YÖNETİMİ A.Ş.,4028328c93c3b40d0193cf96d84e1627,Diğer,unvan
OOF,ONE PORTFÖY YÖNETİMİ A.Ş. ONUNCU GİRİŞİM SERMAYESİ YATIRIM FONU,GSF,DG,faal,ONE PORTFÖY YÖNETİMİ A.Ş.,4028328c9e276fa9019e5e1eb7ea2e4e,Diğer,unvan
OP8,ONE PORTFÖY YÖNETİMİ A.Ş. SEKİZİNCİ GİRİŞİM SERMAYESİ YATIRIM FONU,GSF,DG,faal,ONE PORTFÖY YÖNETİMİ A.Ş.,4028328d998eebe80199c3b0036666b4,Diğer,unvan
OPB,OSMANLI PORTFÖY BİRİNCİ DEĞİŞKEN FON,YF,DG,faal,OSMANLI PORTFÖY YÖNETİMİ A.Ş.,4028328c63530c150163b01da3546c53,Değişken,unvan
OPD,OSMANLI PORTFÖY ANKA SERBEST FON,YF,SF,faal,OSMANLI PORTFÖY YÖNETİMİ A.Ş.,4028328d6d929640016dd4d10f747092,Serbest,unvan
OPF,OSMANLI PORTFÖY AGRESİF DEĞİŞKEN FON,YF,DG,faal,OSMANLI PORTFÖY YÖNETİMİ A.Ş.,4028328d89555d7f018a9363b1644ee0,Değişken,unvan
OPH,OSMANLI PORTFÖY BİRİNCİ HİSSE SENEDİ FONU (HİSSE SENEDİ YOĞUN FON),YF,HS,faal,OSMANLI PORTFÖY YÖNETİMİ A.Ş.,4028328c6efb1006016f4690ef041dac,Hisse Senedi,unvan
OPI,OSMANLI PORTFÖY KAR PAYI ÖDEYEN HİSSE SENEDİ (TL) FONU (HİSSE SENEDİ YOĞUN FON),YF,HS,faal,OSMANLI PORTFÖY YÖNETİMİ A.Ş.,4028328c6efb1006016f4696604b1de2,Hisse Senedi,unvan
OPJ,QNB PORTFÖY QNB PARA PİYASASI (TL) FON,YF,SF,faal,QNB PORTFÖY YÖNETİMİ A.Ş.,4028328d95959cc60195a9a73a305a6c,Para Piyasası,unvan
OPK30,OSMANLI PORTFÖY KATILIM 30 ENDEKSİ HİSSE SENEDİ YOĞUN (TL) BORSA YATIRIM FONU,BYF,HS,faal,OSMANLI PORTFÖY YÖNETİMİ A.Ş.,4028328d949955a90194b79d9afd2d14,Hisse Senedi,unvan
OPL,OSMANLI PORTFÖY İKİNCİ DEĞİŞKEN FON,YF,DG,faal,OSMANLI PORTFÖY YÖNETİMİ A.Ş.,4028328d7610606f0176668fc3544c48,Değişken,unvan
OPT25,OSMANLI PORTFÖY BIST TEMETTÜ 25 ENDEKSİ HİSSE SENEDİ YOĞUN (TL) BORSA YATIRIM FONU,BYF,HS,faal,OSMANLI PORTFÖY YÖNETİMİ A.Ş.,4028328d9132fce7019159f1a1657893,Hisse Senedi,unvan
OPTGY,OSMANLI PORTFÖY KAR PAYI ÖDEYEN BIST GYO ENDEKSİ HİSSE SENEDİ YOĞUN (TL) BORSA YATIRIM FONU,BYF,HS,faal,OSMANLI PORTFÖY YÖNETİMİ A.Ş.,4028328d949955a90194b79d752a2d09,Hisse Senedi,unvan
OPTLR,OSMANLI PORTFÖY BIST TLREF ENDEKSİ (TL) BORSA YATIRIM FONU,BYF,DG,faal,OSMANLI PORTFÖY YÖNETİMİ A.Ş.,4028328d969f29540196edc9f3e17b1f,Diğer,unvan
OPU,ASTRA PORTFÖY ÜÇÜNCÜ KATILIM SERBEST FON,YF,SF,faal,ASTRA PORTFÖY YÖNETİMİ A.Ş.,4028328d8588f30001860d2fe85c64c2,Katılım,unvan
OPX30,OSMANLI PORTFÖY BIST 30 ENDEKSİ HİSSE SENEDİ YOĞUN BORSA YATIRIM FONU,BYF,HS,faal,OSMANLI PORTFÖY YÖNETİMİ A.Ş.,4028328d89555d7f018a936430a54eeb,Hisse Senedi,unvan
OPZ,AK PORTFÖY ÖPY ALTINCI SERBEST ÖZEL FON,YF,SF,faal,AK PORTFÖY YÖNETİMİ A.Ş.,4028328c73a8657f0173bd5582156521,Serbest,unvan
OR1,ORAGON GAYRİMENKUL VE GİRİŞİM SERMAYESİ PORTFÖY YÖNETİMİ A.Ş. BİRİNCİ GİRİŞİM SERMAYESİ YATIRIM FONU,GSF,DG,faal,ORAGON GAYRİMENKUL VE GİRİŞİM SERMAYESİ PORTFÖY YÖNETİMİ A.Ş.,4028328c9e276fa9019e3b6569c160ac,Diğer,unvan
ORC,ASTRA PORTFÖY ALFA SERBEST FON,YF,SF,faal,ASTRA PORTFÖY YÖNETİMİ A.Ş.,4028328c7bf4b5e2017d0a11d9057f72,Serbest,unvan
ORF,ORAGON GAYRİMENKUL VE GİRİŞİM SERMAYESİ PORTFÖY YÖNETİMİ A.Ş. AGREGA PROJE GAYRİMENKUL YATIRIM FONU,GMF,DG,faal,ORAGON GAYRİMENKUL VE GİRİŞİM SERMAYESİ PORTFÖY YÖNETİMİ A.Ş.,4028328d949955a80194bb7b3f165b5f,Diğer,unvan
ORI,AZİMUT PORTFÖY ORGANİK SERBEST (DÖVİZ) ÖZEL FON,YF,SF,faal,AZİMUT PORTFÖY YÖNETİMİ A.Ş.,4028328c8b2fcee7018c68c1cc4957da,Serbest,unvan
ORP,ONE PORTFÖY YÖNETİMİ A.Ş. PRE IPO GİRİŞİM SERMAYESİ YATIRIM FONU,GSF,DG,faal,ONE PORTFÖY YÖNETİMİ A.Ş.,4028328d998eebe80199c3b0330466c0,Diğer,unvan
ORS,DENİZ PORTFÖY ORS HİSSE SENEDİ SERBEST ÖZEL FON (HİSSE SENEDİ YOĞUN FON),YF,HS,faal,DENİZ PORTFÖY YÖNETİMİ A.Ş.,4028328c887d111a0188be4465b643bb,Hisse Senedi,unvan
ORV,ORAGON GAYRİMENKUL VE GİRİŞİM SERMAYESİ PORTFÖY YÖNETİMİ A.Ş. AVRASYA GAYRİMENKUL YATIRIM FONU,GMF,DG,faal,ORAGON GAYRİMENKUL VE GİRİŞİM SERMAYESİ PORTFÖY YÖNETİMİ A.Ş.,4028328d8d6db484018d9c6ab24a53db,Diğer,unvan
ORX,ORAGON GAYRİMENKUL VE GİRİŞİM SERMAYESİ PORTFÖY YÖNETİMİ A.Ş. BİRİNCİ GAYRİMENKUL YATIRIM FONU,GMF,DG,faal,ORAGON GAYRİMENKUL VE GİRİŞİM SERMAYESİ PORTFÖY YÖNETİMİ A.Ş.,4028328c6d929336016ea6b6f0ce1ff6,Diğer,unvan
OSD,OSMANLI PORTFÖY ÖZEL SEKTÖR BORÇLANMA ARAÇLARI FONU,YF,DG,faal,OSMANLI PORTFÖY YÖNETİMİ A.Ş.,33E5FED7E63300EAE0530A4A622B2AEA,Borçlanma Araçları,unvan
OSE,TACİRLER PORTFÖY YÖNETİMİ A.Ş. ÖZEL SERMAYE 1 GİRİŞİM SERMAYESİ YATIRIM FONU,GSF,DG,faal,TACİRLER PORTFÖY YÖNETİMİ A.Ş.,4028328d8f3f7792018f5890bc360ef3,Diğer,unvan
OSF,NEO PORTFÖY BALKAN SERBEST FON,YF,SF,faal,NEO PORTFÖY YÖNETİMİ A.Ş.,4028328c5d88e705015e7134adc43be2,Serbest,unvan
OSH,OSMANLI PORTFÖY  MİNERVA SERBEST FON,YF,SF,faal,OSMANLI PORTFÖY YÖNETİMİ A.Ş.,33E5FED7E98300EAE0530A4A622B2AEA,Serbest,unvan
OSL,OSMANLI PORTFÖY KISA VADELİ BORÇLANMA ARAÇLARI (TL) FONU,YF,DG,faal,OSMANLI PORTFÖY YÖNETİMİ A.Ş.,33E5FED7EE0F00EAE0530A4A622B2AEA,Kısa Vadeli Borçlanma,unvan
OSN,AK PORTFÖY ONUNCU SERBEST FON,YF,SF,faal,AK PORTFÖY YÖNETİMİ A.Ş.,4028328c969f29550196a5e8ba3d52e7,Serbest,unvan
OSS,OYAK PORTFÖY SAVUNMA SANAYİİ ŞİRKETLERİ ENDEKSİ HİSSE SENEDİ (TL) FONU (HİSSE SENEDİ YOĞUN FON),YF,HS,faal,OYAK PORTFÖY YÖNETİMİ A.Ş.,4028328d906f407a0190bbdb3f993f4d,Hisse Senedi,unvan
OSZ,OYAK PORTFÖY YÖNETİMİ A.Ş. BİRİNCİ FON SEPETİ GİRİŞİM SERMAYESİ YATIRIM FONU,GSF,DG,faal,OYAK PORTFÖY YÖNETİMİ A.Ş.,4028328d843994da018461919909353f,Fon Sepeti,unvan
OTE,QNB PORTFÖY TAYMER SERBEST (DÖVİZ) ÖZEL FON,YF,SF,faal,QNB PORTFÖY YÖNETİMİ A.Ş.,4028328d8305029e018356217526317a,Serbest,unvan
OTF,OYAK PORTFÖY TÜRKİYE FİNANS KISA VADELİ KİRA SERTİFİKASI KATILIM (TL) FONU,YF,KTF,faal,OYAK PORTFÖY YÖNETİMİ A.Ş.,4028328d5d88e96c015ee2136ed60e86,Kısa Vadeli Borçlanma,unvan
OTG,OYAK PORTFÖY YÖNETİMİ A.Ş. TARIM VE GIDA ODAKLI GİRİŞİM SERMAYESİ YATIRIM FONU,GSF,DG,faal,OYAK PORTFÖY YÖNETİMİ A.Ş.,4028328c7da7e73c017e440281e82bfb,Diğer,unvan
OTJ,OYAK PORTFÖY KIYMETLİ MADENLER KATILIM FON SEPETİ FONU,YF,KTF,faal,OYAK PORTFÖY YÖNETİMİ A.Ş.,4028328c7b648351017bdf78d72b47ac,Fon Sepeti,unvan
OTK,OYAK PORTFÖY BİRİNCİ KATILIM SERBEST FON,YF,KTF,faal,OYAK PORTFÖY YÖNETİMİ A.Ş.,4028328d5c459ee7015c82045f9b5f72,Katılım,unvan
OTM,AZİMUT PORTFÖY OTOMOTİV SEKTÖRÜ DEĞİŞKEN FON,YF,DG,faal,AZİMUT PORTFÖY YÖNETİMİ A.Ş.,4028328d949955a90194e02e78ce33d5,Değişken,unvan
OTZ,QNB PORTFÖY TANER SERBEST (DÖVİZ) ÖZEL FON,YF,SF,faal,QNB PORTFÖY YÖNETİMİ A.Ş.,4028328c8304fea801833587c56a7727,Serbest,unvan
OUB,OSMANLI PORTFÖY ÜÇÜNCÜ SERBEST (TL) FON,YF,SF,faal,OSMANLI PORTFÖY YÖNETİMİ A.Ş.,4028328c7fd4321d0180086aea926cd2,Serbest,unvan
OUD,OSMANLI PORTFÖY ATLANTİK SERBEST (DÖVİZ) FON,YF,SF,faal,OSMANLI PORTFÖY YÖNETİMİ A.Ş.,4028328d7812cbf301781b3cb10a57a7,Serbest,unvan
OUN,AK PORTFÖY ONÜÇÜNCÜ SERBEST (DÖVİZ) FON,YF,SF,faal,AK PORTFÖY YÖNETİMİ A.Ş.,4028328c8b2fcee7018cb4c538ec29d1,Serbest,unvan
OUR,OSMANLI PORTFÖY PASİFİK SERBEST (DÖVİZ) FON,YF,SF,faal,OSMANLI PORTFÖY YÖNETİMİ A.Ş.,4028328d7812cbf301781b3dd7a357bf,Serbest,unvan
OUY,ASTRA PORTFÖY BİRİNCİ SERBEST (DÖVİZ) ÖZEL FON,YF,SF,faal,ASTRA PORTFÖY YÖNETİMİ A.Ş.,4028328d7da7e96e017ea0e2d2280929,Serbest,unvan
OVD,QNB PORTFÖY EMTİA FON SEPETİ FONU,YF,DG,faal,QNB PORTFÖY YÖNETİMİ A.Ş.,4028328c802924490180b72e8ad55b62,Fon Sepeti,unvan
OVR,QNB PORTFÖY FAGİ SERBEST (DÖVİZ) ÖZEL FON,YF,SF,faal,QNB PORTFÖY YÖNETİMİ A.Ş.,4028328d819d4b9d0181a5ac55d7128d,Serbest,unvan
OVT,QNB PORTFÖY DCD SERBEST (DÖVİZ) ÖZEL FON,YF,SF,faal,QNB PORTFÖY YÖNETİMİ A.Ş.,4028328d80e9179201812363a9000c0d,Serbest,unvan
OYE,ALBARAKA PORTFÖY YÖNETİMİ A.Ş. ALTINCI KARMA GAYRİMENKUL YATIRIM FONU,GMF,DG,faal,ALBARAKA PORTFÖY YÖNETİMİ A.Ş.,4028328c77e3f8e80177fc573e676d65,Karma,unvan
OYH,OYAK PORTFÖY OYAK GRUP ŞİRKETLERİ ENDEKSİ HİSSE SENEDİ (TL) FONU (HİSSE SENEDİ YOĞUN FON),YF,HS,faal,OYAK PORTFÖY YÖNETİMİ A.Ş.,4028328d906f407a0190bbdb087a3f40,Hisse Senedi,unvan
OYK,ALBARAKA PORTFÖY YÖNETİMİ A.Ş. ÇEŞME GAYRİMENKUL YATIRIM FONU,GMF,DG,faal,ALBARAKA PORTFÖY YÖNETİMİ A.Ş.,4028328d75e773c20175ff2bb3464c5d,Diğer,unvan
OYL,OYAK PORTFÖY BİRİNCİ PARA PİYASASI (TL) FONU,YF,DG,faal,OYAK PORTFÖY YÖNETİMİ A.Ş.,33E5FED7E5F300EAE0530A4A622B2AEA,Para Piyasası,unvan
OYR,ALBARAKA PORTFÖY YÖNETİMİ A.Ş. KATILIM TEKNOLOJİ GİRİŞİM SERMAYESİ FONU,GSF,DG,faal,ALBARAKA PORTFÖY YÖNETİMİ A.Ş.,4028328d7bf4b81c017c4f8bd2872047,Katılım,unvan
OYS,OYAK PORTFÖY ÜÇÜNCÜ SERBEST (TL) FON,YF,DG,faal,OYAK PORTFÖY YÖNETİMİ A.Ş.,4028328d67565e4f01679d21bd386df9,Serbest,unvan
OYT,OYAK PORTFÖY BİRİNCİ SERBEST FON,YF,SF,faal,OYAK PORTFÖY YÖNETİMİ A.Ş.,33E5FED7E60300EAE0530A4A622B2AEA,Serbest,unvan
OYZ,ALBARAKA PORTFÖY YÖNETİMİ A.Ş. BEREKET KATILIM GAYRİMENKUL YATIRIM FONU,GMF,DG,faal,ALBARAKA PORTFÖY YÖNETİMİ A.Ş.,4028328d73a8680a017401c8eee15422,Katılım,unvan
OZC,ASTRA PORTFÖY BİRİNCİ HİSSE SENEDİ SERBEST ÖZEL FON (HİSSE SENEDİ YOĞUN FON),YF,HS,faal,ASTRA PORTFÖY YÖNETİMİ A.Ş.,4028328c7f7cb862017fb70900bc355b,Hisse Senedi,unvan
P1A,A1 CAPİTAL PORTFÖY PARA PİYASASI (TL) SERBEST FON,YF,SF,faal,A1 CAPİTAL PORTFÖY YÖNETİMİ A.Ş.,4028328d98455cf6019898ecaedb18d5,Para Piyasası,unvan
PA2,PUSULA PORTFÖY ALTIN KATILIM FONU,YF,KTF,faal,PUSULA PORTFÖY YÖNETİMİ A.Ş.,4028328d9d7b24c8019d9bdc62280bcd,Kıymetli Madenler,unvan
PAB,A1 CAPİTAL PORTFÖY PARA PİYASASI (TL) FONU,YF,DG,faal,A1 CAPİTAL PORTFÖY YÖNETİMİ A.Ş.,4028328c998ee9d50199c2d63f206ffa,Para Piyasası,unvan
PAC,AZİMUT PORTFÖY AC HİSSE SENEDİ SERBEST ÖZEL FON (HİSSE SENEDİ YOĞUN FON),YF,HS,faal,AZİMUT PORTFÖY YÖNETİMİ A.Ş.,4028328d86d233be0187be08c2ba699f,Hisse Senedi,unvan
PAF,PARDUS PORTFÖY ALTIN FONU,YF,DG,faal,PARDUS PORTFÖY YÖNETİMİ A.Ş.,4028328d8b2fcee7018b4287f1f372ff,Kıymetli Madenler,unvan
PAG,RE-PIE PORTFÖY YÖNETİMİ A.Ş. AKILLI ŞEHİRLER GİRİŞİM SERMAYESİ YATIRIM FONU,GSF,DG,faal,RE-PIE PORTFÖY YÖNETİMİ A.Ş.,4028328c7707357b0177cdf7e1d862ad,Diğer,unvan
PAI,AK PORTFÖY ING ÖZEL BANKACILIK VE PLATİNUM MUTLAK GETİRİ HEDEFLİ DEĞİŞKEN ÖZEL FON,YF,DG,faal,AK PORTFÖY YÖNETİMİ A.Ş.,4028328d6fafa0e301703e6018466de1,Değişken,unvan
PAL,AK PORTFÖY ALTINCI SERBEST (DÖVİZ) FON,YF,SF,faal,AK PORTFÖY YÖNETİMİ A.Ş.,4028328c6faf9e510170577e91e43843,Serbest,unvan
PAO,PARDUS PORTFÖY ANADOLU HİSSE SENEDİ SERBEST FON (HİSSE SENEDİ YOĞUN FON),YF,HS,faal,PARDUS PORTFÖY YÖNETİMİ A.Ş.,4028328c96289c73019681f527323286,Hisse Senedi,unvan
PAP,AK PORTFÖY MİSTRAL SERBEST (DÖVİZ) ÖZEL FON,YF,SF,faal,AK PORTFÖY YÖNETİMİ A.Ş.,4028328c6faf9e510170577f17343854,Serbest,unvan
PAT,ALBARAKA PORTFÖY YÖNETİMİ A.Ş. ANADOLU VE TRAKYA GAYRİMENKUL YATIRIM FONU,GMF,DG,faal,ALBARAKA PORTFÖY YÖNETİMİ A.Ş.,4028328c7bf4b5e3017d04b7b2353e95,Diğer,unvan
PAU,GARANTİ PORTFÖY SERBEST (DÖVİZ-POUND) FON,YF,SF,faal,GARANTİ PORTFÖY YÖNETİMİ A.Ş.,4028328d9373bab0019396e245791766,Serbest,unvan
PBA,ALBARAKA PORTFÖY YÖNETİMİ A.Ş. ALBATROS GAYRİMENKUL YATIRIM FONU,GMF,DG,faal,ALBARAKA PORTFÖY YÖNETİMİ A.Ş.,4028328c7bf4b5e3017d04b55c533e5f,Diğer,unvan
PBC,PİRAMİT PORTFÖY YÖNETİMİ A.Ş. BİRİNCİ GİRİŞİM SERMAYESİ YATIRIM FONU,GSF,DG,faal,PİRAMİT PORTFÖY YÖNETİMİ A.Ş.,4028328d969f29540196f2d1cbc22461,Diğer,unvan
PBE,PUSULA PORTFÖY BATI SERBEST FON,YF,SF,faal,PUSULA PORTFÖY YÖNETİMİ A.Ş.,4028328d8f3f7793018fa5c0be0713bb,Serbest,unvan
PBF,PHİLLİP PORTFÖY BİRİNCİ SERBEST ÖZEL FON,YF,SF,faal,PHİLLİP PORTFÖY YÖNETİMİ A.Ş.,4028328d8b2fcee7018c5891d6343515,Serbest,unvan
PBH,PUSULA PORTFÖY BİRİNCİ HİSSE SENEDİ SERBEST (TL) FON (HİSSE SENEDİ YOĞUN FON),YF,HS,faal,PUSULA PORTFÖY YÖNETİMİ A.Ş.,4028328d8f3f7793018fa5c03b0b137c,Hisse Senedi,unvan
PBI,PARDUS PORTFÖY BİRİNCİ FON SEPETİ FONU,YF,SF,faal,PARDUS PORTFÖY YÖNETİMİ A.Ş.,4028328d9132fce70191552d6f064c4e,Fon Sepeti,unvan
PBK,ASTRA PORTFÖY BİRİNCİ KATILIM SERBEST (DÖVİZ) FON,YF,KTF,faal,ASTRA PORTFÖY YÖNETİMİ A.Ş.,4028328d6fafa0e501701fbd837a7c58,Katılım,unvan
PBN,PİRAMİT PORTFÖY BİRİNCİ HİSSE SENEDİ SERBEST FON (HİSSE SENEDİ YOĞUN FON),YF,HS,faal,PİRAMİT PORTFÖY YÖNETİMİ A.Ş.,4028328d96289e8c0196911850f86056,Hisse Senedi,unvan
PBR,PUSULA PORTFÖY BİRİNCİ DEĞİŞKEN FON,YF,DG,faal,PUSULA PORTFÖY YÖNETİMİ A.Ş.,4028328c8e21cef7018e2ddaeff33aab,Değişken,unvan
PBS,AZİMUT PORTFÖY BOĞAZİÇİ SERBEST (DÖVİZ) FON,YF,SF,faal,AZİMUT PORTFÖY YÖNETİMİ A.Ş.,4028328c71bc39bd0171e44d019a753b,Serbest,unvan
PBV,ALBARAKA PORTFÖY YÖNETİMİ A.Ş. BİLİŞİM VADİSİ GİRİŞİM SERMAYESİ YATIRIM FONU,GSF,DG,faal,ALBARAKA PORTFÖY YÖNETİMİ A.Ş.,4028328d758f64090175bc17c2f45372,Diğer,unvan
PBY,PARDUS PORTFÖY BIST 100 DIŞI ŞİRKETLER HİSSE SENEDİ SERBEST (TL) FON (HİSSE SENEDİ YOĞUN FON),YF,HS,faal,PARDUS PORTFÖY YÖNETİMİ A.Ş.,4028328c950ba8c801953832f20c767c,Hisse Senedi,unvan
PC1,PRM CAPITAL GAYRİMENKUL VE GİRİŞİM SERMAYESİ PORTFÖY YÖNETİMİ A.Ş. BİRİNCİ GİRİŞİM SERMAYESİ YATIRIM FONU,GSF,DG,faal,PRM CAPITAL GAYRİMENKUL VE GİRİŞİM SERMAYESİ PORTFÖY YÖNETİMİ A.Ş.,4028328d9d7b24c9019dcde34b8b6764,Diğer,unvan
PC2,PRM CAPITAL GAYRİMENKUL VE GİRİŞİM SERMAYESİ PORTFÖY YÖNETİMİ A.Ş. İKİNCİ PROJE GAYRİMENKUL YATIRIM FONU,GMF,DG,faal,PRM CAPITAL GAYRİMENKUL VE GİRİŞİM SERMAYESİ PORTFÖY YÖNETİMİ A.Ş.,4028328c9f52dc40019fa902fbef5b9a,Diğer,unvan
PCE,PARDUS PORTFÖY İNCİ SERBEST FON,YF,SF,faal,PARDUS PORTFÖY YÖNETİMİ A.Ş.,4028328c976d29890197a7618c8503d5,Serbest,unvan
PCF,ASTRA PORTFÖY YÖNETİMİ A.Ş. PRAGMA CAPITAL PARTNERS FON VII GİRİŞİM SERMAYESİ YATIRIM FONU,GSF,DG,faal,ASTRA PORTFÖY YÖNETİMİ A.Ş.,4028328d9cc9d32c019ce7898b297929,Diğer,unvan
PCH,PARDUS PORTFÖY CAPİTAL HİSSE SENEDİ SERBEST FON (HİSSE SENEDİ YOĞUN FON),YF,HS,faal,PARDUS PORTFÖY YÖNETİMİ A.Ş.,4028328d98455cf60198c63b6e2b6c5b,Hisse Senedi,unvan
PCI,QINVEST PORTFÖY YÖNETİMİ A.Ş. PRAGMA CAPİTAL PARTNERS  ENDÜSTRİYEL ŞİRKETLER GİRİŞİM SERMAYESİ YATIRIM FONU,GSF,DG,faal,ASTRA PORTFÖY YÖNETİMİ A.Ş.,4028328c8b2fcee7018c10876a373722,Diğer,unvan
PCN,PERFORM PORTFÖY ÜÇÜNCÜ SERBEST (DÖVİZ) FON,YF,SF,faal,PERFORM PORTFÖY YÖNETİMİ A.Ş.,4028328d853ff39c01856367bb83447b,Serbest,unvan
PCP,QİNVEST PORTFÖY YÖNETİMİ A.Ş. PRAGMA CAPİTAL PARTNERS TEKNOLOJİ FIRSATLARI GİRİŞİM SERMAYESİ YATIRIM FONU,GSF,DG,faal,ASTRA PORTFÖY YÖNETİMİ A.Ş.,4028328d8588f3000185cf6dfc102422,Diğer,unvan
PCS,PUSULA PORTFÖY ÜÇÜNCÜ HİSSE SENEDİ SERBEST FON (HİSSE SENEDİ YOĞUN FON),YF,HS,faal,PUSULA PORTFÖY YÖNETİMİ A.Ş.,4028328d8f3f7793018fa5c497fc148c,Hisse Senedi,unvan
PCU,QINVEST PORTFÖY YÖNETİMİ A.Ş. PRAGMA CAPİTAL PARTNERS ÜÇÜNCÜ ENDÜSTRİYEL ŞİRKETLER GİRİŞİM SERMAYESİ YATIRIM FONU,GSF,DG,faal,ASTRA PORTFÖY YÖNETİMİ A.Ş.,4028328d90137b6301905f205ab25b76,Diğer,unvan
PDC,PUSULA PORTFÖY DÖRDÜNCÜ HİSSE SENEDİ SERBEST (TL) FON (HİSSE SENEDİ YOĞUN FON),YF,HS,faal,PUSULA PORTFÖY YÖNETİMİ A.Ş.,4028328d95959cc60195fb56c919062e,Hisse Senedi,unvan
PDD,ASTRA PORTFÖY KATILIM FONU,YF,KTF,faal,ASTRA PORTFÖY YÖNETİMİ A.Ş.,4028328d6fafa0e501701fbf38de7c74,Katılım,unvan
PDE,PUSULA PORTFÖY DENGE KATILIM SERBEST FON,YF,KTF,faal,PUSULA PORTFÖY YÖNETİMİ A.Ş.,4028328d95959cc60195fb7afadc07fd,Katılım,unvan
PDF,ASTRA PORTFÖY BİRİNCİ SERBEST (DÖVİZ) FON,YF,SF,faal,ASTRA PORTFÖY YÖNETİMİ A.Ş.,4028328d6fafa0e501701fbbdbe17c2c,Serbest,unvan
PDG,PUSULA PORTFÖY DOĞU HİSSE SENEDİ SERBEST (TL) FON (HİSSE SENEDİ YOĞUN FON),YF,HS,faal,PUSULA PORTFÖY YÖNETİMİ A.Ş.,4028328d95959cc60195fb80fa890898,Hisse Senedi,unvan
PDH,PARDUS PORTFÖY DOĞU HİSSE SENEDİ SERBEST FON (HİSSE SENEDİ YOĞUN FON),YF,HS,faal,PARDUS PORTFÖY YÖNETİMİ A.Ş.,4028328c976d29890197a7626c610422,Hisse Senedi,unvan
PDR,PHİLLİP PORTFÖY SÜRDÜRÜLEBİLİRLİK SERBEST ÖZEL FON,YF,SF,faal,PHİLLİP PORTFÖY YÖNETİMİ A.Ş.,4028328c93c3afa2019417ca828b0379,Serbest,unvan
PDS,PARDUS PORTFÖY DÖRDÜNCÜ SERBEST FON,YF,SF,faal,PARDUS PORTFÖY YÖNETİMİ A.Ş.,4028328d998eebe80199b83190105093,Serbest,unvan
PEA,PERFORM PORTFÖY ALTIN FONU,YF,DG,faal,PERFORM PORTFÖY YÖNETİMİ A.Ş.,4028328c969f29550196a5e975b25321,Kıymetli Madenler,unvan
PEG,ALBARAKA PORTFÖY YÖNETİMİ A.Ş. İNOVASYON GİRİŞİM SERMAYESİ YATIRIM FONU,GSF,DG,faal,ALBARAKA PORTFÖY YÖNETİMİ A.Ş.,4028328d7707357e01771fab4abb4cc0,Diğer,unvan
PEV,PUSULA PORTFÖY YÖNETİMİ A.Ş. EVİM HAZIR GAYRİMENKUL YATIRIM FONU,GMF,DG,faal,PUSULA PORTFÖY YÖNETİMİ A.Ş.,4028328c9d7b22d2019dd442e0062a85,Diğer,unvan
PFG,ALBARAKA PORTFÖY YÖNETİMİ A.Ş. FINTECH GİRİŞİM SERMAYESİ YATIRIM FONU,GSF,DG,faal,ALBARAKA PORTFÖY YÖNETİMİ A.Ş.,4028328d7707357e01771fa9c56c4c9d,Diğer,unvan
PFO,PHİLLİP PORTFÖY FON SEPETİ FONU,YF,DG,faal,PHİLLİP PORTFÖY YÖNETİMİ A.Ş.,4028328c8b2fcee7018c57ff12c5380e,Fon Sepeti,unvan
PFS,ATLAS PORTFÖY FON SEPETİ FONU,YF,DG,faal,ATLAS PORTFÖY YÖNETİMİ A.Ş.,4028328c86d231ff01878f08a2c975b3,Fon Sepeti,unvan
PG1,ALBARAKA PORTFÖY YÖNETİMİ A.Ş. RANA GAYRİMENKUL YATIRIM FONU,GMF,DG,faal,ALBARAKA PORTFÖY YÖNETİMİ A.Ş.,4028328d84399770018441e61ad03c7b,Diğer,unvan
PG2,ALBARAKA PORTFÖY YÖNETİMİ A.Ş. İKİNCİ KARMA GAYRİMENKUL YATIRIM FONU,GMF,DG,faal,ALBARAKA PORTFÖY YÖNETİMİ A.Ş.,4028328d84399770018441e31e8d3c5d,Karma,unvan
PG3,ALBARAKA PORTFÖY YÖNETİMİ A.Ş.ÜÇÜNCÜ KARMA GAYRİMENKUL YATIRIM FONU,GMF,DG,faal,ALBARAKA PORTFÖY YÖNETİMİ A.Ş.,4028328d84399770018441e46a753c6c,Karma,unvan
PG4,ALBARAKA PORTFÖY YÖNETİMİ A.Ş. BOYUT GİRİŞİM SERMAYESİ YATIRIM FONU,GSF,DG,faal,ALBARAKA PORTFÖY YÖNETİMİ A.Ş.,4028328c8563fcce018585e235c6510e,Diğer,unvan
PG5,ALBARAKA PORTFÖY YÖNETİMİ A.Ş. TURİZM GİRİŞİM SERMAYESİ YATIRIM FONU,GSF,DG,faal,ALBARAKA PORTFÖY YÖNETİMİ A.Ş.,4028328c84686b400184c2823b7f5df8,Diğer,unvan
PG7,ALBARAKA PORTFÖY YÖNETİMİ A.Ş. İKİNCİ KARMA GİRİŞİM SERMAYESİ YATIRIM FONU,GSF,DG,faal,ALBARAKA PORTFÖY YÖNETİMİ A.Ş.,4028328c84686b400184c28187395de4,Karma,unvan
PG8,ALBARAKA PORTFÖY YÖNETİMİ A.Ş. BÜYÜTECH GİRİŞİM SERMAYESİ YATIRIM FONU,GSF,DG,faal,ALBARAKA PORTFÖY YÖNETİMİ A.Ş.,4028328c84686b400184c280c06d5dc2,Diğer,unvan
PG9,ALBARAKA PORTFÖY YÖNETİMİ A.Ş. YILDIZ VENTURES GİRİŞİM SERMAYESİ YATIRIM FONU,GSF,DG,faal,ALBARAKA PORTFÖY YÖNETİMİ A.Ş.,4028328c84686b400184c28045a35db6,Diğer,unvan
PGB,ALBARAKA PORTFÖY YÖNETİMİ A.Ş. BEŞİNCİ KARMA GAYRİMENKUL YATIRIM FONU,GMF,DG,faal,ALBARAKA PORTFÖY YÖNETİMİ A.Ş.,4028328d8588f3010185c48831e91f2e,Karma,unvan
PGD,ASTRA PORTFÖY AGRESİF DEĞİŞKEN FON,YF,DG,faal,ASTRA PORTFÖY YÖNETİMİ A.Ş.,4028328d944ba74501948420c0806e18,Değişken,unvan
PGE,PARDUS PORTFÖY GÜNEY HİSSE SENEDİ SERBEST FON (HİSSE SENEDİ YOĞUN FON),YF,HS,faal,PARDUS PORTFÖY YÖNETİMİ A.Ş.,4028328c976d29890197a762c359043e,Hisse Senedi,unvan
PGG,ALBARAKA PORTFÖY YÖNETİMİ A.Ş. T3 GİRİŞİM SERMAYESİ YATIRIM FONU,GSF,DG,faal,ALBARAKA PORTFÖY YÖNETİMİ A.Ş.,4028328c7d3c2e72017d56db49b95137,Diğer,unvan
PGH,PUSULA PORTFÖY GÜNEY HİSSE SENEDİ SERBEST (TL) FON (HİSSE SENEDİ YOĞUN FON),YF,HS,faal,PUSULA PORTFÖY YÖNETİMİ A.Ş.,4028328d95959cc60195fb7bab8c081e,Hisse Senedi,unvan
PGN,PARDUS PORTFÖY YÖNETİMİ A.Ş. BİRİNCİ PROJE GAYRİMENKUL YATIRIM FONU,GMF,DG,faal,PARDUS PORTFÖY YÖNETİMİ A.Ş.,4028328c976d29890197a76070710382,Diğer,unvan
PGS,AZİMUT PORTFÖY PAY GERİ ALIMI YAPAN ŞİRKETLER HİSSE SENEDİ FONU (HİSSE SENEDİ YOĞUN FON),YF,HS,faal,AZİMUT PORTFÖY YÖNETİMİ A.Ş.,4028328d95959cc70195aee3b19d1c43,Hisse Senedi,unvan
PHB,PUSULA PORTFÖY BEŞİNCİ HİSSE SENEDİ SERBEST (TL) FON (HİSSE SENEDİ YOĞUN FON),YF,HS,faal,PUSULA PORTFÖY YÖNETİMİ A.Ş.,4028328d95959cc60195fb8123ff08b5,Hisse Senedi,unvan
PHE,PUSULA PORTFÖY HİSSE SENEDİ FONU (HİSSE SENEDİ YOĞUN FON),YF,HS,faal,PUSULA PORTFÖY YÖNETİMİ A.Ş.,4028328c8e21cef8018e2de1258c2053,Hisse Senedi,unvan
PHF,PİRAMİT PORTFÖY BİST 50 DIŞI ŞİRKETLER HİSSE SENEDİ SERBEST FON (HİSSE SENEDİ YOĞUN FON),YF,HS,faal,PİRAMİT PORTFÖY YÖNETİMİ A.Ş.,4028328c9aaa2bf9019ab5f793051d58,Hisse Senedi,unvan
PHG,ALBARAKA PORTFÖY YÖNETİMİ A.Ş. İVEDİK GİRİŞİM SERMAYESİ YATIRIM FONU,GSF,DG,faal,ALBARAKA PORTFÖY YÖNETİMİ A.Ş.,4028328c7d3c2e72017d56e0124651b5,Diğer,unvan
PHI,PİRAMİT PORTFÖY HİSSE SENEDİ FONU (HİSSE SENEDİ YOĞUN FON),YF,HS,faal,PİRAMİT PORTFÖY YÖNETİMİ A.Ş.,4028328c919f164b0192fcc398a32d9d,Hisse Senedi,unvan
PHK,PHİLLİP PORTFÖY KATILIM HİSSE SENEDİ FONU (HİSSE SENEDİ YOĞUN FON),YF,HS,faal,PHİLLİP PORTFÖY YÖNETİMİ A.Ş.,4028328d969f29540196edb9c50678b5,Hisse Senedi,unvan
PHN,PUSULA PORTFÖY İKİNCİ HİSSE SENEDİ SERBEST FON (HİSSE SENEDİ YOĞUN FON),YF,HS,faal,PUSULA PORTFÖY YÖNETİMİ A.Ş.,4028328d8f3f7793018fa5c085ef13ae,Hisse Senedi,unvan
PHS,PERFORM PORTFÖY İKİNCİ HİSSE SENEDİ SERBEST FON (HİSSE SENEDİ YOĞUN FON),YF,HS,faal,PERFORM PORTFÖY YÖNETİMİ A.Ş.,4028328d853ff39c01856367ee654485,Hisse Senedi,unvan
PHY,PARDUS PORTFÖY BATI HİSSE SENEDİ SERBEST FON (HİSSE SENEDİ YOĞUN FON),YF,HS,faal,PARDUS PORTFÖY YÖNETİMİ A.Ş.,4028328c976d29890197a761bc0503f2,Hisse Senedi,unvan
PIA,RE-PIE PORTFÖY İKİNCİ ALGORİTMİK STRATEJİLER SERBEST FON,YF,SF,faal,RE-PIE PORTFÖY YÖNETİMİ A.Ş.,4028328d998eebe8019a9b1d922d7af8,Serbest,unvan
PID,PİRAMİT PORTFÖY DEĞİŞKEN FON,YF,DG,faal,PİRAMİT PORTFÖY YÖNETİMİ A.Ş.,4028328c919f164b0192768aa23a2316,Değişken,unvan
PIG,ALBARAKA PORTFÖY YÖNETİMİ A.Ş. YAZILIM TEKNOLOJİLERİ GİRİŞİM SERMAYESİ YATIRIM FONU,GSF,DG,faal,ALBARAKA PORTFÖY YÖNETİMİ A.Ş.,4028328c7d3c2e72017d56de40b95176,Diğer,unvan
PIH,ALBARAKA PORTFÖY YÖNETİMİ A.Ş. ASSET GİRİŞİM SERMAYESİ YATIRIM FONU,GSF,DG,faal,ALBARAKA PORTFÖY YÖNETİMİ A.Ş.,4028328d7da7e96d017f6a0c62d928a1,Diğer,unvan
PIK,İSRA GAYRİMENKUL ve GİRİŞİM SERMAYESİ PORTFÖY YÖNETİMİ A.Ş. V MALL İSTANBUL KATILIM GİRİŞİM SERMAYESİ YATIRIM FONU,GSF,DG,faal,İSRA GAYRİMENKUL VE GİRİŞİM SERMAYESİ PORTFÖY YÖNETİMİ A.Ş.,4028328d7da7e96d017f6a0f16862914,Katılım,unvan
PIL,ROTA PORTFÖY PİL TEKNOLOJİLERİ VE ENERJİ FON SEPETİ FONU,YF,DG,faal,ROTA PORTFÖY YÖNETİMİ A.Ş.,4028328d86d233bd0186fedb7bb71e4e,Fon Sepeti,unvan
PIM,PİRAMİT PORTFÖY YÖNETİMİ A.Ş. İLAÇ VE KİMYA GİRİŞİM SERMAYESİ YATIRIM FONU,GSF,DG,faal,PİRAMİT PORTFÖY YÖNETİMİ A.Ş.,4028328c919f164b0191bd32991976d7,Diğer,unvan
PIP,GARANTİ PORTFÖY İKİNCİ PARA PİYASASI SERBEST (TL) FON,YF,SF,faal,GARANTİ PORTFÖY YÖNETİMİ A.Ş.,4028328c96289c73019686e740ef0e62,Para Piyasası,unvan
PIR,PİRAMİT PORTFÖY ALTIN FONU,YF,DG,faal,PİRAMİT PORTFÖY YÖNETİMİ A.Ş.,4028328c93c3b40d0194272fcff82535,Kıymetli Madenler,unvan
PIS,PARDUS PORTFÖY İKİNCİ KISA VADELİ SERBEST (TL) FON,YF,SF,faal,PARDUS PORTFÖY YÖNETİMİ A.Ş.,4028328d998eebe80199b8320b1f50b0,Kısa Vadeli Borçlanma,unvan
PJG,ALBARAKA PORTFÖY YÖNETİMİ A.Ş. OSTİM GİRİŞİM SERMAYESİ YATIRIM FONU,GSF,DG,faal,ALBARAKA PORTFÖY YÖNETİMİ A.Ş.,4028328d7da7e96e017ed3f6a3a867f0,Diğer,unvan
PJL,PHİLLİP PORTFÖY PARA PİYASASI FONU,YF,DG,faal,PHİLLİP PORTFÖY YÖNETİMİ A.Ş.,4028328d7b64858a017b82cb44f13db1,Para Piyasası,unvan
PJP,PERFORM PORTFÖY BİRİNCİ SERBEST (DÖVİZ) FON,YF,SF,faal,PERFORM PORTFÖY YÖNETİMİ A.Ş.,4028328d794d3bd7017a0afba6662077,Serbest,unvan
PK1,AHLATCI PORTFÖY PARA PİYASASI KATILIM (TL) FONU,YF,KTF,faal,AHLATCI PORTFÖY YÖNETİMİ A.Ş.,4028328c9e9b8d9c019eb206db54026e,Para Piyasası,unvan
PKA,İSRA GAYRİMENKUL VE GİRİŞİM SERMAYESİ PORTFÖY YÖNETİMİ A.Ş. V METROWAY KATILIM GAYRİMENKUL YATIRIM FONU,GMF,DG,faal,İSRA GAYRİMENKUL VE GİRİŞİM SERMAYESİ PORTFÖY YÖNETİMİ A.Ş.,4028328c7bf4b5e3017d04b642443e71,Katılım,unvan
PKD,PUSULA PORTFÖY İKİNCİ KATILIM HİSSE SENEDİ SERBEST FON (HİSSE SENEDİ YOĞUN FON),YF,HS,faal,PUSULA PORTFÖY YÖNETİMİ A.Ş.,4028328d95959cc60195fb8228ab08c7,Hisse Senedi,unvan
PKF,ATA PORTFÖY ALTIN KATILIM FONU,YF,KTF,faal,ATA PORTFÖY YÖNETİMİ A.Ş.,4028328c86d231ff01872880638f6dc5,Kıymetli Madenler,unvan
PKH,DENİZ PORTFÖY POYRAZ KATILIM HİSSE SENEDİ SERBEST FON (HİSSE SENEDİ YOĞUN FON),YF,HS,faal,DENİZ PORTFÖY YÖNETİMİ A.Ş.,4028328c998ee9d5019a05a8e83b3c91,Hisse Senedi,unvan
PKL,PUSULA PORTFÖY KATILIM SERBEST (TL) FON,YF,KTF,faal,PUSULA PORTFÖY YÖNETİMİ A.Ş.,4028328d8f3f7793018fa5c0f00b13cb,Katılım,unvan
PKM,PUSULA PORTFÖY PARA PİYASASI KATILIM (TL) FONU,YF,KTF,faal,PUSULA PORTFÖY YÖNETİMİ A.Ş.,4028328d9d7b24c8019d9bdc2e2a0bc1,Para Piyasası,unvan
PKN,PİRAMİT PORTFÖY İKİNCİ HİSSE SENEDİ SERBEST FON (HİSSE SENEDİ YOĞUN FON),YF,HS,faal,PİRAMİT PORTFÖY YÖNETİMİ A.Ş.,4028328c98455aea0198a8b69a2d7c1b,Hisse Senedi,unvan
PKP,ATA PORTFÖY PARA PİYASASI KATILIM SERBEST FON,YF,KTF,faal,ATA PORTFÖY YÖNETİMİ A.Ş.,4028328c998ee9d5019aa11d4ca5138c,Para Piyasası,unvan
PKR,ROTA PORTFÖY PARA PİYASASI KATILIM FONU,YF,KTF,faal,ROTA PORTFÖY YÖNETİMİ A.Ş.,4028328c969f2955019711a4d06f674f,Para Piyasası,unvan
PKT,YAPI KREDİ PORTFÖY PARA PİYASASI KATILIM SERBEST (TL) FON,YF,KTF,faal,YAPI KREDİ PORTFÖY YÖNETİMİ A.Ş.,4028328d969f29540196f879c77e5e5a,Para Piyasası,unvan
PKU,PARDUS PORTFÖY KUZEY HİSSE SENEDİ SERBEST FON (HİSSE SENEDİ YOĞUN FON),YF,HS,faal,PARDUS PORTFÖY YÖNETİMİ A.Ş.,4028328c976d29890197a7629ba4042d,Hisse Senedi,unvan
PKV,PARDUS PORTFÖY KISA VADELİ SERBEST (TL) FON,YF,SF,faal,PARDUS PORTFÖY YÖNETİMİ A.Ş.,4028328d93c3b68c0193fd0dcfff0367,Kısa Vadeli Borçlanma,unvan
PKZ,PUSULA PORTFÖY KUZEY HİSSE SENEDİ SERBEST (TL) FON (HİSSE SENEDİ YOĞUN FON),YF,HS,faal,PUSULA PORTFÖY YÖNETİMİ A.Ş.,4028328d95959cc60195fb7fe4370851,Hisse Senedi,unvan
PLA,YAPI KREDİ PORTFÖY PLAY FON SEPETİ ÖZEL FONU,YF,DG,faal,YAPI KREDİ PORTFÖY YÖNETİMİ A.Ş.,4028328d9aaa2dfa019abb21157a4bd9,Fon Sepeti,unvan
PLI,ROTA PORTFÖY YÖNETİMİ A.Ş. UPİLY VENTURES GİRİŞİM SERMAYESİ YATIRIM FONU,GSF,DG,faal,ROTA PORTFÖY YÖNETİMİ A.Ş.,4028328c9013796e01903ac011e43d97,Diğer,unvan
PLN,ZİRAAT PORTFÖY YÖNETİMİ A.Ş. PLAN S UYDU VE UZAY TEKNOLOJİLERİ GİRİŞİM SERMAYESİ YATIRIM FONU,GSF,DG,faal,ZİRAAT PORTFÖY YÖNETİMİ A.Ş.,4028328d9132fce701914b9698b073b4,Diğer,unvan
PLR,OSMANLI PORTFÖY PARA PİYASASI FONU,YF,DG,faal,OSMANLI PORTFÖY YÖNETİMİ A.Ş.,4028328c96289c74019680bf8c821387,Para Piyasası,unvan
PLS,DENİZ PORTFÖY LARA SERBEST (DÖVİZ) ÖZEL FON,YF,SF,faal,DENİZ PORTFÖY YÖNETİMİ A.Ş.,4028328c6d92933b016dda2af0c226ca,Serbest,unvan
PLY,AKTİF PORTFÖY YÖNETİMİ A.Ş. PLAYGATE GİRİŞİM SERMAYESİ YATIRIM FONU,GSF,DG,faal,AKTİF PORTFÖY YÖNETİMİ A.Ş.,4028328c8d6db292018dd0102dc44ead,Diğer,unvan
PMG,İŞ PORTFÖY MG HİSSE SENEDİ ÖZEL FONU (HİSSE SENEDİ YOĞUN FON),YF,HS,faal,İŞ PORTFÖY YÖNETİMİ A.Ş.,4028328d95959cc6019615cde4a758bd,Hisse Senedi,unvan
PMH,PARDUS PORTFÖY MARMARA HİSSE SENEDİ SERBEST FON (HİSSE SENEDİ YOĞUN FON),YF,HS,faal,PARDUS PORTFÖY YÖNETİMİ A.Ş.,4028328d98455cf60198c6477d196d4e,Hisse Senedi,unvan
PMP,PARDUS PORTFÖY MODEL PORTFÖY HİSSE SENEDİ SERBEST FON (HİSSE SENEDİ YOĞUN FON),YF,HS,faal,PARDUS PORTFÖY YÖNETİMİ A.Ş.,4028328c96289c73019681fc069e32d9,Hisse Senedi,unvan
PMR,PRM CAPITAL GAYRİMENKUL VE GİRİŞİM SERMAYESİ PORTFÖY YÖNETİMİ A.Ş. MARS GAYRİMENKUL YATIRIM FONU,GMF,DG,faal,PRM CAPITAL GAYRİMENKUL VE GİRİŞİM SERMAYESİ PORTFÖY YÖNETİMİ A.Ş.,4028328c9f52dc40019fa9033aa25bb7,Diğer,unvan
PNC,AMUNDI FUNDS II - EMERGING MARKETS BOND,YYF,,faal,YAPI VE KREDİ BANKASI A.Ş.,33E5FED7EFCB00EAE0530A4A622B2AEA,Diğer,unvan
PND,AMUNDI FUNDS II - U.S. HIGH YIELD,YYF,,faal,YAPI VE KREDİ BANKASI A.Ş.,33E5FED7EF8700EAE0530A4A622B2AEA,Diğer,unvan
PNH,AMUNDI FUNDS II - GLOBAL HIGH YIELD,YYF,,faal,YAPI VE KREDİ BANKASI A.Ş.,33E5FED7EF8F00EAE0530A4A622B2AEA,Diğer,unvan
PNU,PUSULA PORTFÖY İKİNCİ PARA PİYASASI (TL) FONU,YF,DG,faal,PUSULA PORTFÖY YÖNETİMİ A.Ş.,4028328d9c4c12ca019c762905a42324,Para Piyasası,unvan
PO7,PARDUS PORTFÖY ONYEDİNCİ HİSSE SENEDİ SERBEST FON (HİSSE SENEDİ YOĞUN FON),YF,HS,faal,PARDUS PORTFÖY YÖNETİMİ A.Ş.,4028328d95959cc60195b89f89a15fae,Hisse Senedi,unvan
PO8,PARDUS PORTFÖY ONSEKİZİNCİ HİSSE SENEDİ SERBEST FON (HİSSE SENEDİ YOĞUN FON),YF,HS,faal,PARDUS PORTFÖY YÖNETİMİ A.Ş.,4028328d95959cc60195b89f41ad5f9e,Hisse Senedi,unvan
PO9,PARDUS PORTFÖY ONDOKUZUNCU HİSSE SENEDİ SERBEST FON (HİSSE SENEDİ YOĞUN FON),YF,HS,faal,PARDUS PORTFÖY YÖNETİMİ A.Ş.,4028328d95959cc60195b89efe6b5f90,Hisse Senedi,unvan
POB,PARDUS PORTFÖY ONBİRİNCİ HİSSE SENEDİ SERBEST (TL) FON (HİSSE SENEDİ YOĞUN FON),YF,HS,faal,PARDUS PORTFÖY YÖNETİMİ A.Ş.,4028328d906f407a0190e5197f363062,Hisse Senedi,unvan
POD,DENİZ PORTFÖY ONBEŞİNCİ SERBEST (DÖVİZ-POUND) FON,YF,SF,faal,DENİZ PORTFÖY YÖNETİMİ A.Ş.,4028328c919f164a01922da432532df5,Serbest,unvan
POF,PARDUS PORTFÖY ONALTINCI HİSSE SENEDİ SERBEST (TL) FON (HİSSE SENEDİ YOĞUN FON),YF,HS,faal,PARDUS PORTFÖY YÖNETİMİ A.Ş.,4028328c950ba8c80195383319957695,Hisse Senedi,unvan
POH,PİRAMİT PORTFÖY ÖZGÜN HİSSE SENEDİ SERBEST ÖZEL FON (HİSSE SENEDİ YOĞUN FON),YF,HS,faal,PİRAMİT PORTFÖY YÖNETİMİ A.Ş.,4028328c949953a30194efcce825027a,Hisse Senedi,unvan
POI,PARDUS PORTFÖY ONİKİNCİ HİSSE SENEDİ SERBEST (TL) FON (HİSSE SENEDİ YOĞUN FON),YF,HS,faal,PARDUS PORTFÖY YÖNETİMİ A.Ş.,4028328d906f407a0190e51963f53057,Hisse Senedi,unvan
POS,PARDUS PORTFÖY  ONBEŞİNCİ HİSSE SENEDİ SERBEST (TL) FON (HİSSE SENEDİ YOĞUN FON),YF,HS,faal,PARDUS PORTFÖY YÖNETİMİ A.Ş.,4028328c9373b8ac0193b51234274f71,Hisse Senedi,unvan
POU,PARDUS PORTFÖY ONÜÇÜNCÜ HİSSE SENEDİ SERBEST (TL) FON (HİSSE SENEDİ YOĞUN FON),YF,HS,faal,PARDUS PORTFÖY YÖNETİMİ A.Ş.,4028328d906f407a0190e51dd78030fc,Hisse Senedi,unvan
POV,AZİMUT PORTFÖY YÖNETİM A.Ş. OLEKA GROWTH I GİRİŞİM SERMAYESİ YATIRIM FONU,GSF,DG,faal,AZİMUT PORTFÖY YÖNETİMİ A.Ş.,4028328c93c3b40d0194463579677cc3,Diğer,unvan
PP1,PARDUS PORTFÖY BİRİNCİ KATILIM FONU,YF,KTF,faal,PARDUS PORTFÖY YÖNETİMİ A.Ş.,4028328d93c3b68c0193fd16f5c103c4,Katılım,unvan
PP4,PARDUS PORTFÖY YÖNETİMİ A.Ş. DÖRDÜNCÜ GİRİŞİM SERMAYESİ YATIRIM FONU,GSF,DG,faal,PARDUS PORTFÖY YÖNETİMİ A.Ş.,4028328d8f3f7793018fc944364c3e77,Diğer,unvan
PP5,PARDUS PORTFÖY YÖNETİMİ A.Ş. BEŞİNCİ GİRİŞİM SERMAYESİ YATIRIM FONU,GSF,DG,faal,PARDUS PORTFÖY YÖNETİMİ A.Ş.,4028328d8f3f7793018fc94410bd3e6b,Diğer,unvan
PP9,PARDUS PORTFÖY YÖNETİMİ A.Ş. DOKUZUNCU GİRİŞİM SERMAYESİ YATIRIM FONU,GSF,DG,faal,PARDUS PORTFÖY YÖNETİMİ A.Ş.,4028328c976d29890197a761488703ba,Diğer,unvan
PPB,PHİLLİP PORTFÖY BİRİNCİ HİSSE SENEDİ FONU (HİSSE SENEDİ YOĞUN FON),YF,HS,faal,PHİLLİP PORTFÖY YÖNETİMİ A.Ş.,4028328d7bf4b81c017d2deb54427246,Hisse Senedi,unvan
PPC,QINVEST PORTFÖY YÖNETİMİ A.Ş. PRAGMA CAPİTAL PARTNERS İKİNCİ ENDÜSTRİYEL ŞİRKETLER GİRİŞİM SERMAYESİ YATIRIM FONU,GSF,DG,faal,ASTRA PORTFÖY YÖNETİMİ A.Ş.,4028328c8f3f759b018fe788c84a0f32,Diğer,unvan
PPD,PERFORM PORTFÖY HİSSE SENEDİ SERBEST FON (HİSSE SENEDİ YOĞUN FON),YF,HS,faal,PERFORM PORTFÖY YÖNETİMİ A.Ş.,4028328d588b829c0158f35f258b56fd,Hisse Senedi,unvan
PPE,PHİLLİP PORTFÖY SERBEST (DÖVİZ) FON,YF,SF,faal,PHİLLİP PORTFÖY YÖNETİMİ A.Ş.,4028328d8a99cc90018ad694e6b2608c,Serbest,unvan
PPF,AZİMUT PORTFÖY AKÇE SERBEST FON,YF,SF,faal,AZİMUT PORTFÖY YÖNETİMİ A.Ş.,4028328c6efb1007016f1ea2eb2d012a,Serbest,unvan
PPG,ALBARAKA PORTFÖY PARA PİYASASI KATILIM FONU,YF,KTF,faal,ALBARAKA PORTFÖY YÖNETİMİ A.Ş.,4028328c98455aea0198a8696dd06e10,Para Piyasası,unvan
PPH,PARDUS PORTFÖY BIST 100 DIŞI ŞİRKETLER HİSSE SENEDİ (TL) FONU (HİSSE SENEDİ YOĞUN FON),YF,HS,faal,PARDUS PORTFÖY YÖNETİMİ A.Ş.,4028328d93c3b68c01943abfbe563922,Hisse Senedi,unvan
PPI,YAPI KREDİ PORTFÖY ÜÇÜNCÜ PARA PİYASASI (TL) FONU,YF,DG,faal,YAPI KREDİ PORTFÖY YÖNETİMİ A.Ş.,4028328d9132fce70191378c57d71ef9,Para Piyasası,unvan
PPJ,AK PORTFÖY İKİNCİ PARA PİYASASI SERBEST (TL) FON,YF,SF,faal,AK PORTFÖY YÖNETİMİ A.Ş.,4028328d949955a90194fa5272936d53,Para Piyasası,unvan
PPK,QNB PORTFÖY PARA PİYASASI KATILIM (TL) FONU,YF,KTF,faal,QNB PORTFÖY YÖNETİMİ A.Ş.,4028328c916b969d01918e5b3c1d43b1,Para Piyasası,unvan
PPM,PİRAMİT PORTFÖY MUTLAK GETİRİ HEDEFLİ HİSSE SENEDİ SERBEST FON (HİSSE SENEDİ YOĞUN FON),YF,HS,faal,PİRAMİT PORTFÖY YÖNETİMİ A.Ş.,4028328d90f000450190fd6293840d90,Hisse Senedi,unvan
PPN,NUROL PORTFÖY PARA PİYASASI (TL) FONU,YF,DG,faal,NUROL PORTFÖY YÖNETİMİ A.Ş.,4028328d7afb2dbd017b11cce7f610d3,Para Piyasası,unvan
PPO,PARDUS PORTFÖY ONDÖRDÜNCÜ HİSSE SENEDİ SERBEST (TL) FON (HİSSE SENEDİ YOĞUN FON),YF,HS,faal,PARDUS PORTFÖY YÖNETİMİ A.Ş.,4028328d9132fce701915527c6b74be5,Hisse Senedi,unvan
PPP,PERFORM PORTFÖY PARA PİYASASI (TL) FONU,YF,DG,faal,PERFORM PORTFÖY YÖNETİMİ A.Ş.,4028328d8b2fcee7018cab667c682817,Para Piyasası,unvan
PPS,PHİLLİP PORTFÖY BİRİNCİ SERBEST FON,YF,SF,faal,PHİLLİP PORTFÖY YÖNETİMİ A.Ş.,4028328c7da7e73b017f73fa981c5e24,Serbest,unvan
PPT,ATLAS PORTFÖY PARA PİYASASI (TL) FONU,YF,DG,faal,ATLAS PORTFÖY YÖNETİMİ A.Ş.,4028328d8b2fcee7018c7d21f4145c9e,Para Piyasası,unvan
PPU,PARDUS PORTFÖY ÜÇÜNCÜ SERBEST FON,YF,SF,faal,PARDUS PORTFÖY YÖNETİMİ A.Ş.,4028328c9373b8ac0193b511d08a4f5b,Serbest,unvan
PPV,AKTİF PORTFÖY PARA PİYASASI SERBEST (TL) FON,YF,SF,faal,AKTİF PORTFÖY YÖNETİMİ A.Ş.,4028328c991da58501992e92cad653dd,Para Piyasası,unvan
PPZ,AZİMUT PORTFÖY PARA PİYASASI (TL) FONU,YF,SF,faal,AZİMUT PORTFÖY YÖNETİMİ A.Ş.,4028328c73a8657f01741026b4b84f4b,Para Piyasası,unvan
PRC,BNP PARİBAS CARDİF EMEKLİLİK A.Ş. BAŞLANGIÇ KATILIM EMEKLİLİK YATIRIM FONU,OKS,DG,faal,BNP PARIBAS CARDIF EMEKLİLİK A.Ş.,4028328c595ae6bf01595e027dd60acc,Katılım,unvan
PRD,PİRAMİT PORTFÖY PARA PİYASASI (TL) FONU,YF,DG,faal,PİRAMİT PORTFÖY YÖNETİMİ A.Ş.,4028328c9132faf001914597b28e3cef,Para Piyasası,unvan
PRE,İSTANBUL PORTFÖY YÖNETİMİ A.Ş. PRE-IPO GİRİŞİM SERMAYESİ YATIRIM FONU,GSF,DG,faal,İSTANBUL PORTFÖY YÖNETİMİ A.Ş.,4028328d7850aacc01786eedc4d43d58,Diğer,unvan
PRF,AZİMUT PORTFÖY IRF SERBEST (DÖVİZ) ÖZEL FON,YF,SF,faal,AZİMUT PORTFÖY YÖNETİMİ A.Ş.,4028328c6faf9e50016fb38380060ed2,Serbest,unvan
PRH,AURA PORTFÖY PARA PİYASASI (TL) FONU,YF,DG,faal,AURA PORTFÖY YÖNETİMİ A.Ş.,4028328c919f164b0191fb49035c1cb4,Para Piyasası,unvan
PRO,ROTA PORTFÖY YÖNETİMİ A.Ş. SANAYİ ŞİRKETLERİ GİRİŞİM SERMAYESİ YATIRIM FONU,GSF,DG,faal,ROTA PORTFÖY YÖNETİMİ A.Ş.,4028328d8b2fcee7018cd4c2945f445a,Diğer,unvan
PRR,INVEO PORTFÖY PARA PİYASASI KATILIM (TL) FONU,YF,KTF,faal,INVEO PORTFÖY YÖNETİMİ A.Ş.,4028328d998eebe8019a0b02debc54cf,Para Piyasası,unvan
PRS,BNP PARİBAS CARDİF EMEKLİLİK A.Ş. BAŞLANGIÇ EMEKLİLİK YATIRIM FONU,OKS,DG,faal,BNP PARIBAS CARDIF EMEKLİLİK A.Ş.,4028328c595ae6bf01595e03ba730b1b,Diğer,unvan
PRU,ALLBATROSS PORTFÖY KISA VADELİ SERBEST (TL) FON,YF,SF,faal,ALLBATROSS PORTFÖY YÖNETİMİ A.Ş.,4028328d86d233be0186efe1d3fd715f,Kısa Vadeli Borçlanma,unvan
PRV,ASTRA PORTFÖY PARA PİYASASI SERBEST FON,YF,SF,faal,ASTRA PORTFÖY YÖNETİMİ A.Ş.,4028328d998eebe8019a395b2ba41164,Para Piyasası,unvan
PRY,PUSULA PORTFÖY PARA PİYASASI (TL) FONU,YF,DG,faal,PUSULA PORTFÖY YÖNETİMİ A.Ş.,4028328c8e21cef7018e2ddb111c3abc,Para Piyasası,unvan
PS1,PUSULA PORTFÖY YÖNETİMİ A.Ş. BİRİNCİ GİRİŞİM SERMAYESİ YATIRIM FONU,GSF,DG,faal,PUSULA PORTFÖY YÖNETİMİ A.Ş.,4028328c9c4c12c1019c7527f4812a96,Diğer,unvan
PSB,PİRAMİT PORTFÖY SERBEST (DÖVİZ) FON,YF,SF,faal,PİRAMİT PORTFÖY YÖNETİMİ A.Ş.,4028328c949953a30194f4f78a632d3b,Serbest,unvan
PSD,İŞ PORTFÖY PERAS SERBEST (DÖVİZ) ÖZEL FON,YF,SF,faal,İŞ PORTFÖY YÖNETİMİ A.Ş.,4028328d93c3b68c01941d1422d146f7,Serbest,unvan
PSE,ATLAS PORTFÖY PARA PİYASASI SERBEST FON,YF,SF,faal,ATLAS PORTFÖY YÖNETİMİ A.Ş.,4028328c906f3e7b0190a09ae0c04812,Para Piyasası,unvan
PSG,AZİMUT PORTFÖY 9.0 SERBEST FON,YF,SF,faal,AZİMUT PORTFÖY YÖNETİMİ A.Ş.,4028328d74f01f560174fd99d3c0232f,Serbest,unvan
PSH,DENİZ PORTFÖY PERAKENDE SEKTÖRÜ HİSSE SENEDİ (TL) FONU (HİSSE SENEDİ YOĞUN FON),YF,HS,faal,DENİZ PORTFÖY YÖNETİMİ A.Ş.,4028328c9d4a029c019d7183fa5e72f2,Hisse Senedi,unvan
PSK,PARDUS PORTFÖY YÖNETİMİ A.Ş. SEKİZİNCİ GİRİŞİM SERMAYESİ YATIRIM FONU,GSF,DG,faal,PARDUS PORTFÖY YÖNETİMİ A.Ş.,4028328d93c3b68c0193fd0238770782,Diğer,unvan
PSL,AZİMUT PORTFÖY 8.0 SERBEST FON,YF,SF,faal,AZİMUT PORTFÖY YÖNETİMİ A.Ş.,4028328d74f01f560174fd93b3762303,Serbest,unvan
PSO,İŞ PORTFÖY PERAS SERBEST ÖZEL FON,YF,DG,faal,İŞ PORTFÖY YÖNETİMİ A.Ş.,4028328c93c3b40d01941d153a7a6119,Serbest,unvan
PSR,PARDUS PORTFÖY SANAYİ ŞİRKETLERİ HİSSE SENEDİ SERBEST FON (HİSSE SENEDİ YOĞUN FON),YF,HS,faal,PARDUS PORTFÖY YÖNETİMİ A.Ş.,4028328d95959cc60195b89eb4625f7f,Hisse Senedi,unvan
PSS,AZİMUT PORTFÖY SARAY SERBEST FON,YF,SF,faal,AZİMUT PORTFÖY YÖNETİMİ A.Ş.,4028328c71bc39bd0171e44de349754b,Serbest,unvan
PST,PARDUS PORTFÖY SANAYİ SEKTÖRÜ DIŞI ŞİRKETLER HİSSE SENEDİ SERBEST FON (HİSSE SENEDİ YOĞUN FON),YF,HS,faal,PARDUS PORTFÖY YÖNETİMİ A.Ş.,4028328c976d29890197a7623e730417,Hisse Senedi,unvan
PTC,PERFORM PORTFÖY İKİNCİ SERBEST (DÖVİZ) FON,YF,SF,faal,PERFORM PORTFÖY YÖNETİMİ A.Ş.,4028328c7da7e73b017db94b29e24b9c,Serbest,unvan
PTE,TEB PORTFÖY BİRİNCİ PARA PİYASASI SERBEST (TL) FON,YF,SF,faal,TEB PORTFÖY YÖNETİMİ A.Ş.,4028328c96289c7301966d516a5f1fa4,Para Piyasası,unvan
PTF,QNB PORTFÖY TREND SERBEST FON,YF,SF,faal,QNB PORTFÖY YÖNETİMİ A.Ş.,4028328c98455aea01988a2eccdf1526,Serbest,unvan
PTG,AZİMUT PORTFÖY KZY SERBEST (DÖVİZ) ÖZEL FON,YF,SF,faal,AZİMUT PORTFÖY YÖNETİMİ A.Ş.,4028328c81fdc44901824a55ef3d7872,Serbest,unvan
PTL,TEB PORTFÖY İKİNCİ PARA PİYASASI (TL) FONU,YF,DG,faal,TEB PORTFÖY YÖNETİMİ A.Ş.,4028328c949953a30194b61578da0da1,Para Piyasası,unvan
PTN,PHİLLİP PORTFÖY ALTIN FONU,YF,DG,faal,PHİLLİP PORTFÖY YÖNETİMİ A.Ş.,4028328c976d29890197780cb1b908ce,Kıymetli Madenler,unvan
PTO,PARDUS PORTFÖY TEMETTÜ ÖDEYEN ŞİRKETLER HİSSE SENEDİ FONU (HİSSE SENEDİ YOĞUN FON),YF,HS,faal,PARDUS PORTFÖY YÖNETİMİ A.Ş.,4028328d93c3b68c01943abcc83a38e9,Hisse Senedi,unvan
PTP,AHLATCI PORTFÖY PARA PİYASASI (TL) FONU,YF,DG,faal,AHLATCI PORTFÖY YÖNETİMİ A.Ş.,4028328d9b827483019be5fe787f08fc,Para Piyasası,unvan
PTS,QNB PORTFÖY PARA PİYASASI SERBEST (TL) FON,YF,SF,faal,QNB PORTFÖY YÖNETİMİ A.Ş.,4028328c969f295501973b12e7437896,Para Piyasası,unvan
PTV,İSTANBUL PORTFÖY YÖNETİMİ A.Ş. TWOZERO VENTURES GİRİŞİM SERMAYESİ YATIRIM FONU,GSF,DG,faal,İSTANBUL PORTFÖY YÖNETİMİ A.Ş.,4028328d767bb19d0176b8ebafd438d9,Diğer,unvan
PUA,AZİMUT PORTFÖY ADEMİR SERBEST (TL) ÖZEL FON,YF,SF,faal,AZİMUT PORTFÖY YÖNETİMİ A.Ş.,4028328d7a4e446c017aa4dfb6203ed5,Serbest,unvan
PUC,AK PORTFÖY BİRİNCİ KISA VADELİ SERBEST (TL) FON,YF,SF,faal,AK PORTFÖY YÖNETİMİ A.Ş.,4028328d683d682b016850c4155e56cb,Kısa Vadeli Borçlanma,unvan
PUD,AK PORTFÖY AKY SERBEST (DÖVİZ) ÖZEL FON,YF,SF,faal,AK PORTFÖY YÖNETİMİ A.Ş.,4028328c68e747120169005690e257d2,Serbest,unvan
PUG,PRM CAPITAL GAYRİMENKUL VE GİRİŞİM SERMAYESİ PORTFÖY YÖNETİMİ A.Ş. ÜÇÜNCÜ PROJE GAYRİMENKUL YATIRIM FONU,GMF,DG,faal,PRM CAPITAL GAYRİMENKUL VE GİRİŞİM SERMAYESİ PORTFÖY YÖNETİMİ A.Ş.,4028328c9f52dc40019fa9031c6f5ba5,Diğer,unvan
PUH,PERFORM PORTFÖY ÜÇÜNCÜ HİSSE SENEDİ SERBEST (TL) FON (HİSSE SENEDİ YOĞUN FON),YF,HS,faal,PERFORM PORTFÖY YÖNETİMİ A.Ş.,4028328c969f295c0196a5c76ba05958,Hisse Senedi,unvan
PUK,PUSULA PORTFÖY KATILIM HİSSE SENEDİ (TL) FONU (HİSSE SENEDİ YOĞUN FON),YF,HS,faal,PUSULA PORTFÖY YÖNETİMİ A.Ş.,4028328d9d7b24c8019d9bd785e80ab8,Hisse Senedi,unvan
PUR,AK PORTFÖY BİRİNCİ PARA PİYASASI SERBEST (TL) FON,YF,SF,faal,AK PORTFÖY YÖNETİMİ A.Ş.,4028328d69a8545b0169b48453ac16d1,Para Piyasası,unvan
PUT,AK PORTFÖY ÖPY BEŞİNCİ SERBEST ÖZEL FON,YF,SF,faal,AK PORTFÖY YÖNETİMİ A.Ş.,4028328d6c4e409e016c958cc78e78a3,Serbest,unvan
PUV,AK PORTFÖY PRUVA SERBEST (DÖVİZ) ÖZEL FON,YF,SF,faal,AK PORTFÖY YÖNETİMİ A.Ş.,4028328c69d88eef016a778efcbf7534,Serbest,unvan
PVK,ALBARAKA PORTFÖY KISA VADELİ KATILIM SERBEST (TL) FON,YF,KTF,faal,ALBARAKA PORTFÖY YÖNETİMİ A.Ş.,4028328d70abc4de0171309457b5431c,Kısa Vadeli Borçlanma,unvan
PY1,RE-PIE PORTFÖY YÖNETİMİ A.Ş. YİRMİBİRİNCİ KARMA GİRİŞİM SERMAYESİ YATIRIM FONU,GSF,DG,faal,RE-PIE PORTFÖY YÖNETİMİ A.Ş.,4028328c9d7b22d2019dd30d91440ee2,Karma,unvan
PY2,RE-PIE PORTFÖY YÖNETİMİ A.Ş. YİRMİİKİNCİ KARMA GİRİŞİM SERMAYESİ YATIRIM FONU,GSF,DG,faal,RE-PIE PORTFÖY YÖNETİMİ A.Ş.,4028328c9d7b22d2019dd30cf6420e9c,Karma,unvan
PYB,TEB PORTFÖY ALTERNATİFBANK PARA PİYASASI (TL) FONU,YF,DG,faal,TEB PORTFÖY YÖNETİMİ A.Ş.,4028328c944ba53d01945fc082c10085,Para Piyasası,unvan
PYD,PARDUS PORTFÖY YİRMİBİRİNCİ HİSSE SENEDİ SERBEST FON (HİSSE SENEDİ YOĞUN FON),YF,HS,faal,PARDUS PORTFÖY YÖNETİMİ A.Ş.,4028328d98455cf60198c6302f276af9,Hisse Senedi,unvan
PYE,PARDUS PORTFÖY YÖNETİMİ A.Ş. YEDİNCİ GİRİŞİM SERMAYESİ YATIRIM FONU,GSF,DG,faal,PARDUS PORTFÖY YÖNETİMİ A.Ş.,4028328d93c3b68c0193fd026f11078e,Diğer,unvan
PYF,AZİMUT PORTFÖY YONCA SERBEST ÖZEL FON,YF,SF,faal,AZİMUT PORTFÖY YÖNETİMİ A.Ş.,4028328c76007485017621c9eb5364e6,Serbest,unvan
PYH,AZİMUT PORTFÖY 10.0 KATILIM SERBEST FON,YF,SF,faal,AZİMUT PORTFÖY YÖNETİMİ A.Ş.,4028328d7610620901764e3976b267a3,Katılım,unvan
PYI,PARDUS PORTFÖY YİRMİİKİNCİ HİSSE SENEDİ SERBEST FON (HİSSE SENEDİ YOĞUN FON),YF,HS,faal,PARDUS PORTFÖY YÖNETİMİ A.Ş.,4028328d98455cf60198c63c64276c86,Hisse Senedi,unvan
PYK,RE-PIE PORTFÖY YÖNETİMİ A.Ş. YİRMİNCİ KARMA GİRİŞİM SERMAYESİ YATIRIM FONU,GSF,DG,faal,RE-PIE PORTFÖY YÖNETİMİ A.Ş.,4028328c9d7b22d2019dd30dcc2a0ef6,Karma,unvan
PYL,AZİMUT PORTFÖY 11.0 SERBEST FON,YF,SF,faal,AZİMUT PORTFÖY YÖNETİMİ A.Ş.,4028328d7610620901764e3b6d9367b3,Serbest,unvan
PYR,PARDUS PORTFÖY YİRMİNCİ HİSSE SENEDİ SERBEST FON (HİSSE SENEDİ YOĞUN FON),YF,HS,faal,PARDUS PORTFÖY YÖNETİMİ A.Ş.,4028328c96289c73019681fbc97d32ce,Hisse Senedi,unvan
PYS,YAPI KREDİ PORTFÖY PY HARBİYE SERBEST (DÖVİZ) ÖZEL FON,YF,SF,faal,YAPI KREDİ PORTFÖY YÖNETİMİ A.Ş.,4028328d8563fea0018577434ac651bf,Serbest,unvan
PYT,İSTANBUL PORTFÖY YÖNETİMİ A.Ş. TECHONE GİRİŞİM SERMAYESİ YATIRIM FONU,GSF,DG,faal,İSTANBUL PORTFÖY YÖNETİMİ A.Ş.,4028328d767bb19d0176b8e956bf38b0,Diğer,unvan
PYV,İSTANBUL PORTFÖY YÖNETİMİ A.Ş. İKİNCİ LOGO VENTURES GİRİŞİM SERMAYESİ YATIRIM FONU,GSF,DG,faal,İSTANBUL PORTFÖY YÖNETİMİ A.Ş.,4028328c794d2f8a017a1fba53055ae6,Diğer,unvan
PYZ,İSTANBUL PORTFÖY YÖNETİMİ A.Ş. ARTI GİRİŞİM SERMAYESİ YATIRIM FONU,GSF,DG,faal,İSTANBUL PORTFÖY YÖNETİMİ A.Ş.,4028328d7bf4b81c017d0dab297460c3,Diğer,unvan
QP4GS,QİNVEST PORTFÖY YÖNETİMİ A.Ş. DÖRDÜNCÜ GİRİŞİM SERMAYESİ YATIRIM FONU,GSF,DG,faal,ASTRA PORTFÖY YÖNETİMİ A.Ş.,4028328c998ee9d70199e83cfca85a4d,Diğer,unvan
QPERP,QINVEST PORTFÖY YÖNETİMİ A.Ş. RE-PIE GAYRİMENKUL YATIRIM FONU,GMF,DG,faal,ASTRA PORTFÖY YÖNETİMİ A.Ş.,4028328c65fd41d80166875128cd5790,Diğer,unvan
QQW,NEO PORTFÖY YÖNETİMİ A.Ş. ONDÖRDÜNCÜ GAYRİMENKUL YATIRIM FONU,GMF,DG,faal,NEO PORTFÖY YÖNETİMİ A.Ş.,4028328d9f52dddd019fb23535691bf4,Diğer,unvan
QTEMZ,QNB PORTFÖY QNB TEMİZ ENERJİ ENDEKSİ HİSSE SENEDİ YOĞUN BORSA YATIRIM FONU,BYF,HS,faal,QNB PORTFÖY YÖNETİMİ A.Ş.,33E5FED811B300EAE0530A4A622B2AEA,Hisse Senedi,unvan
QWQ,ANATOLIA GAYRİMENKUL VE GİRİŞİM SERMAYESİ PORTFÖY YÖNETİMİ A.Ş. DÖRDÜNCÜ GAYRİMENKUL YATIRIM FONU,GMF,DG,faal,ANATOLIA GAYRİMENKUL VE GİRİŞİM SERMAYESİ PORTFÖY YÖNETİMİ A.Ş.,4028328c9f52dc4001a05cd4c06854fd,Diğer,unvan
QWW,FONMAP PORTFÖY YÖNETİMİ A.Ş. DÖRDÜNCÜ PROJE GAYRİMENKUL YATIRIM FONU,GMF,DG,faal,FONMAP PORTFÖY YÖNETİMİ A.Ş.,4028328d9f52dddc019f8887ea2e08f5,Diğer,unvan
QWZ,ARGEUS GAYRİMENKUL VE GİRİŞİM SERMAYESİ PORTFÖY YÖNETİMİ A.Ş. İKİNCİ PROJE GAYRİMENKUL YATIRIM FONU,GMF,DG,faal,ARGEUS GAYRİMENKUL VE GİRİŞİM SERMAYESİ PORTFÖY YÖNETİMİ A.Ş.,4028328c998ee9d50199a41d35d40ce7,Diğer,unvan
QXQ,NUROL PORTFÖY YÖNETİMİ A.Ş. ONBEŞİNCİ GİRİŞİM SERMAYESİ YATIRIM FONU,GSF,DG,faal,NUROL PORTFÖY YÖNETİMİ A.Ş.,4028328c9f52dc4001a02357362c37d3,Diğer,unvan
QXW,GOLDEN GLOBAL PORTFÖY YÖNETİMİ A.Ş. BEŞİNCİ GİRİŞİM SERMAYESİ YATIRIM FONU,GSF,DG,faal,GOLDEN GLOBAL PORTFÖY YÖNETİMİ A.Ş.,4028328c9f52dc3f01a065f98f4b257a,Diğer,unvan
QXX,AKTİF PORTFÖY İKİNCİ PARA PİYASASI KATILIM FONU,YF,KTF,faal,AKTİF PORTFÖY YÖNETİMİ A.Ş.,4028328d9f52dddc01a01f6b36084e8d,Para Piyasası,unvan
QXZ,ARGEUS GAYRİMENKUL VE GİRİŞİM SERMAYESİ PORTFÖY YÖNETİMİ A.Ş. ONBİRİNCİ GAYRİMENKUL YATIRIM FONU,GMF,DG,faal,ARGEUS GAYRİMENKUL VE GİRİŞİM SERMAYESİ PORTFÖY YÖNETİMİ A.Ş.,4028328c998ee9d50199a41db0460d19,Diğer,unvan
QZQ,ANATOLIA GAYRİMENKUL VE GİRİŞİM SERMAYESİ PORTFÖY YÖNETİMİ A.Ş. DOĞRUL GAYRİMENKUL YATIRIM FONU,GMF,DG,faal,ANATOLIA GAYRİMENKUL VE GİRİŞİM SERMAYESİ PORTFÖY YÖNETİMİ A.Ş.,4028328d9f52dddd019fb20a219a1a30,Diğer,unvan
QZW,INVEO PORTFÖY YÖNETİMİ A.Ş. BİRİNCİ PROJE GAYRİMENKUL YATIRIM FONU,GMF,DG,faal,INVEO PORTFÖY YÖNETİMİ A.Ş.,4028328c950ba8c60195425bf4cb05f4,Diğer,unvan
QZX,ARGEUS GAYRİMENKUL VE GİRİŞİM SERMAYESİ PORTFÖY YÖNETİMİ A.Ş. BİRİNCİ PROJE GAYRİMENKUL YATIRIM FONU,GMF,DG,faal,ARGEUS GAYRİMENKUL VE GİRİŞİM SERMAYESİ PORTFÖY YÖNETİMİ A.Ş.,4028328c998ee9d50199a41cfa560cd1,Diğer,unvan
R3P,ROTA PORTFÖY YÖNETİMİ A.Ş. 3DOTS GİRİŞİM SERMAYESİ YATIRIM FONU,GSF,DG,faal,ROTA PORTFÖY YÖNETİMİ A.Ş.,4028328c8ae7be4e018b14c495e570b6,Diğer,unvan
RAA,ROTA PORTFÖY YÖNETİMİ A.Ş. AVRUPA-ANADOLU GAYRİMENKUL YATIRIM FONU,GMF,DG,faal,ROTA PORTFÖY YÖNETİMİ A.Ş.,4028328c8b2fcee7018caa81b50543e4,Diğer,unvan
RAF,ROTA PORTFÖY ALTINCI SERBEST FON,YF,SF,faal,ROTA PORTFÖY YÖNETİMİ A.Ş.,4028328c861839b301866f3511c41b5b,Serbest,unvan
RAG,RE-PIE PORTFÖY YÖNETİMİ A.Ş TURKCELL YENİ TEKNOLOJİLER GİRİŞİM SERMAYESİ YATIRIM FONU,GSF,DG,faal,RE-PIE PORTFÖY YÖNETİMİ A.Ş.,4028328c7b648351017be8bdd4de72d1,Diğer,unvan
RAI,ROTA PORTFÖY ABİS HİSSE SENEDİ SERBEST ÖZEL FON (HİSSE SENEDİ YOĞUN FON),YF,HS,faal,ROTA PORTFÖY YÖNETİMİ A.Ş.,4028328d95959cc601962420908229e0,Hisse Senedi,unvan
RAL,RE-PIE PORTFÖY YÖNETİMİ A.Ş ALTUN CAPITAL GİRİŞİM SERMAYESİ YATIRIM FONU,GSF,DG,faal,RE-PIE PORTFÖY YÖNETİMİ A.Ş.,4028328c7b648351017be8bca8b472af,Diğer,unvan
RAN,İŞ PORTFÖY RANA SERBEST (DÖVİZ) ÖZEL FON,YF,DG,faal,İŞ PORTFÖY YÖNETİMİ A.Ş.,4028328d8e21d0ec018ebddc36e4307d,Serbest,unvan
RAR,İŞ PORTFÖY YÖNETİMİ A.Ş. ARAR ENERJİ GİRİŞİM SERMAYESİ YATIRIM FONU,GSF,DG,faal,İŞ PORTFÖY YÖNETİMİ A.Ş.,4028328d8e21d0ec018ebddbf1123072,Diğer,unvan
RAS,ASREM GAYRİMENKUL VE GİRİŞİM SERMAYESİ PORTFÖY YÖNETİMİ A.Ş. ASYA STRATEJİK GAYRİMENKUL YATIRIM FONU,GMF,DG,faal,ASREM GAYRİMENKUL VE GİRİŞİM SERMAYESİ PORTFÖY YÖNETİMİ A.Ş.,4028328c67f69c0301683d0482eb7a3b,Diğer,unvan
RAV,ROTA PORTFÖY ALEV SERBEST FON,YF,SF,faal,ROTA PORTFÖY YÖNETİMİ A.Ş.,4028328c98455aea0198983594a15c4f,Serbest,unvan
RAY,ROTA PORTFÖY RAY SİGORTA SERBEST (TL) ÖZEL FON,YF,SF,faal,ROTA PORTFÖY YÖNETİMİ A.Ş.,4028328d8684618401869d8e64b41965,Serbest,unvan
RBA,ALBARAKA PORTFÖY BEREKET VAKFI'NA DESTEK ALTIN KATILIM FONU,YF,KTF,faal,ALBARAKA PORTFÖY YÖNETİMİ A.Ş.,4028328d65442dfb0165b3cf5fb06804,Kıymetli Madenler,unvan
RBB,RE-PIE PORTFÖY BİRİNCİ BORÇLANMA ARAÇLARI (TL) FONU,YF,DG,faal,RE-PIE PORTFÖY YÖNETİMİ A.Ş.,4028328d95959cc60196009c3b182ae0,Borçlanma Araçları,unvan
RBE,ROTA PORTFÖY BEŞİNCİ SERBEST (TL) FON,YF,SF,faal,ROTA PORTFÖY YÖNETİMİ A.Ş.,4028328c861839b301864a6bf16f0b86,Serbest,unvan
RBF,ROTA PORTFÖY BİRİNCİ BORÇLANMA ARAÇLARI FONU,YF,DG,faal,ROTA PORTFÖY YÖNETİMİ A.Ş.,4028328d8f3f7792018fbf6901495985,Borçlanma Araçları,unvan
RBG,ARGEUS GAYRİMENKUL VE GİRİŞİM SERMAYESİ PORTFÖY YÖNETİMİ A.Ş. BİRİNCİ GAYRİMENKUL YATIRIM FONU,GMF,DG,faal,ARGEUS GAYRİMENKUL VE GİRİŞİM SERMAYESİ PORTFÖY YÖNETİMİ A.Ş.,4028328c8f3f759b018f712031dd0dc7,Diğer,unvan
RBH,ALBARAKA PORTFÖY KATILIM HİSSE SENEDİ FONU (HİSSE SENEDİ YOĞUN FON),YF,HS,faal,ALBARAKA PORTFÖY YÖNETİMİ A.Ş.,4028328d65442dfb0165b3cb827867e4,Hisse Senedi,unvan
RBI,RE-PIE PORTFÖY BİRİNCİ SERBEST (DÖVİZ) FON,YF,SF,faal,RE-PIE PORTFÖY YÖNETİMİ A.Ş.,4028328d8b2fcee7018c3e4871d73be0,Serbest,unvan
RBK,ALBARAKA PORTFÖY KATILIM FONU,YF,KTF,faal,ALBARAKA PORTFÖY YÖNETİMİ A.Ş.,4028328d65442dfb0165b3ce145067f5,Katılım,unvan
RBL,QNB PORTFÖY ROBOTİK VE BLOCKCHAİN TEKNOLOJİLERİ SERBEST FON,YF,SF,faal,QNB PORTFÖY YÖNETİMİ A.Ş.,4028328c93c3b40d01944acc05d64ded,Serbest,unvan
RBN,RE-PIE PORTFÖY BEŞİNCİ HİSSE SENEDİ SERBEST (TL) FON (HİSSE SENEDİ YOĞUN FON),YF,HS,faal,RE-PIE PORTFÖY YÖNETİMİ A.Ş.,4028328d8b2fcee7018c3e577b233c03,Hisse Senedi,unvan
RBP,RE-PIE PORTFÖY BİRİNCİ PARA PİYASASI (TL) FONU,YF,DG,faal,RE-PIE PORTFÖY YÖNETİMİ A.Ş.,4028328c919f164a0191b2c91d1c1b6f,Para Piyasası,unvan
RBR,RE-PIE PORTFÖY BİRİNCİ KATILIM SERBEST FON,YF,KTF,faal,RE-PIE PORTFÖY YÖNETİMİ A.Ş.,4028328d868461830186c1202c632e9c,Katılım,unvan
RBT,ALBARAKA PORTFÖY KİRA SERTİFİKALARI KATILIM FONU,YF,KTF,faal,ALBARAKA PORTFÖY YÖNETİMİ A.Ş.,4028328d65442dfb0165b3d0365c6813,Katılım,unvan
RBU,ARGEUS GAYRİMENKUL VE GİRİŞİM SERMAYESİ PORTFÖY YÖNETİMİ A.Ş. ÜÇÜNCÜ GAYRİMENKUL YATIRIM FONU,GMF,DG,faal,ARGEUS GAYRİMENKUL VE GİRİŞİM SERMAYESİ PORTFÖY YÖNETİMİ A.Ş.,4028328c8df5d097018e1e8b1940644e,Diğer,unvan
RBV,ALBARAKA PORTFÖY KISA VADELİ KİRA SERTİFİKALARI KATILIM (TL) FONU,YF,KTF,faal,ALBARAKA PORTFÖY YÖNETİMİ A.Ş.,4028328d65442dfb0165b3d1215c6822,Kısa Vadeli Borçlanma,unvan
RBZ,RE-PIE PORTFÖY YÖNETİMİ A.Ş. GOLDTAG GİRİŞİM SERMAYESİ YATIRIM FONU,GSF,DG,faal,RE-PIE PORTFÖY YÖNETİMİ A.Ş.,4028328d86d233bd0186e59ba26b0099,Diğer,unvan
RCH,ROTA PORTFÖY YÖNETİMİ A.Ş. CONNECTED HEALTHCARE SOLUTİONS GİRİŞİM SERMAYESİ YATIRIM FONU,GSF,DG,faal,ROTA PORTFÖY YÖNETİMİ A.Ş.,4028328c949953a20194f9f81b8f50db,Diğer,unvan
RCL,ROTA PORTFÖY CELO SERBEST (DÖVİZ) ÖZEL FON,YF,SF,faal,ROTA PORTFÖY YÖNETİMİ A.Ş.,4028328c838f7bfc018438b74ebb73c9,Serbest,unvan
RCS,ROTA PORTFÖY CS SERBEST ÖZEL FON,YF,DG,faal,ROTA PORTFÖY YÖNETİMİ A.Ş.,4028328c819d4b9d0181ba43e7e30527,Serbest,unvan
RCT,RE-PIE PORTFÖY YÖNETİMİ A.Ş. CTRL PLUS VENTURES BİRİNCİ GİRİŞİM SERMAYESİ YATIRIM FONU,GSF,DG,faal,RE-PIE PORTFÖY YÖNETİMİ A.Ş.,4028328d950b60860195615de2bd7659,Diğer,unvan
RCV,AZİMUT PORTFÖY BİRİNCİ ÇOKLU VARLIK KATILIM FONU,YF,KTF,faal,AZİMUT PORTFÖY YÖNETİMİ A.Ş.,4028328d95959cc60195b2a6e68b25b3,Katılım,unvan
RD1,ROTA PORTFÖY BİRİNCİ DEĞİŞKEN FON,YF,DG,faal,ROTA PORTFÖY YÖNETİMİ A.Ş.,4028328c906f3e7c0190cb5bc76b27c6,Değişken,unvan
RDE,ROTA PORTFÖY YÖNETİMİ A.Ş. DEFNE GİRİŞİM SERMAYESİ YATIRIM FONU,GSF,DG,faal,ROTA PORTFÖY YÖNETİMİ A.Ş.,4028328c992f6d5601993897107c2705,Diğer,unvan
RDF,ROTA PORTFÖY DOKUZUNCU HİSSE SENEDİ SERBEST FON (HİSSE SENEDİ YOĞUN FON),YF,HS,faal,ROTA PORTFÖY YÖNETİMİ A.Ş.,4028328d8ae7c756018b27ee14224df1,Hisse Senedi,unvan
RDG,RE-PIE PORTFÖY YÖNETİMİ A.Ş. EMBEDDED GİRİŞİM SERMAYESİ YATIRIM FONU,GSF,DG,faal,RE-PIE PORTFÖY YÖNETİMİ A.Ş.,4028328d81fdc61c0182453aafb1356e,Diğer,unvan
RDH,RE-PIE PORTFÖY DÖRDÜNCÜ HİSSE SENEDİ SERBEST (TL) FON (HİSSE SENEDİ YOĞUN FON),YF,HS,faal,RE-PIE PORTFÖY YÖNETİMİ A.Ş.,4028328d8b2fcee7018c3e5c35413c4f,Hisse Senedi,unvan
RDK,ROTA PORTFÖY ESİN HİSSE SENEDİ ÖZEL FON (HİSSE SENEDİ YOĞUN FON),YF,HS,faal,ROTA PORTFÖY YÖNETİMİ A.Ş.,4028328d8ae7c756018b27ed3df74dcf,Hisse Senedi,unvan
RDO,RE-PIE PORTFÖY YÖNETİMİ A.Ş. DOWNTOWN OTEL GAYRİMENKUL YATIRIM FONU,GMF,DG,faal,RE-PIE PORTFÖY YÖNETİMİ A.Ş.,4028328c86d231ff018800e12a6748c1,Diğer,unvan
RDS,ROTA PORTFÖY DÖRDÜNCÜ SERBEST (DÖVİZ) FON,YF,SF,faal,ROTA PORTFÖY YÖNETİMİ A.Ş.,4028328d8588f3000185de4cdd503b15,Serbest,unvan
RDT,PHİLLİP PORTFÖY RODOSTO SERBEST FON,YF,SF,faal,PHİLLİP PORTFÖY YÖNETİMİ A.Ş.,4028328c949953a00194d107e98e59c4,Serbest,unvan
RDV,ROTA PORTFÖY YÖNETİMİ A.Ş. D-VENTURE FON SEPETİ GİRİŞİM SERMAYESİ YATIRIM FONU,GSF,DG,faal,ROTA PORTFÖY YÖNETİMİ A.Ş.,4028328d9af24265019b076161b25219,Fon Sepeti,unvan
RDZ,ROTA PORTFÖY ONDOKUZUNCU SERBEST(DÖVİZ) FON,YF,SF,faal,ROTA PORTFÖY YÖNETİMİ A.Ş.,4028328c95959ac40195b7433b49476d,Serbest,unvan
RE1,RE-PIE PORTFÖY YÖNETİMİ A.Ş. MODANİSA GİRİŞİM SERMAYESİ YATIRIM FONU,GSF,DG,faal,RE-PIE PORTFÖY YÖNETİMİ A.Ş.,4028328c7da7e73c017ee8c61e970bb5,Diğer,unvan
RE2,RE-PIE PORTFÖY YÖNETİMİ A.Ş. İKİNCİ PROJE GAYRİMENKUL YATIRIM FONU,GMF,DG,faal,RE-PIE PORTFÖY YÖNETİMİ A.Ş.,4028328d982435780198310f1b422483,Diğer,unvan
RE3,RE-PIE PORTFÖY YÖNETİMİ A.Ş. ÜÇÜNCÜ PROJE GAYRİMENKUL YATIRIM FONU,GMF,DG,faal,RE-PIE PORTFÖY YÖNETİMİ A.Ş.,4028328d982435780198310ef2952478,Diğer,unvan
RE4,RE-PIE PORTFÖY YÖNETİMİ A.Ş. DÖRDÜNCÜ PROJE GAYRİMENKUL YATIRIM FONU,GMF,DG,faal,RE-PIE PORTFÖY YÖNETİMİ A.Ş.,4028328d9b827483019c2855e55f5e7f,Diğer,unvan
RE5,RE-PIE PORTFÖY YÖNETİMİ A.Ş. BEŞİNCİ PROJE GAYRİMENKUL YATIRIM FONU,GMF,DG,faal,RE-PIE PORTFÖY YÖNETİMİ A.Ş.,4028328d9b827483019c2855b5405e74,Diğer,unvan
RE6,RE-PIE PORTFÖY ALTINCI HİSSE SENEDİ SERBEST (TL) FON (HİSSE SENEDİ YOĞUN FON),YF,HS,faal,RE-PIE PORTFÖY YÖNETİMİ A.Ş.,4028328d976d2b830197c11e4b4010c1,Hisse Senedi,unvan
RE7,RE-PIE PORTFÖY YEDİNCİ HİSSE SENEDİ SERBEST (TL) FON (HİSSE SENEDİ YOĞUN FON),YF,HS,faal,RE-PIE PORTFÖY YÖNETİMİ A.Ş.,4028328d976d2b830197c11dedd710b6,Hisse Senedi,unvan
RE8,RE-PIE PORTFÖY SEKİZİNCİ HİSSE SENEDİ SERBEST (TL) FON (HİSSE SENEDİ YOĞUN FON),YF,HS,faal,RE-PIE PORTFÖY YÖNETİMİ A.Ş.,4028328d976d2b830197c11d984d10ab,Hisse Senedi,unvan
REA,RE-PIE PORTFÖY YÖNETİMİ A.Ş. ÜÇÜNCÜ KARMA GİRİŞİM SERMAYESİ YATIRIM FONU,GSF,DG,faal,RE-PIE PORTFÖY YÖNETİMİ A.Ş.,4028328d7850aacb01785f9fffca4d35,Karma,unvan
REB,RE-PIE PORTFÖY YÖNETİMİ A.Ş. BİNBİN GİRİŞİM SERMAYESİ YATIRIM FONU,GSF,DG,faal,RE-PIE PORTFÖY YÖNETİMİ A.Ş.,4028328d7850aacb01785f9e80a04d12,Diğer,unvan
REC,RE-PIE PORTFÖY YÖNETİMİ A.Ş. ARDVENTURE KARMA FON SEPETİ GİRİŞİM SERMAYESİ YATIRIM FONU,GSF,DG,faal,RE-PIE PORTFÖY YÖNETİMİ A.Ş.,4028328d7850aacb01785fa1af824d4a,Fon Sepeti,unvan
REG,RE-PIE PORTFÖY YÖNETİMİ A.Ş. PAYPORTER GİRİŞİM SERMAYESİ YATIRIM FONU,GSF,DG,faal,RE-PIE PORTFÖY YÖNETİMİ A.Ş.,4028328c7707357d0177babd612a0fa9,Diğer,unvan
REK,RE-PIE PORTFÖY YÖNETİMİ A.Ş. SEKİZİNCİ KARMA GİRİŞİM SERMAYESİ YATIRIM FONU,GSF,DG,faal,RE-PIE PORTFÖY YÖNETİMİ A.Ş.,4028328d7fd43720017fe076566e01d2,Karma,unvan
REL,RE-PIE PORTFÖY YÖNETİMİ A.Ş. TATİL SEPETİ GİRİŞİM SERMAYESİ YATIRIM FONU,GSF,DG,faal,RE-PIE PORTFÖY YÖNETİMİ A.Ş.,4028328d812b6d6b01814d54be20103c,Diğer,unvan
REM,RE-PIE PORTFÖY YÖNETİMİ A.Ş. YENİLENEBİLİR ENERJİ YATIRIMLARI GİRİŞİM SERMAYESİ YATIRIM FONU,GSF,DG,faal,RE-PIE PORTFÖY YÖNETİMİ A.Ş.,4028328d812b6d6b01814d55f267104c,Diğer,unvan
REO,RE-PIE PORTFÖY YÖNETİMİ A.Ş. EFOR GAYRİMENKUL YATIRIM FONU,GMF,DG,faal,RE-PIE PORTFÖY YÖNETİMİ A.Ş.,4028328c86d231ff018800e15da348cc,Diğer,unvan
REP,RE-PIE PORTFÖY YÖNETİMİ A.Ş. ACE GAMES GİRİŞİM SERMAYESİ YATIRIM FONU,GSF,DG,faal,RE-PIE PORTFÖY YÖNETİMİ A.Ş.,4028328c8304fea8018335f6453a7deb,Diğer,unvan
RER,RE-PIE PORTFÖY YÖNETİMİ A.Ş. ELEKTRİKLİ ARAÇLAR GİRİŞİM SERMAYESİ YATIRIM FONU,GSF,DG,faal,RE-PIE PORTFÖY YÖNETİMİ A.Ş.,4028328c9013796e01905e179e3f307f,Diğer,unvan
RET,ROTA PORTFÖY YÖNETİMİ A.Ş. E-TİCARET GİRİŞİM SERMAYESİ YATIRIM FONU,GSF,DG,faal,ROTA PORTFÖY YÖNETİMİ A.Ş.,4028328c949953a20194f9f7b87f50c2,Diğer,unvan
REZ,RE-PIE PORTFÖY YÖNETİMİ A.Ş. DOKUZUNCU KARMA GİRİŞİM SERMAYESİ YATIRIM FONU,GSF,DG,faal,RE-PIE PORTFÖY YÖNETİMİ A.Ş.,4028328d80e9179101811f2f8c1d668a,Karma,unvan
RF1,RE-PIE PORTFÖY YÖNETİMİ A.Ş. BİRİNCİ GAYRİMENKUL YATIRIM FONU,GMF,DG,faal,RE-PIE PORTFÖY YÖNETİMİ A.Ş.,4028328d9132fce80191513da663269e,Diğer,unvan
RF2,RE-PIE PORTFÖY YÖNETİMİ A.Ş. İKİNCİ GAYRİMENKUL YATIRIM FONU,GMF,DG,faal,RE-PIE PORTFÖY YÖNETİMİ A.Ş.,4028328c9132faf00191513fc1cc2ff7,Diğer,unvan
RF3,RE-PIE PORTFÖY YÖNETİMİ A.Ş. ÜÇÜNCÜ GAYRİMENKUL YATIRIM FONU,GMF,DG,faal,RE-PIE PORTFÖY YÖNETİMİ A.Ş.,4028328d9132fce80191514578662830,Diğer,unvan
RFM,ROTA PORTFÖY ENERJİ VE METAL FON SEPETİ FONU,YF,DG,faal,ROTA PORTFÖY YÖNETİMİ A.Ş.,4028328d9ec11d41019eee1db3784c9a,Fon Sepeti,unvan
RFT,RE-PIE PORTFÖY YÖNETİMİ A.Ş. İKİNCİ KARMA GİRİŞİM SERMAYESİ YATIRIM FONU,GSF,DG,faal,RE-PIE PORTFÖY YÖNETİMİ A.Ş.,4028328d767bb19d0176dca35ecf065d,Karma,unvan
RG1,RE-PIE PORTFÖY YÖNETİMİ A.Ş. YILDIZ GAYRİMENKUL YATIRIM FONU,GMF,DG,faal,RE-PIE PORTFÖY YÖNETİMİ A.Ş.,4028328d7812cbf40178369440cb1731,Diğer,unvan
RG2,RE-PIE PORTFÖY YÖNETİMİ A.Ş. LEVENT GAYRİMENKUL YATIRIM FONU,GMF,DG,faal,RE-PIE PORTFÖY YÖNETİMİ A.Ş.,4028328d7812cbf401783695341e1751,Diğer,unvan
RG3,ASREM GAYRİMENKUL VE GİRİŞİM SERMAYESİ PORTFÖY YÖNETİMİ A.Ş. TRAKYA GAYRİMENKUL YATIRIM FONU,GMF,DG,faal,ASREM GAYRİMENKUL VE GİRİŞİM SERMAYESİ PORTFÖY YÖNETİMİ A.Ş.,4028328d7812cbf401783696484c177d,Diğer,unvan
RG4,ASREM GAYRİMENKUL VE GİRİŞİM SERMAYESİ PORTFÖY YÖNETİMİ A.Ş. FIRAT GAYRİMENKUL YATIRIM FONU,GMF,DG,faal,ASREM GAYRİMENKUL VE GİRİŞİM SERMAYESİ PORTFÖY YÖNETİMİ A.Ş.,4028328c7812c9c301783b4361b95e2a,Diğer,unvan
RG5,RE-PIE PORTFÖY YÖNETİMİ A.Ş DİCLE PROJE GAYRİMENKUL YATIRIM FONU,GMF,DG,faal,RE-PIE PORTFÖY YÖNETİMİ A.Ş.,4028328c7812c9c301783b41c24d5e1b,Diğer,unvan
RG6,RE-PIE PORTFÖY YÖNETİMİ A.Ş. İZMİR TARİHİ KEMERALTI GAYRİMENKUL YATIRIM FONU,GMF,DG,faal,RE-PIE PORTFÖY YÖNETİMİ A.Ş.,4028328c7b648351017bab6e577257ab,Diğer,unvan
RG7,RE-PIE PORTFÖY YÖNETİMİ A.Ş. DOWNTOWN OFİS GAYRİMENKUL YATIRIM FONU,GMF,DG,faal,RE-PIE PORTFÖY YÖNETİMİ A.Ş.,4028328d8029261b018041c24a150851,Diğer,unvan
RG8,RE-PIE PORTFÖY YÖNETİMİ A.Ş. MERİÇ GAYRİMENKUL YATIRIM FONU,GMF,DG,faal,RE-PIE PORTFÖY YÖNETİMİ A.Ş.,4028328c812b72a3018190ff48fd4235,Diğer,unvan
RG9,RE-PIE PORTFÖY YÖNETİMİ A.Ş. DOWNTOWN AVM GAYRİMENKUL YATIRIM FONU,GMF,DG,faal,RE-PIE PORTFÖY YÖNETİMİ A.Ş.,4028328c812b72a3018190fcaa9e4203,Diğer,unvan
RGA,RE-PIE PORTFÖY YÖNETİMİ A.Ş. ARTNOUVE GİRİŞİM SERMAYESİ YATIRIM FONU,GSF,DG,faal,RE-PIE PORTFÖY YÖNETİMİ A.Ş.,4028328d86d233bd01878fa58f21536b,Diğer,unvan
RGB,ARGEUS GAYRİMENKUL VE GİRİŞİM SERMAYESİ PORTFÖY YÖNETİMİ A.Ş. BİRİNCİ GİRİŞİM SERMAYESİ YATIRIM FONU,GSF,DG,faal,ARGEUS GAYRİMENKUL VE GİRİŞİM SERMAYESİ PORTFÖY YÖNETİMİ A.Ş.,4028328c976d29880197d53dcb44260d,Diğer,unvan
RGD,RE-PIE PORTFÖY AGRESİF DEĞİŞKEN FON,YF,DG,faal,RE-PIE PORTFÖY YÖNETİMİ A.Ş.,4028328d9b827481019b98e737d430df,Değişken,unvan
RGF,ROTA PORTFÖY YÖNETİMİ A.Ş. TSL PROJE GAYRİMENKUL YATIRIM FONU,GMF,DG,faal,ROTA PORTFÖY YÖNETİMİ A.Ş.,4028328c8304fea8018316efcb5f4586,Diğer,unvan
RGH,RE-PIE PORTFÖY MUTLAK GETİRİ HEDEFLİ HİSSE SENEDİ SERBEST FON (HİSSE SENEDİ YOĞUN FON),YF,HS,faal,RE-PIE PORTFÖY YÖNETİMİ A.Ş.,4028328c998ee9d50199ce6b3b4624b1,Hisse Senedi,unvan
RGK,ROTA PORTFÖY YÖNETİMİ A.Ş. İKİNCİ GAYRİMENKUL YATIRIM FONU,GMF,DG,faal,ROTA PORTFÖY YÖNETİMİ A.Ş.,4028328c84686b41018534e8353644ef,Diğer,unvan
RGO,RE-PIE PORTFÖY YÖNETİMİ A.Ş. GÖKSU GAYRİMENKUL YATIRIM FONU,GMF,DG,faal,RE-PIE PORTFÖY YÖNETİMİ A.Ş.,4028328c86d231ff018800e18c1648d7,Diğer,unvan
RGU,ROTA PORTFÖY YÖNETİMİ A.Ş. İKİNCİ REGNUM PROJE GAYRİMENKUL YATIRIM FONU,GMF,DG,faal,ROTA PORTFÖY YÖNETİMİ A.Ş.,4028328d96289e8c01963df09ebe7e9d,Diğer,unvan
RHD,ROTA PORTFÖY HEDEF SERBEST FON,YF,SF,faal,ROTA PORTFÖY YÖNETİMİ A.Ş.,4028328c8d6db292018da80447f95b31,Serbest,unvan
RHI,RE-PİE PORTFÖY BİRİNCİ HİSSE SENEDİ (TL) FONU (HİSSE SENEDİ YOĞUN FON),YF,HS,faal,RE-PIE PORTFÖY YÖNETİMİ A.Ş.,4028328d95959cc60195b402f49c4865,Hisse Senedi,unvan
RHS,ROTA PORTFÖY HİSSE SENEDİ (TL) FONU (HİSSE SENEDİ YOĞUN FON),YF,HS,faal,ROTA PORTFÖY YÖNETİMİ A.Ş.,4028328c8304fea80183171f48ba492a,Hisse Senedi,unvan
RI4,RE-PIE PORTFÖY YÖNETİMİ A.Ş. DÖRDÜNCÜ GAYRİMENKUL YATIRIM FONU,GMF,DG,faal,RE-PIE PORTFÖY YÖNETİMİ A.Ş.,4028328c9d4a029c019d6802b1c86b96,Diğer,unvan
RI5,RE-PIE PORTFÖY YÖNETİMİ A.Ş. BEŞİNCİ GAYRİMENKUL YATIRIM FONU,GMF,DG,faal,RE-PIE PORTFÖY YÖNETİMİ A.Ş.,4028328c9d4a029c019d67ff9af96b0b,Diğer,unvan
RI6,RE-PIE PORTFÖY YÖNETİMİ A.Ş. ALTINCI PROJE GAYRİMENKUL YATIRIM FONU,GMF,DG,faal,RE-PIE PORTFÖY YÖNETİMİ A.Ş.,4028328d9e9b8f9d019ea74c9cbd3a3f,Diğer,unvan
RI7,RE-PIE PORTFÖY YÖNETİMİ A.Ş. YEDİNCİ PROJE GAYRİMENKUL YATIRIM FONU,GMF,DG,faal,RE-PIE PORTFÖY YÖNETİMİ A.Ş.,4028328d9e9b8f9d019ea7a0ef0e43db,Diğer,unvan
RIA,ROTA PORTFÖY İSTATİSTİKSEL ARBİTRAJ HİSSE SENEDİ SERBEST FON (HİSSE SENEDİ YOĞUN FON),YF,HS,faal,ROTA PORTFÖY YÖNETİMİ A.Ş.,4028328c969f295c01971c8548213336,Hisse Senedi,unvan
RIF,RE-PIE PORTFÖY YÖNETİMİ A.Ş. TRIF SANAYİ GİRİŞİM SERMAYESİ YATIRIM FONU,GSF,DG,faal,RE-PIE PORTFÖY YÖNETİMİ A.Ş.,4028328d982435780198310e92da2462,Diğer,unvan
RIH,RE-PIE PORTFÖY İKİNCİ HİSSE SENEDİ SERBEST FON (HİSSE SENEDİ YOĞUN FON),YF,HS,faal,RE-PIE PORTFÖY YÖNETİMİ A.Ş.,4028328c8588f3000185c40a663376a6,Hisse Senedi,unvan
RIK,RE-PIE PORTFÖY İKİNCİ DEĞİŞKEN FON,YF,DG,faal,RE-PIE PORTFÖY YÖNETİMİ A.Ş.,4028328d868461830186c12aaa1b30ad,Değişken,unvan
RIN,İŞ PORTFÖY YÖNETİMİ A.Ş. RİNNOVA PROJE GAYRİMENKUL YATIRIM FONU,GMF,DG,faal,İŞ PORTFÖY YÖNETİMİ A.Ş.,4028328c9b82727a019c427af8b722d2,Diğer,unvan
RIP,RE-PIE PORTFÖY YÖNETİMİ A.Ş. İSTANBUL PROJE GAYRİMENKUL YATIRIM FONU,GMF,DG,faal,RE-PIE PORTFÖY YÖNETİMİ A.Ş.,4028328d982435780198310ec4e9246d,Diğer,unvan
RIZ,ROTA PORTFÖY YÖNETİMİ A.Ş. İŞ ZEKASI YAZILIMLARI GİRİŞİM SERMAYESİ YATIRIM FONU,GSF,DG,faal,ROTA PORTFÖY YÖNETİMİ A.Ş.,4028328d853ff39c0185637114f744b1,Diğer,unvan
RJG,RE-PIE PORTFÖY ALTIN KATILIM FONU,YF,KTF,faal,RE-PIE PORTFÖY YÖNETİMİ A.Ş.,4028328d7afb2dbd017b5eb8fa2279fd,Kıymetli Madenler,unvan
RK7,RE-PIE PORTFÖY YÖNETİMİ A.Ş. ONYEDİNCİ KARMA GİRİŞİM SERMAYESİ YATIRIM FONU,GSF,DG,faal,RE-PIE PORTFÖY YÖNETİMİ A.Ş.,4028328c998ee9d7019a594d5ede2208,Karma,unvan
RK8,RE-PIE PORTFÖY YÖNETİMİ A.Ş. ONSEKİZİNCİ KARMA GİRİŞİM SERMAYESİ YATIRIM FONU,GSF,DG,faal,RE-PIE PORTFÖY YÖNETİMİ A.Ş.,4028328d998eebe8019a917e87e63719,Karma,unvan
RK9,RE-PIE PORTFÖY YÖNETİMİ A.Ş. ONDOKUZUNCU KARMA GİRİŞİM SERMAYESİ YATIRIM FONU,GSF,DG,faal,RE-PIE PORTFÖY YÖNETİMİ A.Ş.,4028328c998ee9d7019a9768ce3c615f,Karma,unvan
RKA,RE-PIE PORTFÖY YÖNETİMİ A.Ş. İKAS GİRİŞİM SERMAYESİ YATIRIM FONU,GSF,DG,faal,RE-PIE PORTFÖY YÖNETİMİ A.Ş.,4028328c8b2fcee7018c581021ca38af,Diğer,unvan
RKC,ROTA PORTFÖY İKİNCİ DEĞİŞKEN FON,YF,DG,faal,ROTA PORTFÖY YÖNETİMİ A.Ş.,4028328c95959ac40195b742eabe473a,Değişken,unvan
RKG,RE-PIE PORTFÖY YÖNETİMİ A.Ş. NEF GAYRİMENKUL YATIRIM FONU,GMF,DG,faal,RE-PIE PORTFÖY YÖNETİMİ A.Ş.,4028328d8029261b018094425ee349e1,Diğer,unvan
RKH,RE-PIE PORTFÖY KATILIM HİSSE SENEDİ SERBEST (TL) FON (HİSSE SENEDİ YOĞUN FON),YF,HS,faal,RE-PIE PORTFÖY YÖNETİMİ A.Ş.,4028328c90effe4e01910cda29842057,Hisse Senedi,unvan
RKK,RE-PIE PORTFÖY YÖNETİMİ A.Ş. KATILIM KARMA GİRİŞİM SERMAYESİ YATIRIM FONU,GSF,KTF,faal,RE-PIE PORTFÖY YÖNETİMİ A.Ş.,4028328c89555baa018a2c83c7ed1c9d,Katılım,unvan
RKL,AZİMUT PORTFÖY ALARKO YATIRIM BİRİNCİ SERBEST (TL) ÖZEL FON,YF,SF,faal,AZİMUT PORTFÖY YÖNETİMİ A.Ş.,4028328c88c529ea01892ad468730b31,Serbest,unvan
RKN,İSTANBUL PORTFÖY YÖNETİMİ A.Ş. REPKON VENTURES GİRİŞİM SERMAYESİ YATIRIM FONU,GSF,DG,faal,İSTANBUL PORTFÖY YÖNETİMİ A.Ş.,4028328c930ce8df01934f080fca5992,Diğer,unvan
RKP,RE-PIE PORTFÖY YÖNETİMİ A.Ş. BİRİNCİ KATILIM PROJE GAYRİMENKUL YATIRIM FONU,GMF,DG,faal,RE-PIE PORTFÖY YÖNETİMİ A.Ş.,4028328d969f29560196ce0c01c66eb3,Katılım,unvan
RKS,ROTA PORTFÖY KİRA SERTİFİKALARI KATILIM FONU,YF,KTF,faal,ROTA PORTFÖY YÖNETİMİ A.Ş.,4028328d90137b63019039c4eb1c2dab,Katılım,unvan
RKV,RE-PIE PORTFÖY KISA VADELİ KATILIM SERBEST (TL) FON,YF,KTF,faal,RE-PIE PORTFÖY YÖNETİMİ A.Ş.,4028328d8e21d0eb018e8a8587786bdf,Kısa Vadeli Borçlanma,unvan
RLH,ROTA PORTFÖY YİRMİNCİ SERBEST FON,YF,SF,faal,ROTA PORTFÖY YÖNETİMİ A.Ş.,4028328d95959cc601962420562f29d5,Serbest,unvan
RLN,RE-PIE PORTFÖY YÖNETİMİ A.Ş. ONALTINCI KARMA GİRİŞİM SERMAYESİ YATIRIM FONU,GSF,DG,faal,RE-PIE PORTFÖY YÖNETİMİ A.Ş.,4028328d950b60860195616e8c2579ae,Karma,unvan
RLT,RE-PIE PORTFÖY YÖNETİMİ A.Ş. ELEKTRİK TEKNOLOJİLERİ GİRİŞİM SERMAYESİ YATIRIM FONU,GSF,DG,faal,RE-PIE PORTFÖY YÖNETİMİ A.Ş.,4028328c8b2fcee7018c5810a21438de,Diğer,unvan
RMG,RE-PIE PORTFÖY YÖNETİMİ A.Ş. MG ÖZEL GİRİŞİM SERMAYESİ YATIRIM FONU,GSF,DG,faal,RE-PIE PORTFÖY YÖNETİMİ A.Ş.,4028328c8b2fcee7018c5810d39c38e9,Diğer,unvan
RMK,RE-PIE PORTFÖY YÖNETİMİ A.Ş. EMLAK KATILIM YENİ EVİM GAYRİMENKUL YATIRIM FONU,GMF,DG,faal,RE-PIE PORTFÖY YÖNETİMİ A.Ş.,4028328c86d231ff018800e1c8b348f7,Katılım,unvan
RMO,RE-PIE PORTÖY YÖNETİMİ A.Ş. MONO PROJE GAYRİMENKUL YATIRIM FONU,GMF,DG,faal,RE-PIE PORTFÖY YÖNETİMİ A.Ş.,4028328c8df5d097018e1e892f0e63fc,Diğer,unvan
RMR,TRIVE PORTFÖY İKİNCİ İSTATİSTİKSEL ARBİTRAJ HİSSE SENEDİ SERBEST FON (HİSSE SENEDİ YOĞUN FON),YF,HS,faal,TRIVE PORTFÖY YÖNETİMİ A.Ş.,4028328d9d7b24c9019d950ea6541999,Hisse Senedi,unvan
RMT,RE-PIE PORTFÖY YÖNETİMİ A.Ş. METİS GİRİŞİM SERMAYESİ YATIRIM FONU,GSF,DG,faal,RE-PIE PORTFÖY YÖNETİMİ A.Ş.,4028328d950b60860195615b55f37608,Diğer,unvan
RNB,RE-PIE PORTFÖY YÖNETİMİ A.Ş. ONBEŞİNCİ KARMA GİRİŞİM SERMAYESİ YATIRIM FONU,GSF,DG,faal,RE-PIE PORTFÖY YÖNETİMİ A.Ş.,4028328c950ba8c80195616942dc7b80,Karma,unvan
RNG,ROTA PORTFÖY YÖNETİMİ A.Ş. BİRİNCİ GAYRİMENKUL YATIRIM FONU,GMF,DG,faal,ROTA PORTFÖY YÖNETİMİ A.Ş.,4028328c919f164b0192b9ae619c462e,Diğer,unvan
RNR,ROTA PORTFÖY YÖNETİMİ A.Ş. NEW RİSİNG VENTURES GİRİŞİM SERMAYESİ YATIRIM FONU,GSF,DG,faal,ROTA PORTFÖY YÖNETİMİ A.Ş.,4028328d93c3b68c0193f8fbad086ec8,Diğer,unvan
RNV,ROTA PORTFÖY YÖNETİMİ A.Ş. NOVA GİRİŞİM SERMAYESİ YATIRIM FONU,GSF,DG,faal,ROTA PORTFÖY YÖNETİMİ A.Ş.,4028328d86d233bd0186fecb745a1ce0,Diğer,unvan
RO1,ROTA PORTFÖY BİRİNCİ PARA PİYASASI SERBEST FON,YF,SF,faal,ROTA PORTFÖY YÖNETİMİ A.Ş.,4028328c998ee9d5019a6e2f4cb97fbb,Para Piyasası,unvan
ROA,RE-PIE PORTFÖY YÖNETİMİ A.Ş. BEŞİKTAŞ GİRİŞİM SERMAYESİ YATIRIM FONU,GSF,DG,faal,RE-PIE PORTFÖY YÖNETİMİ A.Ş.,4028328d8ff3a86d01900676efa77273,Diğer,unvan
ROC,RE-PIE PORTFÖY YÖNETİMİ A.Ş. FONMAP GİRİŞİM SERMAYESİ YATIRIM FONU,GSF,DG,faal,RE-PIE PORTFÖY YÖNETİMİ A.Ş.,4028328d8ff3a86d019006771c2b727e,Diğer,unvan
ROD,ROTA PORTFÖY ODEABANK BİRİNCİ SERBEST (DÖVİZ) ÖZEL FON,YF,SF,faal,ROTA PORTFÖY YÖNETİMİ A.Ş.,4028328d838f7dce0183f5e1f798667e,Serbest,unvan
ROF,ROTA PORTFÖY ONUNCU HİSSE SENEDİ SERBEST FON (HİSSE SENEDİ YOĞUN FON),YF,HS,faal,ROTA PORTFÖY YÖNETİMİ A.Ş.,4028328d8ae7c756018b27eda37f4de6,Hisse Senedi,unvan
ROG,ROTA PORTFÖY YÖNETİMİ A.Ş. ÜÇÜNCÜ GAYRİMENKUL YATIRIM FONU,GMF,DG,faal,ROTA PORTFÖY YÖNETİMİ A.Ş.,4028328c919f164b0192b9b16bf140be,Diğer,unvan
ROK,RE-PIE PORTFÖY YÖNETİMİ A.Ş. ONİKİNCİ KARMA GİRİŞİM SERMAYESİ YATIRIM FONU,GSF,DG,faal,RE-PIE PORTFÖY YÖNETİMİ A.Ş.,4028328c9013796e01905e17eba8308a,Karma,unvan
ROR,ROTA PORTFÖY YÖNETİMİ A.Ş. DÖRDÜNCÜ GAYRİMENKUL YATIRIM FONU,GMF,DG,faal,ROTA PORTFÖY YÖNETİMİ A.Ş.,4028328c96289c7401968fa945e14ec5,Diğer,unvan
ROV,ROTA PORTFÖY YÖNETİMİ A.Ş. ROTA VENTURES GİRİŞİM SERMAYESİ YATIRIM FONU,GSF,DG,faal,ROTA PORTFÖY YÖNETİMİ A.Ş.,4028328c8b2fcee7018b65c997ba1856,Diğer,unvan
ROY,ROTA PORTFÖY BİRİNCİ KATILIM SERBEST FON,YF,SF,faal,ROTA PORTFÖY YÖNETİMİ A.Ş.,4028328c8d6db28f018d884d9c410acc,Katılım,unvan
RP1,ASREM GAYRİMENKUL VE GİRİŞİM SERMAYESİ PORTFÖY YÖNETİMİ A.Ş. NOVADA URFA GAYRİMENKUL YATIRIM FONU,GMF,DG,faal,ASREM GAYRİMENKUL VE GİRİŞİM SERMAYESİ PORTFÖY YÖNETİMİ A.Ş.,4028328c65fd41d8016633dd9cf64ea6,Diğer,unvan
RP2,RE-PIE PORTFÖY YÖNETİMİ A.Ş. ANADOLU STRATEJİK GAYRİMENKUL YATIRIM FONU,GMF,DG,faal,RE-PIE PORTFÖY YÖNETİMİ A.Ş.,4028328c65fd41d8016633dc26a24e6e,Diğer,unvan
RP3,RE-PIE PORTFÖY YÖNETİMİ A.Ş. AVRUPA STRATEJİK GAYRİMENKUL YATIRIM FONU,GMF,DG,faal,RE-PIE PORTFÖY YÖNETİMİ A.Ş.,4028328c65fd41d8016633deba1e4eb8,Diğer,unvan
RP5,RE-PIE PORTFÖY YÖNETİMİ A.Ş. MİLENYUM GAYRİMENKUL YATIRIM FONU,GMF,DG,faal,RE-PIE PORTFÖY YÖNETİMİ A.Ş.,4028328c65fd41d8016633d9c5014e51,Diğer,unvan
RP6,RE-PIE PORTFÖY YÖNETİMİ A.Ş. GETİR GİRİŞİM SERMAYESİ YATIRIM FONU,GSF,DG,faal,RE-PIE PORTFÖY YÖNETİMİ A.Ş.,4028328d767bb19d0176dca16e630630,Diğer,unvan
RP7,RE-PIE PORTFÖY YÖNETİMİ A.Ş. TURESİF GAYRİMENKUL YATIRIM FONU,GMF,DG,faal,RE-PIE PORTFÖY YÖNETİMİ A.Ş.,4028328c65fd41d8016633dafc1c4e60,Diğer,unvan
RP8,RE-PIE PORTFÖY YÖNETİMİ A.Ş. TEKNOLOJİ GİRİŞİM SERMAYESİ YATIRIM FONU,GSF,DG,faal,RE-PIE PORTFÖY YÖNETİMİ A.Ş.,4028328d767bb19d0176dca28f630649,Diğer,unvan
RP9,RE-PIE PORTFÖY YÖNETİMİ A.Ş. NEVA GAYRİMENKUL YATIRIM FONU,GMF,DG,faal,RE-PIE PORTFÖY YÖNETİMİ A.Ş.,4028328c67f69c0301683d05a7517a83,Diğer,unvan
RPAVS,RE-PIE PORTFÖY YÖNETİMİ A.Ş. AVRASYA STRATEJİK GAYRİMENKUL YATIRIM FONU,GMF,DG,faal,RE-PIE PORTFÖY YÖNETİMİ A.Ş.,4028328c63530c1501635e6a4e6912c7,Diğer,unvan
RPC,ROTA PORTFÖY İKLİM DEĞİŞİKLİĞİ ÇÖZÜMLERİ DEĞİŞKEN FON,YF,DG,faal,ROTA PORTFÖY YÖNETİMİ A.Ş.,4028328c819d4b9d0181ba49f3a2056e,Değişken,unvan
RPD,RE-PIE PORTFÖY BİRİNCİ DEĞİŞKEN FON,YF,DG,faal,RE-PIE PORTFÖY YÖNETİMİ A.Ş.,4028328d7812cbf301783a3171b54ce5,Değişken,unvan
RPE,ROTA PORTFÖY EGE SERBEST ÖZEL FON,YF,DG,faal,ROTA PORTFÖY YÖNETİMİ A.Ş.,4028328c8029244901804c6f20d239f1,Serbest,unvan
RPF,RE-PIE PORTFÖY YÖNETİMİ A.Ş. PERAKENDE GİRİŞİM SERMAYESİ YATIRIM FONU,GSF,DG,faal,RE-PIE PORTFÖY YÖNETİMİ A.Ş.,4028328c7707357d017766f78e5b74be,Diğer,unvan
RPFGY,RE-PIE PORTFÖY YÖNETİMİ A.Ş. FIRSAT GAYRİMENKUL YATIRIM FONU,GMF,DG,faal,RE-PIE PORTFÖY YÖNETİMİ A.Ş.,4028328c6d92933b016db46dcb6809c5,Diğer,unvan
RPG,ROTA PORTFÖY ALTIN FONU,YF,DG,faal,ROTA PORTFÖY YÖNETİMİ A.Ş.,4028328c8029244901804c6e4da039e1,Kıymetli Madenler,unvan
RPI,ROTA PORTFÖY KATILIM HİSSE SENEDİ FONU (HİSSE SENEDİ YOĞUN FON),YF,HS,faal,ROTA PORTFÖY YÖNETİMİ A.Ş.,4028328d8f3f7792018f7783ce197b37,Hisse Senedi,unvan
RPK,ROTA PORTFÖY TGK KAR PAYI ÖDEYEN SERBEST (DÖVİZ) ÖZEL FON,YF,SF,faal,ROTA PORTFÖY YÖNETİMİ A.Ş.,4028328c8304fea8018317215953493c,Serbest,unvan
RPL,RE-PIE PORTFÖY ALGORİTMİK STRATEJİLER SERBEST FON,YF,SF,faal,RE-PIE PORTFÖY YÖNETİMİ A.Ş.,4028328c9373b8ac0193b984238f628a,Serbest,unvan
RPM,ROTA PORTFÖY İLAÇ VE MEDİKAL TEKNOLOJİLERİ DEĞİŞKEN FON,YF,DG,faal,ROTA PORTFÖY YÖNETİMİ A.Ş.,4028328c802924490180d6cf19d179e0,Değişken,unvan
RPN,ROTA PORTFÖY NEV SERBEST FON,YF,SF,faal,ROTA PORTFÖY YÖNETİMİ A.Ş.,4028328c800a1f9f0180190436f833b6,Serbest,unvan
RPO,ROTA PORTFÖY FORTİS SERBEST (TL) ÖZEL FON,YF,DG,faal,ROTA PORTFÖY YÖNETİMİ A.Ş.,4028328c8029244901804c700f703a01,Serbest,unvan
RPP,ROTA PORTFÖY PARA PİYASASI (TL) FONU,YF,DG,faal,ROTA PORTFÖY YÖNETİMİ A.Ş.,4028328c8029244901804c6d7fcb39d0,Para Piyasası,unvan
RPR,RE-PIE PORTFÖY YÖNETİMİ A.Ş. SİMİT SARAYI GİRİŞİM SERMAYESİ YATIRIM FONU,GSF,DG,faal,RE-PIE PORTFÖY YÖNETİMİ A.Ş.,4028328c8b2fcee7018c58106c1d38c9,Diğer,unvan
RPS,ROTA PORTFÖY BİRİNCİ SERBEST (DÖVİZ) FON,YF,DG,faal,ROTA PORTFÖY YÖNETİMİ A.Ş.,4028328c8029244901804c7101243a11,Serbest,unvan
RPSTP,RE-PIE PORTFÖY YÖNETİMİ A.Ş. STARTUP-1 GİRİŞİM SERMAYESİ YATIRIM FONU,GSF,DG,faal,RE-PIE PORTFÖY YÖNETİMİ A.Ş.,4028328d8029261a0180e10958e85774,Diğer,unvan
RPT,ROTA PORTFÖY İKİNCİ SERBEST (TL) FON,YF,SF,faal,ROTA PORTFÖY YÖNETİMİ A.Ş.,4028328c802924490180d6d09a0479f2,Serbest,unvan
RPTEK,RE-PIE PORTFÖY YÖNETİMİ A.Ş. BİRİNCİ KARMA TEKNOLOJİ GİRİŞİM SERMAYESİ YATIRIM FONU,GSF,DG,faal,RE-PIE PORTFÖY YÖNETİMİ A.Ş.,4028328d767bb19d0176dca4242f066c,Karma,unvan
RPU,ALBARAKA PORTFÖY ÜÇÜNCÜ KISA VADELİ KATILIM SERBEST (TL) FON,YF,KTF,faal,ALBARAKA PORTFÖY YÖNETİMİ A.Ş.,4028328c887d111a01889605729b707b,Kısa Vadeli Borçlanma,unvan
RPX,ROTA PORTFÖY ÜÇÜNCÜ SERBEST (DÖVİZ) FON,YF,DG,faal,ROTA PORTFÖY YÖNETİMİ A.Ş.,4028328c819d4b9d0181ba41e5f60515,Serbest,unvan
RR1,RE-PIE PORTFÖY YÖNETİMİ A.Ş. IOT TECH GİRİŞİM SERMAYESİ YATIRIM FONU,GSF,DG,faal,RE-PIE PORTFÖY YÖNETİMİ A.Ş.,4028328d767bb19d0176dca4f193067b,Diğer,unvan
RR3,RE-PIE PORTFÖY YÖNETİM A.Ş FİNBERG YILDIZ GİRİŞİM SERMAYESİ YATIRIM FONU,GSF,DG,faal,RE-PIE PORTFÖY YÖNETİMİ A.Ş.,4028328d767bb19d017693b42cc7795b,Diğer,unvan
RR4,RE-PIE PORTFÖY YÖNETİMİ A.Ş. ATAR GAYRİMENKUL YATIRIM FONU,GMF,DG,faal,RE-PIE PORTFÖY YÖNETİMİ A.Ş.,4028328c77e3f8e80177fdd1d8c65301,Diğer,unvan
RR5,RE-PIE PORTFÖY YÖNETİMİ A.Ş. ARF GİRİŞİM SERMAYESİ YATIRIM FONU,GSF,DG,faal,RE-PIE PORTFÖY YÖNETİMİ A.Ş.,4028328c77e3f8e80177fdcbc06352d3,Diğer,unvan
RR6,RE-PIE PORTFÖY YÖNETİMİ A.Ş. FİBA FIRSAT GİRİŞİM SERMAYESİ YATIRIM FONU,GSF,DG,faal,RE-PIE PORTFÖY YÖNETİMİ A.Ş.,4028328c794d2f8801797ac87560174d,Diğer,unvan
RR7,RE-PIE PORTFÖY YÖNETİMİ A.Ş. FİBABANKA YILDIZ GİRİŞİM SERMAYESİ YATIRIM FONU,GSF,DG,faal,RE-PIE PORTFÖY YÖNETİMİ A.Ş.,4028328c7b648351017bdef33144318f,Diğer,unvan
RR8,RE-PIE PORTFÖY YÖNETİMİ A.Ş.DÖRDÜNCÜ KARMA GİRİŞİM SERMAYESİ YATIRIM FONU,GSF,DG,faal,RE-PIE PORTFÖY YÖNETİMİ A.Ş.,4028328c7da7e73d017e53ae8d7b2091,Karma,unvan
RR9,RE-PIE PORTFÖY YÖNETİMİ A.Ş. EASYCEP GİRİŞİM SERMAYESİ YATIRIM FONU,GSF,DG,faal,RE-PIE PORTFÖY YÖNETİMİ A.Ş.,4028328d7da7e96d017e77b137174986,Diğer,unvan
RRA,ROTA PORTFÖY PARA PİYASASI SERBEST FON,YF,SF,faal,ROTA PORTFÖY YÖNETİMİ A.Ş.,4028328c98455aea019898384a7d5cce,Para Piyasası,unvan
RRG,ROTA PORTFÖY YÖNETİMİ A.Ş. UNİVOLT GİRİŞİM SERMAYESİ YATIRIM FONU,GSF,DG,faal,ROTA PORTFÖY YÖNETİMİ A.Ş.,4028328c8b2fcee7018d3b656367385f,Diğer,unvan
RRP,RE-PIE PORTFÖY PARA PİYASASI KATILIM (TL) FONU,YF,KTF,faal,RE-PIE PORTFÖY YÖNETİMİ A.Ş.,4028328c96289c74019639a7f6c154d4,Para Piyasası,unvan
RS1,ROTA PORTFÖY BİRİNCİ KISA VADELİ SERBEST FON,YF,SF,faal,ROTA PORTFÖY YÖNETİMİ A.Ş.,4028328d969f2954019716b6941e7d08,Kısa Vadeli Borçlanma,unvan
RSA,RE-PIE PORTFÖY YÖNETİMİ A.Ş. STAY GİRİŞİM SERMAYESİ YATIRIM FONU,GSF,DG,faal,RE-PIE PORTFÖY YÖNETİMİ A.Ş.,4028328d950b60860195615b2cf675fc,Diğer,unvan
RSB,ROTA PORTFÖY YÖNETİMİ A.Ş. SİP&BİTE GİRİŞİM SERMAYESİ YATIRIM FONU,GSF,DG,faal,ROTA PORTFÖY YÖNETİMİ A.Ş.,4028328c949953a20194f9f7e75550cd,Diğer,unvan
RSF,ATA PORTFÖY İKİNCİ İSTATİSTİKSEL ARBİTRAJ SERBEST FON,YF,SF,faal,ATA PORTFÖY YÖNETİMİ A.Ş.,4028328d7a4e446c017af799e5ca6840,Serbest,unvan
RSH,RE-PIE PORTFÖY YÖNETİMİ A.Ş. SEYHAN GAYRİMENKUL YATIRIM FONU,GMF,DG,faal,RE-PIE PORTFÖY YÖNETİMİ A.Ş.,4028328c8b2fcee7018bfb66b1316347,Diğer,unvan
RSK,ROTA PORTFÖY ONSEKİZİNCİ SERBEST FON,YF,SF,faal,ROTA PORTFÖY YÖNETİMİ A.Ş.,4028328c95959ac40195b7437124477b,Serbest,unvan
RSM,RE-PIE PORTFÖY YÖNETİMİ A.Ş. SMART PROJE GAYRİMENKUL YATIRIM FONU,GMF,DG,faal,RE-PIE PORTFÖY YÖNETİMİ A.Ş.,4028328d8df5d290018e1e8dacb668fd,Diğer,unvan
RSO,RE-PIE PORTFÖY YÖNETİMİ A.Ş. SONNE PROJE GAYRİMENKUL YATIRIM FONU,GMF,DG,faal,RE-PIE PORTFÖY YÖNETİMİ A.Ş.,4028328d8df5d290018e1e8e7dfe6937,Diğer,unvan
RST,ROTA PORTFÖY YÖNETİMİ A.Ş. SAĞLIK TEKNOLOJİLERİ GİRİŞİM SERMAYESİ YATIRIM FONU,GSF,DG,faal,ROTA PORTFÖY YÖNETİMİ A.Ş.,4028328c7f7cb860017fc13dc7bb6254,Diğer,unvan
RSY,TACİRLER PORTFÖY REGULUS SERBEST FON,YF,SF,faal,TACİRLER PORTFÖY YÖNETİMİ A.Ş.,4028328c93c3afa201944b12a8ba48d4,Serbest,unvan
RSZ,AHLATCI PORTFÖY İKİNCİ HİSSE SENEDİ SERBEST FON (HİSSE SENEDİ YOĞUN FON),YF,HS,faal,AHLATCI PORTFÖY YÖNETİMİ A.Ş.,4028328d8ae7c756018b27ee7ba44dfc,Hisse Senedi,unvan
RTA,ROTA PORTFÖY ONİKİNCİ HİSSE SENEDİ SERBEST FON (HİSSE SENEDİ YOĞUN FON),YF,HS,faal,ROTA PORTFÖY YÖNETİMİ A.Ş.,4028328c8b2fcee8018b8ae22ad00bc5,Hisse Senedi,unvan
RTB,ROTA PORTFÖY ONÜÇÜNCÜ SERBEST FON,YF,SF,faal,ROTA PORTFÖY YÖNETİMİ A.Ş.,4028328c8d6db28f018d884dc3580ad7,Serbest,unvan
RTD,RE-PIE PORTFÖY TEKNOLOJİ DEĞİŞKEN FON,YF,SF,faal,RE-PIE PORTFÖY YÖNETİMİ A.Ş.,4028328c8f3f759b018fa0c3fca372fb,Değişken,unvan
RTF,RE-PIE PORTFÖY YÖNETİMİ A.Ş. COLENDİ GİRİŞİM SERMAYESİ YATIRIM FONU,GSF,DG,faal,RE-PIE PORTFÖY YÖNETİMİ A.Ş.,4028328c7707357d017766f8ad1174d2,Diğer,unvan
RTG,ATA PORTFÖY ROBOTİK TEKNOLOJİLERİ DEĞİŞKEN FONU,YF,DG,faal,ATA PORTFÖY YÖNETİMİ A.Ş.,4028328d838f7dcd0183efe2b5ac5ed2,Değişken,unvan
RTH,RE-PIE PORTFÖY BİRİNCİ HİSSE SENEDİ SERBEST FON (HİSSE SENEDİ YOĞUN FON),YF,HS,faal,RE-PIE PORTFÖY YÖNETİMİ A.Ş.,4028328c8439974801843dbf0c4c155f,Hisse Senedi,unvan
RTI,ALBARAKA PORTFÖY ALBARAKA TÜRK İKİNCİ KISA VADELİ KATILIM SERBEST (TL) FON,YF,KTF,faal,ALBARAKA PORTFÖY YÖNETİMİ A.Ş.,4028328c887d111a0188960173316fee,Kısa Vadeli Borçlanma,unvan
RTK,RE-PIE PORTFÖY YÖNETİMİ A.Ş. PERAKENDE TEKNOLOJİLERİ GİRİŞİM SERMAYESİ YATIRIM FONU,GSF,DG,faal,RE-PIE PORTFÖY YÖNETİMİ A.Ş.,4028328d86d233bd01878fa5e3545396,Diğer,unvan
RTL,ASREM GAYRİMENKUL VE GİRİŞİM SERMAYESİ PORTFÖY YÖNETİMİ A.Ş. TARIM TEKNOLOJİLERİ GİRİŞİM SERMAYESİ YATIRIM FONU,GSF,DG,faal,ASREM GAYRİMENKUL VE GİRİŞİM SERMAYESİ PORTFÖY YÖNETİMİ A.Ş.,4028328d86d233bd01878fa5c019537d,Diğer,unvan
RTM,ALBARAKA PORTFÖY YÖNETİMİ A.Ş. TM GAYRİMENKUL YATIRIM FONU,GMF,DG,faal,ALBARAKA PORTFÖY YÖNETİMİ A.Ş.,4028328d80e91791018100b9bf1a6ae6,Diğer,unvan
RTN,ROTA PORTFÖY YÖNETİMİ A.Ş. TEKNOLOJİ GİRİŞİM SERMAYESİ YATIRIM FONU,GSF,DG,faal,ROTA PORTFÖY YÖNETİMİ A.Ş.,4028328c88c529eb0188dd4bf70f6801,Diğer,unvan
RTO,RE-PIE PORTFÖY YÖNETİMİ A.Ş. TOROS PROJE GAYRİMENKUL YATIRIM FONU,GMF,DG,faal,RE-PIE PORTFÖY YÖNETİMİ A.Ş.,4028328c8df5d097018e1e895ddd6411,Diğer,unvan
RTP,RE-PIE PORTFÖY BİRİNCİ SERBEST FON,YF,SF,faal,RE-PIE PORTFÖY YÖNETİMİ A.Ş.,4028328d7b648589017bc52152b47917,Serbest,unvan
RTS,RE-PIE PORTFÖY YÖNETİMİ A.Ş. TEKNUS GİRİŞİM SERMAYESİ YATIRIM FONU,GSF,DG,faal,RE-PIE PORTFÖY YÖNETİMİ A.Ş.,4028328d950b60860195615b7d9c761e,Diğer,unvan
RTT,ROTA PORTFÖY YÖNETİMİ A.Ş. TTGV GİRİŞİM SERMAYESİ YATIRIM FONU,GSF,DG,faal,ROTA PORTFÖY YÖNETİMİ A.Ş.,4028328c861839b301863b951ef96ee2,Diğer,unvan
RUH,RE-PIE PORTFÖY ÜÇÜNCÜ HİSSE SENEDİ SERBEST FON (HİSSE SENEDİ YOĞUN FON),YF,HS,faal,RE-PIE PORTFÖY YÖNETİMİ A.Ş.,4028328c8588f3000185c40a1c8d769c,Hisse Senedi,unvan
RUT,BV PORTFÖY ROBOTİK VE UZAY TEKNOLOJİLERİ DEĞİŞKEN FON,YF,DG,faal,BV PORTFÖY YÖNETİMİ A.Ş.,4028328c8f3f759b018fe7ab66ab124d,Değişken,unvan
RVI,ROTA PORTFÖY ONALTINCI SERBEST FON,YF,SF,faal,ROTA PORTFÖY YÖNETİMİ A.Ş.,4028328d8e21d0ec018e80228f6b4a43,Serbest,unvan
RVL,RE-PIE PORTFÖY YÖNETİMİ A.Ş. SPACE GİRİŞİM SERMAYESİ YATIRIM FONU,GSF,DG,faal,RE-PIE PORTFÖY YÖNETİMİ A.Ş.,4028328d906f40790190ca2058f66173,Diğer,unvan
RVS,ROTA PORTFÖY ONBEŞİNCİ HİSSE SENEDİ SERBEST FON (HİSSE SENEDİ YOĞUN FON),YF,HS,faal,ROTA PORTFÖY YÖNETİMİ A.Ş.,4028328d8e21d0ec018e8022f1ab4a52,Hisse Senedi,unvan
RVT,İŞ PORTFÖY YÖNETİMİ A.Ş. YEDİNCİ GİRİŞİM SERMAYESİ YATIRIM FONU,GSF,DG,faal,İŞ PORTFÖY YÖNETİMİ A.Ş.,4028328c906f3e7c0190a1d329fe5997,Diğer,unvan
RYA,SPARTA PORTFÖY ARYA HİSSE SENEDİ SERBEST ÖZEL FON (HİSSE SENEDİ YOĞUN FON),YF,HS,faal,SPARTA PORTFÖY YÖNETİMİ A.Ş.,4028328c8b2fcee8018b3849cb591f7f,Hisse Senedi,unvan
RYB,ROTA PORTFÖY YİRMİBİRİNCİ SERBEST (DÖVİZ) FON,YF,SF,faal,ROTA PORTFÖY YÖNETİMİ A.Ş.,4028328d96289e8b0196667c924d7cfd,Serbest,unvan
RYD,ROTA PORTFÖY YİRMİDÖRDÜNCÜ SERBEST FON,YF,SF,faal,ROTA PORTFÖY YÖNETİMİ A.Ş.,4028328d969f2954019716b644257ce5,Serbest,unvan
RYF,ROTA PORTFÖY YEDİNCİ HİSSE SENEDİ SERBEST (TL) FON (HİSSE SENEDİ YOĞUN FON),YF,HS,faal,ROTA PORTFÖY YÖNETİMİ A.Ş.,4028328c86d231ff01882f3a44940262,Hisse Senedi,unvan
RYI,ROTA PORTFÖY YİRMİİKİNCİ SERBEST (DÖVİZ) FON,YF,SF,faal,ROTA PORTFÖY YÖNETİMİ A.Ş.,4028328d96289e8b0196668123997d2a,Serbest,unvan
RYK,RE-PIE PORTFÖY YÖNETİMİ A.Ş. ONÜÇÜNCÜ KARMA GİRİŞİM SERMAYESİ YATIRIM FONU,GSF,DG,faal,RE-PIE PORTFÖY YÖNETİMİ A.Ş.,4028328d7f7cbe31017f9298e9cd4d4e,Karma,unvan
RYU,ROTA PORTFÖY YİRMİÜÇÜNCÜ SERBEST (DÖVİZ) FON,YF,SF,faal,ROTA PORTFÖY YÖNETİMİ A.Ş.,4028328d969f2954019716b677277cfa,Serbest,unvan
RYZ,ARGEUS GAYRİMENKUL VE GİRİŞİM SERMAYESİ PORTFÖY YÖNETİMİ A.Ş. DÖRDÜNCÜ GAYRİMENKUL YATIRIM FONU,GMF,DG,faal,ARGEUS GAYRİMENKUL VE GİRİŞİM SERMAYESİ PORTFÖY YÖNETİMİ A.Ş.,4028328c8b2fcee7018bfb668da2633c,Diğer,unvan
RZ1,ARZ GAYRİMENKUL VE GİRİŞİM SERMAYESİ PORTFÖY YÖNETİMİ A.Ş. ONBİRİNCİ GAYRİMENKUL YATIRIM FONU,GMF,DG,faal,ARZ GAYRİMENKUL VE GİRİŞİM SERMAYESİ PORTFÖY YÖNETİMİ A.Ş.,4028328c9d4a029c019d62938b337abb,Diğer,unvan
RZB,ROTA PORTFÖY YÖNETİMİ A.Ş. SEBA CENTER GAYRİMENKUL YATIRIM FONU,GMF,DG,faal,ROTA PORTFÖY YÖNETİMİ A.Ş.,4028328c8df5d097018e08409f786a48,Diğer,unvan
RZG,RE-PIE PORTFÖY YÖNETİMİ A.Ş ZİNCİR MAĞAZACILIK GİRİŞİM SERMAYESİ YATIRIM FONU,GSF,DG,faal,RE-PIE PORTFÖY YÖNETİMİ A.Ş.,4028328c7b648351017be8bee95e7302,Diğer,unvan
RZM,AXA HAYAT VE EMEKLİLİK A.Ş. KATILIM STANDART EMEKLİLİK YATIRIM FONU,EYF,,faal,AXA HAYAT VE EMEKLİLİK A.Ş.,4028328d801ee8ef01802821811d3823,Katılım,unvan
RZN,AXA HAYAT VE EMEKLİLİK A.Ş. FON SEPETİ EMEKLİLİK YATIRIM FONU,EYF,,faal,AXA HAYAT VE EMEKLİLİK A.Ş.,4028328d801ee8ef0180282031413814,Fon Sepeti,unvan
RZR,ROTA PORTFÖY RZR SERBEST ÖZEL FON,YF,SF,faal,ROTA PORTFÖY YÖNETİMİ A.Ş.,4028328d838f7dce0183a832fd366f69,Serbest,unvan
SAG,ALBARAKA PORTFÖY YÖNETİMİ A.Ş. ISPARTA GİRİŞİM SERMAYESİ YATIRIM FONU,GSF,DG,faal,ALBARAKA PORTFÖY YÖNETİMİ A.Ş.,4028328c98455aeb0198a73af24255d8,Diğer,unvan
SAP,AK PORTFÖY ŞEKERBANK PARA PİYASASI (TL) FONU,YF,DG,faal,AK PORTFÖY YÖNETİMİ A.Ş.,4028328c93c3b40d0193f80c75a20512,Para Piyasası,unvan
SAR,İŞ PORTFÖY SARDUNYA SERBEST (DÖVİZ) ÖZEL FON,YF,SF,faal,İŞ PORTFÖY YÖNETİMİ A.Ş.,4028328d93c3b68c01941d0c32d36a52,Serbest,unvan
SAS,AK PORTFÖY SABANCI TOPLULUĞU ŞİRKETLERİ ENDEKSİ HİSSE SENEDİ (TL) FONU (HİSSE SENEDİ YOĞUN FON),YF,HS,faal,AK PORTFÖY YÖNETİMİ A.Ş.,4028328c8d6db291018dcbc99bd12fed,Hisse Senedi,unvan
SAT,AZİMUT PORTFÖY RASAT HİSSE SENEDİ SERBEST ÖZEL FON (HİSSE SENEDİ YOĞUN FON),YF,HS,faal,AZİMUT PORTFÖY YÖNETİMİ A.Ş.,4028328d969f2957019769a0c9d60baa,Hisse Senedi,unvan
SAV,SPARTA PORTFÖY YÖNETİMİ A.Ş. ATHENA SAVUNMA VE HAVACILIK GİRİŞİM SERMAYESİ YATIRIM FONU,GSF,DG,faal,SPARTA PORTFÖY YÖNETİMİ A.Ş.,4028328d9d7b24c8019dd8681a85397d,Diğer,unvan
SBA,AGESA HAYAT VE EMEKLİLİK A.Ş. SABANCI TOPLULUĞU ŞİRKETLERİ ENDEKSİ EMEKLİLİK YATIRIM FONU,EYF,,faal,AGESA HAYAT VE EMEKLİLİK A.Ş.,4028328d950b608701958ac396b841b6,Diğer,unvan
SBG,AURA PORTFÖY YÖNETİMİ A.Ş. SAĞLIK VE BİYOTEKNOLOJİ GİRİŞİM SERMAYESİ YATIRIM FONU,GSF,DG,faal,AURA PORTFÖY YÖNETİMİ A.Ş.,4028328d8305029e0183316dbafb05c4,Diğer,unvan
SBH,SPARTA PORTFÖY BİRİNCİ HİSSE SENEDİ SERBEST (TL) FON (HİSSE SENEDİ YOĞUN FON),YF,HS,faal,SPARTA PORTFÖY YÖNETİMİ A.Ş.,4028328d969f2954019736190e803b94,Hisse Senedi,unvan
SBI,STRATEJİ PORTFÖY BİRİNCİ SERBEST (TL) FON,YF,SF,faal,STRATEJİ PORTFÖY YÖNETİMİ A.Ş.,4028328d843994da0184575fc6cd3930,Serbest,unvan
SBR,STRATEJİ PORTFÖY BİRİNCİ SERBEST FON,YF,SF,faal,STRATEJİ PORTFÖY YÖNETİMİ A.Ş.,4028328d8f3f7793018f726029a71a75,Serbest,unvan
SBS,STRATEJİ PORTFÖY BAŞAK SERBEST (DÖVİZ) ÖZEL FON,YF,SF,faal,STRATEJİ PORTFÖY YÖNETİMİ A.Ş.,4028328d6d929640016df8b328ad0ad3,Serbest,unvan
SCZ,AK PORTFÖY SEKİZİNCİ SERBEST FON,YF,SF,faal,AK PORTFÖY YÖNETİMİ A.Ş.,4028328c969f29550196a5e933ff52ff,Serbest,unvan
SD1,SPARTA PORTFÖY BİRİNCİ DEĞİŞKEN FON,YF,DG,faal,SPARTA PORTFÖY YÖNETİMİ A.Ş.,4028328d9f52dddd019f7e38daef3524,Değişken,unvan
SDA,AK PORTFÖY 2026 SERBEST (DÖVİZ) FON,YF,SF,faal,AK PORTFÖY YÖNETİMİ A.Ş.,4028328d949955a90194fa52e96b6d5e,Serbest,unvan
SDP,STRATEJİ PORTFÖY ADBB KAR PAYI ÖDEYEN SERBEST ÖZEL FON,YF,SF,faal,STRATEJİ PORTFÖY YÖNETİMİ A.Ş.,4028328d90f00045019108a154fb6619,Serbest,unvan
SDR,SPARTA PORTFÖY YÖNETİMİ A.Ş. DOF ROBOTİK GİRİŞİM SERMAYESİ YATIRIM FONU,GSF,DG,faal,SPARTA PORTFÖY YÖNETİMİ A.Ş.,4028328c9b82727a019c42cc2cef2bd1,Diğer,unvan
SDS,SPARTA PORTFÖY BİRİNCİ SERBEST (DÖVİZ) FON,YF,SF,faal,SPARTA PORTFÖY YÖNETİMİ A.Ş.,4028328c976d29880197a106f6e92e6d,Serbest,unvan
SEC,RE-PIE PORTFÖY YÖNETİMİ A.Ş. SECONDARY GİRİŞİM SERMAYESİ YATIRIM FONU,GSF,DG,faal,RE-PIE PORTFÖY YÖNETİMİ A.Ş.,4028328c819d4b9d0181b519b60e7010,Diğer,unvan
SEH,A1 CAPİTAL PORTFÖY SANAYİ SEKTÖRÜ HİSSE SENEDİ SERBEST (TL) FON (HİSSE SENEDİ YOĞUN FON),YF,HS,faal,A1 CAPİTAL PORTFÖY YÖNETİMİ A.Ş.,4028328c9aaa2bf9019ab5a63d8816a6,Hisse Senedi,unvan
SER,AK PORTFÖY 2028 SERBEST (DÖVİZ) FON,YF,SF,faal,AK PORTFÖY YÖNETİMİ A.Ş.,4028328d8b2fcee7018c5de652f524be,Serbest,unvan
SFA,STATECH PORTFÖY ALPHA SERBEST FON,YF,SF,faal,STATECH PORTFÖY YÖNETİMİ A.Ş.,4028328d81fdc61d018234873c6c362d,Serbest,unvan
SFR,NUROL PORTFÖY SAFİR HİSSE SENEDİ FONU (HİSSE SENEDİ YOĞUN FON),YF,HS,faal,NUROL PORTFÖY YÖNETİMİ A.Ş.,4028328d950b60860195948389a63a73,Hisse Senedi,unvan
SFS,AZİMUT PORTFÖY AGRESİF FON SEPETİ FONU,YF,DG,faal,AZİMUT PORTFÖY YÖNETİMİ A.Ş.,4028328d98455cf70198ada8d7c720bd,Fon Sepeti,unvan
SG2,SPARTA PORTFÖY YÖNETİMİ A.Ş. İKİNCİ GİRİŞİM SERMAYESİ YATIRIM FONU,GSF,DG,faal,SPARTA PORTFÖY YÖNETİMİ A.Ş.,4028328c9b82727a019bb262e09a343a,Diğer,unvan
SGG,ARGEUS GAYRİMENKUL VE GİRİŞİM SERMAYESİ PORTFÖY YÖNETİMİ A.Ş. SEKİZİNCİ GAYRİMENKUL YATIRIM FONU,GMF,DG,faal,ARGEUS GAYRİMENKUL VE GİRİŞİM SERMAYESİ PORTFÖY YÖNETİMİ A.Ş.,4028328d95959cc60195d6b942395bed,Diğer,unvan
SGK,EMAA BLUE PORTFÖY BİYOTEKNOLOJİ VE SAĞLIK SEKTÖRÜ DEĞİŞKEN FON,YF,DG,faal,EMAA BLUE PORTFÖY YÖNETİMİ A.Ş.,4028328c9f52dc3f019fdb7be49c1e15,Değişken,unvan
SGL,ALBARAKA PORTFÖY YÖNETİMİ A.Ş. SGLOBE GİRİŞİM SERMAYESİ YATIRIM FONU,GSF,DG,faal,ALBARAKA PORTFÖY YÖNETİMİ A.Ş.,4028328c8b2fcee8018b810d16e224c4,Diğer,unvan
SGS,AKTİF PORTFÖY YÖNETİMİ A.Ş. SEKİZİNCİ GİRİŞİM SERMAYESİ YATIRIM FONU,GSF,DG,faal,AKTİF PORTFÖY YÖNETİMİ A.Ş.,4028328c90effe4c0191081c17b64414,Diğer,unvan
SGT,GARANTİ PORTFÖY SİBER GÜVENLİK TEKNOLOJİLERi DEĞİŞKEN FON,YF,DG,faal,GARANTİ PORTFÖY YÖNETİMİ A.Ş.,4028328c949953a00194d04ab31b51bb,Değişken,unvan
SHC,STRATEJİ PORTFÖY İKİNCİ HİSSE SENEDİ FONU (HİSSE SENEDİ YOĞUN FON),YF,HS,faal,STRATEJİ PORTFÖY YÖNETİMİ A.Ş.,4028328d9f52dddd019f7ee93ec03fe2,Hisse Senedi,unvan
SHE,TEB PORTFÖY ÖNCE KADIN DEĞİŞKEN FON,YF,DG,faal,TEB PORTFÖY YÖNETİMİ A.Ş.,4028328d86d233be0186df6393bb50e0,Değişken,unvan
SHG,AK PORTFÖY YÖNETİMİ A.Ş. SABANCI HOLDİNG ÖZEL GİRİŞİM SERMAYESİ YATIRIM FONU,GSF,DG,faal,AK PORTFÖY YÖNETİMİ A.Ş.,4028328d767bb19d01768ad8eba8513d,Diğer,unvan
SHI,PARDUS PORTFÖY SEKİZİNCİ HİSSE SENEDİ SERBEST (TL) FON (HİSSE SENEDİ YOĞUN FON),YF,HS,faal,PARDUS PORTFÖY YÖNETİMİ A.Ş.,4028328d8e21d0ec018e800975a8470a,Hisse Senedi,unvan
SHP,OMURGA GAYRİMENKUL VE GİRİŞİM SERMAYESİ PORTFÖY YÖNETİMİ A.Ş. SHARKS AND PARTNERS GİRİŞİM SERMAYESİ YATIRIM FONU,GSF,DG,faal,OMURGA GAYRİMENKUL VE GİRİŞİM SERMAYESİ PORTFÖY YÖNETİMİ A.Ş.,4028328c991da58501992994b66d2a0d,Diğer,unvan
SHU,SPARTA PORTFÖY ÜÇÜNCÜ HİSSE SENEDİ SERBEST (TL) FON (HİSSE SENEDİ YOĞUN FON),YF,HS,faal,SPARTA PORTFÖY YÖNETİMİ A.Ş.,4028328c976d29880197a10a2b6f2eca,Hisse Senedi,unvan
SIA,SPARTA PORTFÖY BİRİNCİ İSTATİSTİKSEL ARBİTRAJ HİSSE SENEDİ SERBEST (TL) FON (HİSSE SENEDİ YOĞUN FON),YF,HS,faal,SPARTA PORTFÖY YÖNETİMİ A.Ş.,4028328c976d29880197a106d2e32e60,Hisse Senedi,unvan
SIM,ROTA PORTFÖY YÖNETİMİ A.Ş. BİRUNİ SAĞLIK VE BİYOTEKNOLOJİ GİRİŞİM SERMAYESİ YATIRIM FONU,GSF,DG,faal,ROTA PORTFÖY YÖNETİMİ A.Ş.,4028328c9373b8ac019391b3867b7d61,Diğer,unvan
SIS,SPARTA PORTFÖY İKİNCİ HİSSE SENEDİ SERBEST (TL) FON (HİSSE SENEDİ YOĞUN FON),YF,HS,faal,SPARTA PORTFÖY YÖNETİMİ A.Ş.,4028328c976d29880197a106aa4a2e55,Hisse Senedi,unvan
SJP,STRATEJİ PORTFÖY KAR PAYI ÖDEYEN İKİNCİ SERBEST (DÖVİZ) FON,YF,SF,faal,STRATEJİ PORTFÖY YÖNETİMİ A.Ş.,4028328d7a4e446c017a5c268b7e3df5,Serbest,unvan
SKL,TEB PORTFÖY ŞEKERBANK PARA PİYASASI (TL) FONU,YF,DG,faal,TEB PORTFÖY YÖNETİMİ A.Ş.,4028328c930ce8de019320320014755f,Para Piyasası,unvan
SKO,STRATEJİ PORTFÖY KAR PAYI ÖDEYEN HİSSE SENEDİ FONU (HİSSE SENEDİ YOĞUN FON),YF,HS,faal,STRATEJİ PORTFÖY YÖNETİMİ A.Ş.,4028328d976d2b830197d4a2f5362d78,Hisse Senedi,unvan
SKS,İŞ PORTFÖY ASKA SERBEST (DÖVİZ) ÖZEL FON,YF,SF,faal,İŞ PORTFÖY YÖNETİMİ A.Ş.,4028328d98455cf601987e539c44618b,Serbest,unvan
SKT,FİBA PORTFÖY ŞEKERBANK KISA VADELİ BORÇLANMA ARAÇLARI FONU,YF,DG,faal,FİBA PORTFÖY YÖNETİMİ A.Ş.,33E5FED7EACB00EAE0530A4A622B2AEA,Kısa Vadeli Borçlanma,unvan
SKZ,NEO PORTFÖY SEKİZİNCİ SERBEST FON,YF,SF,faal,NEO PORTFÖY YÖNETİMİ A.Ş.,4028328c9aaa2bf9019abf646b4f53e7,Serbest,unvan
SLF,ROTA PORTFÖY ŞEKERBANK PARA PİYASASI (TL) FONU,YF,DG,faal,ROTA PORTFÖY YÖNETİMİ A.Ş.,33E5FED7E60F00EAE0530A4A622B2AEA,Para Piyasası,unvan
SLG,QNB PORTFÖY ALGORİTMİK STRATEJİLER HİSSE SENEDİ FONU (HİSSE SENEDİ YOĞUN FON),YF,HS,faal,QNB PORTFÖY YÖNETİMİ A.Ş.,4028328c998ee9d5019a77309f0b7286,Hisse Senedi,unvan
SLR,QNB PORTFÖY SOLARİS SERBEST ÖZEL FON,YF,SF,faal,QNB PORTFÖY YÖNETİMİ A.Ş.,4028328c992f6d5601997b11358f5669,Serbest,unvan
SLS,ALLBATROSS PORTFÖY SELEN SERBEST FON,YF,SF,faal,ALLBATROSS PORTFÖY YÖNETİMİ A.Ş.,4028328d950b608601957f4fe2044b92,Serbest,unvan
SME,QİNVEST PORTFÖY YÖNETİMİ A.Ş. SME FUND TR ENDÜSTRİYEL ŞİRKETLER GİRİŞİM SERMAYESİ YATIRIM FONU,GSF,DG,faal,ASTRA PORTFÖY YÖNETİMİ A.Ş.,4028328d998eebe80199a8c732a61b12,Diğer,unvan
SMP,İŞ PORTFÖY SOMPO SİGORTA KAR PAYI ÖDEYEN SERBEST (TL) ÖZEL FON,YF,DG,faal,İŞ PORTFÖY YÖNETİMİ A.Ş.,4028328c88c529eb0188d95135bc49bb,Serbest,unvan
SNY,ATLAS PORTFÖY SANAYİ SEKTÖRÜ HİSSE SENEDİ SERBEST FON (HİSSE SENEDİ YOĞUN FON),YF,HS,faal,ATLAS PORTFÖY YÖNETİMİ A.Ş.,4028328d930ceaeb01934f2a76a2532c,Hisse Senedi,unvan
SOF,BV PORTFÖY YÖNETİMİ A.Ş. İSTANBUL SANAYİ ODASI GİRİŞİM SERMAYESİ YATIRIM FONU,GSF,DG,faal,BV PORTFÖY YÖNETİMİ A.Ş.,4028328c93c3afa2019417ead11c0a6a,Diğer,unvan
SOS,HEDEF PORTFÖY SAĞLIK SEKTÖRÜ DEĞİŞKEN FON,YF,DG,faal,HEDEF PORTFÖY YÖNETİMİ A.Ş.,4028328d906f407a0190d97a562f4584,Değişken,unvan
SPA,AZİMUT PORTFÖY 6.0 SERBEST (DÖVİZ) FON,YF,SF,faal,AZİMUT PORTFÖY YÖNETİMİ A.Ş.,4028328c69d88eee016a00dba4fc065e,Serbest,unvan
SPD,AZİMUT PORTFÖY BEG SERBEST (DÖVİZ) ÖZEL FON,YF,SF,faal,AZİMUT PORTFÖY YÖNETİMİ A.Ş.,4028328c69d88eee016a00d7cf8a062d,Serbest,unvan
SPE,AZİMUT PORTFÖY 5.0 SERBEST (DÖVİZ) FON,YF,SF,faal,AZİMUT PORTFÖY YÖNETİMİ A.Ş.,4028328c69d88eee016a00dac279064e,Serbest,unvan
SPF,SPARTA PORTFÖY YÖNETİMİ A.Ş. BİRİNCİ GİRİŞİM SERMAYESİ YATIRIM FONU,GSF,DG,faal,SPARTA PORTFÖY YÖNETİMİ A.Ş.,4028328c992f6d570199800fdf674ca0,Diğer,unvan
SPN,AZİMUT PORTFÖY İSTATİSTİKSEL ARBİTRAJ HİSSE SENEDİ SERBEST FON (HİSSE SENEDİ YOĞUN FON),YF,HS,faal,AZİMUT PORTFÖY YÖNETİMİ A.Ş.,4028328c69d88eee016a00d9332b063b,Hisse Senedi,unvan
SPP,SPARTA PORTFÖY BİRİNCİ PARA PİYASASI (TL) FONU,YF,DG,faal,SPARTA PORTFÖY YÖNETİMİ A.Ş.,4028328d969f2954019759faa97d1a32,Para Piyasası,unvan
SPR,BV PORTFÖY SPOR ENDÜSTRİSİ DEĞİŞKEN FON,YF,DG,faal,BV PORTFÖY YÖNETİMİ A.Ş.,4028328c8f3f759b018fe7ab136f123e,Değişken,unvan
SPT,AKTİF PORTFÖY KATILIM FON SEPETİ FONU,YF,KTF,faal,AKTİF PORTFÖY YÖNETİMİ A.Ş.,4028328d90137b6401904fa45fa1533e,Fon Sepeti,unvan
SPU,STRATEJİ PORTFÖY PARA PİYASASI FONU,YF,DG,faal,STRATEJİ PORTFÖY YÖNETİMİ A.Ş.,4028328d976d2b830197d4a7204e2e28,Para Piyasası,unvan
SRA,AZİMUT PORTFÖY ASERVA SERBEST ÖZEL FON,YF,SF,faal,AZİMUT PORTFÖY YÖNETİMİ A.Ş.,4028328c8b2fcee8018b42df3b576e2a,Serbest,unvan
SRE,AZİMUT PORTFÖY SİRİUS SERBEST (DÖVİZ) ÖZEL FON,YF,SF,faal,AZİMUT PORTFÖY YÖNETİMİ A.Ş.,4028328c8588f3010185ca8a41ad42db,Serbest,unvan
SRH,İSTANBUL PORTFÖY SÜRDÜRÜLEBİLİRLİK HİSSE SENEDİ (TL) FONU (HİSSE SENEDİ YOĞUN FON),YF,HS,faal,İSTANBUL PORTFÖY YÖNETİMİ A.Ş.,4028328c93c3b40d0194034331625ff5,Hisse Senedi,unvan
SRJ,ZİRAAT PORTFÖY YÖNETİMİ A.Ş. SİRAJ GİRİŞİM SERMAYESİ YATIRIM FONU,GSF,DG,faal,ZİRAAT PORTFÖY YÖNETİMİ A.Ş.,4028328d9aaa2dfa019ac58ef56c053b,Diğer,unvan
SRL,PARDUS PORTFÖY SÜRDÜRÜLEBİLİRLİK HİSSE SENEDİ (TL) FONU (HİSSE SENEDİ YOĞUN FON),YF,HS,faal,PARDUS PORTFÖY YÖNETİMİ A.Ş.,4028328d969f29560196d93c3aae4d65,Hisse Senedi,unvan
SRO,AZİMUT PORTFÖY SKY HİSSE SENEDİ SERBEST ÖZEL FON (HİSSE SENEDİ YOĞUN FON),YF,HS,faal,AZİMUT PORTFÖY YÖNETİMİ A.Ş.,4028328d6ab7863b016b566e422d02bd,Hisse Senedi,unvan
SSD,İŞ PORTFÖY SET SERBEST (DÖVİZ) ÖZEL FON,YF,DG,faal,İŞ PORTFÖY YÖNETİMİ A.Ş.,4028328d8e21d0ec018ebddc94f83093,Serbest,unvan
SSE,ATLAS PORTFÖY İKİNCİ SERBEST FON,YF,SF,faal,ATLAS PORTFÖY YÖNETİMİ A.Ş.,4028328c8ae7be4e018b14dfacb17548,Serbest,unvan
SSF,INVEO PORTFÖY SEKİZİNCİ SERBEST FON,YF,SF,faal,INVEO PORTFÖY YÖNETİMİ A.Ş.,4028328c919f164a0191dffb95743ed1,Serbest,unvan
SSH,HDI FİBA EMEKLİLİK VE HAYAT A.Ş. SANAYİ ŞİRKETLERİ HİSSE SENEDİ EMEKLİLİK YATIRIM FONU,EYF,,faal,HDI FİBA EMEKLİLİK VE HAYAT A.Ş.,4028328c9cc9d177019d197decc533d1,Hisse Senedi,unvan
SSK,DENİZ PORTFÖY SAĞLIK SEKTÖRÜ DEĞİŞKEN FON,YF,DG,faal,DENİZ PORTFÖY YÖNETİMİ A.Ş.,4028328c9373b8ac01939ba9516251c3,Değişken,unvan
SSN,DENİZ PORTFÖY 880 SERBEST (DÖVİZ) ÖZEL FON,YF,SF,faal,DENİZ PORTFÖY YÖNETİMİ A.Ş.,4028328c8b2fcee8018d45b742846dfb,Serbest,unvan
SSO,AK PORTFÖY AK SANDIK SERBEST ÖZEL FON,YF,SF,faal,AK PORTFÖY YÖNETİMİ A.Ş.,4028328d5a953604015b1fbd84c92499,Serbest,unvan
SSR,ASTRA PORTFÖY YÖNETİMİ A.Ş. STAG GİRİŞİM SERMAYESİ YATIRIM FONU,GSF,DG,faal,ASTRA PORTFÖY YÖNETİMİ A.Ş.,4028328c9e276fa9019e8daa5ba234ae,Diğer,unvan
SSS,YAPI KREDİ PORTFÖY SAVUNMA SANAYİİ ŞİRKETLERİ ENDEKSİ HİSSE SENEDİ FONU (HİSSE SENEDİ YOĞUN FON),YF,HS,faal,YAPI KREDİ PORTFÖY YÖNETİMİ A.Ş.,4028328d950b608601956bb67ae62580,Hisse Senedi,unvan
SST,STRATEJİ PORTFÖY İSTATİSTİKSEL ARBİTRAJ SERBEST FON,YF,SF,faal,STRATEJİ PORTFÖY YÖNETİMİ A.Ş.,4028328d90f00045019108a0ec1e660e,Serbest,unvan
ST1,STRATEJİ PORTFÖY BİRİNCİ HİSSE SENEDİ FONU (HİSSE SENEDİ YOĞUN FON),YF,HS,faal,STRATEJİ PORTFÖY YÖNETİMİ A.Ş.,33E5FED7E20B00EAE0530A4A622B2AEA,Hisse Senedi,unvan
STC,İSTANBUL PORTFÖY YÖNETİMİ A.Ş. SÜRDÜRÜLEBİLİR TEKNOLOJİ YATIRIMLARI GİRİŞİM SERMAYESİ YATIRIM FONU,GSF,DG,faal,İSTANBUL PORTFÖY YÖNETİMİ A.Ş.,4028328d944ba74501948420f5b86e23,Diğer,unvan
STH,STRATEJİ PORTFÖY İKİNCİ HİSSE SENEDİ FONU (HİSSE SENEDİ YOĞUN FON),YF,HS,faal,,33E5FED7E20F00EAE0530A4A622B2AEA,Hisse Senedi,unvan
STI,ATLAS PORTFÖY SENTİMENT SERBEST FON,YF,SF,faal,ATLAS PORTFÖY YÖNETİMİ A.Ş.,4028328d9373bab00193b514963a3870,Serbest,unvan
STM,ALLBATROSS PORTFÖY ALGORİTMİK STRATEJİLER SERBEST FON,YF,SF,faal,ALLBATROSS PORTFÖY YÖNETİMİ A.Ş.,4028328d950b608601957f3366b448a4,Serbest,unvan
STO,AKTİF PORTFÖY YÖNETİMİ A.Ş. STARTUPFON OPPORTUNITY GİRİŞİM SERMAYESİ YATIRIM FONU,GSF,DG,faal,AKTİF PORTFÖY YÖNETİMİ A.Ş.,4028328d8b2fcee7018c7d1e69bf5be7,Diğer,unvan
STS,STRATEJİ PORTFÖY BİRİNCİ SERBEST ( DÖVİZ ) FON,YF,SF,faal,STRATEJİ PORTFÖY YÖNETİMİ A.Ş.,4028328c644793340164d5ab83f630b8,Serbest,unvan
STU,İŞ PORTFÖY YÖNETİMİ A.Ş. WEBRAZZİ STARTUP-1 GİRİŞİM SERMAYESİ YATIRIM FONU,GSF,DG,faal,İŞ PORTFÖY YÖNETİMİ A.Ş.,4028328c949953a20194ff364f507560,Diğer,unvan
STZ,STRATEJİ PORTFÖY HİSSE SENEDİ SERBEST FON (HİSSE SENEDİ YOĞUN FON),YF,HS,faal,STRATEJİ PORTFÖY YÖNETİMİ A.Ş.,4028328d69d891c3016a2f0203217dd5,Hisse Senedi,unvan
SUA,ÜNLÜ PORTFÖY BİRİNCİ DEĞİŞKEN FON,YF,DG,faal,ÜNLÜ PORTFÖY YÖNETİMİ A.Ş.,33E5FED7E20300EAE0530A4A622B2AEA,Değişken,unvan
SUB,ÜNLÜ PORTFÖY İKİNCİ DEĞİŞKEN FON,YF,DG,faal,ÜNLÜ PORTFÖY YÖNETİMİ A.Ş.,33E5FED7E20700EAE0530A4A622B2AEA,Değişken,unvan
SUC,ÜNLÜ PORTFÖY ÜÇÜNCÜ DEĞİŞKEN FON,YF,DG,faal,ÜNLÜ PORTFÖY YÖNETİMİ A.Ş.,33E5FED7E63700EAE0530A4A622B2AEA,Değişken,unvan
SUR,EMAA BLUE PORTFÖY SÜRDÜRÜLEBİLİRLİK HİSSE SENEDİ FONU (HİSSE SENEDİ YOĞUN FON),YF,HS,faal,EMAA BLUE PORTFÖY YÖNETİMİ A.Ş.,4028328c9aaa2bfa019aca2835361ddf,Hisse Senedi,unvan
SVB,STRATEJİ PORTFÖY AGRESİF DEĞİŞKEN FON,YF,DG,faal,STRATEJİ PORTFÖY YÖNETİMİ A.Ş.,4028328d8029261b01802d1307ee137a,Değişken,unvan
SVS,AZİMUT PORTFÖY SVS SERBEST ÖZEL FON,YF,SF,faal,AZİMUT PORTFÖY YÖNETİMİ A.Ş.,4028328c89555baa018a03ac5a3e46cb,Serbest,unvan
SVT,İSTANBUL PORTFÖY YÖNETİMİ A.Ş. RYH PRE-IPO GİRİŞİM SERMAYESİ YATIRIM FONU,GSF,DG,faal,İSTANBUL PORTFÖY YÖNETİMİ A.Ş.,4028328c8f3f759a018fa99901cb2885,Diğer,unvan
SVY,DENİZ PORTFÖY TTSVY HİSSE SENEDİ SERBEST ÖZEL FON (HİSSE SENEDİ YOĞUN FON),YF,HS,faal,DENİZ PORTFÖY YÖNETİMİ A.Ş.,4028328c906f3e7c0190728961360cf6,Hisse Senedi,unvan
SYF,AZİMUT PORTFÖY KLM HİSSE SENEDİ SERBEST ÖZEL FON (HİSSE SENEDİ YOĞUN FON),YF,HS,faal,AZİMUT PORTFÖY YÖNETİMİ A.Ş.,4028328d969f2957019769a106970bb9,Hisse Senedi,unvan
SYL,AZİMUT PORTFÖY SYH HİSSE SENEDİ SERBEST ÖZEL FON (HİSSE SENEDİ YOĞUN FON),YF,HS,faal,AZİMUT PORTFÖY YÖNETİMİ A.Ş.,4028328d8588f30001861290fdf4184b,Hisse Senedi,unvan
SYN,STRATEJİ PORTFÖY ADAR KAR PAYI ÖDEYEN SERBEST ÖZEL FON,YF,SF,faal,STRATEJİ PORTFÖY YÖNETİMİ A.Ş.,4028328d90f00045019108a1b72d6624,Serbest,unvan
SYR,AZİMUT PORTFÖY 25.0 SERBEST (DÖVİZ) FON,YF,SF,faal,AZİMUT PORTFÖY YÖNETİMİ A.Ş.,4028328d950b60860195231ec17e32c4,Serbest,unvan
SYS,YAPI KREDİ PORTFÖY ŞUBAT 2028 KAR PAYI ÖDEYEN SERBEST (DÖVİZ) FON,YF,SF,faal,YAPI KREDİ PORTFÖY YÖNETİMİ A.Ş.,4028328d969f29540196f87a66ec5e73,Serbest,unvan
T3B,TERA PORTFÖY ÜÇÜNCÜ HİSSE SENEDİ SERBEST (TL) FON (HİSSE SENEDİ YOĞUN FON),YF,HS,faal,TERA PORTFÖY YÖNETİMİ A.Ş.,4028328d8588f3000185a4be2b4b4e6d,Hisse Senedi,unvan
TAL,ATLAS PORTFÖY ALTIN KATILIM FONU,YF,KTF,faal,ATLAS PORTFÖY YÖNETİMİ A.Ş.,4028328c8b2fcee7018d1b8e942d7016,Kıymetli Madenler,unvan
TAO,TEB PORTFÖY ALARKO GRUBU DEĞİŞKEN ÖZEL FON,YF,DG,faal,TEB PORTFÖY YÖNETİMİ A.Ş.,33E5FED7E7DF00EAE0530A4A622B2AEA,Değişken,unvan
TAR,AK PORTFÖY TARIM VE GIDA TEKNOLOJİLERİ DEĞİŞKEN FON,YF,DG,faal,AK PORTFÖY YÖNETİMİ A.Ş.,4028328d8305029e01835f4d6bc66046,Değişken,unvan
TAU,İŞ PORTFÖY BIST BANKA ENDEKSİ HİSSE SENEDİ (TL) FONU (HİSSE SENEDİ YOĞUN FON),YF,HS,faal,İŞ PORTFÖY YÖNETİMİ A.Ş.,33E5FED7E2E300EAE0530A4A622B2AEA,Hisse Senedi,unvan
TAV,AK PORTFÖY YÖNETİMİ A.Ş. AGESA EMEKLİLİK TEKNOLOJİ GİRİŞİM SERMAYESİ YATIRIM FONU,GSF,DG,faal,AK PORTFÖY YÖNETİMİ A.Ş.,4028328d767bb19d01768addcde95165,Diğer,unvan
TAZ,AZİMUT PORTFÖY TAF HİSSE SENEDİ SERBEST ÖZEL FON (HİSSE SENEDİ YOĞUN FON),YF,HS,faal,AZİMUT PORTFÖY YÖNETİMİ A.Ş.,4028328d8b2fcee7018bc9163eb415eb,Hisse Senedi,unvan
TB9,TEB PORTFÖY DOKUZUNCU SERBEST (DÖVİZ) FON,YF,SF,faal,TEB PORTFÖY YÖNETİMİ A.Ş.,4028328c853ff1c801854db509f6100a,Serbest,unvan
TBJ,TÜRKİYE HAYAT VE EMEKLİLİK A.Ş. TEKNOLOJİ SEKTÖRÜ HİSSE SENEDİ EMEKLİLİK YATIRIM FONU,EYF,,faal,TÜRKİYE HAYAT VE EMEKLİLİK A.Ş.,4028328c7bf4b5e4017c7f06747c06af,Hisse Senedi,unvan
TBP,İŞ PORTFÖY PRİVİA BANKACILIK FON SEPETİ ÖZEL FONU,YF,DG,faal,İŞ PORTFÖY YÖNETİMİ A.Ş.,33E5FED7E2FB00EAE0530A4A622B2AEA,Fon Sepeti,unvan
TBT,TEB PORTFÖY BORÇLANMA ARAÇLARI FONU,YF,DG,faal,TEB PORTFÖY YÖNETİMİ A.Ş.,33E5FED7E43B00EAE0530A4A622B2AEA,Borçlanma Araçları,unvan
TBV,İŞ PORTFÖY ÖZEL SEKTÖR BORÇLANMA ARAÇLARI (TL) FONU,YF,DG,faal,İŞ PORTFÖY YÖNETİMİ A.Ş.,33E5FED7E83F00EAE0530A4A622B2AEA,Borçlanma Araçları,unvan
TCA,ZİRAAT PORTFÖY ALTIN KATILIM FONU,YF,KTF,faal,ZİRAAT PORTFÖY YÖNETİMİ A.Ş.,33E5FED7E95F00EAE0530A4A622B2AEA,Kıymetli Madenler,unvan
TCB,TACİRLER PORTFÖY PARA PİYASASI (TL) FONU,YF,DG,faal,TACİRLER PORTFÖY YÖNETİMİ A.Ş.,33E5FED7E21B00EAE0530A4A622B2AEA,Para Piyasası,unvan
TCC,TACİRLER PORTFÖY SERBEST (DÖVİZ) FON,YF,SF,faal,TACİRLER PORTFÖY YÖNETİMİ A.Ş.,33E5FED7E21F00EAE0530A4A622B2AEA,Serbest,unvan
TCD,TACİRLER PORTFÖY DEĞİŞKEN FON,YF,DG,faal,TACİRLER PORTFÖY YÖNETİMİ A.Ş.,33E5FED7E21700EAE0530A4A622B2AEA,Değişken,unvan
TCE,TACİRLER PORTFÖY YÖNETİMİ A.Ş. BİRİNCİ GAYRİMENKUL YATIRIM FONU,GMF,DG,faal,TACİRLER PORTFÖY YÖNETİMİ A.Ş.,4028328c9af2405e019b4b18d75b01d2,Diğer,unvan
TCF,TEB PORTFÖY ÜÇÜNCÜ FON SEPETİ FONU,YF,DG,faal,TEB PORTFÖY YÖNETİMİ A.Ş.,4028328c8588f3010185e313b334762d,Fon Sepeti,unvan
TCG,TEB PORTFÖY CEMAY HİSSE SENEDİ SERBEST ÖZEL FON (HİSSE SENEDİ YOĞUN FON),YF,HS,faal,TEB PORTFÖY YÖNETİMİ A.Ş.,4028328c82b7f02f0182cfbdf9995d9c,Hisse Senedi,unvan
TCH,TACİRLER PORTFÖY TAÇ SERBEST FON,YF,SF,faal,TACİRLER PORTFÖY YÖNETİMİ A.Ş.,4028328c8f3f759a018f967ef74a1236,Serbest,unvan
TCI,TACİRLER PORTFÖY İSTATİSTİKSEL ARBİTRAJ SERBEST (TL) FON,YF,SF,faal,TACİRLER PORTFÖY YÖNETİMİ A.Ş.,4028328c6ab78361016aba7d27b40395,Serbest,unvan
TCS,TACİRLER PORTFÖY SİRİUS HİSSE SENEDİ SERBEST FON (HİSSE SENEDİ YOĞUN FON),YF,HS,faal,TACİRLER PORTFÖY YÖNETİMİ A.Ş.,4028328c6ab78361016aba812be203a4,Hisse Senedi,unvan
TDG,İŞ PORTFÖY YABANCI BORÇLANMA ARAÇLARI FONU,YF,DG,faal,İŞ PORTFÖY YÖNETİMİ A.Ş.,33E5FED7E2EB00EAE0530A4A622B2AEA,Borçlanma Araçları,unvan
TDP,TEB PORTFÖY İKİNCİ SERBEST (DÖVİZ) FON,YF,SF,faal,TEB PORTFÖY YÖNETİMİ A.Ş.,4028328c6d92933b016e4ad33e9c6f8e,Serbest,unvan
TE3,TEB PORTFÖY MUTLAK GETİRİ HEDEFLİ DEĞİŞKEN FON,YF,DG,faal,TEB PORTFÖY YÖNETİMİ A.Ş.,33E5FED7E7AF00EAE0530A4A622B2AEA,Değişken,unvan
TE4,TEB PORTFÖY BİRİNCİ DEĞİŞKEN FON,YF,DG,faal,TEB PORTFÖY YÖNETİMİ A.Ş.,4028328d76e302780176faec8c9a45d2,Değişken,unvan
TEJ,AZİMUT PORTFÖY TEKNOLOJİ FON SEPETİ FONU,YF,DG,faal,AZİMUT PORTFÖY YÖNETİMİ A.Ş.,4028328d8e21d0ec018ec19fa5fc47a9,Fon Sepeti,unvan
TFE,AKTİF PORTFÖY TÜRKİYE FİNANS ALA BANKACILIK KATILIM ÖZEL FON,YF,KTF,faal,AKTİF PORTFÖY YÖNETİMİ A.Ş.,4028328c8ae7be4f018b19db53e76e62,Katılım,unvan
TFF,TEB PORTFÖY AMERİKA TEKNOLOJİ YABANCI BYF FON SEPETİ FONU,YF,DG,faal,TEB PORTFÖY YÖNETİMİ A.Ş.,33E5FED7F0B700EAE0530A4A622B2AEA,Fon Sepeti,unvan
TFU,İŞ PORTFÖY TÜFE'YE ENDEKSLİ BORÇLANMA ARAÇLARI (TL) FONU,YF,DG,faal,İŞ PORTFÖY YÖNETİMİ A.Ş.,4028328c998ee9d7019a5e9adb807909,Borçlanma Araçları,unvan
TG1,TRİVE PORTFÖY YÖNETİMİ A.Ş. TRİVE GİRİŞİM SERMAYESİ YATIRIM FONU,GSF,DG,faal,TRIVE PORTFÖY YÖNETİMİ A.Ş.,4028328c8f3f759a018fa9a9cc4d297e,Diğer,unvan
TG2,ANATOLIA GAYRİMENKUL VE GİRİŞİM SERMAYESİ PORTFÖY YÖNETİMİ A.Ş. DELTAX1 PROJE GAYRİMENKUL YATIRIM FONU,GMF,DG,faal,ANATOLIA GAYRİMENKUL VE GİRİŞİM SERMAYESİ PORTFÖY YÖNETİMİ A.Ş.,4028328d9d7b24c8019e1b6240eb7965,Diğer,unvan
TGA,GARANTİ PORTFÖY AGRESİF DEĞİŞKEN FON,YF,DG,faal,GARANTİ PORTFÖY YÖNETİMİ A.Ş.,33E5FED7E85300EAE0530A4A622B2AEA,Değişken,unvan
TGC,TACİRLER PORTFÖY YÖNETİMİ A.Ş. GELECEK ETKİ GİRİŞİM SERMAYESİ FONU,GSF,DG,faal,TACİRLER PORTFÖY YÖNETİMİ A.Ş.,4028328d7da7e96d017f69e618b32430,Diğer,unvan
TGE,İŞ PORTFÖY EMTİA YABANCI BYF FON SEPETİ FONU,YF,DG,faal,İŞ PORTFÖY YÖNETİMİ A.Ş.,33E5FED7E2EF00EAE0530A4A622B2AEA,Fon Sepeti,unvan
TGI,TERA PORTFÖY YÖNETİMİ A.Ş. İKİNCİ GAYRİMENKUL YATIRIM FONU,GMF,DG,faal,TERA PORTFÖY YÖNETİMİ A.Ş.,4028328c8b2fcee8018bdd3a70b33729,Diğer,unvan
TGN,TEB PORTFÖY ING BANK PARA PİYASASI SERBEST (TL) ÖZEL FON,YF,SF,faal,TEB PORTFÖY YÖNETİMİ A.Ş.,4028328d98455cf60198d20010e71ecf,Para Piyasası,unvan
TGR,AK PORTFÖY TURİZM VE SEYAHAT SEKTÖRÜ DEĞİŞKEN FON,YF,DG,faal,AK PORTFÖY YÖNETİMİ A.Ş.,4028328d7850aacb01786f1562093901,Değişken,unvan
TGT,GARANTİ PORTFÖY KISA VADELİ BORÇLANMA ARAÇLARI FONU,YF,DG,faal,GARANTİ PORTFÖY YÖNETİMİ A.Ş.,33E5FED7E6A300EAE0530A4A622B2AEA,Kısa Vadeli Borçlanma,unvan
TGU,ANATOLIA GAYRİMENKUL VE GİRİŞİM SERMAYESİ PORTFÖY YÖNETİMİ A.Ş. LİTPACK GİRİŞİM SERMAYESİ YATIRIM FONU,GSF,DG,faal,ANATOLIA GAYRİMENKUL VE GİRİŞİM SERMAYESİ PORTFÖY YÖNETİMİ A.Ş.,4028328c9aaa2bf9019ac0947f4173b6,Diğer,unvan
TGV,TACİRLER PORTFÖY KG HİSSE SENEDİ SERBEST (TL) ÖZEL FONU (HİSSE SENEDİ YOĞUN FON),YF,HS,faal,TACİRLER PORTFÖY YÖNETİMİ A.Ş.,4028328d812b6c2f018186131a8863e9,Hisse Senedi,unvan
TGZ,TACİRLER PORTFÖY SPİCA SERBEST (TL) FON,YF,SF,faal,TACİRLER PORTFÖY YÖNETİMİ A.Ş.,4028328d812b6c2f0181860e95c46373,Serbest,unvan
THC,AZİMUT PORTFÖY YÖNETİMİ A.Ş. LCP BİRİNCİ GİRİŞİM SERMAYESİ YATIRIM FONU,GSF,DG,faal,AZİMUT PORTFÖY YÖNETİMİ A.Ş.,4028328d84686d1201850b944e5742cf,Diğer,unvan
THD,TRIVE PORTFÖY BİRİNCİ HİSSE SENEDİ (TL) FONU (HİSSE SENEDİ YOĞUN FON),YF,HS,faal,TRIVE PORTFÖY YÖNETİMİ A.Ş.,4028328c88c529eb0188ddd8c0276aa9,Hisse Senedi,unvan
THE,TÜRKİYE HAYAT VE EMEKLİLİK A.Ş. TARIM VE GIDA FON SEPETİ EMEKLİLİK YATIRIM FONU,EYF,,faal,TÜRKİYE HAYAT VE EMEKLİLİK A.Ş.,4028328d95959cc60195dc76f8fe2176,Fon Sepeti,unvan
THF,TERA PORTFÖY HİSSE SENEDİ (TL) FONU (HİSSE SENEDİ YOĞUN FON),YF,HS,faal,TERA PORTFÖY YÖNETİMİ A.Ş.,4028328c950ba8c70195140f682921da,Hisse Senedi,unvan
THG,TACİRLER PORTFÖY ODEABANK SERBEST ÖZEL FON,YF,SF,faal,TACİRLER PORTFÖY YÖNETİMİ A.Ş.,4028328c7850aacc01786864e307575b,Serbest,unvan
THH,DENİZ PORTFÖY CCO HİSSE SENEDİ SERBEST ÖZEL FON (HİSSE SENEDİ YOĞUN FON),YF,HS,faal,DENİZ PORTFÖY YÖNETİMİ A.Ş.,4028328c84686b4001850a2b82cc228d,Hisse Senedi,unvan
THK,TÜRKİYE HAYAT VE EMEKLİLİK A.Ş. KİRA SERTİFİKALARI KATILIM EMEKLİLİK YATIRIM FONU,EYF,,faal,TÜRKİYE HAYAT VE EMEKLİLİK A.Ş.,4028328d95959cc60195dc76cd6a216b,Katılım,unvan
THO,AZİMUT PORTFÖY 20.0 SERBEST (DÖVİZ) FON,YF,SF,faal,AZİMUT PORTFÖY YÖNETİMİ A.Ş.,4028328d84686d1201850b94202b42c4,Serbest,unvan
THS,AZİMUT PORTFÖY AEB SERBEST (DÖVİZ) ÖZEL FON,YF,SF,faal,AZİMUT PORTFÖY YÖNETİMİ A.Ş.,4028328d84686d1201850b9478e142da,Serbest,unvan
THT,TRİVE PORTFÖY HİSSE SENEDİ SERBEST FON (HİSSE SENEDİ YOĞUN FON),YF,HS,faal,TRIVE PORTFÖY YÖNETİMİ A.Ş.,4028328d8f3f7793018f584e77387e5c,Hisse Senedi,unvan
THV,ATA PORTFÖY BARBAROS HİSSE SENEDİ SERBEST (TL) FON (HİSSE SENEDİ YOĞUN FON),YF,HS,faal,ATA PORTFÖY YÖNETİMİ A.Ş.,4028328d7850aacb01785a211c67270e,Hisse Senedi,unvan
THZ,ALBARAKA PORTFÖY YÖNETİMİ A.Ş. THY GİRİŞİM SERMAYESİ YATIRIM FONU,GSF,DG,faal,ALBARAKA PORTFÖY YÖNETİMİ A.Ş.,4028328d96289e8c0196912b48596288,Diğer,unvan
TI1,İŞ PORTFÖY PARA PİYASASI (TL) FONU,YF,DG,faal,İŞ PORTFÖY YÖNETİMİ A.Ş.,33E5FED7E2D300EAE0530A4A622B2AEA,Para Piyasası,unvan
TI2,İŞ PORTFÖY HİSSE SENEDİ (TL) FONU (HİSSE SENEDİ YOĞUN FON),YF,HS,faal,İŞ PORTFÖY YÖNETİMİ A.Ş.,33E5FED7E2D700EAE0530A4A622B2AEA,Hisse Senedi,unvan
TI3,İŞ PORTFÖY İŞ BANKASI İŞTİRAKLERİ ENDEKSİ HİSSE SENEDİ (TL) FONU (HİSSE SENEDİ YOĞUN FON),YF,HS,faal,İŞ PORTFÖY YÖNETİMİ A.Ş.,33E5FED7E2DB00EAE0530A4A622B2AEA,Hisse Senedi,unvan
TI4,İŞ PORTFÖY TEMKİNLİ DEĞİŞKEN FON,YF,DG,faal,İŞ PORTFÖY YÖNETİMİ A.Ş.,33E5FED7E82700EAE0530A4A622B2AEA,Değişken,unvan
TI6,İŞ PORTFÖY BORÇLANMA ARAÇLARI (TL) FONU,YF,DG,faal,İŞ PORTFÖY YÖNETİMİ A.Ş.,33E5FED7E82B00EAE0530A4A622B2AEA,Borçlanma Araçları,unvan
TI7,İŞ PORTFÖY DENGELİ DEĞİŞKEN FON,YF,DG,faal,İŞ PORTFÖY YÖNETİMİ A.Ş.,33E5FED7E82F00EAE0530A4A622B2AEA,Değişken,unvan
TIE,İŞ PORTFÖY BIST 30 ENDEKSİ HİSSE SENEDİ (TL) FONU (HİSSE SENEDİ YOĞUN FON),YF,HS,faal,İŞ PORTFÖY YÖNETİMİ A.Ş.,33E5FED7E83700EAE0530A4A622B2AEA,Hisse Senedi,unvan
TIL,İŞ PORTFÖY KATILIM HİSSE SENEDİ (TL) FONU (HİSSE SENEDİ YOĞUN FON),YF,HS,faal,İŞ PORTFÖY YÖNETİMİ A.Ş.,4028328c98455aea0198a86bbd366e67,Hisse Senedi,unvan
TIP,TEB PORTFÖY ING BANK ÖZEL BANKACILIK VE PLATİNUM SERBEST (DÖVİZ) ÖZEL FON,YF,SF,faal,TEB PORTFÖY YÖNETİMİ A.Ş.,4028328c6ecd276e016edb06f9384f4b,Serbest,unvan
TIV,İŞ PORTFÖY KISA VADELİ BORÇLANMA ARAÇLARI (TL) FONU,YF,DG,faal,İŞ PORTFÖY YÖNETİMİ A.Ş.,33E5FED7E83300EAE0530A4A622B2AEA,Kısa Vadeli Borçlanma,unvan
TJB,TACİRLER PORTFÖY BDR SERBEST ÖZEL FON,YF,SF,faal,TACİRLER PORTFÖY YÖNETİMİ A.Ş.,4028328d7b648589017b88019afe0004,Serbest,unvan
TJF,TEB PORTFÖY SÜRDÜRÜLEBİLİRLİK FON SEPETİ FONU,YF,DG,faal,TEB PORTFÖY YÖNETİMİ A.Ş.,4028328d7a4e446d017aaf2dcae970aa,Fon Sepeti,unvan
TJI,TEB PORTFÖY İKİNCİ FON SEPETİ FONU,YF,DG,faal,TEB PORTFÖY YÖNETİMİ A.Ş.,4028328c7b648351017bc5c170c45789,Fon Sepeti,unvan
TJL,AZİMUT PORTFÖY TAYD HİSSE SENEDİ SERBEST ÖZEL FON (HİSSE SENEDİ YOĞUN FON),YF,HS,faal,AZİMUT PORTFÖY YÖNETİMİ A.Ş.,4028328c7a4e423c017a57e999162ac2,Hisse Senedi,unvan
TJT,TEB PORTFÖY ALTINCI SERBEST (DÖVİZ-AVRO) FON,YF,SF,faal,TEB PORTFÖY YÖNETİMİ A.Ş.,4028328d7da7e96d017e77f3406d4c27,Serbest,unvan
TJY,TÜRKİYE HAYAT VE EMEKLİLİK A.Ş. ÜÇÜNCÜ YAŞAM DÖNGÜSÜ EMEKLİLİK YATIRIM FONU,EYF,,faal,TÜRKİYE HAYAT VE EMEKLİLİK A.Ş.,4028328c7bf4b5e3017d3820f893417e,Diğer,unvan
TKF,TACİRLER PORTFÖY HİSSE SENEDİ FONU (HİSSE SENEDİ YOĞUN FON),YF,HS,faal,TACİRLER PORTFÖY YÖNETİMİ A.Ş.,33E5FED7E61F00EAE0530A4A622B2AEA,Hisse Senedi,unvan
TKH,AZİMUT PORTFÖY TKS SERBEST (TL) ÖZEL FON,YF,SF,faal,AZİMUT PORTFÖY YÖNETİMİ A.Ş.,4028328d84686d1201850b984ad04324,Serbest,unvan
TKK,İŞ PORTFÖY KUMBARA HESABI FON SEPETİ ÖZEL FON,YF,DG,faal,İŞ PORTFÖY YÖNETİMİ A.Ş.,33E5FED7E2DF00EAE0530A4A622B2AEA,Fon Sepeti,unvan
TKM,TEB PORTFÖY PARA PİYASASI (TL) FONU,YF,DG,faal,TEB PORTFÖY YÖNETİMİ A.Ş.,33E5FED7E7DB00EAE0530A4A622B2AEA,Para Piyasası,unvan
TKV,BEREKET EMEKLİLİK VE HAYAT A.Ş. BAŞLANGIÇ KATILIM EMEKLİLİK YATIRIM FONU,OKS,DG,faal,BEREKET EMEKLİLİK VE HAYAT A.Ş.,4028328d588b829c01594a81fb3349c3,Katılım,unvan
TLC,TEB PORTFÖY ALTERNATİFBANK DEĞİŞKEN ÖZEL FON,YF,DG,faal,TEB PORTFÖY YÖNETİMİ A.Ş.,4028328c9e276fa9019e977de337194f,Değişken,unvan
TLE,AURA PORTFÖY YABANCI BORÇLANMA ARAÇLARI FONU,YF,DG,faal,AURA PORTFÖY YÖNETİMİ A.Ş.,33E5FED7F15300EAE0530A4A622B2AEA,Borçlanma Araçları,unvan
TLG,ANATOLIA GAYRİMENKUL VE GİRİŞİM SERMAYESİ PORTFÖY YÖNETİMİ A.Ş. TALYA GAYRİMENKUL YATIRIM FONU,GMF,DG,faal,ANATOLIA GAYRİMENKUL VE GİRİŞİM SERMAYESİ PORTFÖY YÖNETİMİ A.Ş.,4028328c9b82727a019c23adfcb7208a,Diğer,unvan
TLH,AURA PORTFÖY HİSSE SENEDİ FONU (HİSSE SENEDİ YOĞUN FON),YF,HS,faal,AURA PORTFÖY YÖNETİMİ A.Ş.,33E5FED7F09700EAE0530A4A622B2AEA,Hisse Senedi,unvan
TLK,AKTİF PORTFÖY PARA PİYASASI KATILIM (TL) FONU,YF,KTF,faal,AKTİF PORTFÖY YÖNETİMİ A.Ş.,4028328d949955a80194ffcf486c2d64,Para Piyasası,unvan
TLT,TEB PORTFÖY YAHŞİ SERBEST (DÖVİZ) ÖZEL FON,YF,SF,faal,TEB PORTFÖY YÖNETİMİ A.Ş.,4028328c80292449018050fc48a84553,Serbest,unvan
TLU,TEB PORTFÖY ONİKİNCİ SERBEST (DÖVİZ) FON,YF,SF,faal,TEB PORTFÖY YÖNETİMİ A.Ş.,4028328d86d233be01872c7205747387,Serbest,unvan
TLV,TERA PORTFÖY PARA PİYASASI KATILIM (TL) FONU,YF,KTF,faal,TERA PORTFÖY YÖNETİMİ A.Ş.,4028328d998eebe8019a1164076b1bc4,Para Piyasası,unvan
TLY,TERA PORTFÖY BİRİNCİ SERBEST FON,YF,SF,faal,TERA PORTFÖY YÖNETİMİ A.Ş.,4028328c7812c9c301781bc5fe843290,Serbest,unvan
TLZ,ATA PORTFÖY KATILIM HİSSE SENEDİ (TL) FONU (HİSSE SENEDİ YOĞUN FON),YF,HS,faal,ATA PORTFÖY YÖNETİMİ A.Ş.,4028328c6ab78362016b08881b5034df,Hisse Senedi,unvan
TMA,TEB PORTFÖY DÖRDÜNCÜ DEĞİŞKEN FON,YF,DG,faal,,33E5FED7E43300EAE0530A4A622B2AEA,Değişken,unvan
TMC,İŞ PORTFÖY TEMA DEĞİŞKEN FON,YF,DG,faal,İŞ PORTFÖY YÖNETİMİ A.Ş.,33E5FED7E2FF00EAE0530A4A622B2AEA,Değişken,unvan
TMG,İŞ PORTFÖY YABANCI HİSSE SENEDİ FONU,YF,DG,faal,İŞ PORTFÖY YÖNETİMİ A.Ş.,33E5FED7E84300EAE0530A4A622B2AEA,Hisse Senedi,unvan
TMH,ALLBATROSS PORTFÖY ATMACA HİSSE SENEDİ SERBEST FON (HİSSE SENEDİ YOĞUN FON),YF,HS,faal,ALLBATROSS PORTFÖY YÖNETİMİ A.Ş.,4028328d8b2fcee7018cf2509aba5dee,Hisse Senedi,unvan
TML,TÜRKİYE HAYAT VE EMEKLİLİK A.Ş. BİRİNCİ YAŞAM DÖNGÜSÜ EMEKLİLİK YATIRIM FONU,EYF,,faal,TÜRKİYE HAYAT VE EMEKLİLİK A.Ş.,4028328c7bf4b5e3017d381eecbc4149,Diğer,unvan
TMM,TERA PORTFÖY İKİNCİ SERBEST (DÖVİZ) FON,YF,SF,faal,TERA PORTFÖY YÖNETİMİ A.Ş.,4028328d86d233bd018751de5c3830dc,Serbest,unvan
TMN,TÜRKİYE HAYAT VE EMEKLİLİK A.Ş. MERKEZİ ALACAĞIN DEVRİ DENGELİ KATILIM DEĞİŞKEN EYF,EYF,,faal,TÜRKİYE HAYAT VE EMEKLİLİK A.Ş.,4028328d8d6db484018dac06e75c5137,Katılım,unvan
TMR,TEB PORTFÖY MAKRO SERBEST ÖZEL FON,YF,SF,faal,TEB PORTFÖY YÖNETİMİ A.Ş.,4028328d73a868090173d84ae4837b0d,Serbest,unvan
TMS,TACİRLER PORTFÖY MARATON SERBEST FON,YF,SF,faal,TACİRLER PORTFÖY YÖNETİMİ A.Ş.,4028328d944ba74401946a71aa256a75,Serbest,unvan
TMU,AZİMUT PORTFÖY TEMKİNLİ FON SEPETİ FONU,YF,DG,faal,AZİMUT PORTFÖY YÖNETİMİ A.Ş.,4028328c98455aea0198ae2c6b40389f,Fon Sepeti,unvan
TMV,TERA PORTFÖY ALGORİTMİK STRATEJİLER SERBEST FON,YF,DG,faal,TERA PORTFÖY YÖNETİMİ A.Ş.,4028328c812b72a30181903f43933a9b,Serbest,unvan
TMZ,İŞ PORTFÖY SÜRDÜRÜLEBİLİRLİK VE TARIM FON SEPETİ FONU,YF,DG,faal,İŞ PORTFÖY YÖNETİMİ A.Ş.,4028328c8e21cef7018e2d61f0362e10,Fon Sepeti,unvan
TN1,TERA PORTFÖY YÖNETİMİ A.Ş. BİRİNCİ PROJE GAYRİMENKUL YATIRIM FONU,GMF,DG,faal,TERA PORTFÖY YÖNETİMİ A.Ş.,4028328c9cc9d176019cd7eaf2ea2d6d,Diğer,unvan
TNA,TEB PORTFÖY ONBEŞİNCİ SERBEST ÖZEL FON,YF,SF,faal,TEB PORTFÖY YÖNETİMİ A.Ş.,4028328c930ce8de019330533bdc7ca5,Serbest,unvan
TNB,TEB PORTFÖY ING BANK KAR PAYI ÖDEYEN SERBEST (DÖVİZ) ÖZEL FON,YF,SF,faal,TEB PORTFÖY YÖNETİMİ A.Ş.,4028328c8e21cef7018f159f803232dc,Serbest,unvan
TND,İŞ PORTFÖY TTF TENİSE DESTEK DEĞİŞKEN FON,YF,DG,faal,İŞ PORTFÖY YÖNETİMİ A.Ş.,4028328d976d2b830197bff6956c00cd,Değişken,unvan
TNE,GARANTİ EMEKLİLİK VE HAYAT A.Ş. TEMİZ ENERJİ SEKTÖRÜ HİSSE SENEDİ EMEKLİLİK YATIRIM FONU,EYF,,faal,GARANTİ EMEKLİLİK VE HAYAT A.Ş.,4028328d9d7b24c9019df2f5e4cc1289,Hisse Senedi,unvan
TNF,TEB PORTFÖY ONUNCU SERBEST (TL) ÖZEL FON,YF,SF,faal,TEB PORTFÖY YÖNETİMİ A.Ş.,4028328c8588f3010185e314ef587643,Serbest,unvan
TNG,RE-PIE PORTFÖY YÖNETİMİ A.Ş. TUNA PROJE GAYRİMENKUL YATIRIM FONU,GMF,DG,faal,RE-PIE PORTFÖY YÖNETİMİ A.Ş.,4028328c8df5d097018e1e898bce641f,Diğer,unvan
TNH,TACİRLER PORTFÖY REAL CAPİTAL SERBEST ÖZEL FON,YF,SF,faal,TACİRLER PORTFÖY YÖNETİMİ A.Ş.,4028328c7850aacc0178cf40294a29da,Serbest,unvan
TNI,TEB PORTFÖY ING BANK ÖZEL BANKACILIK VE PLATİNUM DEĞİŞKEN ÖZEL FON,YF,SF,faal,TEB PORTFÖY YÖNETİMİ A.Ş.,4028328c6ecd276e016edb0915b14f7c,Değişken,unvan
TNK,TEB PORTFÖY KISA VADELİ BORÇLANMA ARAÇLARI (TL) FONU,YF,DG,faal,TEB PORTFÖY YÖNETİMİ A.Ş.,33E5FED7E7A700EAE0530A4A622B2AEA,Kısa Vadeli Borçlanma,unvan
TNS,TACİRLER PORTFÖY NAR SERBEST FON,YF,SF,faal,TACİRLER PORTFÖY YÖNETİMİ A.Ş.,4028328c7850aacc0178cf40e9462a0c,Serbest,unvan
TO8,TEB PORTFÖY ONSEKİZİNCİ SERBEST (DÖVİZ-AVRO) FON,YF,SF,faal,TEB PORTFÖY YÖNETİMİ A.Ş.,4028328c992f6d5701997c2a4f6979e6,Serbest,unvan
TOK,TEB PORTFÖY ONBİRİNCİ SERBEST (DÖVİZ-AVRO) FON,YF,SF,faal,TEB PORTFÖY YÖNETİMİ A.Ş.,4028328c86d231ff0187382da8f978ec,Serbest,unvan
TOT,TEB PORTFÖY ÖZEL SEKTÖR BORÇLANMA ARAÇLARI FONU,YF,DG,faal,TEB PORTFÖY YÖNETİMİ A.Ş.,33E5FED7E7D700EAE0530A4A622B2AEA,Borçlanma Araçları,unvan
TP1,TEB PORTFÖY UYUM SERBEST (DÖVİZ) ÖZEL FON,YF,SF,faal,TEB PORTFÖY YÖNETİMİ A.Ş.,4028328c84686b400184c226ebe25851,Serbest,unvan
TP2,TERA PORTFÖY PARA PİYASASI (TL) FONU,YF,DG,faal,TERA PORTFÖY YÖNETİMİ A.Ş.,4028328d93c3b68c0193f8ba76096ac6,Para Piyasası,unvan
TPC,TEB PORTFÖY KIYMETLİ MADENLER FON SEPETİ FONU,YF,DG,faal,TEB PORTFÖY YÖNETİMİ A.Ş.,4028328d6233239a01628bc657f74e24,Fon Sepeti,unvan
TPE,İŞ PORTFÖY PY EUROBOND BORÇLANMA ARAÇLARI (DÖVİZ) ÖZEL FONU,YF,DG,faal,İŞ PORTFÖY YÖNETİMİ A.Ş.,33E5FED7EAE700EAE0530A4A622B2AEA,Borçlanma Araçları,unvan
TPF,TACİRLER PORTFÖY BORÇLANMA ARAÇLARI FONU,YF,DG,faal,TACİRLER PORTFÖY YÖNETİMİ A.Ş.,33E5FED7F0FB00EAE0530A4A622B2AEA,Borçlanma Araçları,unvan
TPJ,TEB PORTFÖY BİRİNCİ SERBEST (DÖVİZ) FON,YF,SF,faal,TEB PORTFÖY YÖNETİMİ A.Ş.,4028328c63530c1501637318a7f61762,Serbest,unvan
TPKGY,TERA PORTFÖY YÖNETİMİ A.Ş. KONUT ALFA KATILIM GAYRİMENKUL YATIRIM FONU,GMF,DG,faal,TERA PORTFÖY YÖNETİMİ A.Ş.,4028328d6c4e409e016c616cbf79454b,Katılım,unvan
TPL,TEB PORTFÖY EUROBOND (DÖVİZ) BORÇLANMA ARAÇLARI FONU,YF,DG,faal,TEB PORTFÖY YÖNETİMİ A.Ş.,4028328c554ab7ad015553fc9db0049a,Borçlanma Araçları,unvan
TPO,İŞ PORTFÖY PY ÖZEL SEKTÖR BORÇLANMA ARAÇLARI (TL) ÖZEL FONU,YF,DG,faal,İŞ PORTFÖY YÖNETİMİ A.Ş.,33E5FED7E30B00EAE0530A4A622B2AEA,Borçlanma Araçları,unvan
TPP,TEB PORTFÖY PUSULA SERBEST FON,YF,SF,faal,TEB PORTFÖY YÖNETİMİ A.Ş.,33E5FED7F0B300EAE0530A4A622B2AEA,Serbest,unvan
TPR,İŞ PORTFÖY PY HİSSE SENEDİ (TL) ÖZEL FONU (HİSSE SENEDİ YOĞUN FON),YF,HS,faal,İŞ PORTFÖY YÖNETİMİ A.Ş.,33E5FED7ECE300EAE0530A4A622B2AEA,Hisse Senedi,unvan
TPV,AURA PORTFÖY İKİNCİ DEĞİŞKEN FON,YF,DG,faal,AURA PORTFÖY YÖNETİMİ A.Ş.,33E5FED7F19300EAE0530A4A622B2AEA,Değişken,unvan
TPYGI,TERA PORTFÖY YÖNETİMİ A.Ş. GAME INVEST GİRİŞİM SERMAYESİ YATIRIM FONU,GSF,DG,faal,TERA PORTFÖY YÖNETİMİ A.Ş.,4028328c7da7e73d017e2a85e3df7ce4,Diğer,unvan
TPYTI,TERA PORTFÖY YÖNETİMİ A.Ş. TECH INVEST TEKNOLOJİ GİRİŞİM SERMAYESİ YATIRIM FONU,GSF,DG,faal,TERA PORTFÖY YÖNETİMİ A.Ş.,4028328c7da7e73d017e2a8724d97cf3,Diğer,unvan
TPZ,TEB PORTFÖY KİRA SERTİFİKALARI (DÖVİZ) KATILIM FONU,YF,KTF,faal,TEB PORTFÖY YÖNETİMİ A.Ş.,4028328c554ab7ad0155540f29780740,Katılım,unvan
TRJ,TERA PORTFÖY BİRİNCİ BORÇLANMA ARAÇLARI (TL) FONU,YF,DG,faal,TERA PORTFÖY YÖNETİMİ A.Ş.,4028328c950ba8c7019514093946211e,Borçlanma Araçları,unvan
TRN,AZİMUT PORTFÖY CO HİSSE SENEDİ SERBEST ÖZEL FON (HİSSE SENEDİ YOĞUN FON),YF,HS,faal,AZİMUT PORTFÖY YÖNETİMİ A.Ş.,4028328c802924490180d796c8d74017,Hisse Senedi,unvan
TRO,TRIVE PORTFÖY ALTIN FONU,YF,DG,faal,TRIVE PORTFÖY YÖNETİMİ A.Ş.,4028328d8ff3a86d01900609ce746cea,Kıymetli Madenler,unvan
TRR,TEB PORTFÖY BEŞİNCİ SERBEST (TL)  FON,YF,SF,faal,TEB PORTFÖY YÖNETİMİ A.Ş.,4028328c70abc237017135611b2e13bf,Serbest,unvan
TRU,TERA PORTFÖY KATILIM SERBEST (DÖVİZ) FON,YF,KTF,faal,TERA PORTFÖY YÖNETİMİ A.Ş.,4028328c916b969d019197bf67820e84,Katılım,unvan
TRZ,HEDEF PORTFÖY TURİZM VE SEYAHAT SEKTÖRÜ DEĞİŞKEN FON,YF,DG,faal,HEDEF PORTFÖY YÖNETİMİ A.Ş.,4028328d950b60860195940712323277,Değişken,unvan
TSI,İŞ PORTFÖY MAKSİMUM HESAP KISA VADELİ BORÇLANMA ARAÇLARI (TL) FONU,YF,DG,faal,İŞ PORTFÖY YÖNETİMİ A.Ş.,33E5FED7E2F300EAE0530A4A622B2AEA,Kısa Vadeli Borçlanma,unvan
TSP,AZİMUT PORTFÖY TESA SERBEST (DÖVİZ) ÖZEL FON,YF,SF,faal,AZİMUT PORTFÖY YÖNETİMİ A.Ş.,4028328d6d929640016ef56285fa4849,Serbest,unvan
TSZ,AGESA HAYAT VE EMEKLİLİK A.Ş. TAŞINMAZ VE İNŞAAT SEKTÖRÜ DEĞİŞKEN EMEKLİLİK YATIRIM FONU,EYF,,faal,AGESA HAYAT VE EMEKLİLİK A.Ş.,4028328d950b608701958ac2a2394174,Değişken,unvan
TTA,İŞ PORTFÖY ALTIN FONU,YF,DG,faal,İŞ PORTFÖY YÖNETİMİ A.Ş.,33E5FED7E30300EAE0530A4A622B2AEA,Kıymetli Madenler,unvan
TTE,İŞ PORTFÖY BIST TEKNOLOJİ AĞIRLIK SINIRLAMALI ENDEKSİ HİSSE SENEDİ (TL) FONU (HİSSE SENEDİ YOĞUN FON),YF,HS,faal,İŞ PORTFÖY YÖNETİMİ A.Ş.,33E5FED7E83B00EAE0530A4A622B2AEA,Hisse Senedi,unvan
TTJ,AZİMUT PORTFÖY YÖNETİMİ A.Ş. FARK LABS FUTURE INDUSTRİES GİRİŞİM SERMAYESİ YATIRIM FONU,GSF,DG,faal,AZİMUT PORTFÖY YÖNETİMİ A.Ş.,4028328d8e21d0ec018e8a11d61e5026,Diğer,unvan
TTL,TACİRLER PORTFÖY KARTOPU SERBEST FON,YF,SF,faal,TACİRLER PORTFÖY YÖNETİMİ A.Ş.,4028328c71bc39c00172c15b4b3a74bf,Serbest,unvan
TTP,TEB PORTFÖY ÜÇÜNCÜ SERBEST (DÖVİZ) FON,YF,SF,faal,TEB PORTFÖY YÖNETİMİ A.Ş.,4028328d6fafa0e501706307000070f5,Serbest,unvan
TTS,TEB PORTFÖY DÖRDÜNCÜ SERBEST (DÖVİZ) ÖZEL FON,YF,SF,faal,TEB PORTFÖY YÖNETİMİ A.Ş.,4028328d6fafa0e50170630777947105,Serbest,unvan
TTV,TACİRLER PORTFÖY VEGA SERBEST (TL) FON,YF,SF,faal,TACİRLER PORTFÖY YÖNETİMİ A.Ş.,4028328c71bc39c00172c15a81f57498,Serbest,unvan
TTZ,DENİZ PORTFÖY EGE HİSSE SENEDİ SERBEST ÖZEL FON (HİSSE SENEDİ YOĞUN FON),YF,HS,faal,DENİZ PORTFÖY YÖNETİMİ A.Ş.,4028328c81fdc44901825e43c4d4093a,Hisse Senedi,unvan
TUA,TEB PORTFÖY ALTIN FONU,YF,DG,faal,TEB PORTFÖY YÖNETİMİ A.Ş.,33E5FED7E7CB00EAE0530A4A622B2AEA,Kıymetli Madenler,unvan
TUC,TERA PORTFÖY YÖNETİMİ A.Ş. ÜÇÜNCÜ GAYRİMENKUL YATIRIM FONU,GMF,DG,faal,TERA PORTFÖY YÖNETİMİ A.Ş.,4028328c9cc9d176019cd7ea99372d50,Diğer,unvan
TUG,TERA PORTFÖY YÖNETİMİ A.Ş. BİRİNCİ GAYRİMENKUL YATIRIM FONU,GMF,DG,faal,TERA PORTFÖY YÖNETİMİ A.Ş.,4028328c887d111a0188bddf953f3f73,Diğer,unvan
TVC,AGESA HAYAT VE EMEKLİLİK A.Ş. TARIM VE GIDA SEKTÖRÜ DEĞİŞKEN EMEKLİLİK YATIRIM FONU,EYF,,faal,AGESA HAYAT VE EMEKLİLİK A.Ş.,4028328d950b608701958ac36bf241ab,Değişken,unvan
TVE,EMAA BLUE PORTFÖY TARIM VE GIDA SEKTÖRÜ KATILIM FONU,YF,KTF,faal,EMAA BLUE PORTFÖY YÖNETİMİ A.Ş.,4028328c9aaa2bfa019aca26cc3f1db3,Katılım,unvan
TVG,ANADOLU HAYAT EMEKLİLİK A.Ş. TARIM VE GIDA FON SEPETİ EMEKLİLİK YATIRIM FONU,EYF,,faal,ANADOLU HAYAT EMEKLİLİK A.Ş.,4028328c8f3f759b018fab15ce6362aa,Fon Sepeti,unvan
TVH,AGESA HAYAT VE EMEKLİLİK A.Ş. TEKNOLOJİ ŞİRKETLERİ HİSSE SENEDİ EMEKLİLİK YATIRIM FONU,EYF,,faal,AGESA HAYAT VE EMEKLİLİK A.Ş.,4028328d950b608701958ac32b24418d,Hisse Senedi,unvan
TVN,TRIVE PORTFÖY BİRİNCİ FON SEPETİ FONU,YF,DG,faal,TRIVE PORTFÖY YÖNETİMİ A.Ş.,4028328c88c529eb0188dd4d02676817,Fon Sepeti,unvan
TWX,TERA PORTFÖY YÖNETİMİ A.Ş. ALTACA ENERJİ GİRİŞİM SERMAYESİ YATIRIM FONU,GSF,DG,faal,TERA PORTFÖY YÖNETİMİ A.Ş.,4028328d998eebe8019a1163de6e1bb9,Diğer,unvan
TYH,TEB PORTFÖY HİSSE SENEDİ FONU (HİSSE SENEDİ YOĞUN FON),YF,HS,faal,TEB PORTFÖY YÖNETİMİ A.Ş.,33E5FED7E42F00EAE0530A4A622B2AEA,Hisse Senedi,unvan
TYJ,TÜRKİYE HAYAT VE EMEKLİLİK A.Ş. İKİNCİ YAŞAM DÖNGÜSÜ EMEKLİLİK YATIRIM FONU,EYF,,faal,TÜRKİYE HAYAT VE EMEKLİLİK A.Ş.,4028328c7bf4b5e3017d381ff942416c,Diğer,unvan
TZC,ZİRAAT PORTFÖY BÜYÜYEN ÇOCUKLARA YÖNELİK DEĞİŞKEN ÖZEL FON,YF,DG,faal,ZİRAAT PORTFÖY YÖNETİMİ A.Ş.,33E5FED7EE9700EAE0530A4A622B2AEA,Değişken,unvan
TZD,ZİRAAT PORTFÖY HİSSE SENEDİ FONU (HİSSE SENEDİ YOĞUN FON),YF,HS,faal,ZİRAAT PORTFÖY YÖNETİMİ A.Ş.,33E5FED7E6D300EAE0530A4A622B2AEA,Hisse Senedi,unvan
TZH,ZİRAAT PORTFÖY TZH SERBEST ÖZEL FON,YF,SF,faal,ZİRAAT PORTFÖY YÖNETİMİ A.Ş.,4028328c6faf9e510170619f0aa37dc7,Serbest,unvan
TZL,ZİRAAT PORTFÖY PARA PİYASASI (TL) FONU,YF,DG,faal,ZİRAAT PORTFÖY YÖNETİMİ A.Ş.,33E5FED7E91700EAE0530A4A622B2AEA,Para Piyasası,unvan
TZP,TACİRLER PORTFÖY RİGEL SERBEST (TL) ÖZEL FON,YF,SF,faal,TACİRLER PORTFÖY YÖNETİMİ A.Ş.,4028328c77d814510177dd707e934de0,Serbest,unvan
TZT,ZİRAAT PORTFÖY BORÇLANMA ARAÇLARI (TL) FONU,YF,DG,faal,ZİRAAT PORTFÖY YÖNETİMİ A.Ş.,33E5FED7E95B00EAE0530A4A622B2AEA,Borçlanma Araçları,unvan
TZV,ZİRAAT PORTFÖY KISA VADELİ BORÇLANMA ARAÇLARI (TL) FONU,YF,DG,faal,ZİRAAT PORTFÖY YÖNETİMİ A.Ş.,33E5FED7EDF300EAE0530A4A622B2AEA,Kısa Vadeli Borçlanma,unvan
UAB,ÜNLÜ PORTFÖY BONCUK SERBEST (DÖVİZ) ÖZEL FON,YF,SF,faal,ÜNLÜ PORTFÖY YÖNETİMİ A.Ş.,4028328d7da7e96e017dc2351b6f66d5,Serbest,unvan
UAP,ÜNLÜ PORTFÖY ALTINCI SERBEST (DÖVİZ) ÖZEL FON,YF,SF,faal,ÜNLÜ PORTFÖY YÖNETİMİ A.Ş.,4028328c71bc39bd0171c55ade114b1d,Serbest,unvan
UAR,ÜNLÜ PORTFÖY YÖNETİMİ A.Ş. AR-GE GİRİŞİM SERMAYESİ YATIRIM FONU,GSF,DG,faal,ÜNLÜ PORTFÖY YÖNETİMİ A.Ş.,4028328d82b7f20d0182ca55b6f83782,Diğer,unvan
UCG,RE-PIE PORTFÖY YÖNETİMİ A.Ş. SAMPAŞ HOLDİNG ÖZEL GAYRİMENKUL YATIRIM FONU,GMF,DG,faal,RE-PIE PORTFÖY YÖNETİMİ A.Ş.,4028328d68e749b3016975f027831002,Diğer,unvan
UCN,AK PORTFÖY FNM HİSSE SENEDİ SERBEST ÖZEL FON (HİSSE SENEDİ YOĞUN FON),YF,HS,faal,AK PORTFÖY YÖNETİMİ A.Ş.,4028328c88c529ea0188d2f875612740,Hisse Senedi,unvan
UCP,AK PORTFÖY ÜÇÜNCÜ PARA PİYASASI SERBEST (TL) FON,YF,SF,faal,AK PORTFÖY YÖNETİMİ A.Ş.,4028328c998ee9d7019a5e8fc6d87739,Para Piyasası,unvan
UCS,PARDUS PORTFÖY YÖNETİMİ A.Ş. ÜÇÜNCÜ GİRİŞİM SERMAYESİ YATIRIM FONU,GSF,DG,faal,PARDUS PORTFÖY YÖNETİMİ A.Ş.,4028328d8b2fcee7018c7d1df2955bcc,Diğer,unvan
UCY,QİNVEST PORTFÖY YÖNETİMİ A.Ş. ÜÇÜNCÜ GİRİŞİM SERMAYESİ YATIRIM FONU,GSF,DG,faal,ASTRA PORTFÖY YÖNETİMİ A.Ş.,4028328c992f6d570199719db0d040e0,Diğer,unvan
UFH,AZİMUT PORTFÖY EE SERBEST (DÖVİZ) ÖZEL FON,YF,SF,faal,AZİMUT PORTFÖY YÖNETİMİ A.Ş.,4028328d843994da01843cce4c7e083a,Serbest,unvan
UG2,ÜNLÜ PORTFÖY YÖNETİMİ A.Ş. İKİNCİ GAYRİMENKUL YATIRIM FONU,GMF,DG,faal,ÜNLÜ PORTFÖY YÖNETİMİ A.Ş.,4028328c683d658b01686049b6c93f9c,Diğer,unvan
UGF,AZİMUT PORTFÖY YÖNETİMİ A.Ş. ÜÇÜNCÜ GİRİŞİM SERMAYESİ YATIRIM FONU,GSF,DG,faal,AZİMUT PORTFÖY YÖNETİMİ A.Ş.,4028328d9e2771a0019e4f6ae6a601e2,Diğer,unvan
UGP,ANATOLIA GAYRİMENKUL VE GİRİŞİM SERMAYESİ PORTFÖY YÖNETİMİ A.Ş. NEST PROJE GAYRİMENKUL YATIRIM FONU,GMF,DG,faal,ANATOLIA GAYRİMENKUL VE GİRİŞİM SERMAYESİ PORTFÖY YÖNETİMİ A.Ş.,4028328d9e2771a1019e926a82336019,Diğer,unvan
UHL,AZİMUT PORTFÖY ARUNA SERBEST (DÖVİZ) ÖZEL FON,YF,SF,faal,AZİMUT PORTFÖY YÖNETİMİ A.Ş.,4028328d843994da01843ccbdfbe0829,Serbest,unvan
UHN,AK PORTFÖY ÖPY YEDİNCİ SERBEST (DÖVİZ-AVRO) ÖZEL FON,YF,SF,faal,AK PORTFÖY YÖNETİMİ A.Ş.,4028328d8305029d01831be186791992,Serbest,unvan
UHS,ATLAS PORTFÖY ÜÇÜNCÜ HİSSE SENEDİ SERBEST FON (HİSSE SENEDİ YOĞUN FON),YF,HS,faal,ATLAS PORTFÖY YÖNETİMİ A.Ş.,4028328d95959cc60195d19230f95908,Hisse Senedi,unvan
UHV,AK PORTFÖY ÖPY SEKİZİNCİ SERBEST (DÖVİZ) ÖZEL FON,YF,SF,faal,AK PORTFÖY YÖNETİMİ A.Ş.,4028328d8305029d01831be2f42619af,Serbest,unvan
UJG,ÜNLÜ PORTFÖY YÖNETİMİ A.Ş. BİRİNCİ GİRİŞİM SERMAYESİ YATIRIM FONU,GSF,DG,faal,ÜNLÜ PORTFÖY YÖNETİMİ A.Ş.,4028328c7812c9c301783f8a60f168ec,Diğer,unvan
ULH,ÜNLÜ PORTFÖY ONUNCU SERBEST FON,YF,SF,faal,ÜNLÜ PORTFÖY YÖNETİMİ A.Ş.,4028328d7d3c3041017d518f70db3343,Serbest,unvan
ULI,NUROL PORTFÖY YÖNETİMİ A.Ş. İDACAPİTAL İVMELENDİRME GİRİŞİM SERMAYESİ YATIRIM FONU,GSF,DG,faal,NUROL PORTFÖY YÖNETİMİ A.Ş.,4028328d7fd43720017fe06950d00041,Diğer,unvan
ULL,QNB PORTFÖY SEKİZİNCİ SERBEST (DÖVİZ) ÖZEL FON,YF,SF,faal,QNB PORTFÖY YÖNETİMİ A.Ş.,4028328d7d3c3041017d519091733353,Serbest,unvan
UNB,ALBARAKA PORTFÖY YÖNETİMİ A.Ş. UNİFON-BİOTECH GİRİŞİM SERMAYESİ YATIRIM FONU,GSF,DG,faal,ALBARAKA PORTFÖY YÖNETİMİ A.Ş.,4028328c98455aeb0198c160bfa80950,Diğer,unvan
UNC,İŞ PORTFÖY YÖNETİMİ A.Ş.ÜÇÜNCÜ GAYRİMENKUL YATIRIM FONU,GMF,DG,faal,İŞ PORTFÖY YÖNETİMİ A.Ş.,4028328d84686d100184cccc398d1f51,Diğer,unvan
UNG,ÜNLÜ PORTFÖY YÖNETİMİ A.Ş. 212 GİRİŞİM SERMAYESİ YATIRIM FONU,GSF,DG,faal,ÜNLÜ PORTFÖY YÖNETİMİ A.Ş.,4028328c906f3e7c0190dac51bf60185,Diğer,unvan
UNO,İŞ PORTFÖY YÖNETİMİ A.Ş. UNİCON PROJE GAYRİMENKUL YATIRIM FONU,GMF,DG,faal,İŞ PORTFÖY YÖNETİMİ A.Ş.,4028328d976d2b830197a1944a0769cc,Diğer,unvan
UNT,İŞ PORTFÖY ÜÇÜNCÜ SERBEST (TL) FON,YF,SF,faal,İŞ PORTFÖY YÖNETİMİ A.Ş.,4028328c96289c7601963429435e1dfc,Serbest,unvan
UP1,ÜNLÜ PORTFÖY ALTIN FONU,YF,DG,faal,ÜNLÜ PORTFÖY YÖNETİMİ A.Ş.,4028328d84686d100184af1cab602939,Kıymetli Madenler,unvan
UP2,ÜNLÜ PORTFÖY PARA PİYASASI SERBEST FON,YF,SF,faal,ÜNLÜ PORTFÖY YÖNETİMİ A.Ş.,4028328c8588f3010185ba8e058f3712,Para Piyasası,unvan
UPD,ÜNLÜ PORTFÖY DÖRDÜNCÜ SERBEST (DÖVİZ) FON,YF,SF,faal,ÜNLÜ PORTFÖY YÖNETİMİ A.Ş.,4028328c550c744b0155110bf16904a0,Serbest,unvan
UPH,ÜNLÜ PORTFÖY HİSSE SENEDİ (TL) FONU (HİSSE SENEDİ YOĞUN FON),YF,HS,faal,ÜNLÜ PORTFÖY YÖNETİMİ A.Ş.,4028328d65442dfb0165a418fec61a40,Hisse Senedi,unvan
UPP,ÜNLÜ PORTFÖY PARA PİYASASI (TL) FONU,YF,DG,faal,ÜNLÜ PORTFÖY YÖNETİMİ A.Ş.,4028328c6ab78361016bb78152f77047,Para Piyasası,unvan
UPS,ÜNLÜ PORTFÖY SESA SERBEST ÖZEL FON,YF,SF,faal,ÜNLÜ PORTFÖY YÖNETİMİ A.Ş.,4028328c68e7471201696c9d4f8c303e,Serbest,unvan
URA,ATA PORTFÖY ENERJİ DEĞİŞKEN FON,YF,DG,faal,ATA PORTFÖY YÖNETİMİ A.Ş.,4028328d930ceaec0193494ce7773906,Değişken,unvan
URC,AK PORTFÖY ONUNCU SERBEST (DÖVİZ) FON,YF,SF,faal,AK PORTFÖY YÖNETİMİ A.Ş.,4028328d81fdc61c0182638fbe8f31a9,Serbest,unvan
URD,ALBARAKA PORTFÖY ÜÇÜNCÜ KATILIM SERBEST (DÖVİZ-ABD DOLARI) FON,YF,KTF,faal,ALBARAKA PORTFÖY YÖNETİMİ A.Ş.,4028328c992f6d57019970cb5f1e37cd,Katılım,unvan
URG,AK PORTFÖY BİRİNCİ SERBEST (DÖVİZ) ÖZEL FON,YF,SF,faal,AK PORTFÖY YÖNETİMİ A.Ş.,4028328d81fdc61c018263918cf131d2,Serbest,unvan
URM,AK PORTFÖY ÖPY ALTINCI SERBEST (DÖVİZ) ÖZEL FON,YF,SF,faal,AK PORTFÖY YÖNETİMİ A.Ş.,4028328d81fdc61c01826392d26a31e4,Serbest,unvan
URS,AK PORTFÖY ORKİDE SERBEST ÖZEL FON,YF,SF,faal,AK PORTFÖY YÖNETİMİ A.Ş.,4028328d81fdc61c0182639405ed3211,Serbest,unvan
URV,AK PORTFÖY GELİNCİK SERBEST ÖZEL FON,YF,SF,faal,AK PORTFÖY YÖNETİMİ A.Ş.,4028328d81fdc61c01826394b9f63221,Serbest,unvan
URY,ALBARAKA PORTFÖY ÜÇÜNCÜ KATILIM SERBEST (DÖVİZ-AVRO) FON,YF,KTF,faal,ALBARAKA PORTFÖY YÖNETİMİ A.Ş.,4028328c992f6d570199716c87223c96,Katılım,unvan
USDTR,QNB PORTFÖY AMERİKAN DOLARI YABANCI BORSA YATIRIM FONU,BYF,DG,faal,QNB PORTFÖY YÖNETİMİ A.Ş.,33E5FED811BF00EAE0530A4A622B2AEA,Diğer,unvan
USS,AZİMUT PORTFÖY UNİCO SİGORTA SERBEST (TL) ÖZEL FON,YF,SF,faal,AZİMUT PORTFÖY YÖNETİMİ A.Ş.,4028328d86d233be01881e35155934f5,Serbest,unvan
UST,İŞ PORTFÖY ÜÇÜNCÜ SERBEST (TL) ÖZEL FON,YF,DG,faal,İŞ PORTFÖY YÖNETİMİ A.Ş.,4028328c86845fa701869311806536a9,Serbest,unvan
USY,ÜNLÜ PORTFÖY DEĞER YATIRIMLARI SERBEST FON,YF,SF,faal,ÜNLÜ PORTFÖY YÖNETİMİ A.Ş.,33E5FED7EE4700EAE0530A4A622B2AEA,Serbest,unvan
UUG,PARDUS PORTFÖY YÖNETİMİ A.Ş. ÜÇÜNCÜ GAYRİMENKUL YATIRIM FONU,GMF,DG,faal,PARDUS PORTFÖY YÖNETİMİ A.Ş.,4028328c976d29890197a760e59203a9,Diğer,unvan
UYH,ÜNLÜ PORTFÖY DOKUZUNCU SERBEST (TL) FON,YF,SF,faal,ÜNLÜ PORTFÖY YÖNETİMİ A.Ş.,4028328c82b7f02f0182f97244332385,Serbest,unvan
UZY,ÜNLÜ PORTFÖY İKİNCİ İSTATİSTİKSEL ARBİTRAJ SERBEST FON,YF,SF,faal,ÜNLÜ PORTFÖY YÖNETİMİ A.Ş.,4028328c7bf4b5e4017c4ae7d49b76f1,Serbest,unvan
VAY,AK PORTFÖY DEĞER ODAKLI 100 ŞİRKETLERİ HİSSE SENEDİ (TL) FONU (HİSSE SENEDİ YOĞUN FON),YF,HS,faal,AK PORTFÖY YÖNETİMİ A.Ş.,4028328d8b2fcee7018b4d7f003a43e8,Hisse Senedi,unvan
VBI,WAM GAYRİMENKUL VE GİRİŞİM SERMAYESİ PORTFÖY YÖNETİMİ A.Ş. BİRİNCİ PROJE GAYRİMENKUL YATIRIM FONU,GMF,DG,faal,WAM GAYRİMENKUL VE GİRİŞİM SERMAYESİ PORTFÖY YÖNETİMİ A.Ş.,4028328d88c52bc701891f988e950fe6,Diğer,unvan
VBR,WAM GAYRİMENKUL VE GİRİŞİM SERMAYESİ PORTFÖY YÖNETİMİ A.Ş. BİRİNCİ GİRİŞİM SERMAYESİ YATIRIM FONU,GSF,DG,faal,WAM GAYRİMENKUL VE GİRİŞİM SERMAYESİ PORTFÖY YÖNETİMİ A.Ş.,4028328d88c52bc701891f97ba230fc0,Diğer,unvan
VCD,AZİMUT PORTFÖY İKİNCİ SERBEST FON,YF,SF,faal,AZİMUT PORTFÖY YÖNETİMİ A.Ş.,4028328d80e91792018129e3233c3568,Serbest,unvan
VCG,AZİMUT PORTFÖY DÖRDÜNCÜ SERBEST (TL) FON,YF,SF,faal,AZİMUT PORTFÖY YÖNETİMİ A.Ş.,4028328d80e91792018129e41240358d,Serbest,unvan
VCY,AK PORTFÖY ELEKTRİKLİ VE OTONOM ARAÇ TEKNOLOJİLERİ DEĞİŞKEN FON,YF,DG,faal,AK PORTFÖY YÖNETİMİ A.Ş.,4028328c7da7e73c017f2fc9dc5036c5,Değişken,unvan
VEB,TÜRKİYE HAYAT VE EMEKLİLİK A.Ş. KATILIM DENGELİ DEĞİŞKEN EMEKLİLİK YATIRIM FONU,EYF,,faal,TÜRKİYE HAYAT VE EMEKLİLİK A.Ş.,33E5FED7EBA700EAE0530A4A622B2AEA,Katılım,unvan
VED,TÜRKİYE HAYAT VE EMEKLİLİK A.Ş. OKS MUHAFAZAKAR KATILIM DEĞİŞKEN EMEKLİLİK YATIRIM FONU,OKS,DG,faal,TÜRKİYE HAYAT VE EMEKLİLİK A.Ş.,4028328d5c459ee5015cbfe5920520a5,Katılım,unvan
VEG,TÜRKİYE HAYAT VE EMEKLİLİK A.Ş. BİRİNCİ DEĞİŞKEN EMEKLİLİK YATIRIM FONU,EYF,,faal,TÜRKİYE HAYAT VE EMEKLİLİK A.Ş.,33E5FED7EBAF00EAE0530A4A622B2AEA,Değişken,unvan
VEH,TÜRKİYE HAYAT VE EMEKLİLİK A.Ş. HİSSE SENEDİ EMEKLİLİK YATIRIM FONU,EYF,,faal,TÜRKİYE HAYAT VE EMEKLİLİK A.Ş.,33E5FED7EF2B00EAE0530A4A622B2AEA,Hisse Senedi,unvan
VEI,TÜRKİYE HAYAT VE EMEKLİLİK A.Ş. KATKI EMEKLİLİK YATIRIM FONU,EYF,,faal,TÜRKİYE HAYAT VE EMEKLİLİK A.Ş.,33E5FED7EF2F00EAE0530A4A622B2AEA,Diğer,unvan
VEK,TÜRKİYE HAYAT VE EMEKLİLİK A.Ş. STANDART EMEKLİLİK YATIRIM FONU,EYF,,faal,TÜRKİYE HAYAT VE EMEKLİLİK A.Ş.,33E5FED7EF3300EAE0530A4A622B2AEA,Diğer,unvan
VEL,TÜRKİYE HAYAT VE EMEKLİLİK A.Ş. PARA PİYASASI EMEKLİLİK YATIRIM FONU,EYF,,faal,TÜRKİYE HAYAT VE EMEKLİLİK A.Ş.,33E5FED7EF3700EAE0530A4A622B2AEA,Para Piyasası,unvan
VEO,TÜRKİYE HAYAT VE EMEKLİLİK A.Ş. OKS AGRESİF KATILIM DEĞİŞKEN EMEKLİLİK YATIRIM FONU,OKS,DG,faal,TÜRKİYE HAYAT VE EMEKLİLİK A.Ş.,4028328d5c459ee5015cbfe87b3d20d0,Katılım,unvan
VEP,TÜRKİYE HAYAT VE EMEKLİLİK A.Ş. OKS TEMKİNLİ DEĞİŞKEN EMEKLİLİK YATIRIM FONU,OKS,DG,faal,TÜRKİYE HAYAT VE EMEKLİLİK A.Ş.,4028328d5c459ee5015cbfe97b3c20de,Değişken,unvan
VER,TÜRKİYE HAYAT VE EMEKLİLİK A.Ş. KATILIM KATKI EMEKLİLİK YATIRIM  FONU,EYF,,faal,TÜRKİYE HAYAT VE EMEKLİLİK A.Ş.,33E5FED7EF3B00EAE0530A4A622B2AEA,Katılım,unvan
VES,TÜRKİYE HAYAT VE EMEKLİLİK A.Ş. BORÇLANMA ARAÇLARI EMEKLİLİK YATIRIM FONU,EYF,,faal,TÜRKİYE HAYAT VE EMEKLİLİK A.Ş.,33E5FED7EE8F00EAE0530A4A622B2AEA,Borçlanma Araçları,unvan
VET,TÜRKİYE HAYAT VE EMEKLİLİK A.Ş. KAMU DIŞ BORÇLANMA ARAÇLARI EMEKLİLİK YATIRIM FONU,EYF,,faal,TÜRKİYE HAYAT VE EMEKLİLİK A.Ş.,33E5FED7EF3F00EAE0530A4A622B2AEA,Borçlanma Araçları,unvan
VEU,TÜRKİYE HAYAT VE EMEKLİLİK A.Ş. TEMKİNLİ DEĞİŞKEN EMEKLİLİK YATIRIM FONU,EYF,,faal,TÜRKİYE HAYAT VE EMEKLİLİK A.Ş.,33E5FED7EBB300EAE0530A4A622B2AEA,Değişken,unvan
VEV,TÜRKİYE HAYAT VE EMEKLİLİK A.Ş. OKS DENGELİ DEĞİŞKEN EMEKLİLİK YATIRIM FONU,OKS,DG,faal,TÜRKİYE HAYAT VE EMEKLİLİK A.Ş.,4028328d5c459ee5015cbfea4adf20ec,Değişken,unvan
VEY,TÜRKİYE HAYAT VE EMEKLİLİK A.Ş. PARA PİYASASI KATILIM EMEKLİLİK YATIRIM FONU,EYF,,faal,TÜRKİYE HAYAT VE EMEKLİLİK A.Ş.,33E5FED7EBB700EAE0530A4A622B2AEA,Para Piyasası,unvan
VFK,ZİRAAT PORTFÖY İKİNCİ KISA VADELİ KİRA SERTİFİKALARI KATILIM (TL) FONU,YF,KTF,faal,ZİRAAT PORTFÖY YÖNETİMİ A.Ş.,4028328d71bc3c63017293dd353b677a,Kısa Vadeli Borçlanma,unvan
VFO,V PORTFÖY ALTIN KATILIM FONU,YF,KTF,faal,V PORTFÖY YÖNETİMİ A.Ş.,4028328d9d7b24c8019e07bc39222e27,Kıymetli Madenler,unvan
VFS,AZİMUT PORTFÖY AVF SERBEST ÖZEL FON,YF,SF,faal,AZİMUT PORTFÖY YÖNETİMİ A.Ş.,4028328d8ae7c756018b1ed707391619,Serbest,unvan
VG1,NEO PORTFÖY YÖNETİMİ A.Ş. ANKA VENTURES-1 GİRİŞİM SERMAYESİ YATIRIM FONU,GSF,DG,faal,NEO PORTFÖY YÖNETİMİ A.Ş.,4028328c992f6d57019957d7b8e962af,Diğer,unvan
VGA,TÜRKİYE HAYAT VE EMEKLİLİK A.Ş. ALTIN KATILIM EMEKLİLİK YATIRIM FONU,EYF,,faal,TÜRKİYE HAYAT VE EMEKLİLİK A.Ş.,33E5FED7ECEB00EAE0530A4A622B2AEA,Kıymetli Madenler,unvan
VGB,TÜRKİYE HAYAT VE EMEKLİLİK A.Ş. KATILIM STANDART EMEKLİLİK YATIRIM FONU,EYF,,faal,TÜRKİYE HAYAT VE EMEKLİLİK A.Ş.,33E5FED7EBC700EAE0530A4A622B2AEA,Katılım,unvan
VGC,TÜRKİYE HAYAT VE EMEKLİLİK A.Ş.OKS  DİNAMİK DEĞİŞKEN EMEKLİLİK YATIRIM FONU,OKS,DG,faal,TÜRKİYE HAYAT VE EMEKLİLİK A.Ş.,4028328d5c459ee5015cbfeafc5f20fb,Değişken,unvan
VGD,TÜRKİYE HAYAT VE EMEKLİLİK A.Ş. KIYMETLİ MADENLER KATILIM EMEKLİLİK YATIRIM FONU,EYF,,faal,TÜRKİYE HAYAT VE EMEKLİLİK A.Ş.,33E5FED7EBBB00EAE0530A4A622B2AEA,Kıymetli Madenler,unvan
VGE,TÜRKİYE HAYAT VE EMEKLİLİK A.Ş. GÜMÜŞ KATILIM EMEKLİLİK YATIRIM FONU,EYF,KTF,faal,TÜRKİYE HAYAT VE EMEKLİLİK A.Ş.,33E5FED7EBBF00EAE0530A4A622B2AEA,Kıymetli Madenler,unvan
VGF,TÜRKİYE HAYAT VE EMEKLİLİK A.Ş. OKS AGRESİF DEĞİŞKEN EMEKLİLİK YATIRIM FONU,OKS,DG,faal,TÜRKİYE HAYAT VE EMEKLİLİK A.Ş.,4028328d5c459ee5015cbfebb74c2109,Değişken,unvan
VGG,TÜRKİYE HAYAT VE EMEKLİLİK A.Ş. OKS DENGELİ KATILIM DEĞİŞKEN EMEKLİLİK YATIRIM FONU,OKS,DG,faal,TÜRKİYE HAYAT VE EMEKLİLİK A.Ş.,4028328d5c459ee5015cbfe6c3dd20b3,Katılım,unvan
VGH,TÜRKİYE HAYAT VE EMEKLİLİK A.Ş. OKS  ATAK KATILIM DEĞİŞKEN EMEKLİLİK YATIRIM FONU,OKS,DG,faal,TÜRKİYE HAYAT VE EMEKLİLİK A.Ş.,4028328d5c459ee5015cbfe78a7f20c1,Katılım,unvan
VGK,TÜRKİYE HAYAT VE EMEKLİLİK A.Ş. OKS KATILIM STANDART EMEKLİLİK YATIRIM FONU,OKS,DG,faal,TÜRKİYE HAYAT VE EMEKLİLİK A.Ş.,4028328d5fc61027016026e5fc1d0f2c,Katılım,unvan
VGP,TÜRKİYE HAYAT VE EMEKLİLİK A.Ş. TURKCELL GRUBU ÇALIŞANLARINA YÖNELİK PERA 1 DEGİŞKEN GRUP EMEKLİLİK YATIRIM FONU,EYF,,faal,TÜRKİYE HAYAT VE EMEKLİLİK A.Ş.,33E5FED7F0CB00EAE0530A4A622B2AEA,Değişken,unvan
VGT,TÜRKİYE HAYAT VE EMEKLİLİK A.Ş. PERA 2 DEGİŞKEN GRUP EMEKLİLİK YATIRIM FONU,EYF,,faal,TÜRKİYE HAYAT VE EMEKLİLİK A.Ş.,33E5FED7F0CF00EAE0530A4A622B2AEA,Değişken,unvan
VGY,TÜRKİYE HAYAT VE EMEKLİLİK A.Ş. PERA 3 DEGİŞKEN GRUP EMEKLİLİK YATIRIM FONU,EYF,,faal,TÜRKİYE HAYAT VE EMEKLİLİK A.Ş.,33E5FED7F0D300EAE0530A4A622B2AEA,Değişken,unvan
VGZ,TÜRKİYE HAYAT VE EMEKLİLİK A.Ş. OKS STANDART EMEKLİLİK YATIRIM FONU,OKS,DG,faal,TÜRKİYE HAYAT VE EMEKLİLİK A.Ş.,4028328d5fc61027016026e429c50f18,Diğer,unvan
VHK,V PORTFÖY KATILIM HİSSE SENEDİ (TL) FONU (HİSSE SENEDİ YOĞUN FON),YF,HS,faal,V PORTFÖY YÖNETİMİ A.Ş.,4028328d9f52dddd01a032c18c021f5e,Hisse Senedi,unvan
VHS,VAKIF KATILIM PORTFÖY KATILIM HİSSE SENEDİ FONU (HİSSE SENEDİ YOĞUN FON),YF,HS,faal,VAKIF KATILIM PORTFÖY YÖNETİMİ A.Ş.,4028328c9d7b22d2019e2173f03d72ac,Hisse Senedi,unvan
VIK,WAM GAYRİMENKUL VE GİRİŞİM SERMAYESİ PORTFÖY YÖNETİMİ A.Ş. İKİNCİ GAYRİMENKUL YATIRIM FONU,GMF,DG,faal,WAM GAYRİMENKUL VE GİRİŞİM SERMAYESİ PORTFÖY YÖNETİMİ A.Ş.,4028328d88c52bc701891f97f9320fcb,Diğer,unvan
VK6,V PORTFÖY VAKIFBANK PARA PİYASASI (TL) FONU,YF,DG,faal,V PORTFÖY YÖNETİMİ A.Ş.,33E5FED7E94B00EAE0530A4A622B2AEA,Para Piyasası,unvan
VKE,TÜRKİYE HAYAT VE EMEKLİLİK A.Ş.BAŞLANGIÇ KATILIM EMEKLİLİK YATIRIM FONU,OKS,DG,faal,TÜRKİYE HAYAT VE EMEKLİLİK A.Ş.,4028328c594c98f801594ec63c780558,Katılım,unvan
VKI,ALBARAKA PORTFÖY VAKIF KATILIM İKİNCİ KISA VADELİ KATILIM SERBEST (TL) FON,YF,KTF,faal,ALBARAKA PORTFÖY YÖNETİMİ A.Ş.,4028328c887d111a01889603fed1702e,Kısa Vadeli Borçlanma,unvan
VKJ,TÜRKİYE HAYAT VE EMEKLİLİK A.Ş. BAŞLANGIÇ EMEKLİLİK YATIRIM FONU,OKS,DG,faal,TÜRKİYE HAYAT VE EMEKLİLİK A.Ş.,4028328c594c98f801594ec1a7070545,Diğer,unvan
VKK,VAKIF KATILIM PORTFÖY KİRA SERTİFİKALARI KATILIM FONU,YF,KTF,faal,VAKIF KATILIM PORTFÖY YÖNETİMİ A.Ş.,4028328d9d7b24c9019e217172d35d85,Katılım,unvan
VKR,ALBARAKA PORTFÖY İKİNCİ PARA PİYASASI KATILIM FONU,YF,KTF,faal,ALBARAKA PORTFÖY YÖNETİMİ A.Ş.,4028328d7850aacb01785f3e5277467e,Para Piyasası,unvan
VKT,V PORTFÖY VAKIFBANK KISA VADELİ BORÇLANMA ARAÇLARI (TL) FONU,YF,DG,faal,V PORTFÖY YÖNETİMİ A.Ş.,33E5FED7E97B00EAE0530A4A622B2AEA,Kısa Vadeli Borçlanma,unvan
VKV,VAKIF KATILIM PORTFÖY KISA VADELİ KİRA SERTİFİKALARI KATILIM FONU,YF,KTF,faal,VAKIF KATILIM PORTFÖY YÖNETİMİ A.Ş.,4028328d9d7b24c9019e21719b855d92,Kısa Vadeli Borçlanma,unvan
VLT,VAKIF KATILIM PORTFÖY ALTIN KATILIM FONU,YF,KTF,faal,VAKIF KATILIM PORTFÖY YÖNETİMİ A.Ş.,4028328d9d7b24c9019e2171e2fc5dbc,Kıymetli Madenler,unvan
VMG,İSTANBUL PORTFÖY YÖNETİMİ A.Ş. VERA MEKAN GAYRİMENKUL YATIRIM FONU,GMF,DG,faal,İSTANBUL PORTFÖY YÖNETİMİ A.Ş.,4028328d98455cf60198eb3ee9b073c9,Diğer,unvan
VMP,İSTANBUL PORTFÖY YÖNETİMİ A.Ş. VERA MEKAN PROJE GAYRİMENKUL YATIRIM FONU,GMF,DG,faal,İSTANBUL PORTFÖY YÖNETİMİ A.Ş.,4028328d998eebe80199a026e18c70c2,Diğer,unvan
VMV,VEGA PORTFÖY MAVİ SERBEST FON,YF,SF,faal,VEGA PORTFÖY YÖNETİMİ A.Ş.,4028328c8d6db291018de48cd0ae2f8e,Serbest,unvan
VNE,ALBARAKA PORTFÖY YÖNETİMİ A.Ş. AVANE GİRİŞİM SERMAYESİ YATIRIM FONU,GSF,DG,faal,ALBARAKA PORTFÖY YÖNETİMİ A.Ş.,4028328d8e21d0ec018ef036a1b4587b,Diğer,unvan
VNG,WAM GAYRİMENKUL VE GİRİŞİM SERMAYESİ PORTFÖY YÖNETİMİ A.Ş. İKİNCİ GİRİŞİM SERMAYESİ YATIRIM FONU,GSF,DG,faal,WAM GAYRİMENKUL VE GİRİŞİM SERMAYESİ PORTFÖY YÖNETİMİ A.Ş.,4028328d88c52bc701891f9b56ba0ff9,Diğer,unvan
VNK,VEGA PORTFÖY ANKA SERBEST FON,YF,SF,faal,VEGA PORTFÖY YÖNETİMİ A.Ş.,4028328c8d6db291018de48cf5282f99,Serbest,unvan
VNR,İSTANBUL PORTFÖY YÖNETİMİ A.Ş. VANORA GİRİŞİM SERMAYESİ YATIRIM FONU,GSF,DG,faal,İSTANBUL PORTFÖY YÖNETİMİ A.Ş.,4028328d906f407c0190c09dc0c070a3,Diğer,unvan
VPA,VAKIF KATILIM PORTFÖY PARA PİYASASI KATILIM FONU,YF,KTF,faal,VAKIF KATILIM PORTFÖY YÖNETİMİ A.Ş.,4028328d9d7b24c9019e2171c0395da4,Para Piyasası,unvan
VPD,V PORTFÖY BİRİNCİ DEĞİŞKEN FON,YF,DG,faal,V PORTFÖY YÖNETİMİ A.Ş.,4028328d9f52dddd01a032a6a1631d4a,Değişken,unvan
VPE,V PORTFÖY İKİNCİ DEĞİŞKEN FON,YF,DG,faal,V PORTFÖY YÖNETİMİ A.Ş.,4028328d9f52dddd01a032aa9fb71d9e,Değişken,unvan
VPH,V PORTFÖY HİSSE SENEDİ (TL) FONU (HİSSE SENEDİ YOĞUN FON),YF,HS,faal,V PORTFÖY YÖNETİMİ A.Ş.,4028328d9f52dddd01a032c15e0c1f52,Hisse Senedi,unvan
VPP,VEGA PORTFÖY PARLA SERBEST (DÖVİZ) FON,YF,SF,faal,VEGA PORTFÖY YÖNETİMİ A.Ş.,4028328c9af2405e019b466852926d60,Serbest,unvan
VPS,VEGA PORTFÖY SALUR HİSSE SENEDİ SERBEST (TL) FON (HİSSE SENEDİ YOĞUN FON),YF,HS,faal,VEGA PORTFÖY YÖNETİMİ A.Ş.,4028328c9af2405e019b466874956d6b,Hisse Senedi,unvan
VRK,DENİZ PORTFÖY ÇOKLU VARLIK KATILIM FONU,YF,KTF,faal,DENİZ PORTFÖY YÖNETİMİ A.Ş.,4028328d992f6f660199810fe7e20cff,Katılım,unvan
VTF,AZİMUT PORTFÖY VİTA SERBEST ÖZEL FON,YF,SF,faal,AZİMUT PORTFÖY YÖNETİMİ A.Ş.,4028328c8588f3010185ca89d90442bd,Serbest,unvan
VTL,V PORTFÖY KISA VADELİ KİRA SERTİFİKALARI KATILIM (TL) FONU,YF,KTF,faal,V PORTFÖY YÖNETİMİ A.Ş.,4028328d9d7b24c8019e07bc55c52e34,Kısa Vadeli Borçlanma,unvan
VVA,AGESA HAYAT VE EMEKLİLİK A.Ş. OKS AGRESİF DEĞİŞKEN EMEKLİLİK YATIRIM FONU,OKS,DG,faal,AGESA HAYAT VE EMEKLİLİK A.Ş.,4028328d5eed5adf015f96d7fd49316d,Değişken,unvan
VVD,AGESA HAYAT VE EMEKLİLİK A.Ş. OKS DİNAMİK DEĞİŞKEN EMEKLİLİK YATIRIM FONU,OKS,DG,faal,AGESA HAYAT VE EMEKLİLİK A.Ş.,4028328d5eed5adf015f96d91b8531aa,Değişken,unvan
VVE,AGESA HAYAT VE EMEKLİLİK A.Ş. OKS DENGELİ DEĞİŞKEN EMEKLİLİK YATIRIM FONU,OKS,DG,faal,AGESA HAYAT VE EMEKLİLİK A.Ş.,4028328d5eed5adf015f96dd3c8b3227,Değişken,unvan
VVF,NEO PORTFÖY YÖNETİMİ A.Ş. BİRİNCİ GAYRİMENKUL YATIRIM FONU,GMF,DG,faal,NEO PORTFÖY YÖNETİMİ A.Ş.,4028328d6ab78640016ac113d1b42a00,Diğer,unvan
VVG,NEO PORTFÖY YÖNETİMİ A.Ş. NEXT PROPTECH GİRİŞİM SERMAYESİ YATIRIM FONU,GSF,DG,faal,NEO PORTFÖY YÖNETİMİ A.Ş.,4028328d767bb19d0176af072f4e3ab4,Diğer,unvan
VVM,AGESA HAYAT VE EMEKLİLİK A.Ş. OKS MUHAFAZAKAR DEĞİŞKEN EMEKLİLİK YATIRIM FONU,OKS,DG,faal,AGESA HAYAT VE EMEKLİLİK A.Ş.,4028328d5eed5adf015f96de81d23236,Değişken,unvan
VVU,AGESA HAYAT VE EMEKLİLİK A.Ş. OKS DİNAMİK KATILIM DEĞİŞKEN EMEKLİLİK YATIRIM FONU,OKS,DG,faal,AGESA HAYAT VE EMEKLİLİK A.Ş.,4028328d5eed5adf015f96e0b2a1325d,Katılım,unvan
VVZ,AGESA HAYAT VE EMEKLİLİK A.Ş. OKS AGRESİF KATILIM DEĞİŞKEN EMEKLİLİK YATIRIM FONU,OKS,DG,faal,AGESA HAYAT VE EMEKLİLİK A.Ş.,4028328d5eed5adf015f96dfb9883247,Katılım,unvan
VYB,TÜRKİYE HAYAT VE EMEKLİLİK A.Ş. KATILIM HİSSE SENEDİ EMEKLİLİK YATIRIM FONU,EYF,,faal,TÜRKİYE HAYAT VE EMEKLİLİK A.Ş.,4028328c63530c15016446c5d71e3133,Hisse Senedi,unvan
WQQ,FONMAP PORTFÖY YÖNETİMİ A.Ş. BEŞİNCİ PROJE GAYRİMENKUL YATIRIM FONU,GMF,DG,faal,FONMAP PORTFÖY YÖNETİMİ A.Ş.,4028328d9f52dddc019f8887438e08ea,Diğer,unvan
WQX,ASREM GAYRİMENKUL VE GİRİŞİM SERMAYESİ PORTFÖY YÖNETİMİ A.Ş. SEMİ GAYRİMENKUL YATIRIM FONU,GMF,DG,faal,ASREM GAYRİMENKUL VE GİRİŞİM SERMAYESİ PORTFÖY YÖNETİMİ A.Ş.,4028328c9ec11d3d019eda86014a0a29,Diğer,unvan
WWW,TACİRLER PORTFÖY YÖNETİMİ A.Ş. İKİNCİ PROJE GAYRİMENKUL YATIRIM FONU,GMF,DG,faal,TACİRLER PORTFÖY YÖNETİMİ A.Ş.,4028328d9f52dddc01a01022e4163117,Diğer,unvan
WXQ,TUNA PORTFÖY YÖNETİMİ A.Ş. GMSTF KATILIM ÖZEL GAYRİMENKUL YATIRIM FONU,GMF,DG,faal,TUNA PORTFÖY YÖNETİMİ A.Ş.,4028328c9f52dc4001a0610da73775f2,Katılım,unvan
WXW,ASREM GAYRİMENKUL VE GİRİŞİM SERMAYESİ PORTFÖY YÖNETİMİ A.Ş. KUZEY GAYRİMENKUL YATIRIM FONU,GMF,DG,faal,ASREM GAYRİMENKUL VE GİRİŞİM SERMAYESİ PORTFÖY YÖNETİMİ A.Ş.,4028328c9ec11d3d019eda8622550a34,Diğer,unvan
WXX,ANATOLIA GAYRİMENKUL VE GİRİŞİM SERMAYESİ PORTFÖY YÖNETİMİ A.Ş. BEŞİNCİ GİRİŞİM SERMAYESİ YATIRIM FONU,GSF,DG,faal,ANATOLIA GAYRİMENKUL VE GİRİŞİM SERMAYESİ PORTFÖY YÖNETİMİ A.Ş.,4028328c9f0a085b019f40d8ec1f3de6,Diğer,unvan
WZQ,AKFEN GAYRİMENKUL VE GİRİŞİM SERMAYESİ PORTFÖY YÖNETİMİ AŞ BİRİNCİ GİRİŞİM SERMAYESİ YATIRIM FONU,GSF,DG,faal,AKFEN GAYRİMENKUL VE GİRİŞİM SERMAYESİ PORTFÖY YÖNETİMİ A.Ş.,4028328d976d2b8301979c188e8c2bb4,Diğer,unvan
WZX,ZİRAAT PORTFÖY YÖNETİMİ A.Ş. EMLAK KONUT GYO ÖZEL GİRİŞİM SERMAYESİ YATIRIM FONU,GSF,DG,faal,ZİRAAT PORTFÖY YÖNETİMİ A.Ş.,4028328c9f52dc3f01a043a99c986070,Diğer,unvan
XQQ,İNCİR PORTFÖY YÖNETİMİ A.Ş. BİRİNCİ GİRİŞİM SERMAYESİ YATIRIM FONU,GSF,DG,faal,İNCİR PORTFÖY YÖNETİMİ A.Ş.,4028328c9e276fa9019e5e4c401b3918,Diğer,unvan
XQW,ASREM GAYRİMENKUL VE GİRİŞİM SERMAYESİ PORTFÖY YÖNETİMİ A.Ş. KUZEY GİRİŞİM SERMAYESİ YATIRIM FONU,GSF,DG,faal,ASREM GAYRİMENKUL VE GİRİŞİM SERMAYESİ PORTFÖY YÖNETİMİ A.Ş.,4028328c9ec11d3d019eda8661250a4a,Diğer,unvan
XQX,ARGEUS GAYRİMENKUL VE GİRİŞİM SERMAYESİ PORTFÖY YÖNETİMİ A.Ş. ÜÇÜNCÜ GİRİŞİM SERMAYESİ YATIRIM FONU,GSF,DG,faal,ARGEUS GAYRİMENKUL VE GİRİŞİM SERMAYESİ PORTFÖY YÖNETİMİ A.Ş.,4028328d9e2771a0019e8defd1d146a5,Diğer,unvan
XQZ,ARGEUS GAYRİMENKUL VE GİRİŞİM SERMAYESİ PORTFÖY YÖNETİMİ A.Ş. DÖRDÜNCÜ GİRİŞİM SERMAYESİ YATIRIM FONU,GSF,DG,faal,ARGEUS GAYRİMENKUL VE GİRİŞİM SERMAYESİ PORTFÖY YÖNETİMİ A.Ş.,4028328d9e2771a1019e926b39ae6043,Diğer,unvan
XWQ,TUNA PORTFÖY ÖPY PARA PİYASASI ÖZEL FONU,YF,DG,faal,TUNA PORTFÖY YÖNETİMİ A.Ş.,4028328d9f52dddd01a0679737e66694,Para Piyasası,unvan
XWZ,İNCİR PORTFÖY YÖNETİMİ A.Ş. BİRİNCİ PROJE GAYRİMENKUL YATIRIM FONU,GMF,DG,faal,İNCİR PORTFÖY YÖNETİMİ A.Ş.,4028328c9e276fa9019e8d78a22c3252,Diğer,unvan
XXQ,AKTİF PORTFÖY YÖNETİMİ A.Ş. LİMA YAPAY ZEKA GİRİŞİM SERMAYESİ YATIRIM FONU,GSF,DG,faal,AKTİF PORTFÖY YÖNETİMİ A.Ş.,4028328d992f6f660199526855862dfd,Diğer,unvan
XXW,ASREM GAYRİMENKUL VE GİRİŞİM SERMAYESİ PORTFÖY YÖNETİMİ A.Ş. SEMİ GİRİŞİM SERMAYESİ YATIRIM FONU,GSF,DG,faal,ASREM GAYRİMENKUL VE GİRİŞİM SERMAYESİ PORTFÖY YÖNETİMİ A.Ş.,4028328c9ec11d3d019eda8640710a3f,Diğer,unvan
YA1,YAPI KREDİ PORTFÖY BİRİNCİ SERBEST FON,YF,SF,faal,YAPI KREDİ PORTFÖY YÖNETİMİ A.Ş.,4028328d976d2b830197e4424c550a4f,Serbest,unvan
YAC,YAPI KREDİ PORTFÖY İKİNCİ FON SEPETİ FONU,YF,DG,faal,YAPI KREDİ PORTFÖY YÖNETİMİ A.Ş.,4028328c61c473770162056925931d1a,Fon Sepeti,unvan
YAE,YAPI KREDİ PORTFÖY TLREF'E ENDEKSLİ BORÇLANMA ARAÇLARI (TL) FONU,YF,DG,faal,YAPI KREDİ PORTFÖY YÖNETİMİ A.Ş.,4028328d9b827483019c039f823b1d46,Borçlanma Araçları,unvan
YAK,YAPI KREDİ PORTFÖY KARMA FON,YF,DG,faal,YAPI KREDİ PORTFÖY YÖNETİMİ A.Ş.,33E5FED7E4DF00EAE0530A4A622B2AEA,Karma,unvan
YAL,İŞ PORTFÖY YÖNETİMİ A.Ş. YALÇINLAR GAYRİMENKUL YATIRIM FONU,GMF,DG,faal,İŞ PORTFÖY YÖNETİMİ A.Ş.,4028328d9b827483019ba174ca6a3c45,Diğer,unvan
YAN,YAPI KREDİ PORTFÖY BİRİNCİ FON SEPETİ FONU,YF,DG,faal,YAPI KREDİ PORTFÖY YÖNETİMİ A.Ş.,4028328c588b7b750158f873d663522a,Fon Sepeti,unvan
YAR,İŞ PORTFÖY RESAN DEĞİŞKEN ÖZEL FON,YF,DG,faal,İŞ PORTFÖY YÖNETİMİ A.Ş.,33E5FED7E23B00EAE0530A4A622B2AEA,Değişken,unvan
YAS,YAPI KREDİ PORTFÖY KOÇ HOLDİNG  İŞTİRAK VE HİSSE SENEDİ FONU (HİSSE SENEDİ YOĞUN FON),YF,HS,faal,YAPI KREDİ PORTFÖY YÖNETİMİ A.Ş.,33E5FED7E46B00EAE0530A4A622B2AEA,Hisse Senedi,unvan
YAY,YAPI KREDİ PORTFÖY YABANCI TEKNOLOJİ SEKTÖRÜ HİSSE SENEDİ FONU,YF,DG,faal,YAPI KREDİ PORTFÖY YÖNETİMİ A.Ş.,33E5FED7E50300EAE0530A4A622B2AEA,Hisse Senedi,unvan
YAZ,ONE PORTFÖY YÖNETİMİ A.Ş. YAPAY ZEKA KATILIM GİRİŞİM SERMAYESİ YATIRIM FONU,GSF,DG,faal,ONE PORTFÖY YÖNETİMİ A.Ş.,4028328d998eebe80199c3b0889d66da,Katılım,unvan
YBE,YAPI KREDİ PORTFÖY EUROBOND (DOLAR) BORÇLANMA ARAÇLARI FONU,YF,DG,faal,YAPI KREDİ PORTFÖY YÖNETİMİ A.Ş.,33E5FED7E4E700EAE0530A4A622B2AEA,Borçlanma Araçları,unvan
YBH,YAPI KREDİ PORTFÖY 5-15 YIL VADELİ SERBEST (DÖVİZ) FON,YF,SF,faal,YAPI KREDİ PORTFÖY YÖNETİMİ A.Ş.,4028328c93c3b40d0193fde3e7c1245f,Serbest,unvan
YBJ,DENİZ PORTFÖY AYBÜKE SERBEST (DÖVİZ) ÖZEL FON,YF,SF,faal,DENİZ PORTFÖY YÖNETİMİ A.Ş.,4028328c8b2fcee8018d45b765a26e06,Serbest,unvan
YBP,YAPI KREDİ PORTFÖY PY BİRİNCİ DEĞİŞKEN ÖZEL FON,YF,DG,faal,YAPI KREDİ PORTFÖY YÖNETİMİ A.Ş.,33E5FED7E45300EAE0530A4A622B2AEA,Değişken,unvan
YBR,İŞ PORTFÖY YİRMİBİRİNCİ SERBEST (DÖVİZ) FON,YF,SF,faal,İŞ PORTFÖY YÖNETİMİ A.Ş.,4028328d95959cc6019615d11be859db,Serbest,unvan
YBS,YAPI KREDİ PORTFÖY ÖZEL SEKTÖR BORÇLANMA ARAÇLARI FONU,YF,DG,faal,YAPI KREDİ PORTFÖY YÖNETİMİ A.Ş.,33E5FED7E48300EAE0530A4A622B2AEA,Borçlanma Araçları,unvan
YCG,YAPI KREDİ PORTFÖY KARŞIYAKA SERBEST (DÖVİZ) ÖZEL FON,YF,SF,faal,YAPI KREDİ PORTFÖY YÖNETİMİ A.Ş.,4028328c7da7e73b017e9a392eaf281e,Serbest,unvan
YCH,YAPI KREDİ PORTFÖY ODEABANK AYRICALIKLI VE ÖZEL BANKACILIK FON SEPETİ ÖZEL FONU,YF,DG,faal,YAPI KREDİ PORTFÖY YÖNETİMİ A.Ş.,4028328d8305029e018311cc98243f8f,Fon Sepeti,unvan
YCK,YAPI KREDİ PORTFÖY CİHANGİR SERBEST FON,YF,SF,faal,YAPI KREDİ PORTFÖY YÖNETİMİ A.Ş.,4028328d7707357e01778c76f71724d4,Serbest,unvan
YCL,ATA PORTFÖY BEŞİNCİ SERBEST FON,YF,SF,faal,ATA PORTFÖY YÖNETİMİ A.Ş.,4028328d7707357e017790787e177efe,Serbest,unvan
YCP,YAPI KREDİ PORTFÖY BANKACILIK SEKTÖRÜ HİSSE SENEDİ SERBEST FON (HİSSE SENEDİ YOĞUN FON),YF,HS,faal,YAPI KREDİ PORTFÖY YÖNETİMİ A.Ş.,4028328c7f7cb860017f885c247213bb,Hisse Senedi,unvan
YCY,İSTANBUL PORTFÖY KATILIM FON SEPETİ FONU,YF,KTF,faal,İSTANBUL PORTFÖY YÖNETİMİ A.Ş.,4028328d5842e165015843e82e6f152b,Fon Sepeti,unvan
YD1,24 GAYRİMENKUL VE GİRİŞİM SERMAYESİ PORTFÖY YÖNETİMİ A.Ş. ALTIN BAŞAK GAYRİMENKUL YATIRIM FONU,GMF,DG,faal,24 GAYRİMENKUL VE GİRİŞİM SERMAYESİ PORTFÖY YÖNETİMİ A.Ş.,4028328d65fd445501663e3e900b0f0d,Kıymetli Madenler,unvan
YD2,24 GAYRİMENKUL VE GİRİŞİM SERMAYESİ PORTFÖY YÖNETİMİ A.Ş. ALZAMİL KİRA GETİRİLİ GAYRİMENKUL YATIRIM FONU,GMF,DG,faal,24 GAYRİMENKUL VE GİRİŞİM SERMAYESİ PORTFÖY YÖNETİMİ A.Ş.,4028328d65442dfb0165c37d03190ab4,Diğer,unvan
YD3,24 GAYRİMENKUL VE GİRİŞİM SERMAYESİ PORTFÖY YÖNETİMİ A.Ş. PRİMO GAYRİMENKUL YATIRIM FONU,GMF,DG,faal,24 GAYRİMENKUL VE GİRİŞİM SERMAYESİ PORTFÖY YÖNETİMİ A.Ş.,4028328d65442dfb0165c37e524d0adb,Diğer,unvan
YD4,24 GAYRİMENKULVE GİRİŞİM SERMAYESİ PORTFÖY YÖNETİMİ A.Ş. PORTAKAL ÇİÇEĞİ GAYRİMENKUL YATIRIM FONU,GMF,DG,faal,24 GAYRİMENKUL VE GİRİŞİM SERMAYESİ PORTFÖY YÖNETİMİ A.Ş.,4028328c65fd41d801661b0183747a9b,Diğer,unvan
YD5,24 GAYRİMENKUL VE GİRİŞİM SERMAYESİ PORTFÖY YÖNETİMİ A.Ş. A1 GAYRİMENKUL YATIRIM FONU,GMF,DG,faal,24 GAYRİMENKUL VE GİRİŞİM SERMAYESİ PORTFÖY YÖNETİMİ A.Ş.,4028328c65fd41d801661b03d1987ab1,Diğer,unvan
YD7,24 GAYRİMENKUL VE GİRİŞİM SERMAYESİ PORTFÖY YÖNETİMİ A.Ş. KARDELEN GAYRİMENKUL YATIRIM FONU,GMF,DG,faal,24 GAYRİMENKUL VE GİRİŞİM SERMAYESİ PORTFÖY YÖNETİMİ A.Ş.,4028328c67cc93610167f44e63aa1c38,Diğer,unvan
YD8,24 GAYRİMENKUL VE GİRİŞİM SERMAYESİ PORTFÖY YÖNETİMİ A.Ş. E-TİCARET GİRİŞİM SERMAYESİ YATIRIM FONU,GSF,DG,faal,24 GAYRİMENKUL VE GİRİŞİM SERMAYESİ PORTFÖY YÖNETİMİ A.Ş.,4028328c7600748301764c037b8a1c79,Diğer,unvan
YD9,24 GAYRİMENKUL VE GİRİŞİM SERMAYESİ PORTFÖY YÖNETİMİ A.Ş. AVALON GİRİŞİM SERMAYESİ YATIRIM FONU,GSF,DG,faal,24 GAYRİMENKUL VE GİRİŞİM SERMAYESİ PORTFÖY YÖNETİMİ A.Ş.,4028328c7600748301764c0acaee1c88,Diğer,unvan
YDH,AK PORTFÖY İKİNCİ SERBEST ÖZEL FON,YF,SF,faal,AK PORTFÖY YÖNETİMİ A.Ş.,4028328c8e21cef7018ea9093a053e62,Serbest,unvan
YDI,YAPI KREDİ PORTFÖY MODEL PORTFÖY HİSSE SENEDİ FONU (HİSSE SENEDİ YOĞUN FON),YF,HS,faal,YAPI KREDİ PORTFÖY YÖNETİMİ A.Ş.,33E5FED7EDFB00EAE0530A4A622B2AEA,Hisse Senedi,unvan
YDK,YAPI KREDİ PORTFÖY ÇALIŞAN HESAP KISA VADELİ BORÇLANMA ARAÇLARI FONU,YF,DG,faal,YAPI KREDİ PORTFÖY YÖNETİMİ A.Ş.,33E5FED7EA2F00EAE0530A4A622B2AEA,Kısa Vadeli Borçlanma,unvan
YDL,YAPI KREDİ PORTFÖY ADALAR SERBEST (DÖVİZ) ÖZEL FON,YF,SF,faal,YAPI KREDİ PORTFÖY YÖNETİMİ A.Ş.,4028328c8b2fcee7018caf6ed79c5bde,Serbest,unvan
YDM,AZİMUT PORTFÖY 24.0 SERBEST ÖZEL FON,YF,SF,faal,AZİMUT PORTFÖY YÖNETİMİ A.Ş.,4028328d950b6086019523141e9e3225,Serbest,unvan
YDP,YAPI KREDİ PORTFÖY BİRİNCİ DEĞİŞKEN FON,YF,DG,faal,YAPI KREDİ PORTFÖY YÖNETİMİ A.Ş.,33E5FED7E96F00EAE0530A4A622B2AEA,Değişken,unvan
YDZ,YAPI KREDİ PORTFÖY ODEABANK DÖRDÜNCÜ SERBEST (DÖVİZ) ÖZEL FON,YF,SF,faal,YAPI KREDİ PORTFÖY YÖNETİMİ A.Ş.,4028328c7bf4b5e2017cb7a0d0ce14c3,Serbest,unvan
YE1,24 GAYRİMENKUL VE GİRİŞİM SERMAYESİ PORTFÖY YÖNETİMİ A.Ş. DİJİTAL TEKNOLOJİ GİRİŞİM SERMAYESİ YATIRIM FONU,GSF,DG,faal,24 GAYRİMENKUL VE GİRİŞİM SERMAYESİ PORTFÖY YÖNETİMİ A.Ş.,4028328c767baf670176ad9614b85165,Diğer,unvan
YE2,24 GAYRİMENKUL VE GİRİŞİM SERMAYESİ PORTFÖY YÖNETİMİ A.Ş. ALFA GİRİŞİM SERMAYESİ YATIRIM FONU,GSF,DG,faal,24 GAYRİMENKUL VE GİRİŞİM SERMAYESİ PORTFÖY YÖNETİMİ A.Ş.,4028328c7600748301764c0c333a1c97,Diğer,unvan
YE3,24 GAYRİMENKUL VE GİRİŞİM SERMAYESİ PORTFÖY YÖNETİMİ A.Ş. AKASYA GAYRİMENKUL YATIRIM FONU,GMF,DG,faal,24 GAYRİMENKUL VE GİRİŞİM SERMAYESİ PORTFÖY YÖNETİMİ A.Ş.,4028328d7bf4b81c017d0e50be056972,Diğer,unvan
YE4,24 GAYRİMENKUL VE GİRİŞİM SERMAYESİ PORTFÖY YÖNETİMİ A.Ş. SİGMA GİRİŞİM SERMAYESİ YATIRIM FONU,GSF,DG,faal,24 GAYRİMENKUL VE GİRİŞİM SERMAYESİ PORTFÖY YÖNETİMİ A.Ş.,4028328c7da7e73c017e59076bdc405a,Diğer,unvan
YE5,24 GAYRİMENKUL VE GİRİŞİM SERMAYESİ PORTFÖY YÖNETİMİ A.Ş. NOONTECH GİRİŞİM SERMAYESİ YATIRIM FONU,GSF,DG,faal,24 GAYRİMENKUL VE GİRİŞİM SERMAYESİ PORTFÖY YÖNETİMİ A.Ş.,4028328c7da7e73d017f017cf69b7bd5,Diğer,unvan
YE6,24 GAYRİMENKUL VE GİRİŞİM SERMAYESİ PORTFÖY YÖNETİMİ A.Ş. NİLÜFER GAYRİMENKUL YATIRIM FONU,GMF,DG,faal,24 GAYRİMENKUL VE GİRİŞİM SERMAYESİ PORTFÖY YÖNETİMİ A.Ş.,4028328c81fdc4490182258757a5159c,Diğer,unvan
YE7,24 GAYRİMENKUL VE GİRİŞİM SERMAYESİ PORTFÖY YÖNETİMİ A.Ş. PLATİNUM GİRİŞİM SERMAYESİ YATIRIM FONU,GSF,DG,faal,24 GAYRİMENKUL VE GİRİŞİM SERMAYESİ PORTFÖY YÖNETİMİ A.Ş.,4028328c8304fea801834696e3c9145c,Diğer,unvan
YE8,24 GAYRİMENKUL VE GİRİŞİM SERMAYESİ PORTFÖY YÖNETİMİ A.Ş. PREMİUM GİRİŞİM SERMAYESİ YATIRIM FONU,GSF,DG,faal,24 GAYRİMENKUL VE GİRİŞİM SERMAYESİ PORTFÖY YÖNETİMİ A.Ş.,4028328c86d231ff0186ea8a2e83455b,Diğer,unvan
YEF,YAPI KREDİ PORTFÖY BIST 30 ENDEKSİ HİSSE SENEDİ FONU (HİSSE SENEDİ YOĞUN FON),YF,HS,faal,YAPI KREDİ PORTFÖY YÖNETİMİ A.Ş.,33E5FED7E46700EAE0530A4A622B2AEA,Hisse Senedi,unvan
YF1,YAPI KREDİ PORTFÖY YÖNETİMİ A.Ş. BİRİNCİ FON SEPETİ GİRİŞİM SERMAYESİ YATIRIM FONU,GSF,DG,faal,YAPI KREDİ PORTFÖY YÖNETİMİ A.Ş.,4028328c9c4c12c1019c7a473778338b,Fon Sepeti,unvan
YFV,YAPI KREDİ PORTFÖY KİRA SERTİFİKALARI KATILIM FONU,YF,KTF,faal,YAPI KREDİ PORTFÖY YÖNETİMİ A.Ş.,33E5FED7F01700EAE0530A4A622B2AEA,Katılım,unvan
YG1,24 GAYRİMENKUL VE GİRİŞİM SERMAYESİ PORTFÖY YÖNETİMİ A.Ş. LOTUS GAYRİMENKUL YATIRIM FONU,GMF,DG,faal,24 GAYRİMENKUL VE GİRİŞİM SERMAYESİ PORTFÖY YÖNETİMİ A.Ş.,4028328d7610639801764c81445c414c,Diğer,unvan
YG2,24 GAYRİMENKUL VE GİRİŞİM SERMAYESİ PORTFÖY YÖNETİMİ A.Ş. AYÇİÇEĞİ PROJE GAYRİMENKUL YATIRIM FONU,GMF,DG,faal,24 GAYRİMENKUL VE GİRİŞİM SERMAYESİ PORTFÖY YÖNETİMİ A.Ş.,4028328c7bf4b5e3017cc5f1155f71da,Diğer,unvan
YG3,24 GAYRİMENKUL VE GİRİŞİM SERMAYESİ PORTFÖY YÖNETİMİ A.Ş. ERGUVAN PROJE GAYRİMENKUL YATIRIM FONU,GMF,DG,faal,24 GAYRİMENKUL VE GİRİŞİM SERMAYESİ PORTFÖY YÖNETİMİ A.Ş.,4028328d7fd4339b018009b4c39b755e,Diğer,unvan
YG4,24 GAYRİMENKUL VE GİRİŞİM SERMAYESİ PORTFÖY YÖNETİMİ A.Ş. NEMA GİRİŞİM SERMAYESİ YATIRIM FONU,GSF,DG,faal,24 GAYRİMENKUL VE GİRİŞİM SERMAYESİ PORTFÖY YÖNETİMİ A.Ş.,4028328d7fd4339b018009b57c647572,Diğer,unvan
YG5,24 GAYRİMENKUL VE GİRİŞİM SERMAYESİ PORTFÖY YÖNETİMİ A.Ş. FULYA GAYRİMENKUL YATIRIM FONU,GMF,DG,faal,24 GAYRİMENKUL VE GİRİŞİM SERMAYESİ PORTFÖY YÖNETİMİ A.Ş.,4028328d812b6d6b01816256fbc471ee,Diğer,unvan
YG6,24 GAYRİMENKUL VE GİRİŞİM SERMAYESİ PORTFÖY YÖNETİMİ A.Ş. MANOLYA GAYRİMENKUL YATIRIM FONU,GMF,DG,faal,24 GAYRİMENKUL VE GİRİŞİM SERMAYESİ PORTFÖY YÖNETİMİ A.Ş.,4028328c838f7bfd0183d5ab31986eab,Diğer,unvan
YG7,24 GAYRİMENKUL VE GİRİŞİM SERMAYESİ PORTFÖY YÖNETİMİ A.Ş. MENEKŞE GAYRİMENKUL YATIRIM FONU,GMF,DG,faal,24 GAYRİMENKUL VE GİRİŞİM SERMAYESİ PORTFÖY YÖNETİMİ A.Ş.,4028328c838f7bfd0183d5b4c3036efb,Diğer,unvan
YG8,24 GAYRİMENKUL VE GİRİŞİM SERMAYESİ PORTFÖY YÖNETİMİ A.Ş. LALE GAYRİMENKUL YATIRIM FONU,GMF,DG,faal,24 GAYRİMENKUL VE GİRİŞİM SERMAYESİ PORTFÖY YÖNETİMİ A.Ş.,4028328c8a99cab9018ad6cd61b41b74,Diğer,unvan
YG9,24 GAYRİMENKUL VE GİRİŞİM SERMAYESİ PORTFÖY YÖNETİM A.Ş. VEGA GİRİŞİM SERMAYESİ YATIRIM FONU,GSF,DG,faal,24 GAYRİMENKUL VE GİRİŞİM SERMAYESİ PORTFÖY YÖNETİMİ A.Ş.,4028328c8e21cef8018e7f3673950666,Diğer,unvan
YGG,ARGEUS GAYRİMENKUL VE GİRİŞİM SERMAYESİ PORTFÖY YÖNETİMİ A.Ş. YEDİNCİ GAYRİMENKUL YATIRIM FONU,GMF,DG,faal,ARGEUS GAYRİMENKUL VE GİRİŞİM SERMAYESİ PORTFÖY YÖNETİMİ A.Ş.,4028328d950b608701951d15ef2b7211,Diğer,unvan
YGI,ONE PORTFÖY YÖNETİMİ A.Ş. YEDİNCİ GİRİŞİM SERMAYESİ YATIRIM FONU,GSF,DG,faal,ONE PORTFÖY YÖNETİMİ A.Ş.,4028328c998ee9d50199f2ae9b245f79,Diğer,unvan
YGM,YAPI KREDİ PORTFÖY EMTİA SERBEST FON,YF,SF,faal,YAPI KREDİ PORTFÖY YÖNETİMİ A.Ş.,4028328c801ee71c018021dc1af504b5,Serbest,unvan
YGN,YAPI KREDİ PORTFÖY YÖNETİMİ A.Ş. ENTERTECH BİRİNCİ GİRİŞİM SERMAYESİ YATIRIM FONU,GSF,DG,faal,YAPI KREDİ PORTFÖY YÖNETİMİ A.Ş.,4028328d9373bab0019396e46f8a177a,Diğer,unvan
YHB,YAPI KREDİ PORTFÖY BIST 100 DIŞI ŞİRKETLER HİSSE SENEDİ FONU (HİSSE SENEDİ YOĞUN FON),YF,HS,faal,YAPI KREDİ PORTFÖY YÖNETİMİ A.Ş.,4028328c89555baa0189d92d9ddd3678,Hisse Senedi,unvan
YHG,YAPI KREDİ PORTFÖY YÖNETİMİ A.Ş. FRWRD BİRİNCİ GİRİŞİM SERMAYESİ YATIRIM FONU,GSF,DG,faal,YAPI KREDİ PORTFÖY YÖNETİMİ A.Ş.,4028328c86d232000187749f749d58c8,Diğer,unvan
YHI,YAPI KREDİ PORTFÖY İNŞAAT SEKTÖRÜ HİSSE SENEDİ SERBEST (TL) FON (HİSSE SENEDİ YOĞUN FON),YF,HS,faal,YAPI KREDİ PORTFÖY YÖNETİMİ A.Ş.,4028328d93c3b68c01944a316ac93a90,Hisse Senedi,unvan
YHK,YAPI KREDİ PORTFÖY KATILIM HİSSE SENEDİ FONU (HİSSE SENEDİ YOĞUN FON),YF,HS,faal,YAPI KREDİ PORTFÖY YÖNETİMİ A.Ş.,4028328c8e21cef7018e613d88077fbc,Hisse Senedi,unvan
YHP,YAPI KREDİ PORTFÖY KADIKÖY SERBEST FON,YF,SF,faal,YAPI KREDİ PORTFÖY YÖNETİMİ A.Ş.,4028328d7812cbf4017835b585b00cc1,Serbest,unvan
YHS,YAPI KREDİ PORTFÖY BİRİNCİ HİSSE SENEDİ FONU (HİSSE SENEDİ YOĞUN FON),YF,HS,faal,YAPI KREDİ PORTFÖY YÖNETİMİ A.Ş.,33E5FED7E4DB00EAE0530A4A622B2AEA,Hisse Senedi,unvan
YHT,YAPI KREDİ PORTFÖY KISA VADELİ BORÇLANMA ARAÇLARI (TL) FONU,YF,DG,faal,YAPI KREDİ PORTFÖY YÖNETİMİ A.Ş.,33E5FED7E44F00EAE0530A4A622B2AEA,Kısa Vadeli Borçlanma,unvan
YHY,INVEO PORTFÖY YEDİNCİ HİSSE SENEDİ SERBEST FON (HİSSE SENEDİ YOĞUN FON),YF,SF,faal,INVEO PORTFÖY YÖNETİMİ A.Ş.,4028328c919f164a0191dffbb8b93edc,Hisse Senedi,unvan
YHZ,YAPI KREDİ PORTFÖY BIST TEKNOLOJİ AĞIRLIK SINIRLAMALI ENDEKSİ HİSSE SENEDİ FONU (HİSSE SENEDİ YOĞUN FON),YF,HS,faal,YAPI KREDİ PORTFÖY YÖNETİMİ A.Ş.,4028328d7841e2a601784407ccec0631,Hisse Senedi,unvan
YI0,ARZ GAYRİMENKUL VE GİRİŞİM SERMAYESİ PORTFÖY YÖNETİMİ A.Ş. YİRMİNCİ GİRİŞİM SERMAYESİ YATIRIM FONU,GSF,DG,faal,ARZ GAYRİMENKUL VE GİRİŞİM SERMAYESİ PORTFÖY YÖNETİMİ A.Ş.,4028328d9d7b24c9019e25c4aa5c7dee,Diğer,unvan
YIK,YAPI KREDİ PORTFÖY İKİNCİ PARA PİYASASI SERBEST (TL) FON,YF,SF,faal,YAPI KREDİ PORTFÖY YÖNETİMİ A.Ş.,4028328d976d2b830197a1ce775d6bd6,Para Piyasası,unvan
YIS,YAPI KREDİ PORTFÖY İKİNCİ SERBEST ÖZEL FON,YF,SF,faal,YAPI KREDİ PORTFÖY YÖNETİMİ A.Ş.,4028328d98455cf601987e535c986175,Serbest,unvan
YIT,GARANTİ PORTFÖY YARI İLETKEN TEKNOLOJİLERİ DEĞİŞKEN FON,YF,DG,faal,GARANTİ PORTFÖY YÖNETİMİ A.Ş.,4028328c949953a00194d04a116351b0,Değişken,unvan
YIV,YAPI KREDİ PORTFÖY ALLİANZ DEĞİŞKEN ÖZEL FON,YF,DG,faal,YAPI KREDİ PORTFÖY YÖNETİMİ A.Ş.,4028328d7fd4355e017ffdbe82a06e55,Değişken,unvan
YJA,YAPI KREDİ PORTFÖY PY ALSANCAK SERBEST (DÖVİZ) ÖZEL FON,YF,SF,faal,YAPI KREDİ PORTFÖY YÖNETİMİ A.Ş.,4028328c7850aacb0178831872a000f2,Serbest,unvan
YJH,YAPI KREDİ PORTFÖY TEMİZ ENERJİ DEĞİŞKEN FON,YF,DG,faal,YAPI KREDİ PORTFÖY YÖNETİMİ A.Ş.,4028328c7b648351017be82ca1026b42,Değişken,unvan
YJK,YAPI KREDİ PORTFÖY ROBOTİK VE YARI İLETKEN TEKNOLOJİLERİ FON SEPETİ FONU,YF,DG,faal,YAPI KREDİ PORTFÖY YÖNETİMİ A.Ş.,4028328c7b648351017be82b42446b27,Fon Sepeti,unvan
YJU,YAPI KREDİ PORTFÖY PY ULUDAĞ SERBEST (DÖVİZ) ÖZEL FON,YF,SF,faal,YAPI KREDİ PORTFÖY YÖNETİMİ A.Ş.,4028328d7a4e446d017a5837eec6358d,Serbest,unvan
YJY,YAPI KREDİ PORTFÖY YENİKÖY SERBEST (DÖVİZ) FON,YF,SF,faal,YAPI KREDİ PORTFÖY YÖNETİMİ A.Ş.,4028328d7850aacc0178a66b2fe55f8f,Serbest,unvan
YKS,YAPI KREDİ PORTFÖY İSTANBUL SERBEST FON,YF,SF,faal,YAPI KREDİ PORTFÖY YÖNETİMİ A.Ş.,33E5FED7E50700EAE0530A4A622B2AEA,Serbest,unvan
YKT,YAPI KREDİ PORTFÖY ALTIN FONU,YF,DG,faal,YAPI KREDİ PORTFÖY YÖNETİMİ A.Ş.,33E5FED7E4F700EAE0530A4A622B2AEA,Kıymetli Madenler,unvan
YLB,YAPI KREDİ PORTFÖY PARA PİYASASI FONU,YF,DG,faal,YAPI KREDİ PORTFÖY YÖNETİMİ A.Ş.,33E5FED7E4E300EAE0530A4A622B2AEA,Para Piyasası,unvan
YLC,ATA PORTFÖY TARIM VE GIDA DEĞİŞKEN FON,YF,DG,faal,ATA PORTFÖY YÖNETİMİ A.Ş.,4028328c7da7e73c017eb0204cc11f50,Değişken,unvan
YLE,YAPI KREDİ PORTFÖY BİST SÜRDÜRÜLEBİLİRLİK ENDEKSİ HİSSE SENEDİ FONU (HİSSE SENEDİ YOĞUN FON),YF,HS,faal,YAPI KREDİ PORTFÖY YÖNETİMİ A.Ş.,4028328d7da7e96d017e717f81233135,Hisse Senedi,unvan
YLH,YAPI KREDİ PORTFÖY YÖNETİMİ A.Ş. KOÇ TOPLULUĞU ŞİRKETLERİ BİRİNCİ ÖZEL GİRİŞİM SERMAYESİ YATIRIM FONU,GSF,DG,faal,YAPI KREDİ PORTFÖY YÖNETİMİ A.Ş.,4028328d7da7e96e017ddd154e895571,Diğer,unvan
YLO,YAPI KREDİ PORTFÖY ELEKTRİKLİ ARAÇLAR DEĞİŞKEN FON,YF,DG,faal,YAPI KREDİ PORTFÖY YÖNETİMİ A.Ş.,4028328c7da7e73b017f3135f70f4c2e,Değişken,unvan
YLP,İŞ PORTFÖY YÖNETİMİ A.Ş. YALÇINLAR PROJE GAYRİMENKUL YATIRIM FONU,GMF,DG,faal,İŞ PORTFÖY YÖNETİMİ A.Ş.,4028328d9d4a0485019d66b4601a7047,Diğer,unvan
YLR,YAPI KREDİ PORTFÖY AKATLAR SERBEST (DÖVİZ) ÖZEL FON,YF,SF,faal,YAPI KREDİ PORTFÖY YÖNETİMİ A.Ş.,4028328c8b2fcee7018caf6e7f995ba8,Serbest,unvan
YLY,YAPI KREDİ PORTFÖY KAR PAYI ÖDEYEN HİSSE SENEDİ (TL) FONU (HİSSE SENEDİ YOĞUN FON),YF,HS,faal,YAPI KREDİ PORTFÖY YÖNETİMİ A.Ş.,4028328d8588f3000185ecc6f84d0c6b,Hisse Senedi,unvan
YLZ,BULLS PORTFÖY YILDIZ PAZAR ŞİRKETLERİ HİSSE SENEDİ SERBEST FON (HİSSE SENEDİ YOĞUN FON),YF,HS,faal,BULLS PORTFÖY YÖNETİMİ A.Ş.,4028328d998eebe8019a540d02b53038,Hisse Senedi,unvan
YM1,ARZ GAYRİMENKUL VE GİRİŞİM SERMAYESİ PORTFÖY YÖNETİMİ A.Ş. YİRMİBİRİNCİ GİRİŞİM SERMAYESİ YATIRIM FONU,GSF,DG,faal,ARZ GAYRİMENKUL VE GİRİŞİM SERMAYESİ PORTFÖY YÖNETİMİ A.Ş.,4028328c9f52dc4001a04793b6755c21,Diğer,unvan
YMD,YAPI KREDİ PORTFÖY MASLAK SERBEST (DÖVİZ-ABD DOLARI) FON,YF,SF,faal,YAPI KREDİ PORTFÖY YÖNETİMİ A.Ş.,4028328c8588f3010185ca7bf94a41c8,Serbest,unvan
YMH,YAPI KREDİ PORTFÖY MUTLAK GETİRİ HEDEFLİ HİSSE SENEDİ SERBEST FON (HİSSE SENEDİ YOĞUN FON),YF,HS,faal,YAPI KREDİ PORTFÖY YÖNETİMİ A.Ş.,4028328d944ba744019463d401be17e3,Hisse Senedi,unvan
YMP,QNB PORTFÖY YMK PARA PİYASASI (TL) ÖZEL FON,YF,DG,faal,QNB PORTFÖY YÖNETİMİ A.Ş.,4028328d9d7b24c9019d858ad5fe062a,Para Piyasası,unvan
YNF,AK PORTFÖY AKBANK YENİ NESİL FON SEPETİ ÖZEL FONU,YF,DG,faal,AK PORTFÖY YÖNETİMİ A.Ş.,4028328c9ec11d3d019edf932c052e11,Fon Sepeti,unvan
YNK,YAPI KREDİ PORTFÖY NİŞANTAŞI KAR PAYI ÖDEYEN SERBEST (DÖVİZ) FON,YF,SF,faal,YAPI KREDİ PORTFÖY YÖNETİMİ A.Ş.,4028328d8588f3000185e7f675394f14,Serbest,unvan
YNL,YAPI KREDİ PORTFÖY CADDEBOSTAN SERBEST (DÖVİZ) ÖZEL FON,YF,SF,faal,YAPI KREDİ PORTFÖY YÖNETİMİ A.Ş.,4028328d81fdc61c018259d7b913644c,Serbest,unvan
YOA,YAPI KREDİ PORTFÖY PY BORÇLANMA ARAÇLARI (DÖVİZ) ÖZEL FONU,YF,DG,faal,YAPI KREDİ PORTFÖY YÖNETİMİ A.Ş.,4028328c551532fa0155154330f70021,Borçlanma Araçları,unvan
YOR,24 GAYRİMENKUL VE GİRİŞİM SERMAYESİ PORTFÖY YÖNETİMİ A.Ş. ORKİDE PROJE GAYRİMENKUL YATIRIM FONU,GMF,DG,faal,24 GAYRİMENKUL VE GİRİŞİM SERMAYESİ PORTFÖY YÖNETİMİ A.Ş.,4028328d8e21d0eb018f2ed010b8226b,Diğer,unvan
YOS,YAPI KREDİ PORTFÖY ODEABANK SERBEST (DÖVİZ-AVRO) ÖZEL FON,YF,SF,faal,YAPI KREDİ PORTFÖY YÖNETİMİ A.Ş.,4028328c998ee9d7019a5ecf576404a4,Serbest,unvan
YOT,YAPI KREDİ PORTFÖY BORÇLANMA ARAÇLARI FONU,YF,DG,faal,YAPI KREDİ PORTFÖY YÖNETİMİ A.Ş.,33E5FED7E47300EAE0530A4A622B2AEA,Borçlanma Araçları,unvan
YOZ,DENİZ PORTFÖY YAKAMOZ SERBEST (DÖVİZ) FON,YF,SF,faal,DENİZ PORTFÖY YÖNETİMİ A.Ş.,4028328d992f6f660199811019830d0e,Serbest,unvan
YP1,YAPI KREDİ PORTFÖY PY GÜMÜŞSUYU SERBEST (DÖVİZ) ÖZEL FON,YF,SF,faal,YAPI KREDİ PORTFÖY YÖNETİMİ A.Ş.,4028328d84686d110184859f572c7e68,Serbest,unvan
YP2,YAPI KREDİ PORTFÖY PERA SERBEST (DÖVİZ) ÖZEL FON,YF,SF,faal,YAPI KREDİ PORTFÖY YÖNETİMİ A.Ş.,4028328c84686b40018485a941ac6acc,Serbest,unvan
YP4,YAPI KREDİ PORTFÖY FERİKÖY SERBEST (DÖVİZ) FON,YF,SF,faal,YAPI KREDİ PORTFÖY YÖNETİMİ A.Ş.,4028328d84686d1101850f4ea8b517f5,Serbest,unvan
YP9,24 GAYRİMENKUL VE GİRİŞİM SERMAYESİ PORTFÖY YÖNETİMİ A.Ş. JÜPİTER GİRİŞİM SERMAYESİ YATIRIM FONU,GSF,DG,faal,24 GAYRİMENKUL VE GİRİŞİM SERMAYESİ PORTFÖY YÖNETİMİ A.Ş.,4028328c8b2fcee7018c10a3373937e9,Diğer,unvan
YPC,YAPI KREDİ PORTFÖY SÜRDÜRÜLEBİLİRLİK DEĞİŞKEN FON,YF,DG,faal,YAPI KREDİ PORTFÖY YÖNETİMİ A.Ş.,4028328c819d4b9d0181f747cd532c28,Değişken,unvan
YPD,YAPI KREDİ PORTFÖY ALARA SERBEST (DÖVİZ) ÖZEL FON,YF,SF,faal,YAPI KREDİ PORTFÖY YÖNETİMİ A.Ş.,4028328d819d4b9d0181dd22a3eb6801,Serbest,unvan
YPF,YAPI KREDİ PORTFÖY ALFA SERBEST FON,YF,SF,faal,YAPI KREDİ PORTFÖY YÖNETİMİ A.Ş.,33E5FED7F0FF00EAE0530A4A622B2AEA,Serbest,unvan
YPI,YAPI KREDİ PORTFÖY PY GÖZTEPE SERBEST (DÖVİZ) ÖZEL FON,YF,SF,faal,YAPI KREDİ PORTFÖY YÖNETİMİ A.Ş.,4028328c90effe4c019127aeb4d1157c,Serbest,unvan
YPK,YAPI KREDİ PORTFÖY GALATA SERBEST FON,YF,SF,faal,YAPI KREDİ PORTFÖY YÖNETİMİ A.Ş.,33E5FED7F10300EAE0530A4A622B2AEA,Serbest,unvan
YPL,YAPI KREDİ PORTFÖY BALAT SERBEST (DÖVİZ) FON,YF,SF,faal,YAPI KREDİ PORTFÖY YÖNETİMİ A.Ş.,4028328d63530eab0163b66ab59b2368,Serbest,unvan
YPN,İŞ PORTFÖY YİRMİNCİ SERBEST (DÖVİZ-POUND) FON,YF,SF,faal,İŞ PORTFÖY YÖNETİMİ A.Ş.,4028328c944ba53d019464d313a32d30,Serbest,unvan
YPP,YAPI KREDİ PORTFÖY PY KUZGUNCUK SERBEST ÖZEL FON,YF,SF,faal,YAPI KREDİ PORTFÖY YÖNETİMİ A.Ş.,4028328c6233239d016290d7f867385d,Serbest,unvan
YPR,AZİMUT PORTFÖY YILDIZ PAZAR ŞİRKETLERİ HİSSE SENEDİ FONU (HİSSE SENEDİ YOĞUN FON),YF,HS,faal,AZİMUT PORTFÖY YÖNETİMİ A.Ş.,4028328d95959cc70195aee3683f1c16,Hisse Senedi,unvan
YPT,YAPI KREDİ PORTFÖY PARA PİYASASI SERBEST (TL) FON,YF,SF,faal,YAPI KREDİ PORTFÖY YÖNETİMİ A.Ş.,4028328d8563fe9f01857c07d0735caa,Para Piyasası,unvan
YPU,YAPI KREDİ PORTFÖY SERBEST (DÖVİZ-POUND) FON,YF,SF,faal,YAPI KREDİ PORTFÖY YÖNETİMİ A.Ş.,4028328d976d2b830197a1cec6ff6be5,Serbest,unvan
YPV,YAPI KREDİ PORTFÖY ÜÇÜNCÜ FON SEPETİ FONU,YF,DG,faal,YAPI KREDİ PORTFÖY YÖNETİMİ A.Ş.,4028328d71798498017186ea188635e8,Fon Sepeti,unvan
YPZ,YAPI KREDİ PORTFÖY PY LEVENT SERBEST ÖZEL FON,YF,SF,faal,YAPI KREDİ PORTFÖY YÖNETİMİ A.Ş.,4028328c77e3f8e80178015e08066dbe,Serbest,unvan
YRN,24 GAYRİMENKUL VE GİRİŞİM SERMAYESİ PORTFÖY YÖNETİMİ A.Ş. URANUS GİRİŞİM SERMAYESİ YATIRIM FONU,GSF,DG,faal,24 GAYRİMENKUL VE GİRİŞİM SERMAYESİ PORTFÖY YÖNETİMİ A.Ş.,4028328c919f164b019289dd846c667d,Diğer,unvan
YRT,İSTANBUL PORTFÖY YÖNETİMİ A.Ş.YARININ TEKNOLOJİSİ GİRİŞİM SERMAYESİ YATIRIM FONU,GSF,DG,faal,İSTANBUL PORTFÖY YÖNETİMİ A.Ş.,4028328d8029261b0180b33dd9124f5e,Diğer,unvan
YRZ,YAPI KREDİ PORTFÖY ŞUBAT 2027 KAR PAYI ÖDEYEN SERBEST (DÖVİZ) FON,YF,SF,faal,YAPI KREDİ PORTFÖY YÖNETİMİ A.Ş.,4028328d949955a90194b78e70c22c38,Serbest,unvan
YSA,YAPI KREDİ PORTFÖY SUADİYE SERBEST (DÖVİZ) FON,YF,SF,faal,YAPI KREDİ PORTFÖY YÖNETİMİ A.Ş.,4028328d998eebe8019a924588bd56e5,Serbest,unvan
YSF,YAPI KREDİ PORTFÖY PY DRAGOS SERBEST (DÖVİZ) ÖZEL FON,YF,SF,faal,YAPI KREDİ PORTFÖY YÖNETİMİ A.Ş.,4028328c588c1d620158d95dee400d77,Serbest,unvan
YSH,YAPI KREDİ PORTFÖY BÜYÜK ÖLÇEKLİ ŞİRKETLER DEĞİŞKEN FON,YF,DG,faal,YAPI KREDİ PORTFÖY YÖNETİMİ A.Ş.,4028328d9e9b8f9d019eb1a59edb0af7,Değişken,unvan
YSL,YAPI KREDİ PORTFÖY KAR PAYI ÖDEYEN KİRA SERTİFİKALARI KATILIM SERBEST (DÖVİZ) FON,YF,KTF,faal,YAPI KREDİ PORTFÖY YÖNETİMİ A.Ş.,4028328c86d232000187703dbc86361e,Katılım,unvan
YSN,ROTA PORTFÖY YÖNETİMİ A.Ş. YEŞİL ENERJİ TEKNOLOJİLERİ GİRİŞİM SERMAYESİ YATIRIM FONU,GSF,DG,faal,ROTA PORTFÖY YÖNETİMİ A.Ş.,4028328c9373b8ac019391b5bb487da9,Diğer,unvan
YSO,YAPI KREDİ PORTFÖY SAĞLIK SEKTÖRÜ SERBEST FON,YF,SF,faal,YAPI KREDİ PORTFÖY YÖNETİMİ A.Ş.,4028328d93c3b68c019449e5082f36be,Serbest,unvan
YSU,YAPI KREDİ PORTFÖY ÜÇÜNCÜ DEĞİŞKEN FON,YF,DG,faal,YAPI KREDİ PORTFÖY YÖNETİMİ A.Ş.,33E5FED7EE9300EAE0530A4A622B2AEA,Değişken,unvan
YSZ,FT GAYRİMENKUL VE GİRİŞİM SERMAYESİ PORTFÖY YÖNETİMİ A.Ş. FYSZ KATILIM GAYRİMENKUL YATIRIM FONU,GMF,DG,faal,FT GAYRİMENKUL VE GİRİŞİM SERMAYESİ PORTFÖY YÖNETİMİ A.Ş.,4028328c98455aea0198f633440c03f3,Katılım,unvan
YTC,YAPI KREDİ PORTFÖY TEMMUZ 2026 SERBEST (DÖVİZ-POUND) FON,YF,SF,faal,YAPI KREDİ PORTFÖY YÖNETİMİ A.Ş.,4028328d969f29540196f87a20ca5e68,Serbest,unvan
YTD,YAPI KREDİ PORTFÖY YABANCI FON SEPETİ FONU,YF,DG,faal,YAPI KREDİ PORTFÖY YÖNETİMİ A.Ş.,33E5FED7E4F300EAE0530A4A622B2AEA,Fon Sepeti,unvan
YTJ,YAPI KREDİ PORTFÖY DUDULLU SERBEST (DÖVİZ) ÖZEL FON,YF,SF,faal,YAPI KREDİ PORTFÖY YÖNETİMİ A.Ş.,4028328c7f7cb860017fac52dc5361c9,Serbest,unvan
YTO,YAPI KREDİ PORTFÖY TOPHANE PARK SERBEST (DÖVİZ) ÖZEL FON,YF,SF,faal,YAPI KREDİ PORTFÖY YÖNETİMİ A.Ş.,4028328d93c3b68c0193cff2aca220df,Serbest,unvan
YTR,YAPI KREDİ PORTFÖY LARA SERBEST (DÖVİZ-AVRO) ÖZEL FON,YF,SF,faal,YAPI KREDİ PORTFÖY YÖNETİMİ A.Ş.,4028328d819d4b9d0181a5365b1b0af9,Serbest,unvan
YTV,YAPI KREDİ PORTFÖY TARIM DEĞİŞKEN FON,YF,DG,faal,YAPI KREDİ PORTFÖY YÖNETİMİ A.Ş.,4028328c86d231ff0187c2bc93bd3a6f,Değişken,unvan
YTY,YAPI KREDİ PORTFÖY TARABYA SERBEST (DÖVİZ-AVRO) FON,YF,SF,faal,YAPI KREDİ PORTFÖY YÖNETİMİ A.Ş.,4028328d8e21d0eb018e56649b9d5e49,Serbest,unvan
YUB,YAPI KREDİ PORTFÖY KARAKÖY HİSSE SENEDİ SERBEST FON (HİSSE SENEDİ YOĞUN FON),YF,HS,faal,YAPI KREDİ PORTFÖY YÖNETİMİ A.Ş.,4028328c81fdc4490182694c263f4a42,Hisse Senedi,unvan
YUD,YAPI KREDİ PORTFÖY BODRUM SERBEST (DÖVİZ) ÖZEL FON,YF,SF,faal,YAPI KREDİ PORTFÖY YÖNETİMİ A.Ş.,4028328d812b6aea0181428c8abb6013,Serbest,unvan
YUI,YAPI KREDİ PORTFÖY BEYKOZ SERBEST FON,YF,SF,faal,YAPI KREDİ PORTFÖY YÖNETİMİ A.Ş.,4028328c81fdc44901826949d144499a,Serbest,unvan
YUK,YAPI KREDİ PORTFÖY ÜSKÜDAR KAR PAYI ÖDEYEN SERBEST (DÖVİZ) FON,YF,SF,faal,YAPI KREDİ PORTFÖY YÖNETİMİ A.Ş.,4028328d8f3f7793018f86fb273c2442,Serbest,unvan
YUN,YAPI KREDİ PORTFÖY İSTİNYE SERBEST (DÖVİZ)  FON,YF,SF,faal,YAPI KREDİ PORTFÖY YÖNETİMİ A.Ş.,4028328d812b6d6b0181628cc30d74e8,Serbest,unvan
YUY,YAPI KREDİ PORTFÖY ALLİANZ KAR PAYI ÖDEYEN SERBEST (TL) ÖZEL FON,YF,SF,faal,YAPI KREDİ PORTFÖY YÖNETİMİ A.Ş.,4028328d812b6d6b018162872c1b74b1,Serbest,unvan
YVB,YAPI KREDİ PORTFÖY UZUN VADELİ BORÇLANMA ARAÇLARI FONU,YF,DG,faal,YAPI KREDİ PORTFÖY YÖNETİMİ A.Ş.,4028328c93c3b40d01944aad6ba3490a,Borçlanma Araçları,unvan
YVD,YAPI KREDİ PORTFÖY İKİNCİ PARA PİYASASI (TL) FONU,YF,DG,faal,YAPI KREDİ PORTFÖY YÖNETİMİ A.Ş.,4028328d812b6c2f018186ac80e66a37,Para Piyasası,unvan
YVF,YAPI KREDİ PORTFÖY ETİLER SERBEST (DÖVİZ) ÖZEL FON,YF,SF,faal,YAPI KREDİ PORTFÖY YÖNETİMİ A.Ş.,4028328c802924490180d79ea7270d17,Serbest,unvan
YVG,YAPI KREDİ PORTFÖY SARIYER SERBEST (DÖVİZ-AVRO) FON,YF,SF,faal,YAPI KREDİ PORTFÖY YÖNETİMİ A.Ş.,4028328c7d3c2e71017d80ac847803df,Serbest,unvan
YVO,YAPI KREDİ PORTFÖY NİLÜFER SERBEST (DÖVİZ) ÖZEL FON,YF,SF,faal,YAPI KREDİ PORTFÖY YÖNETİMİ A.Ş.,4028328c819d4b9d0181aa7d73502e92,Serbest,unvan
YVS,YAPI KREDİ PORTFÖY BEYOĞLU SERBEST (DÖVİZ) ÖZEL FON,YF,SF,faal,YAPI KREDİ PORTFÖY YÖNETİMİ A.Ş.,4028328c819d4b9d0181aa81ed962ed3,Serbest,unvan
YYF,İŞ PORTFÖY YÖNETİMİ A.Ş. YEDİNCİ GAYRİMENKUL YATIRIM FONU,GMF,DG,faal,İŞ PORTFÖY YÖNETİMİ A.Ş.,4028328d8f3f7793018f710cf45b04c4,Diğer,unvan
YZA,24 GAYRİMENKUL VE GİRİŞİM SERMAYESİ PORTFÖY YÖNETİMİ A.Ş. ZAMBAK PROJE GAYRİMENKUL YATIRIM FONU,GMF,DG,faal,24 GAYRİMENKUL VE GİRİŞİM SERMAYESİ PORTFÖY YÖNETİMİ A.Ş.,4028328d8e21d0eb018f2ecfdedc2251,Diğer,unvan
YZC,YAPI KREDİ PORTFÖY FİNTECH VE BLOCKCHAİN TEKNOLOJİLERİ DEĞİŞKEN FON,YF,DG,faal,YAPI KREDİ PORTFÖY YÖNETİMİ A.Ş.,4028328c7da7e73b017e24fa8f17489d,Değişken,unvan
YZD,ALLIANZ YAŞAM VE EMEKLİLİK A.Ş. TEKNOLOJİ SEKTÖRÜ FON SEPETİ EMEKLİLİK YATIRIM FONU,EYF,,faal,ALLIANZ YAŞAM VE EMEKLİLİK A.Ş.,4028328c7bf4b5e4017d375e31720bb5,Fon Sepeti,unvan
YZF,YAPI KREDİ PORTFÖY PY ERENKÖY SERBEST (DÖVİZ) ÖZEL FON,YF,SF,faal,YAPI KREDİ PORTFÖY YÖNETİMİ A.Ş.,4028328d70abc4de01713103b3674a7f,Serbest,unvan
YZG,YAPI KREDİ PORTFÖY GÜMÜŞ FON SEPETİ FONU,YF,DG,faal,YAPI KREDİ PORTFÖY YÖNETİMİ A.Ş.,4028328c767baf670176b26235d366be,Fon Sepeti,unvan
YZH,TEB PORTFÖY BIST BANKA ENDEKSİ HİSSE SENEDİ FONU (HİSSE SENEDİ YOĞUN FON),YF,HS,faal,TEB PORTFÖY YÖNETİMİ A.Ş.,4028328c76e300460176f5df3cba0587,Hisse Senedi,unvan
YZK,YAPI KREDİ PORTFÖY KALAMIŞ SERBEST FON,YF,SF,faal,YAPI KREDİ PORTFÖY YÖNETİMİ A.Ş.,4028328d767bb19c0176d7e94cff5f71,Serbest,unvan
YZL,YAPI KREDİ PORTFÖY PY ÇAMLICA SERBEST ÖZEL FON,YF,SF,faal,YAPI KREDİ PORTFÖY YÖNETİMİ A.Ş.,4028328c8304fea801838e7dff257d8e,Serbest,unvan
YZT,AK PORTFÖY YAPAY ZEKA TEKNOLOJİLERİ ŞİRKETLERİ DEĞİŞKEN FON,YF,DG,faal,AK PORTFÖY YÖNETİMİ A.Ş.,4028328d9e2771a0019e5039c3871649,Değişken,unvan
Z30EA,ZİRAAT PORTFÖY BIST 30 EŞİT AĞIRLIKLI ENDEKSİ HİSSE SENEDİ YOĞUN BORSA YATIRIM FONU,BYF,HS,faal,ZİRAAT PORTFÖY YÖNETİMİ A.Ş.,4028328c72f8dbc50173481b80ce5737,Hisse Senedi,unvan
Z30KE,ZİRAAT PORTFÖY BIST KATILIM 30 EŞİT AĞIRLIKLI ENDEKSİ HİSSE SENEDİ YOĞUN BORSA YATIRIM FONU,BYF,HS,faal,ZİRAAT PORTFÖY YÖNETİMİ A.Ş.,4028328d74f01f560175547cf2897cfe,Hisse Senedi,unvan
Z30KP,ZİRAAT PORTFÖY BIST KATILIM 30 ENDEKSİ HİSSE SENEDİ YOĞUN BORSA YATIRIM FONU,BYF,HS,faal,ZİRAAT PORTFÖY YÖNETİMİ A.Ş.,4028328d74f01f5601755478ed0d7cc3,Hisse Senedi,unvan
ZA2,KUVEYT TÜRK PORTFÖY İKİNCİ SEPET HESAP PARA PİYASASI KATILIM FONU,YF,KTF,faal,KUVEYT TÜRK PORTFÖY YÖNETİMİ A.Ş.,4028328d919f18490191c2045a541337,Para Piyasası,unvan
ZAD,KUVEYT TÜRK PORTFÖY SEPET HESAP KATILIM SERBEST (DÖViZ) FON,YF,KTF,faal,KUVEYT TÜRK PORTFÖY YÖNETİMİ A.Ş.,4028328d919f184b01929f7bf3265a26,Katılım,unvan
ZAV,ZİRAAT PORTFÖY BAŞAK SERBEST (DÖVİZ-AVRO) FON,YF,SF,faal,ZİRAAT PORTFÖY YÖNETİMİ A.Ş.,4028328c930ce8de01936dea7ca96cfb,Serbest,unvan
ZAY,KUVEYT TÜRK PORTFÖY SEPET HESAP PARA PİYASASI KATILIM (TL) FONU,YF,KTF,faal,KUVEYT TÜRK PORTFÖY YÖNETİMİ A.Ş.,4028328c71bc39bd0172080b0b7b3145,Para Piyasası,unvan
ZB5,AZİMUT PORTFÖY YÖNETİMİ A.Ş. BEŞİNCİ GİRİŞİM SERMAYESİ YATIRIM FONU,GSF,DG,faal,AZİMUT PORTFÖY YÖNETİMİ A.Ş.,4028328c9f52dc4001a05ce7e87b564c,Diğer,unvan
ZB6,AZİMUT PORTFÖY YÖNETİMİ A.Ş. ALTINCI GİRİŞİM SERMAYESİ YATIRIM FONU,GSF,DG,faal,AZİMUT PORTFÖY YÖNETİMİ A.Ş.,4028328c9f52dc4001a05ce7a9b2563f,Diğer,unvan
ZBD,ZİRAAT PORTFÖY DENGELİ DEĞİŞKEN FON,YF,DG,faal,ZİRAAT PORTFÖY YÖNETİMİ A.Ş.,33E5FED7E6D700EAE0530A4A622B2AEA,Değişken,unvan
ZBI,ZİRAAT PORTFÖY TEMKİNLİ KATILIM FONU,YF,KTF,faal,ZİRAAT PORTFÖY YÖNETİMİ A.Ş.,4028328d8f3f7793018fc4b6733d047a,Katılım,unvan
ZBJ,ZİRAAT PORTFÖY BAŞAK PARA PİYASASI (TL) FONU,YF,DG,faal,ZİRAAT PORTFÖY YÖNETİMİ A.Ş.,4028328c7da7e73c017e24e78e0a77fd,Para Piyasası,unvan
ZBN,ZİRAAT PORTFÖY HİSSE SENEDİ SERBEST (TL) FON (HİSSE SENEDİ YOĞUN FON),YF,HS,faal,ZİRAAT PORTFÖY YÖNETİMİ A.Ş.,4028328c7da7e73b017e76809ebf2a2a,Hisse Senedi,unvan
ZBO,ZİRAAT PORTFÖY MUTLAK GETİRİ HEDEFLİ HİSSE SENEDİ SERBEST FON (HİSSE SENEDİ YOĞUN FON),YF,HS,faal,ZİRAAT PORTFÖY YÖNETİMİ A.Ş.,4028328c7da7e73b017e767f34e72a1a,Hisse Senedi,unvan
ZBU,ZİRAAT PORTFÖY YÖNETİMİ A.Ş. BİONOVA ÖZEL GİRİŞİM SERMAYESİ YATIRIM FONU,GSF,DG,faal,ZİRAAT PORTFÖY YÖNETİMİ A.Ş.,4028328d9aaa2dfa019ac58eb4340530,Diğer,unvan
ZBZ,ZİRAAT PORTFÖY GÜLLÜ SERBEST (DÖVİZ) ÖZEL FON,YF,SF,faal,ZİRAAT PORTFÖY YÖNETİMİ A.Ş.,4028328c7da7e73b017e767e2b3e2a0a,Serbest,unvan
ZCA,ZİRAAT PORTFÖY ÖPY BİRİNCİ SERBEST (TL) ÖZEL FON,YF,SF,faal,ZİRAAT PORTFÖY YÖNETİMİ A.Ş.,4028328c8288ba6a0182a087ab652042,Serbest,unvan
ZCB,ZİRAAT PORTFÖY MGN SERBEST (DÖVİZ) ÖZEL FON,YF,SF,faal,ZİRAAT PORTFÖY YÖNETİMİ A.Ş.,4028328c8288ba6a0182b1310ca140cc,Serbest,unvan
ZCC,ZİRAAT PORTFÖY DURUSU SERBEST (DÖVİZ) ÖZEL FON,YF,SF,faal,ZİRAAT PORTFÖY YÖNETİMİ A.Ş.,4028328c8288ba6a0182b12dbd7a4078,Serbest,unvan
ZCD,ZİRAAT PORTFÖY ALTINCI SERBEST (TL) FON,YF,SF,faal,ZİRAAT PORTFÖY YÖNETİMİ A.Ş.,4028328c82b7f0300182e963b4612fef,Serbest,unvan
ZCE,ZİRAAT PORTFÖY TÜRK ALTIN SERBEST (TL) ÖZEL FON,YF,SF,faal,ZİRAAT PORTFÖY YÖNETİMİ A.Ş.,4028328c82b7f0300182e964cd7b2fff,Kıymetli Madenler,unvan
ZCF,ZİRAAT PORTFÖY MKA SERBEST (TL) ÖZEL FON,YF,SF,faal,ZİRAAT PORTFÖY YÖNETİMİ A.Ş.,4028328c82b7f0300182e965e433300f,Serbest,unvan
ZCG,ZİRAAT PORTFÖY DOKUZUNCU SERBEST (TL) FON,YF,SF,faal,ZİRAAT PORTFÖY YÖNETİMİ A.Ş.,4028328c82b7f0300182e967187f301f,Serbest,unvan
ZCH,ZİRAAT PORTFÖY ODAK SERBEST ÖZEL FON,YF,SF,faal,ZİRAAT PORTFÖY YÖNETİMİ A.Ş.,4028328c82b7f0300182e9683876302f,Serbest,unvan
ZCK,ZİRAAT PORTFÖY AGRESİF KATILIM FONU,YF,KTF,faal,ZİRAAT PORTFÖY YÖNETİMİ A.Ş.,4028328d8f3f7793018fc4b6aab9048b,Katılım,unvan
ZCN,ZİRAAT PORTFÖY EMTİA FON SEPETİ FONU,YF,DG,faal,ZİRAAT PORTFÖY YÖNETİMİ A.Ş.,4028328d8029261a0180998df8461a55,Fon Sepeti,unvan
ZDD,ZİRAAT PORTFÖY TEMKİNLİ DEĞİŞKEN FON,YF,DG,faal,ZİRAAT PORTFÖY YÖNETİMİ A.Ş.,4028328d7179849801717e29b9f01969,Değişken,unvan
ZDK,ZİRAAT PORTFÖY ÖPY DÖRDÜNCÜ KATILIM SERBEST (DÖVİZ-ABD DOLARI) ÖZEL FON,YF,KTF,faal,ZİRAAT PORTFÖY YÖNETİMİ A.Ş.,4028328d8588f3000185bfe2b606047d,Katılım,unvan
ZDR,AZİMUT PORTFÖY YÖNETİMİ A.Ş. DÖRDÜNCÜ GAYRİMENKUL YATIRIM FONU,GMF,DG,faal,AZİMUT PORTFÖY YÖNETİMİ A.Ş.,4028328c9c81f417019c8fd82be86698,Diğer,unvan
ZDZ,ZİRAAT PORTFÖY AGRESİF DEĞİŞKEN FON,YF,DG,faal,ZİRAAT PORTFÖY YÖNETİMİ A.Ş.,4028328d7179849801717e2a1fb01979,Değişken,unvan
ZELOT,ZİRAAT PORTFÖY BIST 50-30 ENDEKSİ HİSSE SENEDİ YOĞUN BORSA YATIRIM FONU,BYF,HS,faal,ZİRAAT PORTFÖY YÖNETİMİ A.Ş.,4028328c794d2f8a017a41e4bd1144b5,Hisse Senedi,unvan
ZEP,ZİRAAT PORTFÖY YÖNETİMİ A.Ş. EMLAK KONUT GELİR PAYLAŞIMI BİRİNCİ KATILIM GAYRİMENKUL YATIRIM FONU,GMF,DG,faal,ZİRAAT PORTFÖY YÖNETİMİ A.Ş.,4028328d950b608601953749b14d0dd0,Katılım,unvan
ZEY,İSTANBUL PORTFÖY YÖNETİM A.Ş. AKSON YAPAY ZEKA TEKNOLOJİLERİ GİRİŞİM SERMAYESİ YATIRIM FONU,GSF,DG,faal,İSTANBUL PORTFÖY YÖNETİMİ A.Ş.,4028328c8b2fcee7018bb978f6c25046,Diğer,unvan
ZFB,AK PORTFÖY FİNTEK VE BLOKZİNCİRİ TEKNOLOJİLERİ DEĞİŞKEN FON,YF,DG,faal,AK PORTFÖY YÖNETİMİ A.Ş.,4028328c7a4e423c017a9ed5885a6da2,Değişken,unvan
ZFH,ZİRAAT PORTFÖY İVME KATILIM SERBEST ÖZEL FON,YF,KTF,faal,ZİRAAT PORTFÖY YÖNETİMİ A.Ş.,4028328d8029261a0180d5f1bb6219b7,Katılım,unvan
ZFL,AZİMUT PORTFÖY YÖNETİMİ A.Ş. İKİNCİ GİRİŞİM SERMAYESİ YATIRIM FONU,GSF,DG,faal,AZİMUT PORTFÖY YÖNETİMİ A.Ş.,4028328c7bf4b5e3017c74b30ec577d9,Diğer,unvan
ZFN,ZİRAAT PORTFÖY YÖNETİMİ A.Ş. FİNOVA ÖZEL GİRİŞİM SERMAYESİ YATIRIM FONU,GSF,DG,faal,ZİRAAT PORTFÖY YÖNETİMİ A.Ş.,4028328d9aaa2dfa019ac58e7fff0522,Diğer,unvan
ZFZ,ZİRAAT PORTFÖY ANKARA SERBEST (DÖVİZ) ÖZEL FON,YF,SF,faal,ZİRAAT PORTFÖY YÖNETİMİ A.Ş.,4028328d8029261a0180d75f12762e13,Serbest,unvan
ZG6,ARZ GAYRİMENKUL VE GİRİŞİM SERMAYESİ PORTFÖY YÖNETİMİ A.Ş. LEVENT GAYRİMENKUL YATIRIM FONU,GMF,DG,faal,ARZ GAYRİMENKUL VE GİRİŞİM SERMAYESİ PORTFÖY YÖNETİMİ A.Ş.,4028328d7bf4b81c017c313fa6fe38d7,Diğer,unvan
ZG7,ARZ GAYRİMENKUL VE GİRİŞİM SERMAYESİ PORTFÖY YÖNETİMİ A.Ş. TEKNOPARK İSTANBUL YÜKSEK TEKNOLOJİ GİRİŞİM SERMAYESİ YATIRIM FONU,GSF,DG,faal,ARZ GAYRİMENKUL VE GİRİŞİM SERMAYESİ PORTFÖY YÖNETİMİ A.Ş.,4028328c8304fea80183410437e4370f,Diğer,unvan
ZG8,ARZ GAYRİMENKUL VE GİRİŞİM SERMAYESİ PORTFÖY YÖNETİMİ A.Ş. SEKİZİNCİ GİRİŞİM SERMAYESİ YATIRIM FONU,GSF,DG,faal,ARZ GAYRİMENKUL VE GİRİŞİM SERMAYESİ PORTFÖY YÖNETİMİ A.Ş.,4028328d86d233bf01876b0773414581,Diğer,unvan
ZG9,ROTA PORTFÖY YÖNETİMİ A.Ş. ARTAŞ GİRİŞİM SERMAYESİ YATIRIM FONU,GSF,DG,faal,ROTA PORTFÖY YÖNETİMİ A.Ş.,4028328d89555d7f018a993b8ee57994,Diğer,unvan
ZGG,ZİRAAT PORTFÖY YÖNETİMİ A.Ş. BGF KATILIM ÖZEL GAYRİMENKUL YATIRIM FONU,GMF,DG,faal,ZİRAAT PORTFÖY YÖNETİMİ A.Ş.,4028328d89555d7f01898cca6705260c,Katılım,unvan
ZGOLD,ZİRAAT PORTFÖY ALTIN KATILIM BORSA YATIRIM FONU,BYF,DG,faal,ZİRAAT PORTFÖY YÖNETİMİ A.Ş.,4028328c71bc39bf0172091a592e1ab4,Kıymetli Madenler,unvan
ZGU,AZİMUT PORTFÖY YÖNETİMİ A.Ş. ÖZGÜN ÖZEL GAYRİMENKUL YATIRIM FONU,GMF,DG,faal,AZİMUT PORTFÖY YÖNETİMİ A.Ş.,4028328c8b2fcee7018c01bdbc8b1b64,Diğer,unvan
ZGZ,ZİRAAT PORTFÖY YÖNETİMİ A.Ş. GAZİANTEP GİRİŞİM SERMAYESİ YATIRIM FONU,GSF,DG,faal,ZİRAAT PORTFÖY YÖNETİMİ A.Ş.,4028328c9d7b22d2019db4670b1675cc,Diğer,unvan
ZHB,TÜRKİYE HAYAT VE EMEKLİLİK A.Ş. SÜRDÜRÜLEBİLİRLİK HİSSE SENEDİ EMEKLİLİK YATIRIM FONU,EYF,,faal,TÜRKİYE HAYAT VE EMEKLİLİK A.Ş.,33E5FED7E8F700EAE0530A4A622B2AEA,Hisse Senedi,unvan
ZHD,TÜRKİYE HAYAT VE EMEKLİLİK A.Ş. KAMU DIŞ KİRA SERTİFİKALARI KATILIM EMEKLİLİK YATIRIM FONU,EYF,,faal,TÜRKİYE HAYAT VE EMEKLİLİK A.Ş.,33E5FED7EF1F00EAE0530A4A622B2AEA,Katılım,unvan
ZHE,TÜRKİYE HAYAT VE EMEKLİLİK A.Ş. DENGELİ DEĞİŞKEN EMEKLİLİK YATIRIM FONU,EYF,,faal,TÜRKİYE HAYAT VE EMEKLİLİK A.Ş.,33E5FED7E8F300EAE0530A4A622B2AEA,Değişken,unvan
ZHF,TÜRKİYE HAYAT VE EMEKLİLİK A.Ş. KATILIM TEMKİNLİ DEĞİŞKEN EMEKLİLİK YATIRIM FONU,EYF,,faal,TÜRKİYE HAYAT VE EMEKLİLİK A.Ş.,33E5FED7F0EF00EAE0530A4A622B2AEA,Katılım,unvan
ZHG,TÜRKİYE HAYAT VE EMEKLİLİK A.Ş. KAMU BORÇLANMA ARAÇLARI EMEKLİLİK YATIRIM FONU,EYF,,faal,TÜRKİYE HAYAT VE EMEKLİLİK A.Ş.,33E5FED7EF1B00EAE0530A4A622B2AEA,Borçlanma Araçları,unvan
ZHH,ZİRAAT PORTFÖY HALKBANK SÜRDÜRÜLEBİLİRLİK 30 ŞİRKETLERİ HİSSE SENEDİ FONU (HİSSE SENEDİ YOĞUN FON),YF,HS,faal,ZİRAAT PORTFÖY YÖNETİMİ A.Ş.,4028328d906f407a0190c0bd1d6161ef,Hisse Senedi,unvan
ZIH,ZİRAAT PORTFÖY HAVACILIK VE SAVUNMA TEKNOLOJİLERİ DEĞİŞKEN FON,YF,DG,faal,ZİRAAT PORTFÖY YÖNETİMİ A.Ş.,4028328c9f0a085a019f408f5b501c53,Değişken,unvan
ZJB,ZİRAAT PORTFÖY BİRİNCİ SERBEST (TL) FON,YF,SF,faal,ZİRAAT PORTFÖY YÖNETİMİ A.Ş.,4028328d7902c2a20179133013d04095,Serbest,unvan
ZJH,ZİRAAT PORTFÖY V10 SERBEST (DÖVİZ) ÖZEL FON,YF,SF,faal,ZİRAAT PORTFÖY YÖNETİMİ A.Ş.,4028328c794d2f89017a3421dd5163ad,Serbest,unvan
ZJI,ZİRAAT PORTFÖY İKİNCİ SERBEST (TL) FON,YF,SF,faal,ZİRAAT PORTFÖY YÖNETİMİ A.Ş.,4028328c7a4e423c017ae79ec3e71ef3,Serbest,unvan
ZJL,ZİRAAT PORTFÖY BIST 100 DIŞI ŞİRKETLER HİSSE SENEDİ FONU (HİSSE SENEDİ YOĞUN FON),YF,HS,faal,ZİRAAT PORTFÖY YÖNETİMİ A.Ş.,4028328c794d2f89017a3420da8f6371,Hisse Senedi,unvan
ZJR,ZİRAAT PORTFÖY TÜRK REASÜRANS HİSSE SENEDİ SERBEST ÖZEL FON (HİSSE SENEDİ YOĞUN FON),YF,SF,faal,ZİRAAT PORTFÖY YÖNETİMİ A.Ş.,4028328c794d2f880179cd06cd7a6ad2,Hisse Senedi,unvan
ZJT,ZİRAAT PORTFÖY DURU SERBEST (DÖVİZ) ÖZEL FON,YF,SF,faal,ZİRAAT PORTFÖY YÖNETİMİ A.Ş.,4028328c794d2f880179cd07d5b16aeb,Serbest,unvan
ZJV,ZİRAAT PORTFÖY BIST 30 DIŞI YILDIZ PAZAR ŞİRKETLERİ HİSSE SENEDİ FONU (HİSSE SENEDİ YOĞUN FON),YF,HS,faal,ZİRAAT PORTFÖY YÖNETİMİ A.Ş.,4028328c794d2f89017a3422f0f363c3,Hisse Senedi,unvan
ZK1,ZİRAAT PORTFÖY BAŞAK KATILIM SERBEST (DÖVİZ-AMERİKAN DOLARI) FON,YF,KTF,faal,ZİRAAT PORTFÖY YÖNETİMİ A.Ş.,4028328c930ce8de01936de9c1226cda,Katılım,unvan
ZK2,ZİRAAT PORTFÖY BAŞAK KATILIM SERBEST (DÖVİZ-AVRO) FON,YF,KTF,faal,ZİRAAT PORTFÖY YÖNETİMİ A.Ş.,4028328c930ce8de01936dea15676ce5,Katılım,unvan
ZKK,ZİRAAT PORTFÖY ESSA KATILIM SERBEST (DÖVİZ-AVRO) ÖZEL FON,YF,KTF,faal,ZİRAAT PORTFÖY YÖNETİMİ A.Ş.,4028328d8588f3000185bfe2347e0465,Katılım,unvan
ZLB,TEB PORTFÖY TEB ÖZEL BANKACILIK SERBEST (DÖVİZ) ÖZEL FON,YF,SF,faal,TEB PORTFÖY YÖNETİMİ A.Ş.,4028328c944ba53d01945fc0adf3009d,Serbest,unvan
ZLG,AK PORTFÖY MARAL SERBEST (DÖVİZ) ÖZEL FON,YF,SF,faal,AK PORTFÖY YÖNETİMİ A.Ş.,4028328d7b648589017b7db211b0504f,Serbest,unvan
ZLH,ZİRAAT PORTFÖY BIST 100-30 ŞİRKETLERİ HİSSE SENEDİ FONU (HİSSE SENEDİ YOĞUN FON),YF,HS,faal,ZİRAAT PORTFÖY YÖNETİMİ A.Ş.,4028328d7afb2dbd017b2fe552742c62,Hisse Senedi,unvan
ZMT,AZİMUT PORTFÖY 22.0 SERBEST (DÖVİZ-AVRO) FON,YF,SF,faal,AZİMUT PORTFÖY YÖNETİMİ A.Ş.,4028328c89555ba9018a92b213744df6,Serbest,unvan
ZMU,AZİMUT PORTFÖY 23.0 HİSSE SENEDİ SERBEST FON (HİSSE SENEDİ YOĞUN FON),YF,HS,faal,AZİMUT PORTFÖY YÖNETİMİ A.Ş.,4028328d950b60860195231c11a132b7,Hisse Senedi,unvan
ZMY,ZİRAAT PORTFÖY METAVERSE VE YENİ TEKNOLOJİLER DEĞİŞKEN FON,YF,SF,faal,ZİRAAT PORTFÖY YÖNETİMİ A.Ş.,4028328c800a1f9f01801dcce17f5676,Değişken,unvan
ZND,ZİRAAT PORTFÖY NADİR TOPRAK ELEMENTLERİ VE STRATEJİK METALLER FON SEPETİ FONU,YF,DG,faal,ZİRAAT PORTFÖY YÖNETİMİ A.Ş.,4028328c9f52dc3f01a043a9c5eb607b,Fon Sepeti,unvan
ZNF,ZİRAAT PORTFÖY BDEM SERBEST (DÖVİZ-AVRO) ÖZEL FON,YF,SF,faal,ZİRAAT PORTFÖY YÖNETİMİ A.Ş.,4028328d8588f3000185bfe1f7fc0453,Serbest,unvan
ZOS,ZİRAAT PORTFÖY ONBEŞİNCİ SERBEST FON,YF,SF,faal,ZİRAAT PORTFÖY YÖNETİMİ A.Ş.,4028328c906f3e7c0190caf50f7321e8,Serbest,unvan
ZP1,ZİRAAT PORTFÖY ANTALYA SERBEST (DÖVİZ) ÖZEL FON,YF,SF,faal,ZİRAAT PORTFÖY YÖNETİMİ A.Ş.,4028328d843994da01843cd792ed084d,Serbest,unvan
ZP2,ZİRAAT PORTFÖY İKİNCİ İSTATİSTİKSEL ARBİTRAJ SERBEST (TL) ÖZEL FON,YF,SF,faal,ZİRAAT PORTFÖY YÖNETİMİ A.Ş.,4028328c838f7bfd0183d5c9c8392333,Serbest,unvan
ZP3,ZİRAAT PORTFÖY ÜÇÜNCÜ İSTATİSTİKSEL ARBİTRAJ SERBEST (TL) ÖZEL FON,YF,SF,faal,ZİRAAT PORTFÖY YÖNETİMİ A.Ş.,4028328c838f7bfd0183d5cb7e1f2345,Serbest,unvan
ZP6,ZİRAAT PORTFÖY SEDEF KATILIM SERBEST (DÖVİZ-AMERİKAN DOLARI) FON,YF,KTF,faal,ZİRAAT PORTFÖY YÖNETİMİ A.Ş.,4028328d84686d10018484d726a07284,Katılım,unvan
ZP7,ZİRAAT PORTFÖY TE4 SERBEST (DÖVİZ) ÖZEL FON,YF,SF,faal,ZİRAAT PORTFÖY YÖNETİMİ A.Ş.,4028328d84686d10018484d5cbc2726c,Serbest,unvan
ZP8,ZİRAAT PORTFÖY KEHRİBAR PARA PİYASASI KATILIM SERBEST (TL) FON,YF,KTF,faal,ZİRAAT PORTFÖY YÖNETİMİ A.Ş.,4028328d84686d10018484d798f9728e,Para Piyasası,unvan
ZP9,ZİRAAT PORTFÖY AKİK KATILIM SERBEST (DÖVİZ-AVRO) FON,YF,KTF,faal,ZİRAAT PORTFÖY YÖNETİMİ A.Ş.,4028328d84686d10018484de0e6e72f4,Katılım,unvan
ZPA,ZİRAAT PORTFÖY SERBEST (DÖVİZ) FON,YF,SF,faal,ZİRAAT PORTFÖY YÖNETİMİ A.Ş.,33E5FED7F13F00EAE0530A4A622B2AEA,Serbest,unvan
ZPBDL,ZİRAAT PORTFÖY BIST BANKA DIŞI LİKİT 10 ENDEKSİ HİSSE SENEDİ YOĞUN BORSA YATIRIM FONU,BYF,HS,faal,ZİRAAT PORTFÖY YÖNETİMİ A.Ş.,4028328c6faf9e5101701ec2d85e0e6b,Hisse Senedi,unvan
ZPC,ZİRAAT PORTFÖY FON SEPETİ FONU,YF,DG,faal,ZİRAAT PORTFÖY YÖNETİMİ A.Ş.,33E5FED7F12F00EAE0530A4A622B2AEA,Fon Sepeti,unvan
ZPE,ZİRAAT PORTFÖY KATILIM HİSSE SENEDİ FONU (HİSSE SENEDİ YOĞUN FON),YF,HS,faal,ZİRAAT PORTFÖY YÖNETİMİ A.Ş.,33E5FED7F13300EAE0530A4A622B2AEA,Hisse Senedi,unvan
ZPF,ZİRAAT PORTFÖY KATILIM FONU (DÖVİZ),YF,KTF,faal,ZİRAAT PORTFÖY YÖNETİMİ A.Ş.,33E5FED7F13B00EAE0530A4A622B2AEA,Katılım,unvan
ZPG,ZİRAAT PORTFÖY KİRA SERTİFİKALARI (SUKUK) KATILIM FONU,YF,KTF,faal,ZİRAAT PORTFÖY YÖNETİMİ A.Ş.,33E5FED7F13700EAE0530A4A622B2AEA,Katılım,unvan
ZPH,ZİRAAT PORTFÖY PAYLAŞIMLI HESAP PARA PİYASASI KATILIM SERBEST (TL) FON,YF,KTF,faal,ZİRAAT PORTFÖY YÖNETİMİ A.Ş.,4028328d96289e8c01966cb39c9f15bf,Para Piyasası,unvan
ZPJ,ZİRAAT PORTFÖY KATILIM HİSSE SENEDİ SERBEST (TL) FON (HİSSE SENEDİ YOĞUN FON),YF,KTF,faal,ZİRAAT PORTFÖY YÖNETİMİ A.Ş.,4028328c794d2f880179cd0d116a6b67,Hisse Senedi,unvan
ZPK,ZİRAAT PORTFÖY KISA VADELİ KİRA SERTİFİKASI KATILIM (TL) FONU,YF,KTF,faal,ZİRAAT PORTFÖY YÖNETİMİ A.Ş.,4028328c5b3ef438015c44f7591e57a7,Kısa Vadeli Borçlanma,unvan
ZPLIB,ZİRAAT PORTFÖY BIST LİKİT BANKA ENDEKSİ HİSSE SENEDİ YOĞUN BORSA YATIRIM FONU,BYF,HS,faal,ZİRAAT PORTFÖY YÖNETİMİ A.Ş.,4028328c6faf9e5101701ec5b0a00ef1,Hisse Senedi,unvan
ZPMDK,ZİRAAT PORTFÖY BIST KATILIM 100 ENDEKSİ MODEL PORTFÖY HİSSE SENEDİ YOĞUN BORSA YATIRIM FONU,BYF,HS,faal,ZİRAAT PORTFÖY YÖNETİMİ A.Ş.,4028328d9f52dddd019febe1c6850a5f,Hisse Senedi,unvan
ZPMDL,ZİRAAT PORTFÖY BIST 100 ENDEKSİ MODEL PORTFÖY HİSSE SENEDİ YOĞUN BORSA YATIRIM FONU,BYF,HS,faal,ZİRAAT PORTFÖY YÖNETİMİ A.Ş.,4028328d9f52dddd019febe1f6fd0a6e,Hisse Senedi,unvan
ZPN,ZİRAAT PORTFÖY BUDİN SERBEST (DÖVİZ) ÖZEL FON,YF,SF,faal,ZİRAAT PORTFÖY YÖNETİMİ A.Ş.,4028328d7bf4b81d017cbcacf8fe21b0,Serbest,unvan
ZPO,ZİRAAT PORTFÖY PARA PİYASASI KATILIM FONU,YF,KTF,faal,ZİRAAT PORTFÖY YÖNETİMİ A.Ş.,4028328c9f0a0859019f13dc669e23cc,Para Piyasası,unvan
ZPR,ZİRAAT PORTFÖY PARA PİYASASI SERBEST FON,YF,SF,faal,ZİRAAT PORTFÖY YÖNETİMİ A.Ş.,4028328c976d29880197ab7441a2256e,Para Piyasası,unvan
ZPS,AZİMUT PORTFÖY YÖNETİMİ A.Ş. SİNEMA TV GİRİŞİM SERMAYESİ YATIRIM FONU,GSF,DG,faal,AZİMUT PORTFÖY YÖNETİMİ A.Ş.,4028328c74f01f5901752b6f5c062a28,Diğer,unvan
ZPT10,ZİRAAT PORTFÖY YILDIZ PAZAR TEKNOLOJİ VE İLETİŞİM 10 ENDEKSİ HİSSE SENEDİ YOĞUN BORSA YATIRIM FONU,BYF,HS,faal,ZİRAAT PORTFÖY YÖNETİMİ A.Ş.,4028328c794d2f8a017a41e2c37244a6,Hisse Senedi,unvan
ZPV,ZİRAAT PORTFÖY YÖNETİMİ A.Ş. BAŞAK KATILIM GAYRİMENKUL YATIRIM (TL) FONU,GMF,DG,faal,ZİRAAT PORTFÖY YÖNETİMİ A.Ş.,4028328d7bf4b81d017cbcaacd022174,Katılım,unvan
ZPX30,ZİRAAT PORTFÖY BIST 30 ENDEKSİ HİSSE SENEDİ YOĞUN BORSA YATIRIM FONU,BYF,HS,faal,ZİRAAT PORTFÖY YÖNETİMİ A.Ş.,4028328c6faf9e5101701ebb7b6b0e12,Hisse Senedi,unvan
ZR1,ZİRAAT PORTFÖY YÖNETİMİ A.Ş. FONLABÜYÜSÜN GİRİŞİM SERMAYESİ YATIRIM FONU,GSF,DG,faal,ZİRAAT PORTFÖY YÖNETİMİ A.Ş.,4028328d84686d1101847f54cb3a52ea,Diğer,unvan
ZR2,ZİRAAT PORTFÖY YEŞİLKÖY SERBEST ÖZEL FON,YF,SF,faal,ZİRAAT PORTFÖY YÖNETİMİ A.Ş.,4028328c84686b400184f18cd75934b6,Serbest,unvan
ZR3,ZİRAAT PORTFÖY ONÜÇÜNCÜ SERBEST (TL) FON,YF,SF,faal,ZİRAAT PORTFÖY YÖNETİMİ A.Ş.,4028328d84686d100184f18f5cc06834,Serbest,unvan
ZRE20,ZİRAAT PORTFÖY RİSK EŞİT BANKA DIŞI 20 ENDEKSİ HİSSE SENEDİ YOĞUN BORSA YATIRIM FONU,BYF,HS,faal,ZİRAAT PORTFÖY YÖNETİMİ A.Ş.,4028328c72f8dbc5017348204af7575b,Hisse Senedi,unvan
ZSB,ZİRAAT PORTFÖY İKİNCİ İSTATİSTİKSEL ARBİTRAJ SERBEST FON,YF,SF,faal,ZİRAAT PORTFÖY YÖNETİMİ A.Ş.,4028328c800a1f9f01801dcc23df5666,Serbest,unvan
ZSF,ZİRAAT PORTFÖY S&P/OIC COMCEC (İSEDAK) 50 SHARİAH ŞİRKETLERİ YABANCI HİSSE SENEDİ FONU,YF,SF,faal,ZİRAAT PORTFÖY YÖNETİMİ A.Ş.,4028328d6cd9324d016d44085071561e,Hisse Senedi,unvan
ZSG,ZİRAAT PORTFÖY ESG SÜRDÜRÜLEBİLİRLİK FON SEPETİ FONU,YF,DG,faal,ZİRAAT PORTFÖY YÖNETİMİ A.Ş.,4028328c8304fea80183606527ef251f,Fon Sepeti,unvan
ZSK,ZİRAAT PORTFÖY SSA KATILIM SERBEST (DÖVİZ) ÖZEL FON,YF,KTF,faal,ZİRAAT PORTFÖY YÖNETİMİ A.Ş.,4028328c8b2fcee7018ce98228917375,Katılım,unvan
ZSN,ZİRAAT PORTFÖY ÖPY BEŞİNCİ SERBEST (DÖVİZ-ABD DOLARI) ÖZEL FON,YF,SF,faal,ZİRAAT PORTFÖY YÖNETİMİ A.Ş.,4028328d8588f3000185bfe1ae880440,Serbest,unvan
ZSR25,ZİRAAT PORTFÖY BIST SÜRDÜRÜLEBİLİRLİK 25 ENDEKSİ HİSSE SENEDİ YOĞUN BORSA YATIRIM FONU,BYF,HS,faal,ZİRAAT PORTFÖY YÖNETİMİ A.Ş.,4028328c86845fa80186bbc043a173bd,Hisse Senedi,unvan
ZTA,ZİRAAT PORTFÖY YÖNETİMİ A.Ş. BİRİNCİ GİRİŞİM SERMAYESİ YATIRIM FONU,GSF,DG,faal,ZİRAAT PORTFÖY YÖNETİMİ A.Ş.,4028328c81fdc449018211447e96293e,Diğer,unvan
ZTC,ZİRAAT PORTFÖY YÖNETİMİ A.Ş. İKİNCİ KATILIM GİRİŞİM SERMAYESİ YATIRIM FONU,GSF,DG,faal,ZİRAAT PORTFÖY YÖNETİMİ A.Ş.,4028328c81fdc4490182114ab6a9297b,Katılım,unvan
ZTF,ZİRAAT PORTFÖY BİRİNCİ İSTATİSTİKSEL ARBİTRAJ SERBEST (TL) ÖZEL FON,YF,SF,faal,ZİRAAT PORTFÖY YÖNETİMİ A.Ş.,4028328c7fd4321d017fda76aa4841bb,Serbest,unvan
ZTG,ZİRAAT PORTFÖY TARIM VE GIDA FON SEPETİ FONU,YF,DG,faal,ZİRAAT PORTFÖY YÖNETİMİ A.Ş.,4028328d969f29540196edca1cc67b2a,Fon Sepeti,unvan
ZTLRF,ZİRAAT PORTFÖY BIST TLREF ENDEKSİ (TL) BORSA YATIRIM FONU,BYF,DG,faal,ZİRAAT PORTFÖY YÖNETİMİ A.Ş.,4028328d998eebe8019a0c3afddb168c,Diğer,unvan
ZTLRK,ZİRAAT PORTFÖY BIST TLREFK ENDEKSİ KATILIM (TL) BORSA YATIRIM FONU,BYF,KTF,faal,ZİRAAT PORTFÖY YÖNETİMİ A.Ş.,4028328d998eebe8019a0c3ad2261681,Katılım,unvan
ZTM25,ZİRAAT PORTFÖY BIST TEMETTÜ 25 ENDEKSİ HİSSE SENEDİ YOĞUN BORSA YATIRIM FONU,BYF,HS,faal,ZİRAAT PORTFÖY YÖNETİMİ A.Ş.,4028328c72f8dbc50173481e12205746,Hisse Senedi,unvan
ZTS,İŞ PORTFÖY YAPAY ZEKA TEKNOLOJİLERİ ŞİRKETLERİ DEĞİŞKEN FON,YF,DG,faal,İŞ PORTFÖY YÖNETİMİ A.Ş.,4028328d9f52dddd01a07ae94ca426ca,Değişken,unvan
ZTU,ZİRAAT PORTFÖY YÖNETİMİ A.Ş. TURNA ÖZEL GİRİŞİM SERMAYESİ YATIRIM FONU,GSF,DG,faal,ZİRAAT PORTFÖY YÖNETİMİ A.Ş.,4028328d93c3b68c0193df4eb0520ba7,Diğer,unvan
ZTV,ZİRAAT PORTFÖY TÜRKİYE VARLIK FONU İŞTİRAKLERİ HİSSE SENEDİ FONU (HİSSE SENEDİ YOĞUN FON),YF,HS,faal,ZİRAAT PORTFÖY YÖNETİMİ A.Ş.,4028328c9f52dc40019fa902cfa35b70,Hisse Senedi,unvan
ZUC,AZİMUT PORTFÖY YÖNETİMİ A.Ş. ÜÇÜNCÜ GAYRİMENKUL YATIRIM FONU,GMF,DG,faal,AZİMUT PORTFÖY YÖNETİMİ A.Ş.,4028328c9c81f417019c8fd851d366a3,Diğer,unvan
ZUD,ZİRAAT PORTFÖY THE SERBEST ÖZEL FON,YF,SF,faal,ZİRAAT PORTFÖY YÖNETİMİ A.Ş.,4028328c80e9179001811de1b5f64689,Serbest,unvan
ZUE,ZİRAAT PORTFÖY TS SERBEST ÖZEL FON,YF,SF,faal,ZİRAAT PORTFÖY YÖNETİMİ A.Ş.,4028328c80e9179001811de282b946b5,Serbest,unvan
ZUG,ZİRAAT PORTFÖY YÖNETİMİ A.Ş. ÜSKÜDAR GAYRİMENKUL YATIRIM FONU,GMF,DG,faal,ZİRAAT PORTFÖY YÖNETİMİ A.Ş.,4028328c7707357b0177ceae3f1335b2,Diğer,unvan
ZUN,ZİRAAT PORTFÖY YÖNETİMİ A.Ş. ÜÇÜNCÜ GİRİŞİM SERMAYESİ YATIRIM FONU,GSF,DG,faal,ZİRAAT PORTFÖY YÖNETİMİ A.Ş.,4028328c906f3e7c01909785fa377bc5,Diğer,unvan
ZUS,ZİRAAT PORTFÖY BAŞAK SERBEST (DÖVİZ-AMERİKAN DOLARI) FON,YF,SF,faal,ZİRAAT PORTFÖY YÖNETİMİ A.Ş.,4028328c930ce8de01936dea4e5d6cf0,Serbest,unvan
ZVB,ATLAS PORTFÖY SERBEST (TL) FON,YF,SF,faal,ATLAS PORTFÖY YÖNETİMİ A.Ş.,4028328c745d11ca0174a080b8661281,Serbest,unvan
ZVD,ATLAS PORTFÖY YÖNETİMİ A.Ş. ESTA GAYRİMENKUL YATIRIM FONU,GMF,DG,faal,ATLAS PORTFÖY YÖNETİMİ A.Ş.,4028328d7707357f01773d88c4a63556,Diğer,unvan
ZVE,ATLAS PORTFÖY YÖNETİMİ A.Ş. A&AK GAYRİMENKUL YATIRIM FONU,GMF,DG,faal,ATLAS PORTFÖY YÖNETİMİ A.Ş.,4028328c7812c9c301781706a6212035,Diğer,unvan
ZVO,ZİRAAT PORTFÖY ÜÇÜNCÜ SERBEST (TL) FON,YF,SF,faal,ZİRAAT PORTFÖY YÖNETİMİ A.Ş.,4028328c812b72a30181907a81363b47,Serbest,unvan
ZYC,ZİRAAT PORTFÖY TS SERBEST (TL) ÖZEL FON,YF,SF,faal,ZİRAAT PORTFÖY YÖNETİMİ A.Ş.,4028328d819d4b9d0181cdba819444da,Serbest,unvan
ZYD,ZİRAAT PORTFÖY THE SERBEST (TL) ÖZEL FON,YF,SF,faal,ZİRAAT PORTFÖY YÖNETİMİ A.Ş.,4028328d819d4b9d0181cdbb889344ea,Serbest,unvan
ZZL,ZİRAAT PORTFÖY ONDÖRDÜNCÜ SERBEST FON,YF,SF,faal,ZİRAAT PORTFÖY YÖNETİMİ A.Ş.,4028328c7d3c2e72017d94a907fe3813,Serbest,unvan
AAA,BİZİM PORTFÖY BİRİNCİ KATILIM FONU,YF,KTF,kapanmis,,33E5FED7ED1300EAE0530A4A622B2AEA,Katılım,unvan
AAC,AKBANK T.A.Ş. KORUMA AMAÇLI ŞEMSİYE FONU'NA BAĞLI B TİPİ % 100 ANAPARA KORUMA AMAÇLI ALTMIŞINCI ALT FON,YF,,kapanmis,,33E5FED7EE4B00EAE0530A4A622B2AEA,Diğer,unvan
AAK,ATA PORTFÖY ÇOKLU VARLIK DEĞİŞKEN FONU,YF,DG,kapanmis,,33E5FED7E72B00EAE0530A4A622B2AEA,Değişken,unvan
AAN,AKBANK T.A.Ş. KORUMA AMAÇLI ŞEMSİYE FONU'NA BAĞLI ÖZEL SEKTÖR BORÇLANMA ARAÇLARINA YATIRIM YAPAN B TİPİ % 100 ANAPARA KORUMA AMAÇLI ALTMIŞÜÇÜNCÜ ALT FONU,YF,,kapanmis,,33E5FED7E88B00EAE0530A4A622B2AEA,Borçlanma Araçları,unvan
AAR,AKBANK T.A.Ş. KORUMA AMAÇLI ŞEMSİYE FONU'NA BAĞLI B TİPİ % 100 ANAPARA KORUMA AMAÇLI ALTMIŞBİRİNCİ ALT FON,YF,,kapanmis,,33E5FED7EE4F00EAE0530A4A622B2AEA,Diğer,unvan
AAU,ATA YATIRIM MENKUL KIYMETLER A.Ş. B TİPİ ŞEMSİYE FONUNA BAĞLI AKTİF DEĞİŞKEN ALT FONU (ÜÇÜNCÜ ALT FON),YF,,kapanmis,,33E5FED7EAD300EAE0530A4A622B2AEA,Değişken,unvan
AAZ,ATA PORTFÖY BİRİNCİ GAYRİMENKUL YATIRIM FONU,GMF,DG,kapanmis,,4028328c644793340164ac8644a9631d,Diğer,unvan
ABB,AK PORTFÖY İKİNCİ ÖZEL SEKTÖR BORÇLANMA ARAÇLARI FONU,YF,DG,kapanmis,,33E5FED7E64700EAE0530A4A622B2AEA,Borçlanma Araçları,unvan
ACE,ALKHAİR PORTFÖY KİRA SERTİFİKASI (SUKUK) KATILIM FONU,YF,KTF,kapanmis,,33E5FED7EE1F00EAE0530A4A622B2AEA,Katılım,unvan
ACH,ACAR YATIRIM MENKUL DEĞERLER A.Ş. A TİPİ HİSSE SENEDİ YATIRIM FONU,YF,,kapanmis,,33E5FED7E6EB00EAE0530A4A622B2AEA,Hisse Senedi,unvan
ACJ,AK PORTFÖY %100 ANAPARA KORUMA AMAÇLI YİRMİBİRİNCİ FON,YF,DG,kapanmis,,4028328c6233239d016291213c253e41,Diğer,unvan
ACK,İSTANBUL PORTFÖY HİSSE SENEDİ FONU (HİSSE SENEDİ YOĞUN FON),YF,HS,kapanmis,,33E5FED7E6E700EAE0530A4A622B2AEA,Hisse Senedi,unvan
ACL,ALKHAİR PORTFÖY BİRİNCİ KATILIM FONU,YF,KTF,kapanmis,,33E5FED7EBE300EAE0530A4A622B2AEA,Katılım,unvan
ACO,ACTUS PORTFÖY BORÇLANMA ARAÇLARI FONU,YF,DG,kapanmis,,4028328c557eb99801558161bdc109cd,Borçlanma Araçları,unvan
ACR,AKBANK T.A.Ş. KORUMA AMAÇLI ŞEMSİYE FONU'NA BAĞLI ÖZEL SEKTÖR BORÇLANMA ARAÇLARINA YATIRIM YAPAN B TİPİ % 100 ANAPARA KORUMA AMAÇLI SEKSENBİRİNCİ ALT FONU,YF,,kapanmis,,33E5FED7EA9F00EAE0530A4A622B2AEA,Borçlanma Araçları,unvan
ACS,AKBANK T.A.Ş. KORUMA AMAÇLI ŞEMSİYE FONU'NA BAĞLI ÖZEL SEKTÖR BORÇLANMA ARAÇLARINA YATIRIM YAPAN B TİPİ % 100 ANAPARA KORUMA AMAÇLI SEKSENİNCİ ALT FONU,YF,,kapanmis,,33E5FED7EA9B00EAE0530A4A622B2AEA,Borçlanma Araçları,unvan
ACT,ALKHAİR PORTFÖY KATILIM HİSSE SENEDİ FONU (HİSSE SENEDİ YOĞUN FON),YF,HS,kapanmis,,33E5FED7EE1B00EAE0530A4A622B2AEA,Hisse Senedi,unvan
ACY,ACTUS PORTFÖY 2020 YATIRIM DÖNEMLİ  DEĞİŞKEN FON,YF,DG,kapanmis,,4028328c55a2cb380155e8ecd97c154d,Değişken,unvan
ACZ,İSTANBUL PORTÖY HİTİT SERBEST FON,YF,SF,kapanmis,,4028328c55a2cb380155e8eb3f7c1529,Serbest,unvan
ADD,ANADOLUBANK A.Ş. A TİPİ DEĞİŞKEN FON,YF,,kapanmis,,33E5FED7E72700EAE0530A4A622B2AEA,Değişken,unvan
ADH,ATLAS PORTFÖY BİRİNCİ DEĞİŞKEN FON,YF,DG,kapanmis,,33E5FED7E32F00EAE0530A4A622B2AEA,Değişken,unvan
ADJ,AK PORTFÖY %100 ANAPARA KORUMA AMAÇLI YİRMİİKİNCİ FON,YF,DG,kapanmis,,4028328c6233239d016291236c1f3e7e,Diğer,unvan
ADL,ANADOLUBANK A.Ş. B TİPİ LİKİT FON,YF,,kapanmis,,33E5FED7E48F00EAE0530A4A622B2AEA,Diğer,unvan
ADN,AKBANK T.A.Ş. KORUMA AMAÇLI ŞEMSİYE FONUNA BAĞLI B TİPİ %100 ANAPARA KORUMA AMAÇLI KIRKINCI ALT FONU,YF,,kapanmis,,33E5FED7E79300EAE0530A4A622B2AEA,Diğer,unvan
ADS,AKBANK T.A.Ş. KORUMA AMAÇLI ŞEMSİYE FONUNA BAĞLI B TİPİ %100 ANAPARA KORUMA AMAÇLI OTUZSEKİZİNCİ ALT FONU,YF,,kapanmis,,33E5FED7E41700EAE0530A4A622B2AEA,Diğer,unvan
ADU,AKBANK T.A.Ş. KORUMA AMAÇLI ŞEMSİYE FONUNA BAĞLI B TİPİ %100 ANAPARA KORUMA AMAÇLI OTUZDOKUZUNCU ALT FONU,YF,,kapanmis,,33E5FED7E41B00EAE0530A4A622B2AEA,Diğer,unvan
AE4,AGESA HAYAT VE EMEKLİLİK A.Ş. BİRİNCİ DEĞİŞKEN EMEKLİLİK YATIRIM FONU,EYF,,kapanmis,,33E5FED7EB4300EAE0530A4A622B2AEA,Değişken,unvan
AEE,ALLIANZ HAYAT VE EMEKLİLİK A.Ş. DİNAMİK DEĞİŞKEN EMEKLİLİK YATIRIM FONU,EYF,,kapanmis,,33E5FED7EFF700EAE0530A4A622B2AEA,Değişken,unvan
AEG,AGESA HAYAT VE EMEKLİLİK A.Ş. MUHAFAZAKAR DEĞİŞKEN EMEKLİLİK YATIRIM FONU,EYF,,kapanmis,,33E5FED7EB5300EAE0530A4A622B2AEA,Değişken,unvan
AEL,AGESA HAYAT VE EMEKLİLİK A.Ş. ALTIN EMEKLİLİK YATIRIM FONU,EYF,,kapanmis,,33E5FED7EB6300EAE0530A4A622B2AEA,Kıymetli Madenler,unvan
AEO,ALLIANZ YAŞAM VE EMEKLİLİK A.Ş. ATA FİNANS DENGELİ DEĞİŞKEN GRUP EMEKLİLİK YATIRIM FONU,EYF,,kapanmis,ALLIANZ YAŞAM VE EMEKLİLİK A.Ş.,33E5FED7F12700EAE0530A4A622B2AEA,Değişken,unvan
AFC,AKBANK T.A.Ş. KORUMA AMAÇLI ŞEMSİYE FONUNA BAĞLI B TİPİ %100 ANAPARA KORUMA AMAÇLI KIRKİKİNCİ ALT FONU,YF,,kapanmis,,33E5FED7E41F00EAE0530A4A622B2AEA,Diğer,unvan
AFD,AKBANK T.A.Ş. KORUMA AMAÇLI ŞEMSİYE FONUNA BAĞLI ÖZEL SEKTÖR BORÇLANMA ARAÇLARINA YATIRIM YAPAN B TİPİ %104 ANAPARA KORUMA AMAÇLI KIRKDOKUZUNCU ALT FONU,YF,,kapanmis,,33E5FED7ED1B00EAE0530A4A622B2AEA,Borçlanma Araçları,unvan
AFF,YAPI KREDİ PORTFÖY İKİNCİ BORÇLANMA ARAÇLARI FONU,YF,DG,kapanmis,,33E5FED7EBEF00EAE0530A4A622B2AEA,Borçlanma Araçları,unvan
AFI,AKBANK T.A.Ş. KORUMA AMAÇLI ŞEMSİYE FONU'NA BAĞLI ÖZEL SEKTÖR BORÇLANMA ARAÇLARINA YATIRIM YAPAN B TİPİ % 100 ANAPARA KORUMA AMAÇLI ALTMIŞİKİNCİ ALT FONU,YF,,kapanmis,,33E5FED7E88700EAE0530A4A622B2AEA,Borçlanma Araçları,unvan
AFL,AKTİFBANK B TİPİ LİKİT FON,YF,,kapanmis,,33E5FED7E6EF00EAE0530A4A622B2AEA,Diğer,unvan
AFU,AKBANK T.A.Ş. KORUMA AMAÇLI ŞEMSİYE FONUNA BAĞLI B TİPİ %100 ANAPARA KORUMA AMAÇLI KIRKÜÇÜNCÜ ALT FONU,YF,,kapanmis,,33E5FED7E42300EAE0530A4A622B2AEA,Diğer,unvan
AFY,AKBANK T.A.Ş. B TİPİ FRANKLIN TEMPLETON ŞEMS. FONA BAĞLI LATİN AMERİKA YABANCI MENKUL KIYMETLER 3. ALT FONU,YF,DG,kapanmis,,33E5FED7E40300EAE0530A4A622B2AEA,Diğer,unvan
AFZ,AKBANK T.A.Ş. KORUMA AMAÇLI ŞEMSİYE FONUNA BAĞLI ÖZEL SEKTÖR BORÇLANMA ARAÇLARINA YATIRIM YAPAN  B TİPİ %100 ANAPARA KORUMA AMAÇLI KIRKSEKİZİNCİ  ALT FONU,YF,,kapanmis,,33E5FED7ED1700EAE0530A4A622B2AEA,Borçlanma Araçları,unvan
AGF,ALTERNATİFBANK A.Ş A TİPİ ANADOLU GRUBU ÖZEL FON,YF,HS,kapanmis,,33E5FED7ECD300EAE0530A4A622B2AEA,Diğer,unvan
AGL,ALLIANZ YAŞAM VE EMEKLİLİK A.Ş. DENGELİ DEĞİŞKEN GRUP EMEKLİLİK YATIRIM FONU,EYF,,kapanmis,,33E5FED7EEC700EAE0530A4A622B2AEA,Değişken,unvan
AH0,ANADOLU HAYAT EMEKLİLİK A.Ş. ATAK DEĞİŞKEN EMEKLİLİK YATIRIM FONU,EYF,,kapanmis,,33E5FED7EE6B00EAE0530A4A622B2AEA,Değişken,unvan
AHM,ATLAS PORTFÖY CREDITWEST SERBEST ÖZEL FON,YF,SF,kapanmis,ATLAS PORTFÖY YÖNETİMİ A.Ş.,33E5FED7F10B00EAE0530A4A622B2AEA,Serbest,unvan
AIA,AK PORTFÖY %100 ANAPARA KORUMA AMAÇLI ONUNCU FON,YF,DG,kapanmis,AK PORTFÖY YÖNETİMİ A.Ş.,33E5FED7F18B00EAE0530A4A622B2AEA,Diğer,unvan
AIC,AKBANK T.A.Ş. KORUMA AMAÇLI ŞEMSİYE FONU'NA BAĞLI B TİPİ % 104 ANAPARA KORUMA AMAÇLI SEKSENALTINCI ALT FONU,YF,,kapanmis,,33E5FED7F02300EAE0530A4A622B2AEA,Diğer,unvan
AIG,AZİMUT PORTFÖY İA SERBEST ÖZEL FON,YF,DG,kapanmis,,33E5FED7F08300EAE0530A4A622B2AEA,Serbest,unvan
AIL,AK PORTFÖY %100 ANAPARA KORUMA AMAÇLI ONYEDİNCİ FON,YF,DG,kapanmis,,4028328d5b3ef6c7015bb3567d81102f,Diğer,unvan
AIN,ATA PORTFÖY YABANCI BYF FON SEPETİ FONU,YF,DG,kapanmis,,33E5FED7F0A300EAE0530A4A622B2AEA,Fon Sepeti,unvan
AIO,AZİMUT PYŞ ÖZEL SEKTÖR BORÇLANMA ARAÇLARI FONU,YF,DG,kapanmis,,33E5FED7F16F00EAE0530A4A622B2AEA,Borçlanma Araçları,unvan
AIU,AK PORTFÖY %100 ANAPARA KORUMA AMAÇLI DOKUZUNCU FON,YF,DG,kapanmis,AK PORTFÖY YÖNETİMİ A.Ş.,33E5FED7F18700EAE0530A4A622B2AEA,Diğer,unvan
AIY,AKBANK T.A.Ş. KORUMA AMAÇLI ŞEMSİYE FONU'NA BAĞLI B TİPİ % 100 ANAPARA KORUMA AMAÇLI SEKSENYEDİNCİ ALT FONU,YF,,kapanmis,,33E5FED7EF6700EAE0530A4A622B2AEA,Diğer,unvan
AIZ,AKBANK T.A.Ş. KORUMA AMAÇLI ŞEMSİYE FONU'NA BAĞLI B TİPİ % 102 ANAPARA KORUMA AMAÇLI SEKSENSEKİZİNCİ ALT FONU,YF,,kapanmis,,33E5FED7EFBF00EAE0530A4A622B2AEA,Diğer,unvan
AJD,AK PORTFÖY %100 ANAPARA KORUMA AMAÇLI ONDOKUZUNCU FON,YF,DG,kapanmis,,4028328d5c459ee7015c63b4959e6997,Diğer,unvan
AJO,AK PORTFÖY %100 ANAPARA KORUMA AMAÇLI ONALTINCI FON,YF,DG,kapanmis,,4028328d5988e263015a69a3a5956755,Diğer,unvan
AJS,AK PORTFÖY %100 ANAPARA KORUMA AMAÇLI ONSEKİZİNCİ FON,YF,DG,kapanmis,,4028328d5c459ee7015c63b2b53d6985,Diğer,unvan
AKC,AKBANK T.A.Ş. KORUMA AMAÇLI ŞEMSİYE FONUNA BAĞLI ÖZEL SEKTÖR BORÇLANMA ARAÇLARINA YATIRIM YAPAN B TİPİ % 100 ANAPARA KORUMA AMAÇLI ELLİÜÇÜNCÜ ALT FONU,YF,,kapanmis,,33E5FED7EE2700EAE0530A4A622B2AEA,Borçlanma Araçları,unvan
AKJ,AK PORTFÖY %100 ANAPARA KORUMA AMAÇLI YİRMİNCİ FON,YF,DG,kapanmis,,4028328d5eed5adf015f72bdc2aa6eaa,Diğer,unvan
AKL,AKBANK T.A.Ş. KORUMA AMAÇLI ŞEMSİYE FONUNA BAĞLI ÖZEL SEKTÖR BORÇLANMA ARAÇLARINA YATIRIM YAPAN B TİPİ % 100 ANAPARA KORUMA AMAÇLI ELLİİKİNCİ ALT FONU,YF,,kapanmis,,33E5FED7EE2300EAE0530A4A622B2AEA,Borçlanma Araçları,unvan
AKR,AKBANK T.A.Ş. KORUMA AMAÇLI ŞEMSİYE FONUNA BAĞLI B TİPİ %98 ANAPARA KORUMA AMAÇLI ONDÖRDÜNCÜ ALT FONU,YF,,kapanmis,,33E5FED7E77700EAE0530A4A622B2AEA,Diğer,unvan
AKV,AKBANK T.A.Ş. KORUMA AMAÇLI ŞEMSİYE FONU'NA BAĞLI ÖZEL SEKTÖR BORÇLANMA ARAÇLARINA YATIRIM YAPAN B TİPİ % 102 ANAPARA KORUMA AMAÇLI SEKSENİKİNCİ ALT FONU,YF,,kapanmis,,33E5FED7EAAB00EAE0530A4A622B2AEA,Borçlanma Araçları,unvan
AKZ,AKBANK T.A.Ş. KORUMA AMAÇLI ŞEMSİYE FONUNA BAĞLI B TİPİ %100 ANAPARA KORUMA AMAÇLI OTUZYEDİNCİ ALT FONU,YF,,kapanmis,,33E5FED7E78F00EAE0530A4A622B2AEA,Diğer,unvan
ALBTS,ALBARAKA PORTFÖY YÖNETİMİ A.Ş. DÖRDÜNCÜ KARMA GAYRİMENKUL YATIRIM FONU,GMF,DG,kapanmis,,4028328c5fc60da7015fdf0f991a5928,Karma,unvan
ALD,AK PORTFÖY İKİNCİ DEĞİŞKEN FON,YF,DG,kapanmis,,33E5FED7EDAB00EAE0530A4A622B2AEA,Değişken,unvan
ALH,ALLIANZ YAŞAM VE EMEKLİLİK A.Ş. HİSSE SENEDİ EMEKLİLİK YATIRIM FONU,EYF,,kapanmis,,33E5FED7EC4B00EAE0530A4A622B2AEA,Hisse Senedi,unvan
ALL,ALLIANZ YAŞAM VE EMEKLİLİK A.Ş. EMANET PARA PİYASASI EMEKLİLİK YATIRIM FONU,EYF,,kapanmis,,33E5FED7EECB00EAE0530A4A622B2AEA,Para Piyasası,unvan
ALV,AK PORTFÖY ÖZEL SEKTÖR BORÇLANMA ARAÇLARINA YATIRIM YAPAN %100 ANAPARA KORUMA AMAÇLI İKİNCİ FON,YF,DG,kapanmis,AK PORTFÖY YÖNETİMİ A.Ş.,33E5FED7F16700EAE0530A4A622B2AEA,Borçlanma Araçları,unvan
AMA,ALLIANZ YAŞAM VE EMEKLİLİK A.Ş. BORÇLANMA ARAÇLARI EMEKLİLİK YATIRIM FONU,EYF,,kapanmis,,33E5FED7EEB700EAE0530A4A622B2AEA,Borçlanma Araçları,unvan
AMB,ALLIANZ YAŞAM VE EMEKLİLİK A.Ş. BORÇLANMA ARAÇLARI GRUP EMEKLİLİK YATIRIM FONU,EYF,,kapanmis,,33E5FED7EC4F00EAE0530A4A622B2AEA,Borçlanma Araçları,unvan
AMH,ALLIANZ YAŞAM VE EMEKLİLİK A.Ş. ATAK DEĞİŞKEN GRUP EMEKLİLİK YATIRIM FONU,EYF,,kapanmis,ALLIANZ YAŞAM VE EMEKLİLİK A.Ş.,33E5FED7EEE700EAE0530A4A622B2AEA,Değişken,unvan
AMJ,AK PORTFÖY ÖZEL SEKTÖR BORÇLANMA ARAÇLARINA YATIRIM YAPAN %120 ANAPARA KORUMA AMAÇLI YİRMİALTINCI FON,YF,DG,kapanmis,,4028328c65fd41d80166e95cbfc32682,Borçlanma Araçları,unvan
AMN,ALLIANZ YAŞAM VE EMEKLİLİK A.Ş. TEMKİNLİ DEĞİŞKEN GRUP EMEKLİLİK YATIRIM FONU,EYF,,kapanmis,ALLIANZ YAŞAM VE EMEKLİLİK A.Ş.,33E5FED7EC5B00EAE0530A4A622B2AEA,Değişken,unvan
AMP,ALLIANZ YAŞAM VE EMEKLİLİK A.Ş. PARA PİYASASI EMEKLİLİK YATIRIM FONU,EYF,,kapanmis,,33E5FED7EEBB00EAE0530A4A622B2AEA,Para Piyasası,unvan
AMS,ALLIANZ YAŞAM VE EMEKLİLİK A.Ş. STANDART EMEKLİLİK YATIRIM FONU,EYF,,kapanmis,,33E5FED7EF0700EAE0530A4A622B2AEA,Diğer,unvan
AMV,AK PORTFÖY ÖZEL SEKTÖR BORÇLANMA ARAÇLARINA YATIRIM YAPAN %120 ANAPARA KORUMA AMAÇLI YİRMİBEŞİNCİ FON,YF,DG,kapanmis,,4028328c65fd41d80166e95b660b2673,Borçlanma Araçları,unvan
AND,FOKUS PORTFÖY İKİNCİ DEĞİŞKEN FON,YF,DG,kapanmis,,33E5FED7E23F00EAE0530A4A622B2AEA,Değişken,unvan
ANU,AEGON EMEKLİLİK VE HAYAT A.Ş. GELİR AMAÇLI ESNEK EMEKLİLİK YATIRIM FONU,EYF,,kapanmis,,33E5FED7EF0B00EAE0530A4A622B2AEA,Diğer,unvan
ANY,AEGON EMEKLİLİK VE HAYAT A.Ş. ESNEK EMEKLİLİK YATIRIM FONU,EYF,,kapanmis,,33E5FED7EF0F00EAE0530A4A622B2AEA,Diğer,unvan
AOA,AKBANK T.A.Ş. KORUMA AMAÇLI ŞEMSİYE FONUNA BAĞLI %98 ANAPARA KORUMALI B TİPİ OTUZALTINCI ALT FONU,YF,,kapanmis,,33E5FED7E78B00EAE0530A4A622B2AEA,Diğer,unvan
AOC,AKBANK T.A.Ş. KORUMA AMAÇLI ŞEMSİYE FONU'NA BAĞLI ÖZEL SEKTÖR BORÇLANMA ARAÇLARINA YATIRIM YAPAN B TİPİ % 100 ANAPARA KORUMA AMAÇLI ALTMIŞBEŞİNCİ ALT FONU,YF,,kapanmis,,33E5FED7EA5300EAE0530A4A622B2AEA,Borçlanma Araçları,unvan
AOE,AKBANK T.A.Ş. KORUMA AMAÇLI ŞEMSİYE FONU'NA BAĞLI ÖZEL SEKTÖR BORÇLANMA ARAÇLARINA YATIRIM YAPAN B TİPİ % 100 ANAPARA KORUMA AMAÇLI ALTMIŞYEDİNCİ ALT FONU,YF,,kapanmis,,33E5FED7EA5B00EAE0530A4A622B2AEA,Borçlanma Araçları,unvan
AOH,AK PORTFÖY %100 ANAPARA KORUMA AMAÇLI ONİKİNCİ FON,YF,DG,kapanmis,AK PORTFÖY YÖNETİMİ A.Ş.,33E5FED7F0C300EAE0530A4A622B2AEA,Diğer,unvan
AOI,AKBANK T.A.Ş. KORUMA AMAÇLI ŞEMSİYE FONU'NA BAĞLI ÖZEL SEKTÖR BORÇLANMA ARAÇLARINA YATIRIM YAPAN B TİPİ % 100 ANAPARA KORUMA AMAÇLI ALTMIŞSEKİZİNCİ ALT FONU,YF,,kapanmis,,33E5FED7EBD300EAE0530A4A622B2AEA,Borçlanma Araçları,unvan
AOK,AKBANK T.A.Ş. KORUMA AMAÇLI ŞEMSİYE FONUNA BAĞLI B TİPİ %100 ANAPARA KORUMA AMAÇLI OTUZİKİNCİ ALT FONU,YF,,kapanmis,,33E5FED7E78300EAE0530A4A622B2AEA,Diğer,unvan
AOM,AK PORTFÖY %100 ANAPARA KORUMA AMAÇLI ONBİRİNCİ FON,YF,DG,kapanmis,AK PORTFÖY YÖNETİMİ A.Ş.,33E5FED7F0BF00EAE0530A4A622B2AEA,Diğer,unvan
AON,AKBANK T.A.Ş. KORUMA AMAÇLI ŞEMSİYE FONU'NA BAĞLI ÖZEL SEKTÖR BORÇLANMA ARAÇLARINA YATIRIM YAPAN B TİPİ % 100 ANAPARA KORUMA AMAÇLI ALTMIŞALTINCI ALT FONU,YF,,kapanmis,,33E5FED7EA5700EAE0530A4A622B2AEA,Borçlanma Araçları,unvan
AOO,AK PORTFÖY ÖZEL SEKTÖR BORÇLANMA ARAÇLARINA YATIRIM YAPAN %105 ANAPARA KORUMA AMAÇLI OTUZALTINCI FON,YF,DG,kapanmis,,4028328d7063adca01707c87d0a744d2,Borçlanma Araçları,unvan
AOR,AKBANK T.A.Ş. KORUMA AMAÇLI ŞEMSİYE FONU'NA BAĞLI ÖZEL SEKTÖR BORÇLANMA ARAÇLARINA YATIRIM YAPAN B TİPİ % 100 ANAPARA KORUMA AMAÇLI ALTMIŞDÖRDÜNCÜ ALT FONU,YF,,kapanmis,,33E5FED7EA4F00EAE0530A4A622B2AEA,Borçlanma Araçları,unvan
AOS,AKBANK T.A.Ş. KORUMA AMAÇLI ŞEMSİYE FONUNA BAĞLI %100 ANAPARA KORUMALI B TİPİ OTUZBEŞİNCİ ALT FONU,YF,,kapanmis,,33E5FED7E41300EAE0530A4A622B2AEA,Diğer,unvan
AOU,AKBANK T.A.Ş. KORUMA AMAÇLI ŞEMSİYE FONUNA BAĞLI B TİPİ %100 ANAPARA KORUMA AMAÇLI OTUZÜÇÜNCÜ ALT FONU,YF,,kapanmis,,33E5FED7E78700EAE0530A4A622B2AEA,Diğer,unvan
AOV,ANADOLUBANK A.Ş. B TİPİ TAHVİL VE BONO FONU,YF,,kapanmis,,33E5FED7E5BB00EAE0530A4A622B2AEA,Borçlanma Araçları,unvan
APA,AKBANK T.A.Ş. KORUMA AMAÇLI ŞEMSİYE FONU'NA BAĞLI ÖZEL SEKTÖR BORÇLANMA ARAÇLARINA YATIRIM YAPAN B TİPİ % 102 ANAPARA KORUMA AMAÇLI ELLİALTINCI ALT FONU,YF,,kapanmis,,33E5FED7EA3300EAE0530A4A622B2AEA,Borçlanma Araçları,unvan
APC,AKBANK T.A.Ş. KORUMA AMAÇLI ŞEMSİYE FONU'NA BAĞLI ÖZEL SEKTÖR BORÇLANMA ARAÇLARINA YATIRIM YAPAN B TİPİ % 102 ANAPARA KORUMA AMAÇLI ELLİYEDİNCİ ALT FONU,YF,,kapanmis,,33E5FED7EA3700EAE0530A4A622B2AEA,Borçlanma Araçları,unvan
APD,AKBANK T.A.Ş. KORUMA AMAÇLI ŞEMSİYE FONUNA BAĞLI B TİPİ %100 ANAPARA KORUMA AMAÇLI KIRKDÖRDÜNCÜ ALT FONU,YF,,kapanmis,,33E5FED7E42700EAE0530A4A622B2AEA,Diğer,unvan
APE,AKBANK T.A.Ş. KORUMA AMAÇLI ŞEMSİYE FONU'NA BAĞLI  ÖZEL SEKTÖR BORÇLANMA ARAÇLARINA YATIRIM YAPAN B TİPİ % 103 ANAPARA KORUMA AMAÇLI ELLİNCİ  ALT FONU,YF,,kapanmis,,33E5FED7E98F00EAE0530A4A622B2AEA,Borçlanma Araçları,unvan
API,AKBANK T.A.Ş. KORUMA AMAÇLI ŞEMSİYE FONUNA BAĞLI B TİPİ %100 ANAPARA KORUMA AMAÇLI KIRKBEŞİNCİ ALT FONU,YF,,kapanmis,,33E5FED7E79B00EAE0530A4A622B2AEA,Diğer,unvan
APL,AKBANK T.A.Ş. KORUMA AMAÇLI ŞEMSİYE FONU'NA BAĞLI ÖZEL SEKTÖR BORÇLANMA ARAÇLARINA YATIRIM YAPAN B TİPİ % 100 ANAPARA KORUMA AMAÇLI ELLİBİRİNCİ ALT FONU,YF,,kapanmis,,33E5FED7E99300EAE0530A4A622B2AEA,Borçlanma Araçları,unvan
APN,AKBANK T.A.Ş. KORUMA AMAÇLI ŞEMSİYE FONU'NA BAĞLI ÖZEL SEKTÖR BORÇLANMA ARAÇLARINA YATIRIM YAPAN B TİPİ % 102 ANAPARA KORUMA AMAÇLI ELLİBEŞİNCİ ALT FONU,YF,,kapanmis,,33E5FED7ED2B00EAE0530A4A622B2AEA,Borçlanma Araçları,unvan
APR,AKBANK T.A.Ş. KORUMA AMAÇLI ŞEMSİYE FONU'NA BAĞLI ÖZEL SEKTÖR BORÇLANMA ARAÇLARINA YATIRIM YAPAN B TİPİ % 100 ANAPARA KORUMA AMAÇLI ELLİDÖRDÜNCÜ ALT FONU,YF,,kapanmis,,33E5FED7ED2700EAE0530A4A622B2AEA,Borçlanma Araçları,unvan
APU,AKBANK T.A.Ş. KORUMA AMAÇLI ŞEMSİYE FONU'NA BAĞLI ÖZEL SEKTÖR BORÇLANMA ARAÇLARINA YATIRIM YAPAN B TİPİ % 100 ANAPARA KORUMA AMAÇLI ELLİDOKUZUNCU ALT FONU,YF,,kapanmis,,33E5FED7EA3F00EAE0530A4A622B2AEA,Borçlanma Araçları,unvan
APV,AK PORTFÖY ÖZEL SEKTÖR BORÇLANMA ARAÇLARINA YATIRIM YAPAN %100 ANAPARA KORUMA AMAÇLI BİRİNCİ FON,YF,DG,kapanmis,AK PORTFÖY YÖNETİMİ A.Ş.,33E5FED7F16300EAE0530A4A622B2AEA,Borçlanma Araçları,unvan
APZ,AKBANK T.A.Ş. KORUMA AMAÇLI ŞEMSİYE FONU'NA BAĞLI ÖZEL SEKTÖR BORÇLANMA ARAÇLARINA YATIRIM YAPAN B TİPİ % 100 ANAPARA KORUMA AMAÇLI ELLİSEKİZİNCİ ALT FONU,YF,,kapanmis,,33E5FED7EA3B00EAE0530A4A622B2AEA,Borçlanma Araçları,unvan
AR7,ARZ GAYRİMENKUL VE GİRİŞİM SERMAYESİ PORTFÖY YÖNETİM A.Ş. YEDİNCİ GAYRİMENKUL YATIRIM FONU,GMF,DG,kapanmis,,4028328d8b2fcee7018ba4f7bec21164,Diğer,unvan
ARB,ASHMORE PORTFÖY ÖZEL SEKTÖR BORÇLANMA ARAÇLARI FONU,YF,DG,kapanmis,,33E5FED7E52F00EAE0530A4A622B2AEA,Borçlanma Araçları,unvan
ARC,İSTANBUL PORTFÖY İKİNCİ HİSSE SENEDİ FONU (HİSSE SENEDİ YOĞUN FON),YF,HS,kapanmis,,33E5FED7E52700EAE0530A4A622B2AEA,Hisse Senedi,unvan
ARD,ASHMORE PORTFÖY DEĞİŞKEN FON,YF,DG,kapanmis,,33E5FED7E52B00EAE0530A4A622B2AEA,Değişken,unvan
ARH,AK PORTFÖY %100 ANAPARA KORUMA AMAÇLI SEKİZİNCİ FON,YF,DG,kapanmis,AK PORTFÖY YÖNETİMİ A.Ş.,33E5FED7F17700EAE0530A4A622B2AEA,Diğer,unvan
ARJ,AK PORTFÖY %100 ANAPARA KORUMA AMAÇLI YİRMİÜÇÜNCÜ FON,YF,DG,kapanmis,,4028328c63530c150163cff2984f60e9,Diğer,unvan
ARK,AK PORTFÖY ÖZEL SEKTÖR BORÇLANMA ARAÇLARINA YATIRIM YAPAN %100 ANAPARA KORUMA AMAÇLI ÜÇÜNCÜ FON,YF,DG,kapanmis,AK PORTFÖY YÖNETİMİ A.Ş.,33E5FED7E31F00EAE0530A4A622B2AEA,Borçlanma Araçları,unvan
ARN,AK PORTFÖY ÖZEL SEKTÖR BORÇLANMA ARAÇLARINA YATIRIM YAPAN %103 ANAPARA KORUMA AMAÇLI YEDİNCİ FON,YF,DG,kapanmis,AK PORTFÖY YÖNETİMİ A.Ş.,33E5FED7F08F00EAE0530A4A622B2AEA,Borçlanma Araçları,unvan
ARS,AK PORTFÖY ÖZEL SEKTÖR BORÇLANMA ARAÇLARINA YATIRIM YAPAN %100 ANAPARA KORUMA AMAÇLI DÖRDÜNCÜ FON,YF,DG,kapanmis,AK PORTFÖY YÖNETİMİ A.Ş.,33E5FED7F1A300EAE0530A4A622B2AEA,Borçlanma Araçları,unvan
ARU,AK PORTFÖY ÖPY MUTLAK GETİRİ HEDEFLİ İKİNCİ SERBEST ÖZEL FON,YF,SF,kapanmis,AK PORTFÖY YÖNETİMİ A.Ş.,33E5FED7F07B00EAE0530A4A622B2AEA,Serbest,unvan
ARV,AK PORTFÖY ÖZEL SEKTÖR BORÇLANMA ARAÇLARINA YATIRIM YAPAN %102 ANAPARA KORUMA  AMAÇLI  BEŞİNCİ  FON,YF,DG,kapanmis,AK PORTFÖY YÖNETİMİ A.Ş.,33E5FED7E62F00EAE0530A4A622B2AEA,Borçlanma Araçları,unvan
ARY,AK PORTFÖY ÖZEL SEKTÖR BORÇLANMA ARAÇLARINA YATIRIM YAPAN %100 ANAPARA KORUMA AMAÇLI ALTINCI FONU,YF,DG,kapanmis,AK PORTFÖY YÖNETİMİ A.Ş.,33E5FED7E32300EAE0530A4A622B2AEA,Borçlanma Araçları,unvan
ASA,FOKUS PORTFÖY HİSSE SENEDİ FONU (HİSSE SENEDİ YOĞUN FON),YF,HS,kapanmis,,33E5FED7E63F00EAE0530A4A622B2AEA,Hisse Senedi,unvan
AST,AKBANK T.A.Ş. KORUMA AMAÇLI ŞEMSİYE FONUNA BAĞLI %100 ANAPARA KORUMALI B TİPİ OTUZDÖRDÜNCÜ ALT FONU,YF,,kapanmis,,33E5FED7E40F00EAE0530A4A622B2AEA,Diğer,unvan
ASZ,AKBANK T.A.Ş. KORUMA AMAÇLI ŞEMSİYE FONUNA BAĞLI B TİPİ %98 ANAPARA KORUMA AMAÇLI ONSEKİZİNCİ ALT FONU,YF,,kapanmis,,33E5FED7E77B00EAE0530A4A622B2AEA,Diğer,unvan
ATC,AKBANK T.A.Ş. KORUMA AMAÇLI ŞEMSİYE FONUNA BAĞLI B TİPİ %100 ANAPARA KORUMA AMAÇLI KIRKBİRİNCİ ALT FONU,YF,,kapanmis,,33E5FED7E79700EAE0530A4A622B2AEA,Diğer,unvan
ATD,ATA PORTFÖY YABANCI KARMA FON,YF,DG,kapanmis,,33E5FED7E72F00EAE0530A4A622B2AEA,Karma,unvan
ATH,AKBANK T.A.Ş. KORUMA AMAÇLI ŞEMSİYE FONU'NA BAĞLI B TİPİ % 100 ANAPARA KORUMA AMAÇLI SEKSENDOKUZUNCU ALT FONU,YF,,kapanmis,,33E5FED7F01B00EAE0530A4A622B2AEA,Diğer,unvan
ATM,AKBANK T.A.Ş. KORUMA AMAÇLI ŞEMSİYE FONU'NA BAĞLI B TİPİ % 100 ANAPARA KORUMA AMAÇLI DOKSANINCI ALT FONU,YF,,kapanmis,,33E5FED7F01F00EAE0530A4A622B2AEA,Diğer,unvan
ATT,ATA PORTFÖY UZUN VADELİ BORÇLANMA ARAÇLARI FONU,YF,DG,kapanmis,,33E5FED7E73300EAE0530A4A622B2AEA,Borçlanma Araçları,unvan
ATU,AKBANK T.A.Ş. KORUMA AMAÇLI ŞEMSİYE FONU'NA BAĞLI ÖZEL SEKTÖR BORÇLANMA ARAÇLARINA YATIRIM YAPAN B TİPİ % 100 ANAPARA KORUMA AMAÇLI ALTMIŞDOKUZUNCU ALT FONU,YF,,kapanmis,,33E5FED7EBD700EAE0530A4A622B2AEA,Borçlanma Araçları,unvan
ATV,AKBANK T.A.Ş. KORUMA AMAÇLI ŞEMSİYE FONUNA BAĞLI B TİPİ %100 ANAPARA KORUMA AMAÇLI KIRKALTINCI ALT FONU,YF,,kapanmis,,33E5FED7E79F00EAE0530A4A622B2AEA,Diğer,unvan
ATZ,AKBANK T.A.Ş. KORUMA AMAÇLI ŞEMSİYE FONUNA BAĞLI B TİPİ %104 ANAPARA KORUMA AMAÇLI KIRKYEDİNCİ ALT FONU,YF,,kapanmis,,33E5FED7E7A300EAE0530A4A622B2AEA,Diğer,unvan
AUB,ATA YATIRIM MENKUL KIYMETLER A.Ş. UZUN VADELİ B TİPİ DEĞİŞKEN FONU,YF,DG,kapanmis,,33E5FED7E35F00EAE0530A4A622B2AEA,Değişken,unvan
AUC,AKBANK T.A.Ş. KORUMA AMAÇLI ŞEMSİYE FONU'NA BAĞLI B TİPİ % 100 ANAPARA KORUMA AMAÇLI YETMİŞÜCÜNCÜ ALT FONU,YF,,kapanmis,,33E5FED7E92300EAE0530A4A622B2AEA,Diğer,unvan
AUD,AKBANK T.A.Ş. KORUMA AMAÇLI ŞEMSİYE FONU'NA BAĞLI B TİPİ % 100 ANAPARA KORUMA AMAÇLI YETMİŞDÖRDÜNCÜ ALT FONU,YF,,kapanmis,,33E5FED7EDAF00EAE0530A4A622B2AEA,Diğer,unvan
AUF,AKBANK T.A.Ş. KORUMA AMAÇLI ŞEMSİYE FONU'NA BAĞLI ÖZEL SEKTÖR BORÇLANMA ARAÇLARINA YATIRIM YAPAN B TİPİ % 100 ANAPARA KORUMA AMAÇLI SEKSENÜÇÜNCÜ ALT FONU,YF,,kapanmis,,33E5FED7EAAF00EAE0530A4A622B2AEA,Borçlanma Araçları,unvan
AUH,AK PORTFÖY %100 ANAPARA KORUMA AMAÇLI ONDÖRDÜNCÜ FON,YF,DG,kapanmis,AK PORTFÖY YÖNETİMİ A.Ş.,4028328c56a410030156b732cb7c3253,Diğer,unvan
AUI,AK PORTFÖY %100 ANAPARA KORUMA AMAÇLI ONBEŞİNCİ FON,YF,DG,kapanmis,,4028328d5842e892015875f6e1032ec4,Diğer,unvan
AUK,AKBANK T.A.Ş. KORUMA AMAÇLI ŞEMSİYE FONU'NA BAĞLI B TİPİ % 100 ANAPARA KORUMA AMAÇLI YETMİŞİKİNCİ ALT FONU,YF,,kapanmis,,33E5FED7E91F00EAE0530A4A622B2AEA,Diğer,unvan
AUL,AKBANK T.A.Ş. KORUMA AMAÇLI ŞEMSİYE FONU'NA BAĞLI ÖZEL SEKTÖR BORÇLANMA ARAÇLARINA YATIRIM YAPAN B TİPİ % 100 ANAPARA KORUMA AMAÇLI YETMİŞALTINCI ALT FONU,YF,,kapanmis,,33E5FED7EE9F00EAE0530A4A622B2AEA,Borçlanma Araçları,unvan
AUM,AKBANK T.A.Ş. KORUMA AMAÇLI ŞEMSİYE FONU'NA BAĞLI ÖZEL SEKTÖR BORÇLANMA ARAÇLARINA YATIRIM YAPAN B TİPİ % 100 ANAPARA KORUMA AMAÇLI YETMİŞSEKİZİNCİ ALT FONU,YF,,kapanmis,,33E5FED7EA7F00EAE0530A4A622B2AEA,Borçlanma Araçları,unvan
AUN,AKBANK T.A.Ş. KORUMA AMAÇLI ŞEMSİYE FONU'NA BAĞLI ÖZEL SEKTÖR BORÇLANMA ARAÇLARINA YATIRIM YAPAN B TİPİ % 100 ANAPARA KORUMA AMAÇLI YETMİŞYEDİNCİ ALT FONU,YF,,kapanmis,,33E5FED7EDC300EAE0530A4A622B2AEA,Borçlanma Araçları,unvan
AUO,AKBANK T.A.Ş. KORUMA AMAÇLI ŞEMSİYE FONU'NA BAĞLI ÖZEL SEKTÖR BORÇLANMA ARAÇLARINA YATIRIM YAPAN B TİPİ % 100 ANAPARA KORUMA AMAÇLI SEKSENDÖRDÜNCÜ ALT FONU,YF,,kapanmis,,33E5FED7EABB00EAE0530A4A622B2AEA,Borçlanma Araçları,unvan
AUP,AKBANK T.A.Ş. KORUMA AMAÇLI ŞEMSİYE FONU'NA BAĞLI ÖZEL SEKTÖR BORÇLANMA ARAÇLARINA YATIRIM YAPAN B TİPİ % 100 ANAPARA KORUMA AMAÇLI SEKSENBEŞİNCİ ALT FONU,YF,,kapanmis,,33E5FED7EABF00EAE0530A4A622B2AEA,Borçlanma Araçları,unvan
AUR,AKBANK T.A.Ş. KORUMA AMAÇLI ŞEMSİYE FONU'NA BAĞLI B TİPİ % 100 ANAPARA KORUMA AMAÇLI YETMİŞBİRİNCİ ALT FONU,YF,,kapanmis,,33E5FED7ECDB00EAE0530A4A622B2AEA,Diğer,unvan
AUS,AKBANK T.A.Ş. KORUMA AMAÇLI ŞEMSİYE FONU'NA BAĞLI B TİPİ % 100 ANAPARA KORUMA AMAÇLI YETMİŞBEŞİNCİ ALT FONU,YF,,kapanmis,,33E5FED7EDB300EAE0530A4A622B2AEA,Diğer,unvan
AUT,ATA PORTFÖY DENGELİ DEĞİŞKEN FON,YF,DG,kapanmis,,33E5FED7E74B00EAE0530A4A622B2AEA,Değişken,unvan
AUU,AK PORTFÖY %110 ANAPARA KORUMA AMAÇLI YİRMİDÖRDÜNCÜ FON,YF,DG,kapanmis,,4028328d644795ad01653d6ace1734e3,Diğer,unvan
AUY,AKBANK T.A.Ş. KORUMA AMAÇLI ŞEMSİYE FONU'NA BAĞLI B TİPİ % 100 ANAPARA KORUMA AMAÇLI YETMİŞİNCİ ALT FONU,YF,,kapanmis,,33E5FED7ECD700EAE0530A4A622B2AEA,Diğer,unvan
AUZ,AKBANK T.A.Ş. KORUMA AMAÇLI ŞEMSİYE FONU'NA BAĞLI ÖZEL SEKTÖR BORÇLANMA ARAÇLARINA YATIRIM YAPAN B TİPİ % 104 ANAPARA KORUMA AMAÇLI YETMİŞDOKUZUNCU ALT FONU,YF,,kapanmis,,33E5FED7EA8300EAE0530A4A622B2AEA,Borçlanma Araçları,unvan
AVE,AGESA HAYAT VE EMEKLİLİK A.Ş. AGRESİF DEĞİŞKEN EMEKLİLİK YATIRIM FONU,EYF,,kapanmis,,33E5FED7EC2300EAE0530A4A622B2AEA,Değişken,unvan
AVH,AGESA HAYAT VE EMEKLİLİK A.Ş. BIST TEMETTÜ 25 ENDEKSİ EMEKLİLİK YATIRIM FONU,EYF,,kapanmis,,33E5FED7EC2B00EAE0530A4A622B2AEA,Diğer,unvan
AVK,AGESA HAYAT VE EMEKLİLİK A.Ş. ORTA VADELİ BORÇLANMA ARAÇLARI EMEKLİLİK YATIRIM FONU,EYF,,kapanmis,,33E5FED7EC2F00EAE0530A4A622B2AEA,Borçlanma Araçları,unvan
AVL,AGESA HAYAT VE EMEKLİLİK A.Ş. İKİNCİ PARA PİYASASI EMEKLİLİK YATIRIM FONU,EYF,,kapanmis,,33E5FED7EC3300EAE0530A4A622B2AEA,Para Piyasası,unvan
AVP,AGESA HAYAT VE EMEKLİLİK A.Ş. DENGELİ DEĞİŞKEN EMEKLİLİK YATIRIM FONU,EYF,,kapanmis,,33E5FED7EB5700EAE0530A4A622B2AEA,Değişken,unvan
AVS,AVİVASA EMEKLİLİK VE HAYAT A.Ş. GELİR AMAÇLI ALTERNATİF ESNEK EMEKLİLİK YATIRIM FONU,EYF,,kapanmis,,33E5FED7EC3F00EAE0530A4A622B2AEA,Diğer,unvan
AVU,AGESA HAYAT VE EMEKLİLİK A.Ş. İKİNCİ DEĞİŞKEN EMEKLİLİK YATIRIM FONU,EYF,,kapanmis,,33E5FED7EC3700EAE0530A4A622B2AEA,Değişken,unvan
AVY,AGESA HAYAT VE EMEKLİLİK A.Ş. KARMA GRUP EMEKLİLİK YATIRIM FONU,EYF,,kapanmis,,33E5FED7EC3B00EAE0530A4A622B2AEA,Karma,unvan
AXQ,AURA PORTFÖY YÖNETİMİ A.Ş. YENİLENEBİLİR ENERJİ VE TEKNOLOJİLERİ GİRİŞİM SERMAYESİ YATIRIM FONU,GSF,DG,kapanmis,,4028328c794d2f890179eab0af4448e7,Diğer,unvan
AXX,GARANTİ PORTFÖY YÖNETİMİ A.Ş. ANADOLU GAYRİMENKUL YATIRIM FONU,GMF,DG,kapanmis,,4028328d72f8dbc601730572d300293f,Diğer,unvan
AXY,GARANTİ PORTFÖY YÖNETİMİ A.Ş. İSTANBUL GAYRİMENKUL YATIRIM FONU,GMF,DG,kapanmis,,4028328d72f8dbc601730571cd87292f,Diğer,unvan
AYG,AKBANK T.A.Ş. KORUMA AMAÇLI ŞEMSIYE FONUNA BAĞLI B TIPI %98 ANAPARA KORUMA AMAÇLI OTUZBİRİNCİ ALT FONU,YF,,kapanmis,,33E5FED7E77F00EAE0530A4A622B2AEA,Diğer,unvan
AYK,BİZİM PORTFÖY BİRİNCİ KİRA SERTİFİKASI KATILIM FONU,YF,KTF,kapanmis,,33E5FED7EA9700EAE0530A4A622B2AEA,Katılım,unvan
AYT,AK YATIRIM MENKUL DEĞERLER A.Ş. B TİPİ DEĞİŞKEN FON,YF,,kapanmis,,33E5FED7E76300EAE0530A4A622B2AEA,Değişken,unvan
AZB,ALLIANZ HAYAT VE EMEKLİLİK A.Ş. DENGELİ DEĞİŞKEN EMEKLİLİK YATIRIM FONU,EYF,,kapanmis,,33E5FED7E8AB00EAE0530A4A622B2AEA,Değişken,unvan
AZE,ALLIANZ HAYAT VE EMEKLİLİK A.Ş. EMANET PARA PİYASASI EMEKLİLİK YATIRIM FONU,EYF,,kapanmis,,33E5FED7E8A300EAE0530A4A622B2AEA,Para Piyasası,unvan
AZM,ALLIANZ HAYAT VE EMEKLİLİK A.Ş. KAMU DIŞ BORÇLANMA ARAÇLARI GRUP EMEKLİLİK YATIRIM FONU,EYF,,kapanmis,,33E5FED7EB0300EAE0530A4A622B2AEA,Borçlanma Araçları,unvan
AZN,ALLIANZ HAYAT VE EMEKLİLİK A.Ş. ALTIN EMEKLİLİK YATIRIM FONU,EYF,,kapanmis,,33E5FED7E8E700EAE0530A4A622B2AEA,Kıymetli Madenler,unvan
AZO,ALLIANZ HAYAT VE EMEKLİLİK A.Ş. KARMA EMEKLİLİK YATIRIM FONU,EYF,,kapanmis,,33E5FED7EAFB00EAE0530A4A622B2AEA,Karma,unvan
AZR,AKBANK T.A.Ş. B TIPI ŞEMSIYE FONU'NA BAĞLI ÖZEL PORTFÖY YÖNETIMI TURKUAZ DEĞIŞKEN ALT FONU (DOKUZUNCU ALT FON),YF,,kapanmis,,33E5FED7EA8F00EAE0530A4A622B2AEA,Değişken,unvan
AZT,ALLIANZ HAYAT VE EMEKLİLİK A.Ş. KATKI EMEKLİLİK YATIRIM FONU,EYF,,kapanmis,,33E5FED7EEB300EAE0530A4A622B2AEA,Diğer,unvan
BAA,BİZİM PORTFÖY ENERJİ SEKTÖRÜ KATILIM HİSSE SENEDİ FONU (HİSSE SENEDİ YOĞUN FON),YF,HS,kapanmis,,33E5FED7E24B00EAE0530A4A622B2AEA,Hisse Senedi,unvan
BAT,BAŞKENT MENKUL DEĞERLER A.Ş. A TİPİ DEĞİŞKEN FONU,YF,,kapanmis,,33E5FED7E75300EAE0530A4A622B2AEA,Değişken,unvan
BED,GROUPAMA EMEKLİLİK A.Ş. KAMU DIŞ BORÇLANMA ARAÇLARI  EMEKLİLİK YATIRIM FONU,EYF,,kapanmis,,33E5FED7EBFF00EAE0530A4A622B2AEA,Borçlanma Araçları,unvan
BEL,GROUPAMA EMEKLİLİK A.Ş. PARA PİYASASI EMEKLİLİK YATIRIM FONU,EYF,,kapanmis,,33E5FED7E89700EAE0530A4A622B2AEA,Para Piyasası,unvan
BFD,AK PORTFÖY ÖZEL SEKTÖR BORÇLANMA ARAÇLARINA YATIRIM YAPAN %110 ANAPARA KORUMA AMAÇLI ELLİDOKUZUNCU FON,YF,DG,kapanmis,,4028328c812b72a30181628a7fd877be,Borçlanma Araçları,unvan
BFF,AK PORTFÖY ÖZEL SEKTÖR BORÇLANMA ARAÇLARINA YATIRIM YAPAN %105 ANAPARA KORUMA AMAÇLI OTUZDOKUZUNCU FON,YF,DG,kapanmis,,4028328d70abc4de01712b9a1c296e3d,Borçlanma Araçları,unvan
BFY,AK PORTFÖY ÖZEL SEKTÖR BORÇLANMA ARAÇLARINA YATIRIM YAPAN %110 ANAPARA KORUMA AMAÇLI ALTMIŞINCI FON,YF,DG,kapanmis,,4028328c812b72a30181628b869777d8,Borçlanma Araçları,unvan
BGA,ALLBATROSS PORTFÖY YÖNETİMİ A.Ş. BİRİNCİ PROJE GAYRİMENKUL YATIRIM FONU,GMF,DG,kapanmis,,4028328d95959cc6019615d3b02b57f9,Diğer,unvan
BGI,ALLBATROSS PORTFÖY GİSELDA SERBEST (TL) FON,YF,SF,kapanmis,,4028328c838f7bfd018437f394d75c8b,Serbest,unvan
BGS,GROUPAMA  EMEKLİLİK A.Ş. OKS STANDART EMEKLİLİK YATIRIM FONU,EYF,,kapanmis,,4028328c5fc60da801609d87683b4b6b,Diğer,unvan
BGT,GROUPAMA  EMEKLİLİK A.Ş. OKS KATILIM STANDART EMEKLİLİK YATIRIM FONU,EYF,,kapanmis,,4028328c5fc60da801609d8b054f4b84,Katılım,unvan
BGU,ARZ GAYRİMENKUL VE GİRİŞİM SERMAYESİ PORTFÖY YÖNETİMİ A.Ş. BİRİNCİ PROJE GAYRİMENKUL YATIRIM FONU,GMF,DG,kapanmis,,4028328d969f295701969fb06d300780,Diğer,unvan
BHG,AK PORTFÖY ÖZEL SEKTÖR BORÇLANMA ARAÇLARINA YATIRIM YAPAN %100 ANAPARA KORUMA AMAÇLI KIRKDÖRDÜNCÜ FON,YF,DG,kapanmis,,4028328c758f5dc501759277b22a0631,Borçlanma Araçları,unvan
BHV,ALLBATROSS PORTFÖY BAHAR HİSSE SENEDİ SERBEST FON (HİSSE SENEDİ YOĞUN FON),YF,HS,kapanmis,,4028328d950b608601957f50080e4bb4,Hisse Senedi,unvan
BHZ,AK PORTFÖY ÖZEL SEKTÖR BORÇLANMA ARAÇLARINA YATIRIM YAPAN %100 ANAPARA KORUMA AMAÇLI KIRKBEŞİNCİ FON,YF,DG,kapanmis,,4028328c758f5dc50175927da02c0650,Borçlanma Araçları,unvan
BJA,AK PORTFÖY ÖZEL SEKTÖR BORÇLANMA ARAÇLARINA YATIRIM YAPAN %110 ANAPARA KORUMA AMAÇLI ELLİİKİNCİ FON,YF,DG,kapanmis,,4028328c794d2f89017a4373329415a0,Borçlanma Araçları,unvan
BJO,AZİMUT PORTFÖY DELTA SERBEST ÖZEL FON,YF,SF,kapanmis,,4028328c794d2f8a017a0eaf20c87cee,Serbest,unvan
BKE,BİZİM PORTFÖY KATILIM 30 ENDEKSİ HİSSE SENEDİ FONU (HİSSE SENEDİ YOĞUN FON),YF,HS,kapanmis,,33E5FED7E33700EAE0530A4A622B2AEA,Hisse Senedi,unvan
BKR,BİZİM PORTFÖY İKİNCİ KİRA SERTİFİKASI KATILIM FONU,YF,KTF,kapanmis,,33E5FED7EE5700EAE0530A4A622B2AEA,Katılım,unvan
BLE,DENİZ PORTFÖY BİLCE SERBEST (DÖVİZ ) ÖZEL FON,YF,SF,kapanmis,,4028328c8b2fcee7018d45761a4b7156,Serbest,unvan
BLG,AZİMUT PORTFÖY BİLGE SERBEST ÖZEL FON,YF,SF,kapanmis,,4028328d8e21d0eb018e3c131c0e352f,Serbest,unvan
BMH,BURGAN PORTFÖY HİSSE SENEDİ FONU(HİSSE SENEDİ YOĞUN FON),YF,HS,kapanmis,,33E5FED7E38300EAE0530A4A622B2AEA,Hisse Senedi,unvan
BMS,BURGAN PORTFÖY BİRİNCİ SERBEST FON,YF,DG,kapanmis,,33E5FED7EA6300EAE0530A4A622B2AEA,Serbest,unvan
BMT,BURGAN PORTFÖY UZUN VADELİ KAMU BORÇLANMA ARAÇLARI FONU,YF,DG,kapanmis,,33E5FED7E38700EAE0530A4A622B2AEA,Borçlanma Araçları,unvan
BNKTR,FİNANS PORTFÖY TÜRKİYE YÜKSEK PİYASA DEĞERLİ BANKALAR HİSSE SENEDİ YOĞUN BORSA YATIRIM FONU,BYF,HS,kapanmis,,33E5FED811AB00EAE0530A4A622B2AEA,Hisse Senedi,unvan
BNY,BNP PARIBAS CARDIF EMEKLİLİK A.Ş. DEĞİŞKEN GRUP EMEKLİLİK YATIRIM FONU,EYF,,kapanmis,,33E5FED7EBA300EAE0530A4A622B2AEA,Değişken,unvan
BOA,AK PORTFÖY ÖZEL SEKTÖR BORÇLANMA ARAÇLARINA YATIRIM YAPAN %105 ANAPARA KORUMA AMAÇLI OTUZSEKİZİNCİ FON,YF,DG,kapanmis,,4028328d70abc4de01712b996fa06e2d,Borçlanma Araçları,unvan
BOF,TEMPLETON GLOBAL BOND FUND N(Acc) USD,YYF,,kapanmis,,33E5FED7F05F00EAE0530A4A622B2AEA,Diğer,unvan
BPB,BANKPOZİTİF KREDİ VE KALKINMA BANKASI A.Ş. B TİPİ LİKİT FON,YF,,kapanmis,,33E5FED7E67B00EAE0530A4A622B2AEA,Diğer,unvan
BPM,BNP PARIBAS CARDIF EMEKLİLİK A.Ş. EMANET PARA PİYASASI EMEKLİLİK YATIRIM FONU,EYF,,kapanmis,BNP PARIBAS CARDIF EMEKLİLİK A.Ş.,33E5FED7ECA300EAE0530A4A622B2AEA,Para Piyasası,unvan
BRA,BURGAN PORTFÖY ALTIN FONU,YF,DG,kapanmis,,33E5FED7E39B00EAE0530A4A622B2AEA,Kıymetli Madenler,unvan
BRD,BURGAN PORTFÖY ÖZEL SEKTÖR BORÇLANMA ARAÇLARİ FONU,YF,DG,kapanmis,,33E5FED7E39300EAE0530A4A622B2AEA,Borçlanma Araçları,unvan
BRL,BURGAN PORTFÖY PARA PİYASASİ FONU,YF,DG,kapanmis,,33E5FED7E39700EAE0530A4A622B2AEA,Para Piyasası,unvan
BSU,İNTEGRAL GİRİŞİM SERMAYESİ PORTFÖY YÖNETİMİ A.Ş. BİSU GİRİŞİM SERMAYESİ YATIRIM FONU,GSF,DG,kapanmis,,4028328d84686d120184764a2acc1ba4,Diğer,unvan
BUL,AKTİF PORTFÖY İNŞAAT SEKTÖRÜ HİSSE SENEDİ SERBEST (TL) FON (HİSSE SENEDİ YOĞUN FON),YF,HS,kapanmis,,4028328c8b2fcee8018b3847165b1f53,Hisse Senedi,unvan
BVY,AZİMUT PORTFÖY UE SERBEST (DÖVİZ) ÖZEL FON,YF,SF,kapanmis,,4028328c82b7f02f0182fd80fcb934d6,Serbest,unvan
BZI,BİZİM PORTFÖY İNŞAAT SEKTÖRÜ KATILIM HİSSE SENEDİ FONU (HİSSE SENEDİ YOĞUN FON),YF,HS,kapanmis,,33E5FED7E24700EAE0530A4A622B2AEA,Hisse Senedi,unvan
CA1,AK PORTFÖY ÖZEL SEKTÖR BORÇLANMA ARAÇLARINA YATIRIM YAPAN %110 ANAPARA KORUMA AMAÇLI ALTMIŞBİRİNCİ FON,YF,DG,kapanmis,,4028328c84399748018466d402941175,Borçlanma Araçları,unvan
CA2,AK PORTFÖY ÖZEL SEKTÖR BORÇLANMA ARAÇLARINA YATIRIM YAPAN %110 ANAPARA KORUMA AMAÇLI ALTMIŞİKİNCİ FON,YF,DG,kapanmis,,4028328c84399748018466d5ea171185,Borçlanma Araçları,unvan
CAF,ALLBATROSS PORTFÖY ALTİUS SERBEST FON,YF,SF,kapanmis,,4028328d8b2fcee7018baf3c6c2f6c05,Serbest,unvan
CCS,BV PORTFÖY COMUNALE CAPİTAL SERBEST FON,YF,SF,kapanmis,,4028328d949955a90194b20d354f7dd2,Serbest,unvan
CGY,İŞ PORTFÖY YÖNETİMİ A.Ş. ÇANAKKALE GAYRİMENKUL YATIRIM FONU,GMF,DG,kapanmis,,4028328d8f3f7793018f710d413e04cf,Diğer,unvan
CSS,AZİMUT PORTFÖY CRASSULA HİSSE SENEDİ SERBEST ÖZEL FON (HİSSE SENEDİ YOĞUN FON),YF,HS,kapanmis,,4028328c9373b8aa019390a4359365dc,Hisse Senedi,unvan
DAA,DENİZBANK A.Ş. KORUMA AMAÇLI ŞEMSİYE FONU'NA BAĞLI  % 100  ANAPARA   KORUMA  AMAÇLI  B TİPİ ALTININ YÜKSELECEĞİNİ ÖNGÖREN 10.ALT   FONU,YF,,kapanmis,,33E5FED7E28300EAE0530A4A622B2AEA,Diğer,unvan
DBC,DENİZBANK A.Ş. KORUMA AMAÇLI ŞEMSİYE FONU'NA BAĞLI %100 ANAPARA KORUMA AMAÇLI  B TİPİ ÖZEL SEKTÖR BORÇLANMA ARAÇLARINA YATIRIM YAPAN PETROLÜN DÜŞECEĞİNİ ÖNGÖREN ONBEŞİNCİ ALT FONU,YF,,kapanmis,,33E5FED7E99700EAE0530A4A622B2AEA,Borçlanma Araçları,unvan
DBE,DENİZBANK  A.Ş. KORUMA AMAÇLI ŞEMSİYE FONU'NA BAĞLI  %100 ANAPARA KORUMA AMAÇLI B TİPİ ÖZEL SEKTÖR BORÇLANMA ARAÇLARINA YATIRIM YAPAN İMKB 30 ENDEKSİNİN YÜKSELECEĞİNİ ÖNGÖREN ONÜÇÜNCÜ ALT FONU,YF,,kapanmis,,33E5FED7EDCF00EAE0530A4A622B2AEA,Borçlanma Araçları,unvan
DBR,DENİZBANK A.Ş. KORUMA AMAÇLI ŞEMSİYE FONU'NA BAĞLI %100 ANAPARA KORUMA AMAÇLI  B TİPİ ÖZEL SEKTÖR BORÇLANMA ARAÇLARINA YATIRIM YAPAN PETROLÜN YÜKSELECEĞİNİ ÖNGÖREN ONDÖRDÜNCÜ ALT FONU,YF,,kapanmis,,33E5FED7EEA700EAE0530A4A622B2AEA,Borçlanma Araçları,unvan
DBS,DENİZBANK A.Ş. KORUMA AMAÇLI ŞEMSİYE FONUNA BAĞLI %100  ANAPARA KORUMA AMAÇLI B TİPİ EURO TL KURUNUN DÜŞECEĞİNİ ÖNGÖREN  8.ALT FONU,YF,,kapanmis,,33E5FED7E27B00EAE0530A4A622B2AEA,Diğer,unvan
DEA,DENİZ PORTFÖY İKİNCİ DEĞİŞKEN FON,YF,DG,kapanmis,,33E5FED7E57300EAE0530A4A622B2AEA,Değişken,unvan
DES,DENİZBANK A.Ş. KORUMA AMAÇLI ŞEMSİYE FONU'NA BAĞLI  % 100  ANAPARA   KORUMA AMAÇLI  B TİPİ  HANG SENG ENDEKSİ   VE HANG SENG ÇİN İŞLETMELERİ ENDEKSİ 9. ALT FONU,YF,,kapanmis,,33E5FED7E27F00EAE0530A4A622B2AEA,Diğer,unvan
DEY,DENİZBANK  A.Ş. KORUMA AMAÇLI ŞEMSİYE FONU'NA BAĞLI %100 ANAPARA KORUMA AMAÇLI B TİPİ ÖZEL SEKTÖR BORÇLANMA ARAÇLARINA YATIRIM YAPAN EMTİA SEPETİNDE YÜKSELİŞ ÖNGÖREN ONYEDİNCİ ALT FONU,YF,,kapanmis,,33E5FED7E9BF00EAE0530A4A622B2AEA,Borçlanma Araçları,unvan
DFG,DENİZ PORTFÖY EGE SERBEST ÖZEL FON,YF,SF,kapanmis,,4028328c758f5dc501759dd793914945,Serbest,unvan
DFK,DENİZ PORTFÖY HLC SERBEST ÖZEL FON,YF,SF,kapanmis,DENİZ PORTFÖY YÖNETİMİ A.Ş.,4028328c758f5dc501759dd297b147d7,Serbest,unvan
DFL,DENİZ PORTFÖY OLMİ SERBEST ÖZEL FON,YF,SF,kapanmis,DENİZ PORTFÖY YÖNETİMİ A.Ş.,4028328c758f5dc501759dd5a1f548a3,Serbest,unvan
DFM,DENİZ PORTFÖY ÖZEL SEKTÖR BORÇLANMA ARAÇLARINA YATIRIM YAPAN %100 ANAPARA KORUMA AMAÇLI İKİNCİ FON,YF,DG,kapanmis,DENİZ PORTFÖY YÖNETİMİ A.Ş.,4028328d7850aacb01785edb21703db1,Borçlanma Araçları,unvan
DFR,DENİZ PORTFÖY ARSLAN SERBEST ÖZEL FON,YF,SF,kapanmis,DENİZ PORTFÖY YÖNETİMİ A.Ş.,4028328c758f5dc501759dd4a7f84842,Serbest,unvan
DFS,DENİZ PORTFÖY FRS SERBEST ÖZEL FON,YF,SF,kapanmis,DENİZ PORTFÖY YÖNETİMİ A.Ş.,4028328c758f5dc501759dd892904975,Serbest,unvan
DFV,DENİZ PORTFÖY MERT SERBEST ÖZEL FON,YF,SF,kapanmis,DENİZ PORTFÖY YÖNETİMİ A.Ş.,4028328c758f5dc501759dd3a0e94807,Serbest,unvan
DFZ,DENİZ PORTFÖY LARA SERBEST ÖZEL FON,YF,SF,kapanmis,DENİZ PORTFÖY YÖNETİMİ A.Ş.,4028328c758f5dc501759dd6916448ff,Serbest,unvan
DGD,DENİZ PORTFÖY EGD SERBEST (DÖVİZ) ÖZEL FON,YF,SF,kapanmis,DENİZ PORTFÖY YÖNETİMİ A.Ş.,4028328d949955a80194bb8c9ca45c9a,Serbest,unvan
DJIMT,BİZİM MENKUL DEĞERLER A.Ş. DOW JONES DJIM TÜRKİYE A TİPİ BORSA YATIRIM FONU,BYF,HS,kapanmis,,33E5FED811B500EAE0530A4A622B2AEA,Diğer,unvan
DKD,DENİZ PORTFÖY YEDİNCİ SERBEST (DÖVİZ) FON,YF,SF,kapanmis,,4028328c7b648351017bbb8ae3c62cc6,Serbest,unvan
DKE,DENİZBANK A.Ş. KORUMA AMAÇLI ŞEMSİYE FONU'NA BAĞLI %100 ANAPARA KORUMA AMAÇLI  B TİPİ ÖZEL SEKTÖR BORÇLANMA ARAÇLARINA YATIRIM YAPABİLEN EURO STOXX 50 ENDEKSİNİN YÜKSELECEĞİNİ ÖNGÖREN 16. ALT FONU,YF,,kapanmis,,33E5FED7E88300EAE0530A4A622B2AEA,Borçlanma Araçları,unvan
DKF,DENİZ PORTFÖY INND SERBEST (DÖVİZ) ÖZEL FON,YF,SF,kapanmis,DENİZ PORTFÖY YÖNETİMİ A.Ş.,4028328d71798498017197567f681c12,Serbest,unvan
DKG,DENİZ PORTFÖY YÖNETİMİ A.Ş. BİRİNCİ KATILIM GAYRİMENKUL YATIRIM FONU,GMF,DG,kapanmis,,4028328d8b2fcee7018b4189fd04564d,Katılım,unvan
DKO,DENİZ PORTFÖY ÖZEL SEKTÖR BORÇLANMA ARAÇLARINA YATIRIM YAPAN %110 ANAPARA KORUMA AMAÇLI ÜÇÜNCÜ FON,YF,DG,kapanmis,DENİZ PORTFÖY YÖNETİMİ A.Ş.,4028328c7bf4b5e4017c3ad45f18469a,Borçlanma Araçları,unvan
DKV,DENİZ PORTFÖY KAR PAYI ÖDEYEN İKİNCİ SERBEST (DÖVİZ) FON,YF,SF,kapanmis,,4028328c8029244901804bfa2d7327d1,Serbest,unvan
DLE,DENİZ PORTFÖY ALLTUS HİSSE SENEDİ SERBEST ÖZEL FON (HİSSE SENEDİ YOĞUN FON),YF,HS,kapanmis,,4028328c998ee9d7019a59437c862154,Hisse Senedi,unvan
DLS,DENİZBANK A.Ş. KORUMA AMAÇLI ŞEMSİYE FONU'NA BAĞLI  %100 ANAPARA KORUMA AMAÇLI B TİPİ DENİZBANK LÜKS ENDEKSİ'NİN YÜKSELECEĞİNİ ÖNGÖREN ONSEKİZİNCİ  ALT FONU,YF,,kapanmis,,33E5FED7EF5700EAE0530A4A622B2AEA,Diğer,unvan
DMB,DELTA MENKUL DEĞERLER A.Ş. B TİPİ LİKİT FONU,YF,,kapanmis,,33E5FED7E75B00EAE0530A4A622B2AEA,Diğer,unvan
DNO,DENİZ PORTFÖY NECLA SERBEST (DÖVİZ) ÖZEL FON,YF,SF,kapanmis,,4028328d6efb12d9016f334626473548,Serbest,unvan
DOA,DENİZ PORTFÖY DOKUZUNCU SERBEST (DÖVİZ) FON,YF,SF,kapanmis,DENİZ PORTFÖY YÖNETİMİ A.Ş.,4028328c7da7e73d017e96b5929b1b87,Serbest,unvan
DOB,DENİZ PORTFÖY TÜRKİZ SERBEST ÖZEL FON,YF,SF,kapanmis,DENİZ PORTFÖY YÖNETİMİ A.Ş.,4028328d767bb19d01768a8536f94b0d,Serbest,unvan
DOF,DENİZ PORTFÖY KUZEY SERBEST (DÖVİZ) ÖZEL FON,YF,SF,kapanmis,DENİZ PORTFÖY YÖNETİMİ A.Ş.,4028328d767bb19d01768a838fdf4adb,Serbest,unvan
DOI,DENİZ PORTFÖY ONUNCU SERBEST (DÖVİZ) FON,YF,SF,kapanmis,,4028328c7da7e73d017e96b702881b97,Serbest,unvan
DPA,DENİZ PORTFÖY ARSLAN SERBEST (DÖVİZ) ÖZEL FON,YF,SF,kapanmis,DENİZ PORTFÖY YÖNETİMİ A.Ş.,4028328d697d9f82016999f4581b5f49,Serbest,unvan
DPD,DENİZ PORTFÖY ÖBYM DEĞİŞKEN ÖZEL FON,YF,DG,kapanmis,DENİZ PORTFÖY YÖNETİMİ A.Ş.,33E5FED7F0AB00EAE0530A4A622B2AEA,Değişken,unvan
DPM,DENİZ PORTFÖY MİSA SERBEST ÖZEL FON,YF,SF,kapanmis,DENİZ PORTFÖY YÖNETİMİ A.Ş.,4028328c5d88e704015dabf8237c1a93,Serbest,unvan
DPS,DENİZ PORTFÖY ÖZEL SEKTÖR BORÇLANMA ARAÇLARINA YATIRIM YAPAN %100 ANAPARA KORUMA AMAÇLI BİRİNCİ FON,YF,DG,kapanmis,DENİZ PORTFÖY YÖNETİMİ A.Ş.,33E5FED7F0BB00EAE0530A4A622B2AEA,Borçlanma Araçları,unvan
DPU,DENİZ PORTFÖY TUAL SERBEST (DÖVİZ) ÖZEL FON (TUAL FON),YF,SF,kapanmis,DENİZ PORTFÖY YÖNETİMİ A.Ş.,4028328c629ea13a016344c7a00e0b4b,Serbest,unvan
DPV,DENİZ PORTFÖY ENDA SERBEST ÖZEL FON,YF,SF,kapanmis,DENİZ PORTFÖY YÖNETİMİ A.Ş.,4028328c63530c150163d5630fee0087,Serbest,unvan
DRB,DENİZ PORTFÖY ABİS HİSSE SENEDİ SERBEST ÖZEL FON (HİSSE SENEDİ YOĞUN FON),YF,HS,kapanmis,,4028328c944ba53e01945ef04e237dd6,Hisse Senedi,unvan
DRR,DENİZ PORTFÖY REYHAN SERBEST ÖZEL FON,YF,SF,kapanmis,DENİZ PORTFÖY YÖNETİMİ A.Ş.,4028328d767bb19d01768a8b60434b93,Serbest,unvan
DSG,DENİZ PORTFÖY EYLÜL SERBEST (DÖVİZ) ÖZEL FON,YF,SF,kapanmis,,4028328d8b2fcee7018d1218ecb67f19,Serbest,unvan
DSL,DENİZ PORTFÖY DSL HİSSE SENEDİ SERBEST ÖZEL FON (HİSSE SENEDİ YOĞUN FON),YF,HS,kapanmis,,4028328c95959ac40195b3e3b9af388c,Hisse Senedi,unvan
DSM,DENİZ PORTFÖY MERT SERBEST (DÖVİZ) ÖZEL FON,YF,SF,kapanmis,DENİZ PORTFÖY YÖNETİMİ A.Ş.,4028328d69d891c3016a01684f0b093f,Serbest,unvan
DSS,DENİZ PORTFÖY BADE SERBEST ÖZEL FON,YF,SF,kapanmis,DENİZ PORTFÖY YÖNETİMİ A.Ş.,4028328d767bb19d01768a81bc224abb,Serbest,unvan
DSU,AKTİF PORTFÖY AKTİF SERBEST (DÖVİZ-ABD DOLARI) FON,YF,SF,kapanmis,,4028328d90f0004501912d4edcc106fa,Serbest,unvan
DTD,DELTA MENKUL DEĞERLER A.Ş. A TİPİ DEĞİŞKEN FONU (HİSSE SENEDİ YOĞUN FON),YF,,kapanmis,,33E5FED7E75F00EAE0530A4A622B2AEA,Hisse Senedi,unvan
DTF,DELTA MENKUL DEĞERLER A.Ş. B TİPİ DEĞİŞKEN FONU,YF,,kapanmis,,33E5FED7E75700EAE0530A4A622B2AEA,Değişken,unvan
DTR,DENİZ PORTFÖY SEKİZİNCİ SERBEST (DÖVİZ) FON,YF,SF,kapanmis,DENİZ PORTFÖY YÖNETİMİ A.Ş.,4028328c7bf4b5e4017ceb213d986b1b,Serbest,unvan
DTS,DENİZ PORTFÖY ALESTA SERBEST (DÖVİZ) ÖZEL FON,YF,SF,kapanmis,,4028328d95959cc60195a910368c48cb,Serbest,unvan
DTT,DENİZ PORTFÖY SSM SERBEST (DÖVİZ) ÖZEL FON,YF,SF,kapanmis,DENİZ PORTFÖY YÖNETİMİ A.Ş.,4028328c71bc39bd0172613b2e0856ac,Serbest,unvan
DUG,DENİZ PORTFÖY YÖNETİMİ A.Ş. ÜÇÜNCÜ GAYRİMENKUL YATIRIM FONU,GMF,DG,kapanmis,,4028328d8f3f7793018f71c8007c0e68,Diğer,unvan
DVA,DENİZ PORTFÖY ONBİRİNCİ SERBEST (DÖVİZ) FON,YF,SF,kapanmis,,4028328c7f7cb860017fc1a31cb67255,Serbest,unvan
DZA,DENİZ PORTFÖY DÖRDÜNCÜ  DEĞİŞKEN FON,YF,DG,kapanmis,DENİZ PORTFÖY YÖNETİMİ A.Ş.,33E5FED7E25B00EAE0530A4A622B2AEA,Değişken,unvan
DZC,DENİZBANK A.Ş. KORUMA AMAÇLI ŞEMSİYE FONU'NA BAĞLI   %102 ANAPARA KORUMA AMAÇLI  B TİPİ DOLAR TL KURUNUN  DÜŞECEĞİNİ  ÖNGÖREN   ONBİRİNCİ ALT FONU,YF,,kapanmis,,33E5FED7E28700EAE0530A4A622B2AEA,Diğer,unvan
DZF,DENİZ PORTFÖY ÜÇÜNCÜ DEĞİŞKEN FON,YF,DG,kapanmis,DENİZ PORTFÖY YÖNETİMİ A.Ş.,33E5FED7E25F00EAE0530A4A622B2AEA,Değişken,unvan
DZK,DENİZ PORTFÖY KARMA FON,YF,DG,kapanmis,,33E5FED7E26300EAE0530A4A622B2AEA,Karma,unvan
DZN,DENİZBANK A.Ş. KORUMA AMAÇLI ŞEMSİYE FONU'NA BAĞLI   %102 ANAPARA KORUMA AMAÇLI  B TİPİ  EURO TL KURUNUN  DÜŞECEĞİNİ  ÖNGÖREN   ONİKİNCİ ALT FONU,YF,,kapanmis,,33E5FED7E57B00EAE0530A4A622B2AEA,Diğer,unvan
DZT,DENİZ PORTFÖY UZUN VADELİ BORÇLANMA ARAÇLARI FONU,YF,DG,kapanmis,,33E5FED7E26700EAE0530A4A622B2AEA,Borçlanma Araçları,unvan
DZZ,DENİZ PORTFÖY ECEM SERBEST (DÖVİZ) ÖZEL FON,YF,SF,kapanmis,DENİZ PORTFÖY YÖNETİMİ A.Ş.,4028328d5eed5adf015f821008205c48,Serbest,unvan
EAL,ERGO EMEKLİLİK VE HAYAT A.Ş. ALTIN EMEKLİLİK YATIRIM FONU,EYF,,kapanmis,,33E5FED7E9FF00EAE0530A4A622B2AEA,Kıymetli Madenler,unvan
ECF,GLOBAL MD PORTFÖY YÖNETİMİ A.Ş.TURK HOLDİNG GİRİŞİM SERMAYESİ YATIRIM FONU,GSF,DG,kapanmis,,4028328d767bb19d0176aee2c7a137b5,Diğer,unvan
ECH,GLOBAL MD PORTFÖY İKİNCİ HİSSE SENEDİ FONU (HİSSE SENEDİ YOĞUN FON),YF,HS,kapanmis,GLOBAL MD PORTFÖY YÖNETİMİ A.Ş.,33E5FED7E37F00EAE0530A4A622B2AEA,Hisse Senedi,unvan
ECT,GLOBAL MD PORTFÖY ORTA VADELİ BORÇLANMA ARAÇLARI FONU,YF,DG,kapanmis,GLOBAL MD PORTFÖY YÖNETİMİ A.Ş.,33E5FED7E37B00EAE0530A4A622B2AEA,Borçlanma Araçları,unvan
EDK,FİBA EMEKLİLİK VE HAYAT A.Ş. İKİNCİ KATKI EMEKLİLİK YATIRIM FONU,EYF,,kapanmis,,33E5FED7E9FB00EAE0530A4A622B2AEA,Diğer,unvan
EGB,FRANKLIN EURO GOVERNMENT BOND FUND,YYF,,kapanmis,,33E5FED7F04F00EAE0530A4A622B2AEA,Diğer,unvan
EGF,EGELİ CO PORTFÖY BİRİNCİ FON SEPETİ FONU,YF,DG,kapanmis,,33E5FED7F0AF00EAE0530A4A622B2AEA,Fon Sepeti,unvan
EIC,QİNVEST PORTFÖY İKİNCİ DEĞİŞKEN FON,YF,DG,kapanmis,ASTRA PORTFÖY YÖNETİMİ A.Ş.,33E5FED7F1AB00EAE0530A4A622B2AEA,Değişken,unvan
EIP,FİBA EMEKLİLİK VE HAYAT A.Ş. PARA PİYASASI LİKİT KAMU EMEKLİLİK YATIRIM FONU,EYF,,kapanmis,,33E5FED7E9DB00EAE0530A4A622B2AEA,Para Piyasası,unvan
EIY,FİBA EMEKLİLİK VE HAYAT A.Ş. GELİR AMAÇLI ESNEK EMEKLİLİK YATIRIM FONU,EYF,,kapanmis,,33E5FED7E9F700EAE0530A4A622B2AEA,Diğer,unvan
EK1,EKİNCİLER YATIRIM MENKUL DEĞERLER A.Ş. B TİPİ DEĞİŞKEN FONU,YF,,kapanmis,,33E5FED7E38F00EAE0530A4A622B2AEA,Değişken,unvan
EKI,YAPI KREDİ PORTFÖY EKİM 2025 SERBEST FON,YF,SF,kapanmis,,4028328c9373b8ab0193b4a1a7f43076,Serbest,unvan
ELT,EKİNCİLER YATIRIM MENKUL DEĞERLER A.Ş. B TİPİ KISA VADELİ TAHVİL VE BONO FONU,YF,,kapanmis,,33E5FED7E38B00EAE0530A4A622B2AEA,Kısa Vadeli Borçlanma,unvan
EMB,TEMPLETON EMERGING MARKETS BOND FUND N(Acc) USD,YYF,,kapanmis,,33E5FED7F05700EAE0530A4A622B2AEA,Diğer,unvan
EMF,TEMPLETON EMERGING MARKETS FUND N(Acc) USD,YYF,,kapanmis,,33E5FED7EFB300EAE0530A4A622B2AEA,Diğer,unvan
EMS,İŞ PORTFÖY EMSA SERBEST ÖZEL FON,YF,SF,kapanmis,,4028328c72f8dbc501738101127a3ae6,Serbest,unvan
ESE,AZİMUT PORTFÖY ESES SERBEST (DÖVİZ) ÖZEL FON,YF,SF,kapanmis,,4028328c861839b2018625cb60831238,Serbest,unvan
ESF,TÜRK EKONOMİ BANKASI A.Ş. KORUMA AMAÇLI ŞEMSİYE FONUNA BAĞLI B TİPİ %100  ANAPARA KORUMA AMAÇLI OTUZİKİNCİ ALT FONU,YF,,kapanmis,,33E5FED7E4A300EAE0530A4A622B2AEA,Diğer,unvan
ESH,AZİMUT PORTFÖY ESENTEPE HİSSE SENEDİ SERBEST ÖZEL FON (HİSSE SENEDİ YOĞUN FON),YF,HS,kapanmis,,4028328c86d231ff01877b018bad1440,Hisse Senedi,unvan
ESK,TÜRK EKONOMİ BANKASI A.Ş. KORUMA AMAÇLI ŞEMSİYE FONUNA BAĞLI B TİPİ %100  ANAPARA KORUMA AMAÇLI YİRMİDOKUZUNCU ALT FONU,YF,,kapanmis,,33E5FED7E49B00EAE0530A4A622B2AEA,Diğer,unvan
ESO,TÜRK EKONOMİ BANKASI A.Ş. KORUMA AMAÇLI ŞEMSİYE FONUNA BAĞLI B TİPİ %98  ANAPARA KORUMA AMAÇLI OTUZUNCU ALT FONU,YF,,kapanmis,,33E5FED7E49F00EAE0530A4A622B2AEA,Diğer,unvan
ETA,FRANKLIN EUROPEAN TOTAL RETURN FUND,YYF,,kapanmis,,33E5FED7F00300EAE0530A4A622B2AEA,Diğer,unvan
ETR,FRANKLIN EUROPEAN TOTAL RETURN FUND N(Acc) EUR,YYF,,kapanmis,,33E5FED7F05300EAE0530A4A622B2AEA,Diğer,unvan
EUF,TEMPLETON EUROLAND FUND A(Acc) EUR,YYF,,kapanmis,,33E5FED7EFEB00EAE0530A4A622B2AEA,Diğer,unvan
FAB,FİNANS PORTFÖY İKİNCİ DEĞİŞKEN FON,YF,DG,kapanmis,QNB PORTFÖY YÖNETİMİ A.Ş.,33E5FED7E3CB00EAE0530A4A622B2AEA,Değişken,unvan
FAF,FİNANS PORTFÖY İKİNCİ HİSSE SENEDİ FONU (HİSSE SENEDİ YOĞUN FON),YF,HS,kapanmis,QNB PORTFÖY YÖNETİMİ A.Ş.,33E5FED7E3BB00EAE0530A4A622B2AEA,Hisse Senedi,unvan
FAS,FORTIS YATIRIM MENKUL DEĞERLER A.Ş. A TİPİ HİSSE SENEDİ FONU,YF,HS,kapanmis,,33E5FED7E43700EAE0530A4A622B2AEA,Hisse Senedi,unvan
FBD,FİNANSBANK A.Ş.  B TİPİ DEĞİŞKEN FON,YF,,kapanmis,,33E5FED7E3BF00EAE0530A4A622B2AEA,Değişken,unvan
FBIST,FİNANS PORTFÖY FTSE İSTANBUL BONO FBIST BORSA YATIRIM FONU,BYF,DG,kapanmis,,33E5FED811BB00EAE0530A4A622B2AEA,Borçlanma Araçları,unvan
FBT,FORTIS YATIRIM MENKUL DEĞERLER A.Ş. B TİPİ TAHVİL VE BONO FONU,YF,DG,kapanmis,,33E5FED7E66F00EAE0530A4A622B2AEA,Borçlanma Araçları,unvan
FCV,FİBA PORTFÖY ÇOKLU VARLIK BİRİNCİ DEĞİŞKEN FON,YF,DG,kapanmis,,4028328d5b3ef6c7015b48c291e4502d,Değişken,unvan
FDB,FİNANS PORTFÖY İKİNCİ ÖZEL SEKTÖR BORÇLANMA ARAÇLARI FONU,YF,DG,kapanmis,QNB PORTFÖY YÖNETİMİ A.Ş.,33E5FED7E3CF00EAE0530A4A622B2AEA,Borçlanma Araçları,unvan
FEC,FİBA EMEKLİLİK VE HAYAT A.Ş. GELİR AMAÇLI KAMU BORÇLANMA ARAÇLARI EMEKLİLİK YATIRIM FONU,EYF,,kapanmis,,33E5FED7EF4B00EAE0530A4A622B2AEA,Borçlanma Araçları,unvan
FEV,FİBA EMEKLİLİK VE HAYAT A.Ş. GLOBAL MD PORTFÖY DEĞİŞKEN EMEKLİLİK YATIRIM FONU,EYF,,kapanmis,,4028328d57ff662f01582f628c9b0403,Değişken,unvan
FEZ,HDI FİBA EMEKLİLİK VE HAYAT A.Ş. PERFORM PORTFÖY DEĞİŞKEN EMEKLİLİK YATIRIM FONU,EYF,,kapanmis,,4028328d57ff662f01582f3f74b30154,Değişken,unvan
FFB,AK PORTFÖY ÖZEL SEKTÖR BORÇLANMA ARAÇLARINA YATIRIM YAPAN %110 ANAPARA KORUMA AMAÇLI KIRKALTINCI FON,YF,DG,kapanmis,,4028328c7707357b0177388b6f37198a,Borçlanma Araçları,unvan
FFL,AK PORTFÖY ÖZEL SEKTÖR BORÇLANMA ARAÇLARINA YATIRIM YAPAN %110 ANAPARA KORUMA AMAÇLI KIRKYEDİNCİ FON,YF,DG,kapanmis,,4028328c7707357b0177388f678a199b,Borçlanma Araçları,unvan
FFS,FİBA PORTFÖY 2023 SERBEST (DÖVİZ) FON,YF,SF,kapanmis,,4028328c69d88eef016a7cda7cf21d80,Serbest,unvan
FGL,FİNANSBANK A.Ş. GEÇİŞ B TİPİ LİKİT FONU,YF,,kapanmis,,33E5FED7EADF00EAE0530A4A622B2AEA,Diğer,unvan
FHD,FİNANSBANK A.Ş. YATIRIM HAPI B TİPİ DEĞİŞKEN FON,YF,,kapanmis,,33E5FED7E3D300EAE0530A4A622B2AEA,Değişken,unvan
FI2,FİNANSBANK A.Ş. A TİPİ DEĞİŞKEN FON (HİSSE SENEDİ YOĞUN FON),YF,,kapanmis,,33E5FED7E3AF00EAE0530A4A622B2AEA,Hisse Senedi,unvan
FKM,QNB PORTFÖY KAR PAYI ÖDEYEN ÜÇÜNCÜ SERBEST (DÖVİZ) FON,YF,SF,kapanmis,,4028328c88c529ea01892ad5b8140b6e,Serbest,unvan
FKR,FİNANSBANK A.Ş. KORUMA AMAÇLI ŞEMSİYE FONU'NA BAĞLI B TİPİ %100 ANAPARA KORUMA AMAÇLI ONBİRİNCİ  ALT FONU,YF,,kapanmis,,33E5FED7E3DB00EAE0530A4A622B2AEA,Diğer,unvan
FLF,FORTIS YATIRIM MENKUL DEĞERLER A.Ş. B TİPİ LİKİT FON,YF,DG,kapanmis,,33E5FED7E66B00EAE0530A4A622B2AEA,Diğer,unvan
FMF,FRANKLIN MUTUAL EUROPEAN FUND A(Acc) EUR,YYF,,kapanmis,,33E5FED7EFE700EAE0530A4A622B2AEA,Diğer,unvan
FMR,FİBA PORTFÖY MART 2025 SERBEST (DÖVİZ) FON,YF,SF,kapanmis,,4028328d86d233be0187ec5da2d35d43,Serbest,unvan
FNU,FİNANSBANK A.Ş. KORUMA AMAÇLI ŞEMSİYE FONU'NA BAĞLI B TİPİ %100 ANAPARA KORUMA AMAÇLI ONÜÇÜNCÜ  ALT FONU,YF,,kapanmis,,33E5FED7E3DF00EAE0530A4A622B2AEA,Diğer,unvan
FP1,QNB FİNANS PORTFÖY BEREKET SERBEST (DÖVİZ) ÖZEL FON,YF,SF,kapanmis,,4028328c84686b410184e754e9ae34c4,Serbest,unvan
FP2,FİBA PORTFÖY YÖNETİMİ A.Ş. İKİNCİ GAYRİMENKUL YATIRIM FONU,GMF,DG,kapanmis,,4028328c93c3b40d01941c0dea284259,Diğer,unvan
FPA,FOKUS PORTFÖY ATA YATIRIM KORUMA AMAÇLI ŞEMSİYE FONU' NA BAĞLI B TİPİ % 100 ANAPARA KORUMA AMAÇLI BİRİNCİ ALT FON,YF,,kapanmis,,33E5FED7E74F00EAE0530A4A622B2AEA,Diğer,unvan
FPC,FİBA PORTFÖY YÖNETİMİ A.Ş. BİRİNCİ GAYRİMENKUL YATIRIM FONU,GMF,DG,kapanmis,,4028328c93c3b40d01941c0e10754264,Diğer,unvan
FPD,FİNANS PORTFÖY ÖZEL SEKTÖR BORÇLANMA ARAÇLARINA YATIRIM YAPAN %100 ANAPARA KORUMA AMAÇLI DÖRDÜNCÜ FON,YF,DG,kapanmis,QNB PORTFÖY YÖNETİMİ A.Ş.,4028328d566a6dbf01569dd624fa5815,Borçlanma Araçları,unvan
FPF,FİNANS PORTFÖY ÖZEL SEKTÖR BORÇLANMA ARAÇLARINA YATIRIM YAPAN %100 ANAPARA KORUMA AMAÇLI İKİNCİ FON,YF,DG,kapanmis,QNB PORTFÖY YÖNETİMİ A.Ş.,33E5FED7F1BF00EAE0530A4A622B2AEA,Borçlanma Araçları,unvan
FPL,FİNANS PORTFÖY ÖZEL SEKTÖR BORÇLANMA ARAÇLARINA YATIRIM YAPAN %100 ANAPARA KORUMA  AMAÇLI BEŞİNCİ FON,YF,DG,kapanmis,QNB PORTFÖY YÖNETİMİ A.Ş.,4028328d574878e10157760614f207ce,Borçlanma Araçları,unvan
FPN,FİNANS PORTFÖY ÖZEL SEKTÖR BORÇLANMA ARAÇLARINA YATIRIM YAPAN %100 ANAPARA KORUMA AMAÇLI BİRİNCİ FON,YF,DG,kapanmis,QNB PORTFÖY YÖNETİMİ A.Ş.,33E5FED7F17B00EAE0530A4A622B2AEA,Borçlanma Araçları,unvan
FPU,FİNANS PORTFÖY ÖZEL SEKTÖR BORÇLANMA ARAÇLARINA YATIRIM YAPAN %100 ANAPARA KORUMA AMAÇLI ÜÇÜNCÜ FON,YF,DG,kapanmis,QNB PORTFÖY YÖNETİMİ A.Ş.,4028328d55a2d245015612f4ce49533c,Borçlanma Araçları,unvan
FRD,FİNANS PORTFÖY MUTLAK GETİRİ HEDEFLİ DEĞİŞKEN FON,YF,DG,kapanmis,QNB PORTFÖY YÖNETİMİ A.Ş.,33E5FED7E3D700EAE0530A4A622B2AEA,Değişken,unvan
FSE,QNB PORTFÖY ONDÖRDÜNCÜ SERBEST (DÖVİZ) FON,YF,SF,kapanmis,,4028328c8304fea80183895b0fb21181,Serbest,unvan
FUR,QNB FİNANS PORTFÖY ŞEDELE SERBEST (DÖVİZ) ÖZEL FON,YF,SF,kapanmis,QNB PORTFÖY YÖNETİMİ A.Ş.,4028328c6ab78362016be4db011b055d,Serbest,unvan
FVS,QNB PORTFÖY VİZYON SERBEST (DÖVİZ) ÖZEL FON,YF,SF,kapanmis,,4028328c6ab78361016c22e41fab1a53,Serbest,unvan
FVV,FİBA PORTFÖY VADE 1 SERBEST (DÖVİZ) FON,YF,SF,kapanmis,FİBA PORTFÖY YÖNETİMİ A.Ş.,4028328c70abc23a017110dacf2f78bf,Serbest,unvan
FYC,AZİMUT PYŞ İKİNCİ DEĞİŞKEN FON,YF,DG,kapanmis,,33E5FED7ED9700EAE0530A4A622B2AEA,Değişken,unvan
FYE,AZİMUT PORTFÖY FIRAT SERBEST (DÖVİZ) ÖZEL FON,YF,SF,kapanmis,,4028328d588b829c015925fe275e0d2c,Serbest,unvan
FYJ,AZİMUT PORTFÖY 19.0 SERBEST (DÖVİZ) FON,YF,SF,kapanmis,,4028328c81fdc4490182265b3e891993,Serbest,unvan
FYP,İSTANBUL PORTFÖY SERBEST FON,YF,SF,kapanmis,,33E5FED7F00700EAE0530A4A622B2AEA,Serbest,unvan
FYR,AZİMUT PYŞ ÜÇÜNCÜ DEĞİŞKEN FON,YF,,kapanmis,,33E5FED7ED9300EAE0530A4A622B2AEA,Değişken,unvan
FYS,FİNANS PORTFÖY BİRİNCİ SERBEST FON,YF,SF,kapanmis,QNB PORTFÖY YÖNETİMİ A.Ş.,33E5FED7E3AB00EAE0530A4A622B2AEA,Serbest,unvan
FYV,AZİMUT PORTFÖY PRO SERBEST (TL) ÖZEL FON,YF,SF,kapanmis,,4028328c81fdc449018226581875195c,Serbest,unvan
GA2,T.GARANTİ BANKASI A.Ş. B TİPİ ELMA LİKİT FONU,YF,DG,kapanmis,,33E5FED7E68F00EAE0530A4A622B2AEA,Diğer,unvan
GA3,T.GARANTİ BANKASI A.Ş.  FLEXİ B TİPİ DEĞİŞKEN FONU,YF,,kapanmis,,33E5FED7E69300EAE0530A4A622B2AEA,Değişken,unvan
GAB,T.GARANTİ BANKASI A.Ş. B TİPİ YABANCI MENKUL KIYMETLER FONU,YF,DG,kapanmis,,33E5FED7E35700EAE0530A4A622B2AEA,Diğer,unvan
GAD,T.GARANTİ BANKASI A.Ş. ÖZEL BANKACILIK VE PORTFÖY YÖNETİMİ A TİPİ DEĞİŞKEN ÖZEL FONU (HİSSE SENEDİ YOĞUN FON),YF,,kapanmis,,33E5FED7E59700EAE0530A4A622B2AEA,Hisse Senedi,unvan
GAI,GARANTİ PORTFÖY İKİNCİ FON SEPETİ FONU,YF,DG,kapanmis,,4028328d610a8174016165e1b25b07dd,Fon Sepeti,unvan
GAK,INVEO PORTFÖY KARMA FON,YF,DG,kapanmis,,33E5FED7EA1B00EAE0530A4A622B2AEA,Karma,unvan
GAREN,TÜRKİYE GARANTİ BANKASI A.Ş. MSCI TÜRKİYE  ENDEKSİ A TİPİ  BORSA YATIRIM FONU (HİSSE SENEDİ YOĞUN FON),BYF,HS,kapanmis,,33E5FED811A700EAE0530A4A622B2AEA,Hisse Senedi,unvan
GARON,T.GARANTİ BANKASI A.Ş. EKO10 ENDEKSİ A TİPİ BORSA YATIRIM FONU (HİSSE SENEDİ YOĞUN FON),BYF,HS,kapanmis,,33E5FED811BD00EAE0530A4A622B2AEA,Hisse Senedi,unvan
GAT,GARANTİ YATIRIM MENKUL KIYMETLER A.Ş. B TİPİ TAHVİL VE BONO FON,YF,,kapanmis,,33E5FED7E3E300EAE0530A4A622B2AEA,Borçlanma Araçları,unvan
GBK,AZİMUT PYŞ EUROBOND BORÇLANMA ARAÇLARI FONU,YF,DG,kapanmis,,33E5FED7ECFB00EAE0530A4A622B2AEA,Borçlanma Araçları,unvan
GCB,GARANTİ PORTFÖY NSÖ SERBEST (DÖVİZ) ÖZEL FON,YF,SF,kapanmis,,4028328d7da7e96d017ec3ba40005397,Serbest,unvan
GCG,GARANTİ PORTFÖY YİRMİYEDİNCİ SERBEST (TL) ÖZEL FON,YF,SF,kapanmis,,4028328d8305029d018383d69c1924a2,Serbest,unvan
GDC,T.GARANTİ BANKASI A.Ş.'NİN KORUMA AMAÇLI ŞEMSİYE FONU'NA BAĞLI  B TİPİ  %100 ANAPARA KORUMA AMAÇLI YİRMİÜÇÜNCÜ ALT FONU,YF,,kapanmis,,33E5FED7E5A300EAE0530A4A622B2AEA,Diğer,unvan
GDF,T.GARANTİ BANKASI A.Ş. ÖZEL BANKACILIK B TİPİ DEĞİŞKEN ÖZEL FONU,YF,,kapanmis,,33E5FED7E59300EAE0530A4A622B2AEA,Değişken,unvan
GDH,GARANTİ PORTFÖY BİRİNCİ FON SEPETİ ÖZEL FONU,YF,DG,kapanmis,,4028328c7bf4b5e4017c3072e08f1d3d,Fon Sepeti,unvan
GDL,GARANTİ PORTFÖY BİRİNCİ PARA PİYASASI ÖZEL FON,YF,DG,kapanmis,,4028328d6fafa0e501701f9fe3ee7bb4,Para Piyasası,unvan
GDM,T.GARANTİ BANKASI A.Ş. MİNİBANK A TİPİ  KARMA ÖZEL FONU,YF,,kapanmis,,33E5FED7E85B00EAE0530A4A622B2AEA,Karma,unvan
GDR,T.GARANTİ BANKASI A.Ş.'NİN KORUMA AMAÇLI ŞEMSİYE FONU'NA BAĞLI  B TİPİ  %100 ANAPARA KORUMA AMAÇLI YİRMİDÖRDÜNCÜ ALT FONU,YF,,kapanmis,,33E5FED7E5A700EAE0530A4A622B2AEA,Diğer,unvan
GDS,GARANTİ PORTFÖY DÖRDÜNCÜ SERBEST (DÖVİZ) FON,YF,SF,kapanmis,,4028328c6d92933a016e68d0f5863960,Serbest,unvan
GDU,GARANTİ PORTFÖY UZUN VADELİ BORÇLANMA ARAÇLARI FONU,YF,DG,kapanmis,,33E5FED7E59B00EAE0530A4A622B2AEA,Borçlanma Araçları,unvan
GF3,ONE PORTFÖY YÖNETİMİ A.Ş. ÜÇÜNCÜ GAYRİMENKUL YATIRIM FONU,GMF,DG,kapanmis,,4028328d8b2fcee7018b8fa391043680,Diğer,unvan
GFA,GARANTİ PORTFÖY OCAK 2024 SERBEST (DÖVİZ-ABD DOLARI) FON,YF,SF,kapanmis,,4028328c82b7f02f0182fce9db422dc1,Serbest,unvan
GFE,GARANTİ PORTFÖY ŞUBAT 2025 SERBEST (DÖVİZ-ABD DOLARI) FON,YF,SF,kapanmis,,4028328c82b7f02f0182fcee0c9e2e23,Serbest,unvan
GFF,GARANTİ PORTFÖY 2023 SERBEST (DÖVİZ-AVRO) FON,YF,SF,kapanmis,,4028328c7063ab7f0170762a168b47a4,Serbest,unvan
GFG,GARANTİ PORTFÖY İKİNCİ BORÇLANMA ARAÇLARI ÖZEL FONU,YF,DG,kapanmis,,4028328c7da7e73b017ed88a62a4664b,Borçlanma Araçları,unvan
GFK,GARANTİ PORTFÖY AĞUSTOS 2024 SERBEST (DÖVİZ-ABD DOLARI) FON,YF,SF,kapanmis,,4028328c82b7f02f0182fcec48692dda,Serbest,unvan
GFO,GARANTİ PORTFÖY HAZİRAN 2025 SERBEST (DÖVİZ-AVRO) FON,YF,SF,kapanmis,,4028328c82b7f02f0182fcef7b902e3c,Serbest,unvan
GFR,GARANTİ PORTFÖY DOREMUSİC SERBEST ÖZEL FON,YF,SF,kapanmis,,4028328c7d3c2e71017d8033bbed7dee,Serbest,unvan
GFS,GARANTİ PORTFÖY BİRİNCİ FON SEPETİ FONU,YF,DG,kapanmis,GARANTİ PORTFÖY YÖNETİMİ A.Ş.,4028328c5d88e705015eb822d14902aa,Fon Sepeti,unvan
GFT,AZİMUT PORTFÖY HE SERBEST (TL) ÖZEL FON,YF,SF,kapanmis,,4028328c81fdc449018225a3b0dd1605,Serbest,unvan
GFU,TEMPLETON GLOBAL BALANCED FUND A(Acc) USD,YYF,,kapanmis,,33E5FED7EF7B00EAE0530A4A622B2AEA,Diğer,unvan
GFV,GARANTİ PORTFÖY YİRMİDÖRDÜNCÜ SERBEST ÖZEL FON,YF,SF,kapanmis,,4028328c7da7e73b017ed88c1fb26698,Serbest,unvan
GGB,GARANTİ PORTFÖY ARK SERBEST (DÖVİZ) ÖZEL FON,YF,SF,kapanmis,,4028328c6faf9e50016fe73d958169c7,Serbest,unvan
GGL,ÜNLÜ PORTFÖY YEDİNCİ SERBEST ÖZEL FON,YF,SF,kapanmis,,4028328c73a8657f01741120c0a255ba,Serbest,unvan
GGV,GARANTİ PORTFÖY 2021 SERBEST (DÖVİZ-ABD DOLARI) FON,YF,SF,kapanmis,,4028328d70abc4de01712af45ae76656,Serbest,unvan
GGZ,GARANTİ PORTFÖY ONBİRİNCİ SERBEST FON,YF,SF,kapanmis,,4028328d70abc4de01712af220566626,Serbest,unvan
GJP,GARANTİ PORTFÖY ONBEŞİNCİ SERBEST ÖZEL FON,YF,SF,kapanmis,,4028328c794d2f890179eba005334e6a,Serbest,unvan
GKA,T. GARANTİ BANKASI A.Ş. KORUMA AMAÇLI ŞEMSİYE FONU'NA (ŞEMSİYE FON) BAĞLI B TİPİ %100 ANAPARA KORUMA AMAÇLI ÖZEL SEKTÖR BORÇLANMA ARAÇLARINA YATIRIM YAPAN OTUZALTINCI ALT FONU,YF,,kapanmis,,33E5FED7E9D700EAE0530A4A622B2AEA,Borçlanma Araçları,unvan
GKC,T.GARANTİ BANKASI A.Ş.'NİN KORUMA AMAÇLI ŞEMSİYE FONU'NA BAĞLI B TİPİ %100 ANAPARA KORUMA AMAÇLI OTUZÜÇÜNCÜ ALT FONU,YF,,kapanmis,,33E5FED7EE3B00EAE0530A4A622B2AEA,Diğer,unvan
GKD,T.GARANTİ BANKASI A.Ş.'NİN KORUMA AMAÇLI ŞEMSİYE FONU'NA BAĞLI ÖZEL BANKACILIK B TİPİ %100 ANAPARA KORUMA AMAÇLI ÖZEL SEKTÖR BORÇLANMA ARAÇLARINA YATIRIM YAPAN OTUZDÖRDÜNCÜ ALT FONU,YF,,kapanmis,,33E5FED7EE3F00EAE0530A4A622B2AEA,Borçlanma Araçları,unvan
GKI,T.GARANTİ BANKASI A.Ş.'NİN KORUMA AMAÇLI ŞEMSİYE FONU'NA BAĞLI B TİPİ %100 ANAPARA KORUMA AMAÇLI ÖZEL SEKTÖR BORÇLANMA ARAÇLARINA YATIRIM YAPAN OTUZİKİNCİ ALT FONU,YF,,kapanmis,,33E5FED7E9A700EAE0530A4A622B2AEA,Borçlanma Araçları,unvan
GKN,T. GARANTİ BANKASI A.Ş. KORUMA AMAÇLI ŞEMSİYE FONU'NA BAĞLI T. GARANTİ BANKASI A.Ş. B TİPİ %100 ANAPARA KORUMA AMAÇLI ÖZEL SEKTÖR BORÇLANMA ARAÇLARINA YATIRIM YAPAN OTUZYEDİNCİ ALT FON,YF,,kapanmis,,33E5FED7E92700EAE0530A4A622B2AEA,Borçlanma Araçları,unvan
GKR,ATLAS PORTFÖY YÖNETİMİ A.Ş. GÖKTÜRK-2 GAYRİMENKUL YATIRIM FONU,GMF,DG,kapanmis,,4028328d93c3b68d01942c6c28f42776,Diğer,unvan
GKS,INVEO PORTFÖY İKİNCİ SERBEST FON,YF,SF,kapanmis,,4028328c6ab78362016bbd6edf985b0c,Serbest,unvan
GKT,T. GARANTİ BANKASI A.Ş. KORUMA AMAÇLI ŞEMSİYE FONU?NA BAĞLI B TİPİ %100 ANAPARA KORUMA AMAÇLI OTUZBEŞİNCİ ALT FONU,YF,,kapanmis,,33E5FED7EA4B00EAE0530A4A622B2AEA,Diğer,unvan
GKU,T. GARANTİ BANKASI A.Ş.'NİN KORUMA AMAÇLI ŞEMSİYE FONU'NA BAĞLI ÖZEL BANKACILIK B TİPİ  %100 ANAPARA KORUMA AMAÇLI ÖZEL SEKTÖR BORÇLANMA ARAÇLARINA YATIRIM YAPAN OTUZBİRİNCİ ALT FONU,YF,,kapanmis,,33E5FED7E99B00EAE0530A4A622B2AEA,Borçlanma Araçları,unvan
GKY,T.GARANTİ BANKASI A.Ş.'NİN KORUMA AMAÇLI ŞEMSİYE FONU'NA BAĞLI  ÖZEL BANKACILIK B TİPİ  %100 ANAPARA KORUMA AMAÇLI YİRMİBEŞİNCİ ALT FONU,YF,,kapanmis,,33E5FED7E5AB00EAE0530A4A622B2AEA,Diğer,unvan
GKZ,T. GARANTİ BANKASI A.Ş.'NİN KORUMA AMAÇLI ŞEMSİYE FONU'NA BAĞLI  B TİPİ %100 ANAPARA KORUMA AMAÇLI OTUZUNCU FONU,YF,,kapanmis,,33E5FED7EE0B00EAE0530A4A622B2AEA,Diğer,unvan
GLD,AZİMUT PYŞ HEDEF 2015 BORÇLANMA ARAÇLARI FONU,YF,,kapanmis,,33E5FED7E92B00EAE0530A4A622B2AEA,Borçlanma Araçları,unvan
GLF,TEMPLETON GLOBAL FUND A(Acc) USD,YYF,,kapanmis,,33E5FED7EF7700EAE0530A4A622B2AEA,Diğer,unvan
GLN,GARANTİ PORTFÖY EREN SERBEST (DÖVİZ) ÖZEL FON,YF,SF,kapanmis,,4028328c80e91790018128dad11707f6,Serbest,unvan
GLO,TEMPLETON GLOBAL BOND FUND A(Acc) USD,YYF,,kapanmis,,33E5FED7F05B00EAE0530A4A622B2AEA,Diğer,unvan
GLZ,GARANTİ PORTFÖY İKİNCİ PARA PİYASASI ÖZEL FONU,YF,DG,kapanmis,,4028328d7b648589017b880909130053,Para Piyasası,unvan
GMG,GARANTİ PORTFÖY MART 2024 SERBEST (DÖVİZ-ABD DOLARI) FON,YF,SF,kapanmis,,4028328c7bf4b5e4017c79bf7f266aa4,Serbest,unvan
GMJ,GARANTİ PORTFÖY MART 2023 SERBEST (DÖVİZ-ABD DOLARI) FON,YF,SF,kapanmis,,4028328c7bf4b5e4017c79be266f6a8b,Serbest,unvan
GO2,ONE PORTFÖY KATILIM FON SEPETİ FONU,YF,KTF,kapanmis,,4028328c82b7f02f0182c9f43ca6361c,Fon Sepeti,unvan
GOLDP,BİZİM PORTFÖY ALTIN KATILIM BORSA YATIRIM FONU,BYF,DG,kapanmis,,33E5FED811AD00EAE0530A4A622B2AEA,Kıymetli Madenler,unvan
GPD,T.GARANTİ BANKASI A.Ş. B TİPİ PORTFÖY YÖNETİMİ DEĞİŞKEN FONU,YF,DG,kapanmis,,33E5FED7E59F00EAE0530A4A622B2AEA,Değişken,unvan
GPP,GARANTİ PORTFÖY 2023 SERBEST (DÖVİZ-ABD DOLARI) FON,YF,SF,kapanmis,,4028328c7063ab7f0170762a80f847b4,Serbest,unvan
GRB,GROUPAMA EMEKLİLİK A.Ş. BAŞLANGIÇ EMEKLİLİK YATIRIM FONU,EYF,,kapanmis,,4028328d595afce201596350faf34a6f,Diğer,unvan
GRC,GROUPAMA  EMEKLİLİK A.Ş. OKS AGRESİF DEĞİŞKEN EMEKLİLİK YATIRIM FONU,EYF,,kapanmis,,4028328d5eed5adf015fa5fb836062bb,Değişken,unvan
GRD,GROUPAMA  EMEKLİLİK A.Ş. OKS DİNAMİK DEĞİŞKEN EMEKLİLİK YATIRIM FONU,EYF,,kapanmis,,4028328d5eed5adf015fa5fd670c62e0,Değişken,unvan
GRE,GROUPAMA  EMEKLİLİK A.Ş. OKS DENGELİ DEĞİŞKEN EMEKLİLİK YATIRIM FONU,EYF,,kapanmis,,4028328d5eed5adf015fa5fc821262c9,Değişken,unvan
GRF,TEMPLETON GROWTH (EURO) FUND A(Acc) EUR,YYF,,kapanmis,,33E5FED7EFEF00EAE0530A4A622B2AEA,Diğer,unvan
GRH,GROUPAMA  EMEKLİLİK A.Ş. OKS MUHAFAZAKAR DEĞİŞKEN EMEKLİLİK YATIRIM FONU,EYF,,kapanmis,,4028328d5eed5adf015fa5fe59e862f0,Değişken,unvan
GRK,GROUPAMA EMEKLİLİK A.Ş. KATKI EMEKLİLİK YATIRIM FONU,EYF,,kapanmis,,33E5FED7EC0F00EAE0530A4A622B2AEA,Diğer,unvan
GRS,GROUPAMA EMEKLİLİK A.Ş. STANDART EMEKLİLİK YATIRIM FONU,EYF,,kapanmis,,33E5FED7EC1700EAE0530A4A622B2AEA,Diğer,unvan
GRV,GROUPAMA  EMEKLİLİK A.Ş. OKS DİNAMİK KATILIM DEĞİŞKEN EMEKLİLİK YATIRIM FONU,EYF,,kapanmis,,4028328d5eed5adf015fa5ff57d5631e,Katılım,unvan
GRY,GROUPAMA EMEKLİLİK A.Ş. BAŞLANGIÇ KATILIM EMEKLİLİK YATIRIM FONU,EYF,,kapanmis,,4028328d595afce20159634ee0604a38,Katılım,unvan
GRZ,GROUPAMA  EMEKLİLİK A.Ş. OKS AGRESİF KATILIM  DEĞİŞKEN EMEKLİLİK YATIRIM FONU,EYF,,kapanmis,,4028328d5eed5adf015fa6004f226332,Katılım,unvan
GSA,AZİMUT PYŞ PİYASA NÖTR DEĞİŞKEN FON,YF,DG,kapanmis,,33E5FED7ED0F00EAE0530A4A622B2AEA,Değişken,unvan
GSC,TEMPLETON GLOBAL SMALLER COMPANIES FUND  A(Acc) USD,YYF,,kapanmis,,33E5FED7F06300EAE0530A4A622B2AEA,Diğer,unvan
GSH,AZİMUT PYŞ HEDEF 2016 BORÇLANMA ARAÇLARI FONU,YF,DG,kapanmis,,33E5FED7ECF700EAE0530A4A622B2AEA,Borçlanma Araçları,unvan
GSM,INVEO PORTFÖY SMART ALGO SERBEST FON,YF,SF,kapanmis,,4028328d6d929640016e49b5ade27f56,Serbest,unvan
GSS,GARANTİ PORTFÖY INN SERBEST (DÖVİZ) ÖZEL FON,YF,SF,kapanmis,,4028328d6fafa0e501704389c2e57dbf,Serbest,unvan
GT30,FİNANSBANK A.Ş. GT-30 A TİPİ BORSA YATIRIM FONU,BYF,HS,kapanmis,,33E5FED811A500EAE0530A4A622B2AEA,Diğer,unvan
GTB,T.GARANTİ BANKASI A.Ş. ÖZEL BANKACILIK B TİPİ TAHVİL BONO ÖZEL FONU,YF,,kapanmis,,33E5FED7E84F00EAE0530A4A622B2AEA,Borçlanma Araçları,unvan
GTD,AZİMUT PYŞ BEŞİNCİ DEĞİŞKEN FON,YF,DG,kapanmis,,33E5FED7EADB00EAE0530A4A622B2AEA,Değişken,unvan
GTG,GLOBAL MD PORTFÖY YÖNETİMİ A.Ş. TORKAM 42. CADDE TİCARİ GAYRİMENKUL YATIRIM FONU,GMF,DG,kapanmis,GLOBAL MD PORTFÖY YÖNETİMİ A.Ş.,4028328c644793340165189dc9e603b0,Diğer,unvan
GTP,T.GARANTİ BANKASI A.Ş. POZİTİF B TİPİ DEĞİŞKEN FONU,YF,,kapanmis,,33E5FED7E5B700EAE0530A4A622B2AEA,Değişken,unvan
GTS,GARANTİ PORTFÖY ÖZEL SEKTÖR BORÇLANMA ARAÇLARI FONU,YF,DG,kapanmis,,33E5FED7E5B300EAE0530A4A622B2AEA,Borçlanma Araçları,unvan
GTT,T.GARANTİ BANKASI A.Ş. A TİPİ TEMETTÜ ENDEKS FONU (HİSSE SENEDİ YOĞUN FON),YF,,kapanmis,,33E5FED7E69B00EAE0530A4A622B2AEA,Hisse Senedi,unvan
GUE,GARANTİ PORTFÖY ÖPY PARA PİYASASI (TL) ÖZEL FON,YF,DG,kapanmis,,4028328d7850aacb0178643e80966244,Para Piyasası,unvan
GUG,ATLAS PORTFÖY YÖNETİMİ A.Ş. GÜNEY GAYRİMENKUL YATIRIM FONU,GMF,DG,kapanmis,,4028328c7b648351017bcff65da03dfb,Diğer,unvan
GVH,GARANTİ PORTFÖY ZYT BORÇLANMA ARAÇLARI ÖZEL FON,YF,DG,kapanmis,,4028328c7da7e73c017e24fbc3cf798d,Borçlanma Araçları,unvan
GVY,GARANTİ PORTFÖY YİRMİDOKUZUNCU SERBEST (TL) ÖZEL FON,YF,SF,kapanmis,,4028328c838f7bfd018437fb27e85ce6,Serbest,unvan
GYE,T. GARANTİ BANKASI A.Ş. KORUMA AMAÇLI ŞEMSİYE FONU'NA BAĞLI B TİPİ %100 ANAPARA KORUMA AMAÇLI OTUZSEKİZİNCİ ALT FONU,YF,,kapanmis,,33E5FED7EDCB00EAE0530A4A622B2AEA,Diğer,unvan
GYH,GARANTİ YATIRIM MENKUL KIYMETLER A.Ş. A TİPİ PORTFÖY YÖNETİMİ HİZMETİ DEĞİŞKEN FON,YF,,kapanmis,,33E5FED7E3E700EAE0530A4A622B2AEA,Değişken,unvan
GYI,T.GARANTİ BANKASI A.Ş.'NİN KORUMA AMAÇLI ŞEMSİYE FONU'NA BAĞLI  ÖZEL BANKACILIK B TİPİ  %100 ANAPARA KORUMA AMAÇLI YİRMİALTINCI ALT FONU,YF,,kapanmis,,33E5FED7E5AF00EAE0530A4A622B2AEA,Diğer,unvan
GYP,GARANTİ YATIRIM MENKUL KIYMETLER A.Ş. B TİPİ PORTFÖY YÖNETİMİ HİZMETİ DEĞİŞKEN FON,YF,,kapanmis,,33E5FED7E3EB00EAE0530A4A622B2AEA,Değişken,unvan
GYS,T.GARANTİ BANKASI A.Ş.'NİN KORUMA AMAÇLI ŞEMSİYE FONU'NA BAĞLI  ÖZEL BANKACILIK B TİPİ  %100 ANAPARA KORUMA AMAÇLI YİRMİSEKİZİNCİ ALT FONU,YF,,kapanmis,,33E5FED7E85F00EAE0530A4A622B2AEA,Diğer,unvan
GYY,T. GARANTİ BANKASI A.Ş.'NİN KORUMA AMAÇLI ŞEMSİYE FONU'NA BAĞLI ÖZEL BANKACILIK B TİPİ %100 ANAPARA KORUMA AMAÇLI YİRMİYEDİNCİ ALT FONU,YF,,kapanmis,,33E5FED7EE0700EAE0530A4A622B2AEA,Diğer,unvan
GYZ,T.GARANTİ BANKASI A.Ş.'NİN KORUMA AMAÇLI ŞEMSİYE FONU'NA BAĞLI  ÖZEL BANKACILIK B TİPİ  %100 ANAPARA KORUMA AMAÇLI YİRMİDOKUZUNCU ALT FONU,YF,,kapanmis,,33E5FED7E35B00EAE0530A4A622B2AEA,Diğer,unvan
HAF,HALK PORTFÖY HİSSE SENEDİ FONU (HİSSE SENEDİ YOĞUN FON),YF,HS,kapanmis,,33E5FED7E2BB00EAE0530A4A622B2AEA,Hisse Senedi,unvan
HBD,HALK PORTFÖY BİRİNCİ DEĞİŞKEN FON,YF,DG,kapanmis,,33E5FED7E2C300EAE0530A4A622B2AEA,Değişken,unvan
HBP,HEDEF PORTFÖY BABİL SERBEST (DÖVİZ) FON,YF,SF,kapanmis,,4028328c8f3f759a018fcea566df54b1,Serbest,unvan
HBY,HSBC BANK A.Ş.'NİN KORUMA AMAÇLI ŞEMSİYE FONU'NA BAĞLI B TİPİ AKTİF YÖNETİMLİ KORUMA AMAÇLI ALT FONU (BİRİNCİ ALT FON),YF,,kapanmis,,33E5FED7EBDF00EAE0530A4A622B2AEA,Diğer,unvan
HBZ,HSBC BANK A.Ş.'NİN KORUMA AMAÇLI ŞEMSİYE FONU'NA BAĞLI B TİPİ %100 ANAPARA KORUMA AMAÇLI 33. ALT FONU,YF,,kapanmis,,33E5FED7E86F00EAE0530A4A622B2AEA,Diğer,unvan
HCA,HSBC BANK A.Ş.'NİN KORUMA AMAÇLI ŞEMSİYE FONU'NA BAĞLI B TİPİ %100 ANAPARA KORUMA AMAÇLI YİRMİÜÇÜNCÜ ALT FONU,YF,,kapanmis,,33E5FED7E80700EAE0530A4A622B2AEA,Diğer,unvan
HCB,HSBC BANK A.Ş.'NİN KORUMA AMAÇLI ŞEMSİYE FONU'NA BAĞLI B TİPİ %100 ANAPARA KORUMA AMAÇLI YİRMİBİRİNCİ ALT FONU,YF,,kapanmis,,33E5FED7E7FF00EAE0530A4A622B2AEA,Diğer,unvan
HCC,HSBC BANK A.Ş.'NİN KORUMA AMAÇLI ŞEMSİYE FONU'NA BAĞLI B TİPİ %100 ANAPARA KORUMA AMAÇLI YİRMİYEDİNCİ ALT FONU,YF,,kapanmis,,33E5FED7E68300EAE0530A4A622B2AEA,Diğer,unvan
HCD,HSBC BANK A.Ş.'NİN KORUMA AMAÇLI ŞEMSİYE FONU'NA BAĞLI B TİPİ %100 ANAPARA KORUMA AMAÇLI ONDOKUZUNCU ALT FONU,YF,,kapanmis,,33E5FED7E29700EAE0530A4A622B2AEA,Diğer,unvan
HCE,HSBC BANK A.Ş.'NİN KORUMA AMAÇLI ŞEMSİYE FONU'NA BAĞLI B TİPİ %100 ANAPARA KORUMA AMAÇLI YİRMİBEŞİNCİ ALT FONU,YF,,kapanmis,,33E5FED7E29F00EAE0530A4A622B2AEA,Diğer,unvan
HCK,HSBC BANK A.Ş.'NİN KORUMA AMAÇLI ŞEMSİYE FONU'NA BAĞLI B TİPİ %100 ANAPARA KORUMA AMAÇLI YİRMİİKİNCİ ALT FONU,YF,,kapanmis,,33E5FED7E80300EAE0530A4A622B2AEA,Diğer,unvan
HCL,HSBC BANK A.Ş.'NİN KORUMA AMAÇLI ŞEMSİYE FONU'NA BAĞLI B TİPİ %100 ANAPARA KORUMA AMAÇLI YİRMİALTINCI ALT FONU,YF,,kapanmis,,33E5FED7E67F00EAE0530A4A622B2AEA,Diğer,unvan
HCM,HSBC BANK A.Ş.'NİN KORUMA AMAÇLI ŞEMSİYE FONU'NA BAĞLI B TİPİ %100 ANAPARA KORUMA AMAÇLI YİRMİNCİ ALT FONU,YF,,kapanmis,,33E5FED7E29B00EAE0530A4A622B2AEA,Diğer,unvan
HCN,HSBC BANK A.Ş.'NİN KORUMA AMAÇLI ŞEMSİYE FONU'NA BAĞLI B TİPİ %100 ANAPARA KORUMA AMAÇLI 32. ALT FONU,YF,,kapanmis,,33E5FED7EE1300EAE0530A4A622B2AEA,Diğer,unvan
HCR,HSBC BANK A.Ş.'NİN KORUMA AMAÇLI ŞEMSİYE FONU'NA BAĞLI B TİPİ %100 ANAPARA KORUMA AMAÇLI OTUZBİRİNCİ ALT FONU,YF,,kapanmis,,33E5FED7E81700EAE0530A4A622B2AEA,Diğer,unvan
HCT,HSBC BANK A.Ş.'NİN KORUMA AMAÇLI ŞEMSİYE FONU'NA BAĞLI B TİPİ %100 ANAPARA KORUMA AMAÇLI OTUZUNCU ALT FONU,YF,,kapanmis,,33E5FED7E81300EAE0530A4A622B2AEA,Diğer,unvan
HCZ,HSBC BANK A.Ş.'NİN KORUMA AMAÇLI ŞEMSİYE FONU'NA BAĞLI B TİPİ %100 ANAPARA KORUMA AMAÇLI YİRMİSEKİZİNCİ ALT FONU,YF,,kapanmis,,33E5FED7E68700EAE0530A4A622B2AEA,Diğer,unvan
HDB,HSBC PORTFÖY BİRİNCİ SERBEST(DÖVİZ) FON,YF,SF,kapanmis,,4028328c6ab78361016b79b9b0d94a50,Serbest,unvan
HEN,TÜRKİYE HAYAT VE EMEKLİLİK A.Ş. HEM OKS STANDART EMEKLİLİK YATIRIM FONU,OKS,DG,kapanmis,,4028328c5fc60da8016054d9de2d4360,Diğer,unvan
HEU,TÜRKİYE HAYAT VE EMEKLİLİK A.Ş. HEM OKS KATILIM STANDART EMEKLİLİK YATIRIM FONU,OKS,DG,kapanmis,,4028328c5fc60da8016054db315b4371,Katılım,unvan
HFF,GARANTİ PORTFÖY NİSAN 2022 SERBEST (DÖVİZ-ABD DOLARI) FON,YF,SF,kapanmis,,4028328d70abc4de01712af855916677,Serbest,unvan
HHA,TÜRKİYE HAYAT VE EMEKLİLİK A.Ş. HEM KATILIM KATKI EMEKLİLİK YATIRIM FONU,EYF,,kapanmis,,33E5FED7ECCB00EAE0530A4A622B2AEA,Katılım,unvan
HHC,TÜRKİYE HAYAT VE EMEKLİLİK A.Ş. HEM OKS TEMKİNLİ DEĞİŞKEN EMEKLİLİK YATIRIM FONU,OKS,DG,kapanmis,,4028328d5c459ee7015cb11d575a36c3,Değişken,unvan
HHD,TÜRKİYE HAYAT VE EMEKLİLİK A.Ş. HEM KATILIM STANDART EMEKLİLİK YATIRIM FONU,EYF,,kapanmis,,33E5FED7ECC300EAE0530A4A622B2AEA,Katılım,unvan
HHE,TÜRKİYE HAYAT VE EMEKLİLİK A.Ş. AGRESİF DEĞİŞKEN EMEKLİLİK YATIRIM FONU,EYF,,kapanmis,,33E5FED7EB8700EAE0530A4A622B2AEA,Değişken,unvan
HHF,TÜRKİYE HAYAT VE EMEKLİLİK A.Ş. HEM ALTIN KATILIM EMEKLİLİK YATIRIM FONU,EYF,,kapanmis,,4028328c5b3ef438015bf7c3dc3221dd,Kıymetli Madenler,unvan
HHG,TÜRKİYE HAYAT VE EMEKLİLİK A.Ş. KAMU DIŞ BORÇLANMA ARAÇLARI (ABD DOLARI 0-5 YIL VADELİ) EMEKLİLİK YATIRIM FONU,EYF,,kapanmis,,33E5FED7EB8300EAE0530A4A622B2AEA,Borçlanma Araçları,unvan
HHH,TÜRKİYE HAYAT VE EMEKLİLİK A.Ş. HEM OKS DENGELİ DEĞİŞKEN EMEKLİLİK YATIRIM FONU,OKS,DG,kapanmis,,4028328d5c459ee7015cb11e691536df,Değişken,unvan
HHI,TÜRKİYE HAYAT VE EMEKLİLİK A.Ş. HEM OKS ATAK DEĞİŞKEN EMEKLİLİK YATIRIM FONU,OKS,DG,kapanmis,,4028328d5c459ee7015cb11f78bc3706,Değişken,unvan
HHK,TÜRKİYE HAYAT VE EMEKLİLİK A.Ş. HEM KAMU BORÇLANMA ARAÇLARI STANDART EMEKLİLİK YATIRIM FONU,EYF,,kapanmis,,33E5FED7ED9B00EAE0530A4A622B2AEA,Borçlanma Araçları,unvan
HHL,HALK HAYAT VE EMEKLİLİK A.Ş. EMANET PARA PİYASASI EMEKLİLİK YATIRIM FONU,EYF,,kapanmis,,33E5FED7ECCF00EAE0530A4A622B2AEA,Para Piyasası,unvan
HHN,TÜRKİYE HAYAT VE EMEKLİLİK A.Ş. KATILIM DİNAMİK DEĞİŞKEN EMEKLİLİK YATIRIM FONU,EYF,,kapanmis,,33E5FED7ECC700EAE0530A4A622B2AEA,Katılım,unvan
HHO,TÜRKİYE HAYAT VE EMEKLİLİK A.Ş. HEM OKS AGRESİF DEĞİŞKEN EMEKLİLİK YATIRIM FONU,OKS,DG,kapanmis,,4028328d5c459ee7015cb12082833718,Değişken,unvan
HHP,TÜRKİYE HAYAT VE EMEKLİLİK A.Ş. HEM PARA PİYASASI EMEKLİLİK YATIRIM FONU,EYF,,kapanmis,,33E5FED7EB8F00EAE0530A4A622B2AEA,Para Piyasası,unvan
HHR,TÜRKİYE HAYAT VE EMEKLİLİK A.Ş. HEM BAŞLANGIÇ EMEKLİLİK YATIRIM FONU,OKS,DG,kapanmis,,4028328c595ae6bf01595deeaf3f0717,Diğer,unvan
HHT,TÜRKİYE HAYAT VE EMEKLİLİK A.Ş. HEM KATKI EMEKLİLİK YATIRIM FONU,EYF,,kapanmis,,33E5FED7EC8300EAE0530A4A622B2AEA,Diğer,unvan
HHU,TÜRKİYE HAYAT VE EMEKLİLİK A.Ş. HEM OKS ATAK KATILIM DEĞİŞKEN EMEKLİLİK YATIRIM FONU,OKS,DG,kapanmis,,4028328d5c459ee7015cb121ca593729,Katılım,unvan
HHV,TÜRKİYE HAYAT VE EMEKLİLİK A.Ş. HEM BAŞLANGIÇ KATILIM EMEKLİLİK YATIRIM FONU,OKS,DG,kapanmis,,4028328c595ae6bf01595ded4fd806d7,Katılım,unvan
HHZ,TÜRKİYE HAYAT VE EMEKLİLİK A.Ş. HEM OKS AGRESİF KATILIM DEĞİŞKEN EMEKLİLİK YATIRIM FONU,OKS,DG,kapanmis,,4028328d5c459ee7015cb122a47a373c,Katılım,unvan
HIK,HEDEF PORTFÖY YÖNETİMİ A.Ş. İKİNCİ PROJE GAYRİMENKUL YATIRIM FONU,GMF,DG,kapanmis,,4028328d95959cc70195f650bbd34e24,Diğer,unvan
HIN,HEDEF PORTFÖY İNCİ HİSSE SENEDİ SERBEST ÖZEL FON (HİSSE SENEDİ YOĞUN FON),YF,HS,kapanmis,,4028328d8b2fcee7018ca171393028b2,Hisse Senedi,unvan
HJJ,HEDEF PORTFÖY ASERVA SERBEST (DÖVİZ) ÖZEL FON,YF,SF,kapanmis,,4028328c89555baa018a1892901f54a2,Serbest,unvan
HKD,T. HALK BANKASI A.Ş.'NİN KORUMA AMAÇLI ŞEMSİYE FONU'NA BAĞLI B TİPİ %100 ANAPARA KORUMA AMAÇLI DÖRDÜNCÜ ALT FON,YF,,kapanmis,,33E5FED7E58B00EAE0530A4A622B2AEA,Diğer,unvan
HKE,T. HALK BANKASI A.Ş. KORUMA AMAÇLI ŞEMSİYE FONU'NA BAĞLI  B TİPİ %100 ANAPARA KORUMA AMAÇLI BEŞİNCİ ALT FON,YF,,kapanmis,,33E5FED7E87300EAE0530A4A622B2AEA,Diğer,unvan
HKF,T. HALK BANKASI A.Ş. KORUMA AMAÇLI ŞEMSİYE FONU'NA BAĞLI  B TİPİ %100 ANAPARA KORUMA AMAÇLI ALTINCI ALT FON,YF,,kapanmis,,33E5FED7E87700EAE0530A4A622B2AEA,Diğer,unvan
HKN,T. HALK BANKASI A.Ş.'NİN KORUMA AMAÇLI ŞEMSİYE FONU'NA BAĞLI B TİPİ %100 ANAPARA KORUMA AMAÇLI ÜÇÜNCÜ ALT FON,YF,,kapanmis,,33E5FED7E58700EAE0530A4A622B2AEA,Diğer,unvan
HKS,HSBC BANK A.Ş.'NİN KORUMA AMAÇLI ŞEMSİYE FONU'NA BAĞLI B TİPİ %100 ANAPARA KORUMA AMAÇLI ONSEKİZİNCİ ALT FONU,YF,,kapanmis,,33E5FED7E29300EAE0530A4A622B2AEA,Diğer,unvan
HKZ,HSBC BANK A.Ş.'NİN KORUMA AMAÇLI ŞEMSİYE FONU'NA BAĞLI B TİPİ %100 ANAPARA KORUMA AMAÇLI YİRMİDOKUZUNCU ALT FONU,YF,,kapanmis,,33E5FED7E80F00EAE0530A4A622B2AEA,Diğer,unvan
HLE,HALK PORTFÖY BİST 30 ENDEKSİ HİSSE SENEDİ FONU (HİSSE SENEDİ YOĞUN FON),YF,HS,kapanmis,,33E5FED7E5C300EAE0530A4A622B2AEA,Hisse Senedi,unvan
HLK,HALK PORTFÖY KARMA FON,YF,DG,kapanmis,,33E5FED7E2C700EAE0530A4A622B2AEA,Karma,unvan
HLP,POLSAN PORTFÖY HALK YATIRIM B TİPİ DEĞİŞKEN FONU,YF,,kapanmis,,33E5FED7E5C700EAE0530A4A622B2AEA,Değişken,unvan
HLT,HALK PORTFÖY ORTA VADELİ BORÇLANMA ARAÇLARI FONU,YF,DG,kapanmis,,33E5FED7E2BF00EAE0530A4A622B2AEA,Borçlanma Araçları,unvan
HLV,HALK YATIRIM MENKUL DEĞERLER A.Ş. B TİPİ KISA VADELİ TAHVİL VE BONO FONU,YF,,kapanmis,,33E5FED7E5BF00EAE0530A4A622B2AEA,Kısa Vadeli Borçlanma,unvan
HMA,HEDEF PORTFÖY YÖNETİMİ A.Ş. YEDİNCİ GAYRİMENKUL YATIRIM FONU,GMF,DG,kapanmis,,4028328c950ba8c7019547ab6cde6bd7,Diğer,unvan
HMD,HEDEF PORTFÖY YÖNETİMİ A.Ş. MÜSTAKİL ÖZEL GİRİŞİM SERMAYESİ YATIRIM FONU,GSF,DG,kapanmis,,4028328d86d233bd0188236faa0d1723,Diğer,unvan
HNC,HEDEF PORTFÖY ÜÇÜNCÜ HİSSE SENEDİ FONU (HİSSE SENEDİ YOĞUN FON),YF,HS,kapanmis,,4028328d949955a80194ad5a231a4879,Hisse Senedi,unvan
HNN,GARANTİ PORTFÖY OCAK 2023 SERBEST (DÖVİZ-ABD DOLARI) FON,YF,SF,kapanmis,,4028328d70abc4de01712af8c8716687,Serbest,unvan
HOB,HSBC PORTFÖY ÖZEL SEKTÖR BORÇLANMA ARAÇLARI FONU,YF,DG,kapanmis,,33E5FED7E9C300EAE0530A4A622B2AEA,Borçlanma Araçları,unvan
HOM,DENİZ PORTFÖY HOM SERBEST (DÖVİZ) ÖZEL FON,YF,SF,kapanmis,,4028328d8b2fcee7018cfcbedf3e28d4,Serbest,unvan
HP4,HEDEF PORTFÖY YÖNETİMİ A.Ş. İKİNCİ MASTERTÜRK GAYRİMENKUL YATIRIM FONU,GMF,DG,kapanmis,,4028328d8f3f7792018f9522ac111791,Diğer,unvan
HP5,HEDEF PORTFÖY YÖNETİMİ A.Ş. BEŞİNCİ GAYRİMENKUL YATIRIM FONU,GMF,DG,kapanmis,,4028328d8f3f7793018f9f8c33963701,Diğer,unvan
HPA,HSBC BANK A.Ş.'NİN KORUMA AMAÇLI ŞEMSİYE FONU'NA BAĞLI B TİPİ %100 ANAPARA KORUMA AMAÇLI 36. ALT FONU,YF,,kapanmis,,33E5FED7E99F00EAE0530A4A622B2AEA,Diğer,unvan
HPB,HSBC BANK A.Ş.'NİN KORUMA AMAÇLI ŞEMSİYE FONU'NA BAĞLI B TİPİ %100 ANAPARA KORUMA AMAÇLI 35. ALT FONU,YF,,kapanmis,,33E5FED7E87F00EAE0530A4A622B2AEA,Diğer,unvan
HPE,HSBC BANK A.Ş.'NİN KORUMA AMAÇLI ŞEMSİYE FONU'NA BAĞLI B TİPİ %100 ANAPARA KORUMA AMAÇLI 37. ALT FONU,YF,,kapanmis,,33E5FED7E9A300EAE0530A4A622B2AEA,Diğer,unvan
HPK,HALK PORTFÖY KİRA SERTİFİKALARI (SUKUK) KATILIM FONU,YF,KTF,kapanmis,,33E5FED7F14F00EAE0530A4A622B2AEA,Katılım,unvan
HPR,HSBC BANK A.Ş.'NİN KORUMA AMAÇLI ŞEMSİYE FONU'NA BAĞLI B TİPİ %100 ANAPARA KORUMA AMAÇLI 34. ALT FONU,YF,,kapanmis,,33E5FED7E87B00EAE0530A4A622B2AEA,Diğer,unvan
HPS,HALK PORTFÖY ALTIN KATILIM FONU,YF,KTF,kapanmis,,33E5FED7F14B00EAE0530A4A622B2AEA,Kıymetli Madenler,unvan
HPU,HEDEF PORTFÖY ULUDAĞ HİSSE SENEDİ SERBEST (TL) ÖZEL FON (HİSSE SENEDİ YOĞUN FON),YF,HS,kapanmis,,4028328d8684618301869bf3bd6f7657,Hisse Senedi,unvan
HSF,HSBC BANK A.Ş. B TİPİ DEĞİŞKEN FON,YF,DG,kapanmis,,33E5FED7E2A700EAE0530A4A622B2AEA,Değişken,unvan
HSU,HSBC BANK A.Ş.'NİN KORUMA AMAÇLI ŞEMSİYE FONU'NA BAĞLI B TİPİ %100 ANAPARA KORUMA AMAÇLI YİRMİDÖRDÜNCÜ ALT FONU,YF,,kapanmis,,33E5FED7E80B00EAE0530A4A622B2AEA,Diğer,unvan
HSV,HSBC PORTFÖY ÖPY DEĞİŞKEN ÖZEL FON,YF,,kapanmis,,33E5FED7E28B00EAE0530A4A622B2AEA,Değişken,unvan
HTL,GLOBAL MD PORTFÖY YÖNETİMİ A.Ş. HEALTH TECH SAĞLIK TEKNOLOJİLERİ GİRİŞİM SERMAYESİ YATIRIM FONU,GSF,DG,kapanmis,,4028328d8b2fcee7018c5de55ae524a7,Diğer,unvan
HTT,HSBC PORTFÖY UZUN VADELİ BORÇLANMA ARAÇLARI FONU,YF,DG,kapanmis,,33E5FED7E2AB00EAE0530A4A622B2AEA,Borçlanma Araçları,unvan
HYD,HALK PORTFÖY İKİNCİ DEĞİŞKEN FON,YF,DG,kapanmis,,33E5FED7E5CF00EAE0530A4A622B2AEA,Değişken,unvan
HYT,HALK PORTFÖY ÖZEL SEKTÖR BORÇLANMA ARAÇLARI FONU,YF,DG,kapanmis,,33E5FED7E5CB00EAE0530A4A622B2AEA,Borçlanma Araçları,unvan
HYZ,HEDEF PORTFÖY ASYA SERBEST (TL) ÖZEL FON,YF,SF,kapanmis,,4028328c89555baa018a1892b49c54b7,Serbest,unvan
HZL,AK PORTFÖY ÖZEL SEKTÖR BORÇLANMA ARAÇLARINA YATIRIM YAPAN %110 ANAPARA KORUMA AMAÇLI ELLİYEDİNCİ FON,YF,DG,kapanmis,,4028328d7fd43720017fe57a032530d3,Borçlanma Araçları,unvan
HZM,AK PORTFÖY ÖZEL SEKTÖR BORÇLANMA ARAÇLARINA YATIRIM YAPAN %110 ANAPARA KORUMA AMAÇLI ELLİSEKİZİNCİ FON,YF,DG,kapanmis,,4028328d7fd43720017fe57c1d4a30e7,Borçlanma Araçları,unvan
IAF,İSTANBUL PORTFÖY ARK I SERBEST FON,YF,SF,kapanmis,,33E5FED7E54700EAE0530A4A622B2AEA,Serbest,unvan
IAK,İŞ PORTFÖY ÖZEL SEKTÖR BORÇLANMA ARAÇLARINA YATIRIM YAPAN %107 ANAPARA KORUMA AMAÇLI ÜÇÜNCÜ FON,YF,DG,kapanmis,,4028328d6d929640016e8ddec8091698,Borçlanma Araçları,unvan
IAN,İSTANBUL PORTFÖY ANTARES MUTLAK GETİRİ HEDEFLİ SERBEST FON,YF,SF,kapanmis,İSTANBUL PORTFÖY YÖNETİMİ A.Ş.,33E5FED7F15B00EAE0530A4A622B2AEA,Serbest,unvan
IAO,İŞ YATIRIM MENKUL DEĞERLER A.Ş. MYT SERBEST ÖZEL FONU,YF,,kapanmis,,33E5FED7E54F00EAE0530A4A622B2AEA,Serbest,unvan
IAP,İSTANBUL PORTFÖY ÜÇÜNCÜ SERBEST FON,YF,SF,kapanmis,İSTANBUL PORTFÖY YÖNETİMİ A.Ş.,33E5FED7E53700EAE0530A4A622B2AEA,Serbest,unvan
IBD,İŞ PORTFÖY BAYRAKTARLAR HOLDİNG DEĞİŞKEN ÖZEL FON,YF,DG,kapanmis,,33E5FED7E53300EAE0530A4A622B2AEA,Değişken,unvan
IBH,AZİMUT PYŞ İKİNCİ SERBEST FON,YF,SF,kapanmis,AZİMUT PORTFÖY YÖNETİMİ A.Ş.,33E5FED7EAE300EAE0530A4A622B2AEA,Serbest,unvan
IBN,AZİMUT PYŞ İKİNCİ BORÇLANMA ARAÇLARI FONU,YF,,kapanmis,,33E5FED7EEA300EAE0530A4A622B2AEA,Borçlanma Araçları,unvan
IBV,AZİMUT PYŞ KISA VADELİ BORÇLANMA ARAÇLARI FONU,YF,DG,kapanmis,,33E5FED7E90700EAE0530A4A622B2AEA,Kısa Vadeli Borçlanma,unvan
IBZ,İŞ PORTFÖY %104 ANAPARA KORUMA AMAÇLI BEŞİNCİ FON,YF,DG,kapanmis,İŞ PORTFÖY YÖNETİMİ A.Ş.,4028328c70abc23a01710cb4c29d625c,Diğer,unvan
ICK,İŞ PORTFÖY SEKİZİNCİ SERBEST (DÖVİZ) FON,YF,SF,kapanmis,,4028328c80e9178f0181058d760f16bb,Serbest,unvan
ICU,INVEO PORTFÖY KISA VADELİ SERBEST (TL) FON,YF,SF,kapanmis,,4028328d81fdc61c01821a8cd2305aba,Kısa Vadeli Borçlanma,unvan
IDB,İŞ PORTFÖY ONBEŞİNCİ SERBEST (DÖVİZ) FON,YF,SF,kapanmis,,4028328c89555ba9018a5fd5871c0fc8,Serbest,unvan
IDC,İŞ PORTFÖY ÇAĞIL SERBEST (DÖVİZ) ÖZEL FON,YF,SF,kapanmis,İŞ PORTFÖY YÖNETİMİ A.Ş.,4028328d6cd9324c016d1b7cac424a7a,Serbest,unvan
IDE,İŞ PORTFÖY ETİK SERBEST (DÖVİZ) ÖZEL FON,YF,SF,kapanmis,İŞ PORTFÖY YÖNETİMİ A.Ş.,4028328d6cd9324c016d1b7d8cf84a8a,Serbest,unvan
IDN,INVEO PORTFÖY DENGELİ DEĞİŞKEN FON,YF,DG,kapanmis,,4028328d8b2fcee7018cce82344d00c2,Değişken,unvan
IEO,INVEO PORTFÖY YÖNETİMİ A.Ş. AVEON GLOBAL SİGORTA ÖZEL GİRİŞİM SERMAYESİ YATIRIM FONU,GSF,DG,kapanmis,,4028328c93c3b40d0193f3d0ce93563d,Diğer,unvan
IFA,İŞ PORTFÖY FAF SERBEST ÖZEL FON,YF,SF,kapanmis,,4028328d976d2b830197bff77bab00da,Serbest,unvan
IFB,QNB FİNANS PORTFÖY İKİNCİ SERBEST (DÖVİZ) FON,YF,SF,kapanmis,QNB PORTFÖY YÖNETİMİ A.Ş.,4028328d71bc3c6401725b506b8b0966,Serbest,unvan
IFF,İŞ PORTFÖY AYAYDIN SERBEST (DÖVİZ) ÖZEL FON,YF,SF,kapanmis,İŞ PORTFÖY YÖNETİMİ A.Ş.,4028328c6faf9e51016fd160d5ff7da7,Serbest,unvan
IFG,INVEO PORTFÖY GEDİK YATIRIM BURSA HİSSE SENEDİ SERBEST (TL) ÖZEL FON (HİSSE SENEDİ YOĞUN FON),YF,HS,kapanmis,,4028328c838f7bfc01840ee7215569a8,Hisse Senedi,unvan
IGA,ING PORTFÖY ALTIN FONU,YF,DG,kapanmis,TEB PORTFÖY YÖNETİMİ A.Ş.,33E5FED7E71300EAE0530A4A622B2AEA,Kıymetli Madenler,unvan
IGB,ING BANK A.Ş. B TİPİ UZUN VADELİ TAHVİL VE BONO YATIRIM FONU,YF,,kapanmis,,33E5FED7E70B00EAE0530A4A622B2AEA,Borçlanma Araçları,unvan
IGC,ING BANK A.Ş. KORUMA AMAÇLI ŞEMSİYE FONU'NA BAĞLI B TİPİ %100 ANAPARA KORUMA AMAÇLI ALTINCI ALT FONU,YF,,kapanmis,,33E5FED7E92F00EAE0530A4A622B2AEA,Diğer,unvan
IGD,ING PORTFÖY BİRİNCİ DEĞİŞKEN FON,YF,DG,kapanmis,TEB PORTFÖY YÖNETİMİ A.Ş.,33E5FED7E70300EAE0530A4A622B2AEA,Değişken,unvan
IGH,ING PORTFÖY BİRİNCİ HİSSE SENEDİ FONU (HİSSE SENEDİ YOĞUN FON),YF,HS,kapanmis,TEB PORTFÖY YÖNETİMİ A.Ş.,33E5FED7E6FF00EAE0530A4A622B2AEA,Hisse Senedi,unvan
IGK,ING BANK A.Ş. KORUMA AMAÇLI ŞEMSİYE FONU'NA BAĞLI  B TİPİ %100 ANAPARA KORUMA AMAÇLI DOKUZUNCU ALT FONU,YF,,kapanmis,,33E5FED7E93B00EAE0530A4A622B2AEA,Diğer,unvan
IGN,ING BANK A.Ş. KORUMA AMAÇLI ŞEMSİYE FONU'NA BAĞLI B TİPİ %100 ANAPARA KORUMA AMAÇLI YEDİNCİ ALT FONU,YF,,kapanmis,,33E5FED7E93300EAE0530A4A622B2AEA,Diğer,unvan
IGS,ING BANK A.Ş. KORUMA AMAÇLI ŞEMSİYE FONU'NA BAĞLI  B TİPİ %100 ANAPARA KORUMA AMAÇLI SEKİZİNCİ ALT FONU,YF,,kapanmis,,33E5FED7E93700EAE0530A4A622B2AEA,Diğer,unvan
IGT,ING PORTFÖY BİRİNCİ BORÇLANMA ARAÇLARI FONU,YF,DG,kapanmis,TEB PORTFÖY YÖNETİMİ A.Ş.,33E5FED7E6F700EAE0530A4A622B2AEA,Borçlanma Araçları,unvan
IGU,ING PORTFÖY BIST 30 ENDEKSİ HİSSE SENEDİ FONU (HİSSE SENEDİ YOĞUN FON),YF,HS,kapanmis,,33E5FED7E70700EAE0530A4A622B2AEA,Hisse Senedi,unvan
IGV,ING PORTFÖY KISA VADELİ BORÇLANMA ARAÇLARI FONU,YF,DG,kapanmis,,33E5FED7E6FB00EAE0530A4A622B2AEA,Kısa Vadeli Borçlanma,unvan
IHE,INVEO PORTFÖY BEYAZ HİSSE SENEDİ SERBEST (TL) ÖZEL FON (HİSSE SENEDİ YOĞUN FON),YF,HS,kapanmis,,4028328c838f7bfc01840ee5661f6995,Hisse Senedi,unvan
IHN,İŞ PORTFÖY DOKUZUNCU SERBEST (DÖVİZ) FON,YF,DG,kapanmis,,4028328d8305029e01832212c3f95074,Serbest,unvan
IIB,INVESTRADE PORTFÖY BİRİNCİ KATILIM SERBEST FON,YF,KTF,kapanmis,,4028328c7063ab7f017067e2ac5a19a3,Katılım,unvan
IID,İŞ PORTFÖY İKİNCİ SERBEST (DÖVİZ) FON,YF,SF,kapanmis,,4028328c6faf9e5101700f593e4e52d2,Serbest,unvan
IIK,İŞ PORTFÖY YÖNETİMİ A.Ş. QUASAR İSTANBUL KONUT KATILIM GAYRİMENKUL YATIRIM FONU,GMF,DG,kapanmis,,4028328d683d682b01689f30a010528c,Katılım,unvan
IIL,İSTANBUL PORTFÖY LOTUS 1 SERBEST FON,YF,SF,kapanmis,İSTANBUL PORTFÖY YÖNETİMİ A.Ş.,4028328c56a410060156e5dcff48492b,Serbest,unvan
IIP,İSTANBUL PORTFÖY ARİES SERBEST FON,YF,SF,kapanmis,,33E5FED7E55B00EAE0530A4A622B2AEA,Serbest,unvan
IJD,İŞ PORTFÖY DÖRDÜNCÜ SERBEST (DÖVİZ) FON,YF,SF,kapanmis,,4028328c794d2f8901795b9ccdea3f93,Serbest,unvan
IJM,İŞ PORTFÖY YAĞMUR SERBEST ÖZEL FON,YF,SF,kapanmis,,4028328d7b64858a017b9b3967737bef,Serbest,unvan
IKA,TÜRKİYE İŞ BANKASI A.Ş. KORUMA AMAÇLI ŞEMSİYE FONU'NA BAĞLI B TİPİ %100 ANAPARA KORUMA AMAÇLI OTUZ ALTINCI ALT FONU,YF,,kapanmis,,33E5FED7E33B00EAE0530A4A622B2AEA,Diğer,unvan
IKE,TÜRKİYE İŞ BANKASI A.Ş. KORUMA AMAÇLI ŞEMSİYE FONU'NA BAĞLI B TİPİ %100 ANAPARA KORUMA AMAÇLI OTUZ YEDİNCİ ALT FONU,YF,,kapanmis,,33E5FED7E33F00EAE0530A4A622B2AEA,Diğer,unvan
IKF,İŞ PORTFÖY ÖZEL SEKTÖR BORÇLANMA ARAÇLARINA YATIRIM YAPAN %107 ANAPARA KORUMA AMAÇLI İKİNCİ FON,YF,DG,kapanmis,,4028328d6d929640016dca19ff565fd2,Borçlanma Araçları,unvan
IKK,TÜRKİYE İŞ BANKASI A.Ş. KORUMA AMAÇLI ŞEMSİYE FONU'NA BAĞLI B TİPİ %105 ANAPARA KORUMA AMAÇLI KIRKINCI ALT FONU,YF,,kapanmis,,33E5FED7E34B00EAE0530A4A622B2AEA,Diğer,unvan
IKS,TÜRKİYE İŞ BANKASI A.Ş. KORUMA AMAÇLI ŞEMSİYE FONU'NA BAĞLI B TİPİ %100 ANAPARA KORUMA AMAÇLI OTUZ BEŞİNCİ ALT FONU,YF,,kapanmis,,33E5FED7E31B00EAE0530A4A622B2AEA,Diğer,unvan
ILF,İNFO YATIRIM A.Ş. B TİPİ LİKİT FON,YF,,kapanmis,,33E5FED7E2AF00EAE0530A4A622B2AEA,Diğer,unvan
ILG,LOGOS PORTFÖY ÖZEL SEKTÖR BORÇLANMA ARAÇLARI FONU,YF,DG,kapanmis,,33E5FED7EA7B00EAE0530A4A622B2AEA,Borçlanma Araçları,unvan
ILJ,İSTANBUL PORTFÖY GSB SERBEST (DÖVİZ) ÖZEL FON,YF,SF,kapanmis,,4028328c7b648351017b9ca9bcf02d44,Serbest,unvan
ILR,İŞ PORTFÖY SALUR SERBEST ÖZEL FON,YF,SF,kapanmis,,4028328d80e917920180f529f73b2387,Serbest,unvan
ILS,LOGOS PORTFÖY BİRİNCİ HİSSE SENEDİ FONU (HİSSE SENEDİ YOĞUN FON),YF,HS,kapanmis,,33E5FED7EA7700EAE0530A4A622B2AEA,Hisse Senedi,unvan
IMM,İŞ PORTFÖY ASİST SERBEST ÖZEL FON,YF,SF,kapanmis,,4028328d70abc4de01713aa9bae17598,Serbest,unvan
IMV,İŞ PORTFÖY MAVİ SERBEST (DÖVİZ) ÖZEL FON,YF,SF,kapanmis,,4028328c6ab78361016b467026ed3b59,Serbest,unvan
INC,ING BANK A.Ş. KORUMA AMAÇLI ŞEMSİYE FONU'NA BAĞLI B TİPİ %100 ANAPARA KORUMA AMAÇLI BEŞİNCİ ALT FONU,YF,,kapanmis,,33E5FED7E72300EAE0530A4A622B2AEA,Diğer,unvan
INE,ING BANK A.Ş. SERVET YÖNETİMİ B TİPİ DEĞİŞKEN ESNEK YATIRIM FONU,YF,,kapanmis,,33E5FED7E71B00EAE0530A4A622B2AEA,Değişken,unvan
INF,İNFO YATIRIM A.Ş. BÜYÜME AMAÇLI B TİPİ DEĞİŞKEN FON,YF,,kapanmis,,33E5FED7E2B300EAE0530A4A622B2AEA,Değişken,unvan
INN,ING BANK A.Ş. KORUMA AMAÇLI ŞEMSİYE FONU'NA BAĞLI B TİPİ %100 ANAPARA KORUMA AMAÇLI DÖRDÜNCÜ ALT FONU,YF,,kapanmis,,33E5FED7E71F00EAE0530A4A622B2AEA,Diğer,unvan
INR,İŞ PORTFÖY ONBİRİNCİ SERBEST (DÖVİZ) FON,YF,DG,kapanmis,,4028328c8588f3010185bab242d1696d,Serbest,unvan
INS,ING BANK A.Ş. SERVET YÖNETİMİ A TİPİ DEĞİŞKEN DENGE YATIRIM FONU,YF,,kapanmis,,33E5FED7E71700EAE0530A4A622B2AEA,Değişken,unvan
IOC,İŞ PORTFÖY ÖZEL SEKTÖR BORÇLANMA ARAÇLARINA YATIRIM YAPAN %117 ANAPARA KORUMA AMAÇLI BİRİNCİ FON,YF,DG,kapanmis,İŞ PORTFÖY YÖNETİMİ A.Ş.,4028328c6ab78361016b467795853c0c,Borçlanma Araçları,unvan
IOS,İŞ PORTFÖY ONDÖRDÜNCÜ SERBEST (DÖVİZ) FON,YF,SF,kapanmis,,4028328c89555baa0189da5eb88558a3,Serbest,unvan
IPD,İSTANBUL PORTFÖY İŞ YATIRIM A TİPİ DEĞİŞKEN FON,YF,,kapanmis,,33E5FED7E53B00EAE0530A4A622B2AEA,Değişken,unvan
IPI,İŞ PORTFÖY BİRİKİM HESABI KISA VADELİ BORÇLANMA ARAÇLARI FONU,YF,DG,kapanmis,,4028328d5988e2630159da99bc6836ba,Kısa Vadeli Borçlanma,unvan
IPL,İSTANBUL PORTFÖY PARA PİYASASI FONU,YF,DG,kapanmis,,33E5FED7E54300EAE0530A4A622B2AEA,Para Piyasası,unvan
IPM,İŞ PORTFÖY PİŞAN SERBEST ÖZEL FON,YF,SF,kapanmis,,33E5FED7F0C700EAE0530A4A622B2AEA,Serbest,unvan
IPN,AZİMUT PYŞ BİRİNCİ DEĞİŞKEN FON,YF,,kapanmis,,33E5FED7EA1300EAE0530A4A622B2AEA,Değişken,unvan
IPT,PERFORM PORTFÖY KISA VADELİ BORÇLANMA ARAÇLARI FONU,YF,DG,kapanmis,,33E5FED7ECBB00EAE0530A4A622B2AEA,Kısa Vadeli Borçlanma,unvan
IPZ,İŞ PORTFÖY AG SERBEST (DÖVİZ) ÖZEL FON,YF,SF,kapanmis,,33E5FED7F15F00EAE0530A4A622B2AEA,Serbest,unvan
IRA,İŞ PORTFÖY ALGORİTMİK STRATEJİLER SERBEST (TL) FON,YF,DG,kapanmis,,4028328c838f7bfd01841d4c038c6d0c,Serbest,unvan
IRK,INVESTRADE PORTFÖY YÖNETİMİ A.Ş. BİRİNCİ GİRİŞİM SERMAYESİ YATIRIM FONU,GSF,DG,kapanmis,,4028328d767bb19d0176b78162102f2f,Diğer,unvan
ISF,İŞ YATIRIM MENKUL DEĞERLER A.Ş. YÜZYIL SERBEST ÖZEL FON,YF,,kapanmis,,33E5FED7E56300EAE0530A4A622B2AEA,Serbest,unvan
ISJ,İŞ PORTFÖY İKİNCİ SERBEST (DÖVİZ) ÖZEL FON,YF,SF,kapanmis,İŞ PORTFÖY YÖNETİMİ A.Ş.,4028328c61c47377016200c5ebb876c7,Serbest,unvan
IST30,FİNANS PORTFÖY BIST-30 ENDEKSİ HİSSE SENEDİ YOĞUN BORSA YATIRIM FONU,BYF,HS,kapanmis,,33E5FED811A900EAE0530A4A622B2AEA,Hisse Senedi,unvan
ISUVT,İŞ YATIRIM UZUN VADELİ TAHVİL ENDEKSİ B TİPİ BORSA YATIRIM FONU,BYF,DG,kapanmis,,33E5FED811A300EAE0530A4A622B2AEA,Borçlanma Araçları,unvan
ISV,İSTANBUL PORTFÖY ÜÇÜNCÜ DEĞİŞKEN FON,YF,DG,kapanmis,,33E5FED7F15700EAE0530A4A622B2AEA,Değişken,unvan
ISY30,İŞ PORTFÖY BIST 30  HİSSE SENEDİ YOĞUN BORSA YATIRIM FONU,BYF,HS,kapanmis,,33E5FED811B900EAE0530A4A622B2AEA,Hisse Senedi,unvan
ITK,INVESTRADE PORTFÖY KİRA SERTİFİKALARI (SUKUK) KATILIM FONU,YF,KTF,kapanmis,,4028328c69d88eef016a3474a1936a5f,Katılım,unvan
IUR,INVEO PORTFÖY ÜÇÜNCÜ SERBEST FON,YF,SF,kapanmis,,4028328c8b2fcee8018c159190661e05,Serbest,unvan
IUS,İŞ PORTFÖY OKYANUS SERBEST (TL) ÖZEL FON,YF,DG,kapanmis,,4028328c838f7bfd01841d49dd3b6ccc,Serbest,unvan
IUT,INVEO PORTFÖY ESG SÜRDÜRÜLEBİLİRLİK FON SEPETİ FONU,YF,DG,kapanmis,,4028328d8029261b0180cbd6026339e7,Fon Sepeti,unvan
IUU,İŞ PORTFÖY ÜÇÜNCÜ SERBEST (DÖVİZ) FON,YF,SF,kapanmis,,4028328c70abc2380170e8bd20d24722,Serbest,unvan
IV5,INVEO PORTFÖY ŞAHİNKAYA 1 HİSSE SENEDİ SERBEST (TL) ÖZEL FON (HİSSE SENEDİ YOĞUN FON),YF,HS,kapanmis,,4028328d84686d1001850a29e70f488a,Hisse Senedi,unvan
IYD,İŞ PORTFÖY TEMETTÜ ÖDEYEN ŞİRKETLER HİSSE SENEDİ FONU (HİSSE SENEDİ YOĞUN FON),YF,HS,kapanmis,,33E5FED7E50B00EAE0530A4A622B2AEA,Hisse Senedi,unvan
IYN,TÜRKİYE İŞ BANKASI A.Ş. KORUMA AMAÇLI ŞEMSİYE FONU'NA BAĞLI B TİPİ %100 ANAPARA KORUMA AMAÇLI OTUZ SEKİZİNCİ ALT FONU,YF,,kapanmis,,33E5FED7E34300EAE0530A4A622B2AEA,Diğer,unvan
IYY,TÜRKİYE İŞ BANKASI A.Ş. KORUMA AMAÇLI ŞEMSİYE FONU'NA BAĞLI B TİPİ %98 ANAPARA KORUMA AMAÇLI YİRMİ YEDİNCİ ALT FONU,YF,,kapanmis,,33E5FED7E30F00EAE0530A4A622B2AEA,Diğer,unvan
IZF,QİNVEST PORTFÖY İKİNCİ KATILIM SERBEST FON,YF,KTF,kapanmis,ASTRA PORTFÖY YÖNETİMİ A.Ş.,4028328c7707357d0177966c9f8e398b,Katılım,unvan
IZM,AZİMUT PORTFÖY İZMİR SERBEST (TL) ÖZEL FON,YF,SF,kapanmis,,4028328c8588f3010185ca8a068a42c7,Serbest,unvan
IZP,İŞ PORTFÖY %105 ANAPARA KORUMA AMAÇLI DÖRDÜNCÜ FON,YF,DG,kapanmis,,4028328d70abc4de0170bf2f2bec6074,Diğer,unvan
IZZ,İŞ PORTFÖY CORTİNA SERBEST ÖZEL FON,YF,SF,kapanmis,,4028328d7bf4b81d017c502786b436c1,Serbest,unvan
KA1,TÜRKİYE KALKINMA BANKASI A.Ş. B TİPİ DEĞİŞKEN FON,YF,,kapanmis,,33E5FED7E6A700EAE0530A4A622B2AEA,Değişken,unvan
KA2,TÜRKİYE KALKINMA BANKASI A.Ş. A TİPİ DEĞİŞKEN FON,YF,,kapanmis,,33E5FED7E6AB00EAE0530A4A622B2AEA,Değişken,unvan
KAO,AK PORTFÖY ÖZEL SEKTÖR BORÇLANMA ARAÇLARINA YATIRIM YAPAN %110 ANAPARA KORUMA AMAÇLI OTUZİKİNCİ FON,YF,DG,kapanmis,,4028328c6cd92f59016d5d34f1f7119e,Borçlanma Araçları,unvan
KAY,KUVEYT TÜRK PORTFÖY AYC KATILIM SERBEST ÖZEL FON,YF,KTF,kapanmis,,4028328c976d298801978304b2d940ad,Katılım,unvan
KDA,KUVEYT TÜRK PORTFÖY DÜNYA KATILIM BANKASI KATILIM SERBEST (DÖVİZ-AVRO) FON,YF,KTF,kapanmis,,4028328d95959cc60195a346cc6010f1,Katılım,unvan
KDD,KUVEYT TÜRK PORTFÖY DÜNYA KATILIM BANKASI KATILIM SERBEST (DÖVİZ) FON,YF,KTF,kapanmis,,4028328d95959cc60195a346438810de,Katılım,unvan
KFK,AZİMUT PORTFÖY KAAN SERBEST ÖZEL FON,YF,SF,kapanmis,,4028328c745d11ca0174770585b043f6,Serbest,unvan
KGA,KIZILAY GAYRİMENKUL VE GİRİŞİM SERMAYESİ PORTFÖY YÖNETİMİ A.Ş. ÜÇÜNCÜ GAYRİMENKUL YATIRIM FONU,GMF,DG,kapanmis,,4028328c86d231ff0187c2ac9bfc3763,Diğer,unvan
KID,TRIVE PORTFÖY BİRİNCİ SERBEST (DÖVİZ) FON,YF,SF,kapanmis,,4028328d8305029e01833bbc552c42a9,Serbest,unvan
KIF,TRIVE PORTFÖY EMTİA SERBEST FON,YF,SF,kapanmis,,4028328d8305029e01833bbcf8be42bb,Serbest,unvan
KL1,KALENDER GAYRİMENKUL PORTFÖY YÖNETİMİ A.Ş. KL-1 TRAKYA GAYRİMENKUL YATIRIM FONU,GMF,DG,kapanmis,,4028328c65fd41d80166207e65e61e1b,Diğer,unvan
KL2,KALENDER GAYRİMENKUL PORTFÖY YÖNETİMİ A.Ş. KONUTFON GAYRİMENKUL YATIRIM FONU,GMF,DG,kapanmis,,4028328d65fd445501661a3935354aa2,Diğer,unvan
KLF,TÜRKİYE KALKINMA BANKASI A.Ş. B TİPİ LİKİT FON,YF,DG,kapanmis,,33E5FED7E6AF00EAE0530A4A622B2AEA,Diğer,unvan
KMS,KUVEYT TÜRK PORTFÖY MİSS KATILIM SERBEST (DÖVİZ) ÖZEL FON,YF,KTF,kapanmis,,4028328d84686d1001853f6c0dab7ac2,Katılım,unvan
KOF,AK PORTFÖY ÖZEL SEKTÖR BORÇLANMA ARAÇLARINA YATIRIM YAPAN %110 ANAPARA KORUMA AMAÇLI OTUZÜÇÜNCÜ FON,YF,DG,kapanmis,,4028328c6cd92f59016d5d3a312211b0,Borçlanma Araçları,unvan
KRA,TRİVE PORTFÖY KİRA SERTİFİKALARI KATILIM FONU (FON),YF,KTF,kapanmis,,4028328d916b98a001917ef4468d09f6,Katılım,unvan
KRB,KARE YATIRIM MENKUL DEĞERLER A.Ş. B TİPİ KISA VADELİ TAHVİL BONO FONU,YF,,kapanmis,,33E5FED7E5DB00EAE0530A4A622B2AEA,Kısa Vadeli Borçlanma,unvan
KSB,ALLBATROSS PORTFÖY KATILIM SERBEST (DÖVİZ-AVRO) FON,YF,KTF,kapanmis,,4028328c93c3b40d0193f362bbb44db3,Katılım,unvan
KSG,KUVEYT TÜRK PORTFÖY KSF KATILIM SERBEST (DÖVİZ) ÖZEL FON,YF,KTF,kapanmis,,4028328d7d3c303f017d51f6a2105028,Katılım,unvan
KSO,İSTANBUL PORTFÖY KAROLİN SERBEST (DÖVİZ) ÖZEL FON,YF,SF,kapanmis,,4028328c86845fa70186b736596b2a72,Serbest,unvan
KTLME,BİZİM MENKUL DEĞERLER A.Ş. KATILIM ENDEKSİ A TİPİ BORSA YATIRIM FONU,BYF,HS,kapanmis,,33E5FED811C100EAE0530A4A622B2AEA,Katılım,unvan
LCT,AZİMUT PORTFÖY ALAÇATI HİSSE SENEDİ SERBEST ÖZEL FON (HİSSE SENEDİ YOĞUN FON),YF,HS,kapanmis,,4028328c86d231ff01877b010faf1425,Hisse Senedi,unvan
LGB,LOGOS PORTFÖY YÖNETİMİ A.Ş.BİRİNCİ GAYRİMENKUL YATIRIM FONU,GMF,DG,kapanmis,,4028328d5fc610270161048db74b5d64,Diğer,unvan
LHF,AK PORTFÖY ÖZEL SEKTÖR BORÇLANMA ARAÇLARINA YATIRIM YAPAN %110 ANAPARA KORUMA AMAÇLI KIRKSEKİZİNCİ FON,YF,DG,kapanmis,,4028328d7707357f0177cf1b0b927e15,Borçlanma Araçları,unvan
LHN,AK PORTFÖY ÖZEL SEKTÖR BORÇLANMA ARAÇLARINA YATIRIM YAPAN %110 ANAPARA KORUMA AMAÇLI KIRKDOKUZUNCU FON,YF,DG,kapanmis,,4028328d7707357f0177cf1cbc957e28,Borçlanma Araçları,unvan
LID,ALLBATROSS PORTFÖY İKİNCİ DEĞİŞKEN FON,YF,DG,kapanmis,,4028328d8b2fcee7018c3e48313c3bd5,Değişken,unvan
LOD,NUROL PORTFÖY LODOS HİSSE SENEDİ SERBEST FON (HİSSE SENEDİ YOĞUN FON),YF,SF,kapanmis,,4028328d950b608601959491cb3c3c84,Hisse Senedi,unvan
LYC,INVEO PORTFÖY YÖNETİMİ A.Ş. LYCİAN CAPİTAL GİRİŞİM SERMAYESİ YATIRIM FONU,GSF,DG,kapanmis,,4028328d7afb2dbd017b11ab350a0e2c,Diğer,unvan
MA1,MAQASİD GAYRİMENKUL VE GİRİŞİM SERMAYESİ PORTFÖY YÖNETİMİ A.Ş GEM GİRİŞİM SERMAYESİ YATIRIM FONU,GSF,DG,kapanmis,,4028328d84686d110184d27482d148a6,Diğer,unvan
MAH,ATLAS PORTFÖY YÖNETİMİ A.Ş. MAHMUTBEY PROJE GAYRİMENKUL YATIRIM FONU,GMF,DG,kapanmis,,4028328c949953a20194fa06b2c15219,Diğer,unvan
MBE,FRANKLIN MUTUAL BEACON FUND A(Acc) EUR,YYF,,kapanmis,,33E5FED7EFA700EAE0530A4A622B2AEA,Diğer,unvan
MBG,MÜKAFAT PORTFÖY YÖNETİMİ A.Ş. BİRİNCİ AKARYAKIT SEKTÖRÜ GAYRİMENKUL YATIRIM FONU,GMF,DG,kapanmis,AKTİF PORTFÖY YÖNETİMİ A.Ş.,4028328c67cc93610167e496a9bc425c,Diğer,unvan
MEU,FRANKLIN MUTUAL EUROPEAN FUND N(Acc) EUR,YYF,,kapanmis,,33E5FED7EFFF00EAE0530A4A622B2AEA,Diğer,unvan
MFT,DENİZ PORTFÖY MFTN SERBEST (DÖVİZ) ÖZEL FON,YF,SF,kapanmis,,4028328c8b2fcee8018d45bbde1b6e3d,Serbest,unvan
MGI,MAQASID GAYRİMENKUL VE GİRİŞİM SERMAYESİ PORTFÖY YÖNETİMİ A.Ş. İTTİHAD GAYRİMENKUL YATIRIM FONU,GMF,DG,kapanmis,,4028328d812b6c2f018138139a0314a9,Diğer,unvan
MKH,MÜKAFAT PORTFÖY AKTİF SERBEST (DÖVİZ) FON,YF,SF,kapanmis,,4028328d7179849801719795b01a1db1,Serbest,unvan
MMA,MAQASİD PYŞ ALTIN KATILIM FONU,YF,KTF,kapanmis,,4028328d6efb12d9016f8068942c22e6,Kıymetli Madenler,unvan
MPB,MAQASİD GAYRİMENKUL VE GİRİŞİM SERMAYESİ PORTFÖY YÖNETİMİ A.Ş. SAJA GİRİŞİM SERMAYESİ YATIRIM FONU,GSF,DG,kapanmis,,4028328c767baf6801769aaa740a0373,Diğer,unvan
MPC,MAQASİD GAYRİMENKUL VE GİRİŞİM SERMAYESİ PORTFÖY YÖNETİMİ A.Ş. İMAR GAYRİMENKUL YATIRIM FONU,GMF,DG,kapanmis,,4028328c6ecd276e016ed5d0ba782d80,Diğer,unvan
MRT,AZİMUT PORTFÖY MERTER SERBEST (DÖVİZ) ÖZEL FON,YF,SF,kapanmis,,4028328c8b2fcee7018d31a8716401ee,Serbest,unvan
MSB,MAQASID PYŞ BİRİNCİ KATILIM SERBEST (DÖVİZ) FON,YF,KTF,kapanmis,,4028328c67cc93610167e08682003560,Katılım,unvan
MSD,İŞ PORTFÖY MİSA SERBEST (DÖVİZ) ÖZEL FON,YF,SF,kapanmis,,4028328d93c3b68c01941d0bcf006a27,Serbest,unvan
MSH,MAQASID PORTFÖY İKİNCİ KATILIM SERBEST FON,YF,KTF,kapanmis,,4028328c68a98cf20168cd68dc936e7b,Katılım,unvan
MSL,DENİZ PORTFÖY MSL SERBEST ÖZEL FON,YF,SF,kapanmis,,4028328d8b2fcee7018d12191ec37f24,Serbest,unvan
MTB,METRO YATIRIM MENKUL DEĞERLER A.Ş. B TIPI LIKIT FON,YF,,kapanmis,,33E5FED7E5EF00EAE0530A4A622B2AEA,Diğer,unvan
MVK,MAQASİD PYŞ KISA VADELİ KATILIM SERBEST FON,YF,KTF,kapanmis,,4028328d6d929640016e5ec882490d88,Kısa Vadeli Borçlanma,unvan
NBF,İŞ PORTFÖY ESEN SERBEST ÖZEL FON,YF,SF,kapanmis,,4028328d73a868090173d8ae392c0bc0,Serbest,unvan
NDE,NUROL PORTFÖY BİRİNCİ DEĞİŞKEN FON,YF,DG,kapanmis,,4028328d950b60860195948fb4e63bf3,Değişken,unvan
NDI,ALLBATROSS PORTFÖY İZMİR HİSSE SENEDİ SERBEST (TL) FON (HİSSE SENEDİ YOĞUN FON),YF,HS,kapanmis,,4028328d868461840186cbc57ace3c08,Hisse Senedi,unvan
NED,NEO PORTFÖY YÖNETİMİ A.Ş. DENGE GİRİŞİM SERMAYESİ YATIRIM FONU,GSF,DG,kapanmis,,4028328c7fd43043017fd4bd72ab063c,Diğer,unvan
NEK,NETA YATIRIM MENKUL DEĞERLER A.Ş. A TİPİ KARMA FONU,YF,,kapanmis,,33E5FED7E86300EAE0530A4A622B2AEA,Karma,unvan
NEL,NETA YATIRIM MENKUL DEĞERLER A.Ş. B TİPİ LİKİT FON,YF,,kapanmis,,33E5FED7E86700EAE0530A4A622B2AEA,Diğer,unvan
NFN,NUROL PORTFÖY YÖNETİMİ A.Ş. NUFON GAYRİMENKUL YATIRIM FONU,GMF,DG,kapanmis,,4028328c930ce8df01934ecb407e5171,Diğer,unvan
NGA,INVEO PORTFÖY YÖNETİMİ A.Ş. BİRİNCİ GAYRİMENKUL YATIRIM FONU,GMF,DG,kapanmis,,4028328c8e21cef7018ea95f514f49fd,Diğer,unvan
NHB,NN HAYAT VE EMEKLİLİK A.Ş. BAŞLANGIÇ EMEKLİLİK YATIRIM FONU,OKS,DG,kapanmis,,4028328c594c98f80159501558e61a9f,Diğer,unvan
NHC,NN HAYAT VE EMEKLİLİK A.Ş OKS AGRESİF KATILIM DEGİŞKEN EMEKLİLİK YATIRIM FONU,OKS,DG,kapanmis,,4028328d5c459ee5015cca8744505195,Katılım,unvan
NHD,NN HAYAT VE EMEKLİLİK A.Ş. KATILIM DEĞİŞKEN EMEKLİLİK YATIRIM FONU,EYF,,kapanmis,,4028328c5a953392015afb811ba73bf9,Katılım,unvan
NHE,NN HAYAT VE EMEKLİLİK A.Ş. KATILIM KATKI EMEKLİLİK YATIRIM FONU,EYF,,kapanmis,,4028328c5988cc2e0159a6f9b4453032,Katılım,unvan
NHF,NN HAYAT VE EMEKLİLİK A.Ş OKS TEMKİNLİ DEGİŞKEN EMEKLİLİK YATIRIM FONU,OKS,DG,kapanmis,,4028328d5c459ee5015cca88ac7551a8,Değişken,unvan
NHG,NN HAYAT VE EMEKLİLİK A.Ş. OKS AGRESİF DEGİŞKEN EMEKLİLİK YATIRIM FONU,OKS,DG,kapanmis,,4028328d5c459ee5015cca896eb251da,Değişken,unvan
NHH,NN HAYAT VE EMEKLİLİK A.Ş. OKS DİNAMİK KATILIM DEGİŞKEN EMEKLİLİK YATIRIM FONU,OKS,DG,kapanmis,,4028328d5c459ee5015cca8a499251e8,Katılım,unvan
NHI,NN HAYAT VE EMEKLİLİK A.Ş. OKS DENGELi DEGiŞKEN EMEKLiLiK YATIRIM FONU,OKS,DG,kapanmis,,4028328d5c459ee5015cca8b265751f9,Değişken,unvan
NHK,NN HAYAT VE EMEKLİLİK A.Ş. BAŞLANGIÇ KATILIM EMEKLİLİK YATIRIM FONU,OKS,DG,kapanmis,,4028328c594c98f801595016b8d61aff,Katılım,unvan
NHL,NN HAYAT VE EMEKLİLİK A.Ş. OKS DİNAMİK DEĞİŞKEN EMEKLİLİK YATIRIM FONU,OKS,DG,kapanmis,,4028328d5c459ee5015cca8bf4225211,Değişken,unvan
NHO,NN HAYAT VE EMEKLİLİK A.Ş. OKS STANDART EMEKLİLİK YATIRIM FONU,OKS,DG,kapanmis,,4028328c5fc60da70160211a815d272c,Diğer,unvan
NHR,NN HAYAT VE EMEKLİLİK A.Ş. OKS KATILIM STANDART EMEKLİLİK YATIRIM FONU,OKS,DG,kapanmis,,4028328c5fc60da70160211c7b8a279f,Katılım,unvan
NHS,NN HAYAT VE EMEKLİLİK A.Ş. KATILIM STANDART EMEKLİLİK YATIRIM FONU,EYF,,kapanmis,,4028328c5988cc2e0159a6f73319300d,Katılım,unvan
NIK,NATURA GAYRİMENKUL VE GİRİŞİM SERMAYESİ PORTFÖY YÖNETİMİ A.Ş. İKİNCİ PROJE GAYRİMENKUL YATIRIM FONU,GMF,DG,kapanmis,,4028328c930ce8de01932ab8643440a0,Diğer,unvan
NNK,NN HAYAT VE EMEKLİLİK A.Ş. KATILIM KATKI EMEKLİLİK YATIRIM FONU,EYF,,kapanmis,,4028328c6ecd2770016efa57419f78d6,Katılım,unvan
NOK,NUROL PORTFÖY YÖNETİMİ A.Ş. DOKUZUNCU GAYRİMENKUL YATIRIM FONU,GMF,DG,kapanmis,,4028328c930ce8df01934ec4285950b4,Diğer,unvan
NON,NUROL PORTFÖY YÖNETİMİ A.Ş. ONUNCU GAYRİMENKUL YATIRIM FONU,GMF,DG,kapanmis,,4028328c950ba8c601953c37823d3d20,Diğer,unvan
NOS,NUROL PORTFÖY ÖZEL SEKTÖR BORÇLANMA ARAÇLARINA YATIRIM YAPAN %115 ANAPARA GARANTİLİ (TL) FON,YF,DG,kapanmis,,4028328d8588f3010185c8f6850035c7,Borçlanma Araçları,unvan
NPP,QNB FİNANS PORTFÖY ÜÇÜNCÜ SERBEST (DÖVİZ) FON,YF,SF,kapanmis,QNB PORTFÖY YÖNETİMİ A.Ş.,4028328d70abc4de01712adaaa286574,Serbest,unvan
NSE,NUROL PORTFÖY YÖNETİMİ A.Ş. SEKİZİNCİ GAYRİMENKUL YATIRIM FONU,GMF,DG,kapanmis,,4028328c930ce8df01934ec457f150bf,Diğer,unvan
NTC,AZİMUT PORTFÖY RES SERBEST ÖZEL FON,YF,SF,kapanmis,,4028328d8029261b0180d0c9572c5fab,Serbest,unvan
OAA,AK PORTFÖY ÖZEL SEKTÖR BORÇLANMA ARAÇLARINA YATIRIM YAPAN %105 ANAPARA KORUMA AMAÇLI OTUZYEDİNCİ FON,YF,DG,kapanmis,,4028328d7063adca01707c8901424519,Borçlanma Araçları,unvan
OAC,QNB PORTFÖY ONBEŞİNCİ SERBEST (DÖVİZ) FON,YF,SF,kapanmis,,4028328c84686b400184c3d8e98056f9,Serbest,unvan
OAV,QNB FİNANS PORTFÖY ONİKİNCİ SERBEST (DÖVİZ) FON,YF,SF,kapanmis,,4028328d80e91792018113cc6e964c1d,Serbest,unvan
OCF,AK PORTFÖY %100 ANAPARA KORUMA AMAÇLI ONÜÇÜNCÜ FON,YF,DG,kapanmis,AK PORTFÖY YÖNETİMİ A.Ş.,4028328d55a2d2450155e41fa6096d82,Diğer,unvan
OFH,QNB FİNANS PORTFÖY ONÜÇÜNCÜ SERBEST (DÖVİZ) FON,YF,SF,kapanmis,QNB PORTFÖY YÖNETİMİ A.Ş.,4028328c8304fea801833585a3327709,Serbest,unvan
OFZ,ORAGON GAYRİMENKUL VE GİRİŞİM SERMAYESİ PORTFÖY YÖNETİMİ A.Ş. FEZA GİRİŞİM SERMAYESİ YATIRIM FONU,GSF,DG,kapanmis,,4028328d949955a80194bb76ceea5a5e,Diğer,unvan
OGZ,AK PORTFÖY ÖZEL SEKTÖR BORÇLANMA ARAÇLARINA YATIRIM YAPAN %100 ANAPARA KORUMA AMAÇLI KIRKBİRİNCİ FON,YF,DG,kapanmis,,4028328c71bc39bf0172a8ebc0ff1175,Borçlanma Araçları,unvan
OJA,QNB FİNANS PORTFÖY ALTINCI SERBEST (DÖVİZ) FON,YF,SF,kapanmis,,4028328d794d3bd7017a2e9b7a9225d2,Serbest,unvan
OJF,QNB FİNANS PORTFÖY YEDİNCİ SERBEST (DÖVİZ) FON,YF,SF,kapanmis,QNB PORTFÖY YÖNETİMİ A.Ş.,4028328c7a4e423c017a6216577770f3,Serbest,unvan
OJN,QNB FİNANS PORTFÖY ONUNCU SERBEST (DÖVİZ) FON,YF,SF,kapanmis,QNB PORTFÖY YÖNETİMİ A.Ş.,4028328c7da7e73c017eaf03ab9f0919,Serbest,unvan
OKA,AK PORTFÖY ÖZEL SEKTÖR BORÇLANMA ARAÇLARINA YATIRIM YAPAN %110 ANAPARA KORUMA AMAÇLI OTUZDÖRDÜNCÜ FON,YF,DG,kapanmis,,4028328c6d92933b016eb792f2d04104,Borçlanma Araçları,unvan
OLB,QNB FİNANS PORTFÖY DÖRDÜNCÜ SERBEST (DÖVİZ) FON,YF,SF,kapanmis,QNB PORTFÖY YÖNETİMİ A.Ş.,4028328d77e3fc030177f80f30c21d80,Serbest,unvan
OLC,QNB PORTFÖY SADİL SERBEST (DÖVİZ) ÖZEL FON,YF,SF,kapanmis,,4028328c7bf4b5e2017d2d21023925a5,Serbest,unvan
ONL,İŞ PORTFÖY ONALTINCI SERBEST (DÖVİZ) FON,YF,SF,kapanmis,,4028328c8ae7be4f018b23b251a836d9,Serbest,unvan
OO4,OYAK PORTFÖY YÖNETİMİ A.Ş. DÖRDÜNCÜ PROJE GAYRİMENKUL YATIRIM FONU,GMF,DG,kapanmis,,4028328d96289e8b019681d8dd7d69d6,Diğer,unvan
OOK,OSMANLI PORTFÖY KAPTAN SERBEST (DÖVİZ) FON,YF,SF,kapanmis,OSMANLI PORTFÖY YÖNETİMİ A.Ş.,4028328c6faf9e5101706292b81211d8,Serbest,unvan
OON,OYAK PORTFÖY YÖNETİMİ A.Ş. ONUNCU GİRİŞİM SERMAYESİ YATIRIM FONU,GSF,DG,kapanmis,,4028328d8588f3000186126de1bc14c7,Diğer,unvan
OOP,QNB FİNANS PORTFÖY OPAL SERBEST (DÖVİZ) ÖZEL FON,YF,SF,kapanmis,QNB PORTFÖY YÖNETİMİ A.Ş.,4028328d70abc4de0170e8263cae1e8d,Serbest,unvan
OPP,GARANTİ PORTFÖY ÖPY SERBEST (DÖVİZ) ÖZEL FON,YF,SF,kapanmis,,4028328c70abc23a017153d47f6f5870,Serbest,unvan
ORB,ORAGON GAYRİMENKUL VE GİRİŞİM SERMAYESİ PORTFÖY YÖNETİMİ A.Ş. BEREKET GAYRİMENKUL YATIRIM FONU,GMF,DG,kapanmis,,4028328d8d6db484018d9c6a7c4653ca,Diğer,unvan
OSC,OSMANLI PORTFÖY AVRASYA SERBEST (DÖVİZ) FON,YF,SF,kapanmis,OSMANLI PORTFÖY YÖNETİMİ A.Ş.,33E5FED7F0F300EAE0530A4A622B2AEA,Serbest,unvan
OSG,OSMANLI PORTFÖY BEYLERBEYİ SERBEST FON,YF,SF,kapanmis,OSMANLI PORTFÖY YÖNETİMİ A.Ş.,33E5FED7E97F00EAE0530A4A622B2AEA,Serbest,unvan
OSI,OSMANLI PORTFÖY TOPKAPI SERBEST FON,YF,SF,kapanmis,,4028328c5d88e705015e7133bd9d3bbc,Serbest,unvan
OSO,GARANTİ PORTFÖY OTUZBİRİNCİ SERBEST (DÖVİZ) ÖZEL FON,YF,SF,kapanmis,,4028328c98455aea0198f0965bf175e5,Serbest,unvan
OSR,OSMANLI PORTFÖY RUMELİ SERBEST FON,YF,SF,kapanmis,,4028328c595ae6bf015972b1f9855113,Serbest,unvan
OSV,İŞ PORTFÖY VİRTUS SERBEST (DÖVİZ) ÖZEL FON,YF,SF,kapanmis,İŞ PORTFÖY YÖNETİMİ A.Ş.,33E5FED7E98700EAE0530A4A622B2AEA,Serbest,unvan
OSY,OSMANLI PORTFÖY ANATOLİA SERBEST FON,YF,SF,kapanmis,OSMANLI PORTFÖY YÖNETİMİ A.Ş.,33E5FED7ED1F00EAE0530A4A622B2AEA,Serbest,unvan
OTS,QNB FİNANS PORTFÖY ONBİRİNCİ SERBEST (DÖVİZ)  FON,YF,SF,kapanmis,,4028328c7fd43043017ff9cbb6001570,Serbest,unvan
OVF,QNB FİNANS PORTFÖY DOKUZUNCU SERBEST (DÖVİZ) FON,YF,SF,kapanmis,QNB PORTFÖY YÖNETİMİ A.Ş.,4028328d7d3c3042017d565ac26e6bf0,Serbest,unvan
OYG,AK PORTFÖY ÖZEL SEKTÖR BORÇLANMA ARAÇLARINA YATIRIM YAPAN %100 ANAPARA KORUMA AMAÇLI KIRKINCI FON,YF,DG,kapanmis,,4028328c71bc39bf0172a8eadac71130,Borçlanma Araçları,unvan
OYY,AK PORTFÖY ÖZEL SEKTÖR BORÇLANMA ARAÇLARINA YATIRIM YAPAN %110 ANAPARA KORUMA AMAÇLI OTUZBEŞİNCİ FON,YF,DG,kapanmis,,4028328c6d92933b016eb796318d4120,Borçlanma Araçları,unvan
OZF,QNB FİNANS PORTFÖY SEKİZİNCİ SERBEST (DÖVİZ) FON,YF,SF,kapanmis,,4028328d7bf4b81c017c73b08bfb6550,Serbest,unvan
PBB,AZİMUT PORTFÖY BB SERBEST (DÖVİZ) ÖZEL FON,YF,SF,kapanmis,,4028328d6d929640016ef5619a574839,Serbest,unvan
PKE,ALLBATROSS PORTFÖY İPEK HİSSE SENEDİ SERBEST FON (HİSSE SENEDİ YOĞUN FON),YF,HS,kapanmis,,4028328d950b608601957f5029384bc8,Hisse Senedi,unvan
PNA,PIONEER FUNDS - US PIONEER FUND,YYF,,kapanmis,,33E5FED7EFC700EAE0530A4A622B2AEA,Diğer,unvan
PNB,PIONEER FUNDS - TOP EUROPEAN PLAYERS,YYF,,kapanmis,,33E5FED7EF8300EAE0530A4A622B2AEA,Diğer,unvan
PNE,PIONEER FUNDS - EURO SHORT-TERM,YYF,,kapanmis,,33E5FED7EF8B00EAE0530A4A622B2AEA,Diğer,unvan
PNF,PIONEER FUNDS - U.S. DOLLAR SHORT TERM,YYF,,kapanmis,,33E5FED7EFCF00EAE0530A4A622B2AEA,Diğer,unvan
PNG,PIONEER FUND - EMERGING MARKETS EQUITY,YYF,,kapanmis,,33E5FED7EFD300EAE0530A4A622B2AEA,Diğer,unvan
PNI,PIONEER FUND - CHINA EQUITY,YYF,,kapanmis,,33E5FED7EF9300EAE0530A4A622B2AEA,Diğer,unvan
PNJ,PIONEER FUND - EUROPEAN RESEARCH,YYF,,kapanmis,,33E5FED7EF9700EAE0530A4A622B2AEA,Diğer,unvan
PNK,PIONEER FUND - ASIA (EX JAPAN) EQUITY CL A ND,YYF,,kapanmis,,33E5FED7EFD700EAE0530A4A622B2AEA,Diğer,unvan
PNL,PIONEER FUND - US MID CAP VALUE,YYF,,kapanmis,,33E5FED7EFDB00EAE0530A4A622B2AEA,Diğer,unvan
PNM,PIONEER FUND - STRATEGIC INCOME,YYF,,kapanmis,,33E5FED7EF9B00EAE0530A4A622B2AEA,Diğer,unvan
PNN,PIONEER FUND - EURO CORPORATE BOND,YYF,,kapanmis,,33E5FED7EF9F00EAE0530A4A622B2AEA,Diğer,unvan
PNO,PIONEER FUND - JAPANESE EQUITY,YYF,,kapanmis,,33E5FED7EFA300EAE0530A4A622B2AEA,Diğer,unvan
PNP,PIONEER FUND - EUROPEAN POTENTIAL,YYF,,kapanmis,,33E5FED7EFDF00EAE0530A4A622B2AEA,Diğer,unvan
PNR,AZİMUT PORTFÖY PINAR SERBEST ÖZEL FON,YF,SF,kapanmis,,4028328d8e21d0eb018e3c234f7d35c6,Serbest,unvan
PRG,ATLAS PORTFÖY YÖNETİMİ A.Ş. PRİME GAYRİMENKUL YATIRIM FONU,GMF,DG,kapanmis,,4028328d8b2fcee7018d59af0ae33233,Diğer,unvan
PRZ,ROTA PORTFÖY POYRAZ SERBEST ÖZEL FON,YF,SF,kapanmis,,4028328c8304fea8018316fe14c7463b,Serbest,unvan
PUO,AK PORTFÖY ÖZEL SEKTÖR BORÇLANMA ARAÇLARINA YATIRIM YAPAN %114 ANAPARA KORUMA AMAÇLI YİRMİDOKUZUNCU FON,YF,DG,kapanmis,AK PORTFÖY YÖNETİMİ A.Ş.,4028328c68e7471201697c5be5dd5fdf,Borçlanma Araçları,unvan
PUS,AK PORTFÖY ÖZEL SEKTÖR BORÇLANMA ARAÇLARINA YATIRIM YAPAN %115 ANAPARA KORUMA AMAÇLI YİRMİSEKİZİNCİ FON,YF,DG,kapanmis,,4028328c68e7471201690044f9fe55fc,Borçlanma Araçları,unvan
PUY,AK PORTFÖY ÖZEL SEKTÖR BORÇLANMA ARAÇLARINA YATIRIM YAPAN %115 ANAPARA KORUMA AMAÇLI YİRMİYEDİNCİ FON,YF,DG,kapanmis,,4028328c68e74712016900430b345594,Borçlanma Araçları,unvan
PUZ,AZİMUT PORTFÖY LUNA HİSSE SENEDİ SERBEST ÖZEL FON (HİSSE SENEDİ YOĞUN FON),YF,HS,kapanmis,,4028328d81fdc61c01826e302c752083,Hisse Senedi,unvan
PYG,İSTANBUL PORTFÖY YÖNETİMİ A.Ş. GREENONE YENİLENEBİLİR ENERJİ GİRİŞİM SERMAYESİ YATIRIM FONU,GSF,DG,kapanmis,,4028328d767bb19d0176b8e2f9e83864,Diğer,unvan
PZO,AK PORTFÖY %115 ANAPARA KORUMA AMAÇLI OTUZUNCU FON,YF,DG,kapanmis,,4028328c69d88eee016a929508116756,Diğer,unvan
PZR,AK PORTFÖY %115 ANAPARA KORUMA AMAÇLI OTUZBİRİNCİ FON,YF,DG,kapanmis,,4028328c69d88eee016a92971a416768,Diğer,unvan
RAZ,ROTA PORTFÖY YÖNETİMİ A.Ş. NARM GİRİŞİM SERMAYESİ YATIRIM FONU,GSF,DG,kapanmis,,4028328c919f164b0191d6bda2f3222d,Diğer,unvan
REI,ROTA PORTFÖY YÖNETİMİ A.Ş. BEŞİNCİ GAYRİMENKUL YATIRIM FONU,GMF,DG,kapanmis,,4028328c96289c7401968fa910e24eb5,Diğer,unvan
RGN,ROTA PORTFÖY YÖNETİMİ A.Ş. REGNUM PROJE GAYRİMENKUL YATIRIM FONU,GMF,DG,kapanmis,,4028328c8b2fcee7018caa81da8643f7,Diğer,unvan
RGP,ROTA PORTFÖY YÖNETİMİ A.Ş. GLOBAL E-TİCARET VE PRE-IPO GİRİŞİM SERMAYESİ YATIRIM FONU,GSF,DG,kapanmis,,4028328c949953a20194f9f8468e50e6,Diğer,unvan
RMA,ALLBATROSS PORTFÖY ARMADA SERBEST ÖZEL FON,YF,SF,kapanmis,,4028328c8b2fcee8018b383a1bd31de5,Serbest,unvan
ROB,ROTA PORTFÖY ONBİRİNCİ HİSSE SENEDİ SERBEST ÖZEL FON (HİSSE SENEDİ YOĞUN FON),YF,HS,kapanmis,,4028328d8b2fcee7018b4180a25255d7,Hisse Senedi,unvan
ROS,ROTA PORTFÖY ONYEDİNCİ SERBEST (DÖVİZ) FON,YF,SF,kapanmis,,4028328d8f3f7792018f778394507b2c,Serbest,unvan
RPA,RHEA PORTFÖY ATA YATIRIM BÜYÜME AMAÇLI A TİPİ DEĞİŞKEN FONU,YF,DG,kapanmis,,33E5FED7E74700EAE0530A4A622B2AEA,Değişken,unvan
RPB,RHEA PORTFÖY ATA YATIRIM GELİR AMAÇLI B TİPİ DEĞİŞKEN FONU,YF,DG,kapanmis,,33E5FED7E73700EAE0530A4A622B2AEA,Değişken,unvan
RTR,ROTA PORTFÖY YÖNETİMİ A.Ş. TRAKYA GELİŞİM GAYRİMENKUL YATIRIM FONU,GMF,DG,kapanmis,,4028328c9373b8ac019391b67cd17de1,Diğer,unvan
SAM,AZİMUT PORTFÖY AMS SERBEST ÖZEL FON,YF,SF,kapanmis,,4028328d89555d7f018a513747ca4ec7,Serbest,unvan
SEB,ROTA PORTFÖY YÖNETİMİ A.Ş. SEBA CENTER PROJE GAYRİMENKUL YATIRIM FONU,GMF,DG,kapanmis,,4028328d96289e8c01963df06c097e92,Diğer,unvan
SHS,AZİMUT PORTFÖY SENTEZ HİSSE SENEDİ SERBEST ÖZEL FON (HİSSE SENEDİ YOĞUN FON),YF,HS,kapanmis,,4028328c84686b4001853914004e1b70,Hisse Senedi,unvan
SKA,ŞEKER PORTFÖY DEĞİŞKEN FON,YF,DG,kapanmis,,33E5FED7E61700EAE0530A4A622B2AEA,Değişken,unvan
SKB,ŞEKER PORTFÖY BORÇLANMA ARAÇLARI FONU,YF,DG,kapanmis,,33E5FED7E61300EAE0530A4A622B2AEA,Borçlanma Araçları,unvan
SKH,ŞEKER PORTFÖY HİSSE SENEDİ FONU (HİSSE SENEDİ YOĞUN FON),YF,HS,kapanmis,,33E5FED7E21300EAE0530A4A622B2AEA,Hisse Senedi,unvan
SLN,ALLBATROSS PORTFÖY ASLAN SERBEST FON,YF,SF,kapanmis,,4028328d8b2fcee7018cf250f1375dfa,Serbest,unvan
SLVRP,KUVEYT TÜRK KATILIM BANKASI A.Ş. B TİPİ SİLVERPLUS GÜMÜŞ BORSA YATIRIM FONU,BYF,DG,kapanmis,,33E5FED811C300EAE0530A4A622B2AEA,Kıymetli Madenler,unvan
SMA,SANKO MENKUL DEĞERLER A.Ş. A TİPİ DEĞİŞKEN FON,YF,,kapanmis,,33E5FED7E60700EAE0530A4A622B2AEA,Değişken,unvan
SMB,SANKO MENKUL DEĞERLER A.Ş. B TİPİ LİKİT FON,YF,,kapanmis,,33E5FED7E60B00EAE0530A4A622B2AEA,Diğer,unvan
SPG,AZİMUT PORTFÖY BEG SERBEST ÖZEL FON,YF,SF,kapanmis,,4028328c69d88eee016a00d68b6f061f,Serbest,unvan
SPS,ŞEKER PORTFÖY SERBEST FON,YF,SF,kapanmis,,4028328c588c1d620159268208fd1bd1,Serbest,unvan
SPTUR,S&P/IFCI TÜRKİYE A TİPİ AKBANK BORSA YATIRIM FONU,BYF,HS,kapanmis,,33E5FED811B700EAE0530A4A622B2AEA,Diğer,unvan
SPV,AZİMUT PYŞ DÖRDÜNCÜ DEĞİŞKEN FON,YF,DG,kapanmis,,33E5FED7E55F00EAE0530A4A622B2AEA,Değişken,unvan
SRY,AZİMUT PORTFÖY SKY SERBEST (DÖVİZ) ÖZEL FONU,YF,SF,kapanmis,,4028328d6ab7863b016b566fdc6b02d3,Serbest,unvan
STT,STRATEJİ PORTFÖY BORÇLANMA ARAÇLARI FONU,YF,DG,kapanmis,STRATEJİ PORTFÖY YÖNETİMİ A.Ş.,33E5FED7EDBF00EAE0530A4A622B2AEA,Borçlanma Araçları,unvan
SYA,ŞEKER PORTFÖY ALTIN FONU,YF,DG,kapanmis,,33E5FED7E61B00EAE0530A4A622B2AEA,Kıymetli Madenler,unvan
TAG,TEMPLETON ASIAN GROWTH FUND A(Acc) USD,YYF,,kapanmis,,33E5FED7F06700EAE0530A4A622B2AEA,Diğer,unvan
TAP,İŞ PORTFÖY PRİVİA BANKACILIK HİSSE SENEDİ ÖZEL FONU ( HİSSE SENEDİ YOĞUN FON),YF,HS,kapanmis,,33E5FED7E2F700EAE0530A4A622B2AEA,Hisse Senedi,unvan
TBB,TÜRKİYE SINAİ KALKINMA BANKASI A.Ş. B TİPİ TAHVİL VE BONO FONU,YF,DG,kapanmis,,33E5FED7E6BB00EAE0530A4A622B2AEA,Borçlanma Araçları,unvan
TBC,TÜRKİYE İŞ BANKASI A.Ş. KORUMA AMAÇLI ŞEMSİYE FONU'NA BAĞLI B TİPİ %100 ANAPARA KORUMA AMAÇLI KIRKDÖRDÜNCÜ ALT FONU,YF,,kapanmis,,33E5FED7ED2300EAE0530A4A622B2AEA,Diğer,unvan
TBE,TEB PORTFÖY SAĞLIK VE BİYOTEKNOLOJİ DEĞİŞKEN FON,YF,DG,kapanmis,,4028328d843994da01845726dcbd307e,Değişken,unvan
TBG,TÜRKİYE SINAİ KALKINMA BANKASI A.Ş. GARANTİLİ ŞEMSİYE FONU'NA BAĞLI B TİPİ %100  ANAPARA GARANTİLİ ALTIN ALT FONU (ONÜÇÜNCÜ ALT FON),YF,,kapanmis,,33E5FED7E6C700EAE0530A4A622B2AEA,Kıymetli Madenler,unvan
TBM,TÜRKİYE SINAİ KALKINMA BANKASI A.Ş. B TİPİ DEĞİŞKEN GELİR AMAÇLI 4 MEVSİM FONU,YF,DG,kapanmis,,33E5FED7E6B300EAE0530A4A622B2AEA,Değişken,unvan
TBU,TÜRK EKONOMİ BANKASI A.Ş. B TİPİ BRIC ULKELERİ YABANCI MENKUL KIYMETLER FONU,YF,DG,kapanmis,,33E5FED7E7CF00EAE0530A4A622B2AEA,Diğer,unvan
TBZ,TEB PORTFÖY SEKİZİNCİ SERBEST (DÖVİZ) FON,YF,SF,kapanmis,,4028328d812b6c2f0181867e60f96918,Serbest,unvan
TCN,TEB PORTFÖY KAR PAYI ÖDEYEN İKİNCİ SERBEST (DÖVİZ) FON,YF,SF,kapanmis,,4028328c8e21cef7018f15a32ffd3378,Serbest,unvan
TDB,TEB PORTFÖY BOĞAZİÇİ SERBEST (DÖVİZ) FON,YF,SF,kapanmis,,33E5FED7E67300EAE0530A4A622B2AEA,Serbest,unvan
TDC,TÜRKİYE İŞ BANKASI A.Ş. KORUMA AMAÇLI ŞEMSİYE FONU'NA BAĞLI B TİPİ ÖZEL SEKTÖR BORÇLANMA ARAÇLARINA YATIRIM YAPAN %100 ANAPARA KORUMA AMAÇLI KIRK ÜÇÜNCÜ ALT FONU,YF,,kapanmis,,33E5FED7E97700EAE0530A4A622B2AEA,Borçlanma Araçları,unvan
TDD,TÜRKİYE İŞ BANKASI A.Ş. KORUMA AMAÇLI ŞEMSİYE FONU'NA BAĞLI B TİPİ %100 ANAPARA KORUMA AMAÇLI OTUZ DOKUZUNCU ALT FONU,YF,,kapanmis,,33E5FED7E34700EAE0530A4A622B2AEA,Diğer,unvan
TDE,TÜRKİYE SINAİ KALKINMA BANKASI A.Ş. GARANTİLİ ŞEMSİYE FONU'NA BAĞLI B TİPİ %95 ANAPARA GARANTİLİ EUROBANK TEKFEN A.Ş. TARIM ÜRÜNLERİ ALT FONU (ONİKİNCİ ALT FON),YF,,kapanmis,,33E5FED7E6C300EAE0530A4A622B2AEA,Diğer,unvan
TDI,TÜRKİYE İŞ BANKASI A.Ş. KORUMA AMAÇLI ŞEMSİYE FONU'NA BAĞLI B TİPİ %100 ANAPARA KORUMA AMAÇLI KIRK İKİNCİ ALT FONU,YF,,kapanmis,,33E5FED7E35300EAE0530A4A622B2AEA,Diğer,unvan
TDK,TÜRKİYE İŞ BANKASI A.Ş. KORUMA AMAÇLI ŞEMSİYE FONU'NA BAĞLI B TİPİ %100 ANAPARA KORUMA AMAÇLI KIRK BİRİNCİ ALT FONU,YF,,kapanmis,,33E5FED7E34F00EAE0530A4A622B2AEA,Diğer,unvan
TDL,TÜRKİYE İŞ BANKASI A.Ş. KORUMA AMAÇLI ŞEMSİYE FONU'NA BAĞLI B TİPİ %100 ANAPARA KORUMA AMAÇLI KIRKALTINCI ALT FONU,YF,,kapanmis,,33E5FED7EA4300EAE0530A4A622B2AEA,Diğer,unvan
TDN,TÜRKİYE İŞ BANKASI A.Ş. KORUMA AMAÇLI ŞEMSİYE FONU'NA BAĞLI B TİPİ %100 ANAPARA KORUMA AMAÇLI KIRKBEŞİNCİ ALT FONU,YF,,kapanmis,,33E5FED7EE2F00EAE0530A4A622B2AEA,Diğer,unvan
TDO,TÜRKİYE İŞ BANKASI A.Ş. KORUMA AMAÇLI ŞEMSİYE FONU'NA BAĞLI B TİPİ %100 ANAPARA KORUMA AMAÇLI OTUZ İKİNCİ ALT FONU,YF,,kapanmis,,33E5FED7E31300EAE0530A4A622B2AEA,Diğer,unvan
TDR,TÜRKİYE İŞ BANKASI A.Ş. KORUMA AMAÇLI ŞEMSİYE FONU'NA BAĞLI B TİPİ %100 ANAPARA KORUMA AMAÇLI OTUZ DÖRDÜNCÜ ALT FONU,YF,,kapanmis,,33E5FED7E31700EAE0530A4A622B2AEA,Diğer,unvan
TDT,TEB PORTFÖY TKT SERBEST (DÖVİZ) ÖZEL FON,YF,SF,kapanmis,,4028328c6d92933b016e4ad1a3a66f78,Serbest,unvan
TEF,TEB YATIRIM MENKUL DEĞERLER A.Ş. B TİPİ DEĞİŞKEN FONU,YF,DG,kapanmis,,33E5FED7E66300EAE0530A4A622B2AEA,Değişken,unvan
TEG,TÜRK EKONOMİ BANKASI A.Ş. B TİPİ GLOBAL VARLIK DAĞILIMI FON SEPETİ FONU,YF,,kapanmis,,33E5FED7E7D300EAE0530A4A622B2AEA,Fon Sepeti,unvan
TEI,TEB PORTFÖY PY HİSSE SENEDİ ÖZEL FONU (HİSSE SENEDİ YOĞUN FON),YF,HS,kapanmis,,33E5FED7E7AB00EAE0530A4A622B2AEA,Hisse Senedi,unvan
TET,TEB PORTFÖY İKİNCİ ORTA VADELİ BORÇLANMA ARAÇLARI FONU,YF,DG,kapanmis,,33E5FED7E7B300EAE0530A4A622B2AEA,Borçlanma Araçları,unvan
TFC,TÜRK EKONOMİ BANKASI A.Ş. KORUMA AMAÇLI ŞEMSİYE FONU'NA BAĞLI B TİPİ %100  ANAPARA KORUMA AMAÇLI OTUZDOKUZUNCU ALT FONU,YF,,kapanmis,,33E5FED7EBE700EAE0530A4A622B2AEA,Diğer,unvan
TFR,TÜRK EKONOMİ BANKASI A.Ş. KORUMA AMAÇLI ŞEMSİYE FONUNA BAĞLI  B TİPİ %100  ANAPARA KORUMA AMAÇLI KIRKINCI ALT FONU,YF,,kapanmis,,33E5FED7EBEB00EAE0530A4A622B2AEA,Diğer,unvan
TGF,TEMPLETON GLOBAL BALANCED FUND N(Acc) EUR,YYF,,kapanmis,,33E5FED7F04700EAE0530A4A622B2AEA,Diğer,unvan
TGL,TEMPLETON GLOBAL BALANCED FUND A(Acc) EUR,YYF,,kapanmis,,33E5FED7F04300EAE0530A4A622B2AEA,Diğer,unvan
TGX,TEB PORTFÖY TARIM VE GIDA TEKNOLOJİLERİ DEĞİŞKEN FON,YF,DG,kapanmis,,4028328c81fdc449018234acfeb8378d,Değişken,unvan
THP,AZİMUT PORTFÖY 21.0 SERBEST (DÖVİZ) FON,YF,SF,kapanmis,,4028328d84686d1201850b95ce8c4308,Serbest,unvan
TIF,İŞ PORTFÖY UZUN VADELİ BORÇLANMA ARAÇLARI FONU,YF,DG,kapanmis,,33E5FED7E2E700EAE0530A4A622B2AEA,Borçlanma Araçları,unvan
TIN,TÜRKİYE İŞ BANKASI A.Ş. KORUMA AMAÇLI ŞEMSİYE FONU'NA BAĞLI B TİPİ %100 ANAPARA KORUMA AMAÇLI KIRK YEDİNCİ ALT FONU,YF,,kapanmis,,33E5FED7ED3300EAE0530A4A622B2AEA,Diğer,unvan
TIS,TÜRKİYE İŞ BANKASI A.Ş. KORUMA AMAÇLI ŞEMSİYE FONU'NA BAĞLI B TİPİ %100 ANAPARA KORUMA AMAÇLI KIRK SEKİZİNCİ ALT FONU,YF,,kapanmis,,33E5FED7EBF300EAE0530A4A622B2AEA,Diğer,unvan
TIT,TEB PORTFÖY YEDİNCİ SERBEST (DÖVİZ) FON,YF,SF,kapanmis,,4028328c80292449018050faf9c9453f,Serbest,unvan
TIZ,TÜRKİYE İŞ BANKASI A.Ş. KORUMA AMAÇLI ŞEMSİYE FONU'NA BAĞLI B TİPİ %100 ANAPARA KORUMA AMAÇLI KIRK DOKUZUNCU ALT FONU,YF,,kapanmis,,33E5FED7ED9F00EAE0530A4A622B2AEA,Diğer,unvan
TKD,TEB PORTFÖY PY İKİNCİ DEĞİŞKEN ÖZEL FON,YF,DG,kapanmis,,33E5FED7E7C300EAE0530A4A622B2AEA,Değişken,unvan
TLS,NUROL PORTFÖY ATLAS HİSSE SENEDİ SERBEST ÖZEL FON (HİSSE SENEDİ YOĞUN FON),YF,HS,kapanmis,,4028328c950ba8c601958f8e5e65607e,Hisse Senedi,unvan
TMO,TEB PORTFÖY TEB GRUBU DEĞİŞKEN ÖZEL FON,YF,DG,kapanmis,,33E5FED7E66700EAE0530A4A622B2AEA,Değişken,unvan
TMP,DENİZ PORTFÖY TM SERBEST (DÖVİZ) ÖZEL FON,YF,SF,kapanmis,,4028328d8b2fcee7018cfcbf9d9228df,Serbest,unvan
TNC,TEB PORTFÖY ONÜÇÜNCÜ SERBEST FON,YF,SF,kapanmis,,4028328c86d232000187938cc34e5965,Serbest,unvan
TNM,TÜRK EKONOMİ BANKASI A.Ş. B TİPİ MAVİ ALTIN FONU,YF,DG,kapanmis,,33E5FED7E67700EAE0530A4A622B2AEA,Kıymetli Madenler,unvan
TNP,AZİMUT PORTFÖY BİLİM AĞACI SERBEST ÖZEL FON,YF,SF,kapanmis,AZİMUT PORTFÖY YÖNETİMİ A.Ş.,4028328d7b648589017bc48d33a4752a,Serbest,unvan
TNT,TEB PORTFÖY ÜÇÜNCÜ DEĞİŞKEN FON,YF,DG,kapanmis,,33E5FED7E7BF00EAE0530A4A622B2AEA,Değişken,unvan
TOB,TÜRK EKONOMİ BANKASI A.Ş. KORUMA AMAÇLI ŞEMSİYE FONU'NA BAĞLI B TİPİ %100 ANAPARA KORUMA AMAÇLI KIRKBİRİNCİ ÖZEL SEKTÖR BORÇLANMA ARAÇLARI ALT FONU,YF,,kapanmis,,33E5FED7E9AB00EAE0530A4A622B2AEA,Borçlanma Araçları,unvan
TOD,TÜRK EKONOMİ BANKASI A.Ş. KORUMA AMAÇLI ŞEMSİYE FONU'NA BAĞLI B TİPİ %100 ANAPARA KORUMA AMAÇLI KIRKDÖRDÜNCÜ ÖZEL SEKTÖR BORÇLANMA ARAÇLARI ALT FONU,YF,,kapanmis,,33E5FED7EDA700EAE0530A4A622B2AEA,Borçlanma Araçları,unvan
TOG,ATLAS PORTFÖY YÖNETİMİ A.Ş. TEKNOLOJİ ODAKLI GİRİŞİM SERMAYESİ YATIRIM FONU,GSF,DG,kapanmis,,4028328d7da7e96d017e77d08dcc4b1d,Diğer,unvan
TOM,TÜRK EKONOMİ BANKASI A.Ş. B TİPİ ORTA VADELİ MAVİ DEĞİŞKEN FONU,YF,DG,kapanmis,,33E5FED7E7E700EAE0530A4A622B2AEA,Değişken,unvan
TON,TÜRK EKONOMİ BANKASI A.Ş. KORUMA AMAÇLI ŞEMSİYE FONU'NA BAĞLI B TİPİ %100  ANAPARA KORUMA AMAÇLI KIRKALTINCI ALT FONU,YF,,kapanmis,,33E5FED7EA8B00EAE0530A4A622B2AEA,Diğer,unvan
TOS,TÜRK EKONOMİ BANKASI A.Ş. KORUMA AMAÇLI ŞEMSİYE FONU'NA BAĞLI B TİPİ %100  ANAPARA KORUMA AMAÇLI KIRKBEŞİNCİ ALT FONU,YF,,kapanmis,,33E5FED7EA8700EAE0530A4A622B2AEA,Diğer,unvan
TOU,TÜRK EKONOMİ BANKASI A.Ş. KORUMA AMAÇLI ŞEMSİYE FONU'NA BAĞLI B TİPİ %100  ANAPARA KORUMA AMAÇLI KIRKÜÇÜNCÜ ÖZEL SEKTÖR BORÇLANMA ARAÇLARI ALT FONU,YF,,kapanmis,,33E5FED7EDA300EAE0530A4A622B2AEA,Borçlanma Araçları,unvan
TOİ,TÜRK EKONOMİ BANKASI A.Ş. KORUMA AMAÇLI ŞEMSİYE FONU'NA BAĞLI B TİPİ %100 ANAPARA KORUMA AMAÇLI KIRKİKİNCİ ÖZEL SEKTÖR BORÇLANMA ARAÇLARI ALT FONU,YF,,kapanmis,,33E5FED7E9AF00EAE0530A4A622B2AEA,Borçlanma Araçları,unvan
TPN,TROYA PORTFÖY DEĞİŞKEN FONU,YF,DG,kapanmis,,33E5FED7F19700EAE0530A4A622B2AEA,Değişken,unvan
TPT,TEB PORTFÖY BİRİNCİ UZUN VADELİ KAMU BORÇLANMA ARAÇLARI FONU,YF,DG,kapanmis,,33E5FED7E7C700EAE0530A4A622B2AEA,Borçlanma Araçları,unvan
TPU,İŞ PORTFÖY PY KAR PAYI ÖDEYEN DEĞİŞKEN ÖZEL FON,YF,DG,kapanmis,İŞ PORTFÖY YÖNETİMİ A.Ş.,33E5FED7ECE700EAE0530A4A622B2AEA,Değişken,unvan
TRB,TURKISH BANK B TİPİ DEĞİŞKEN FONU,YF,,kapanmis,,33E5FED7E62B00EAE0530A4A622B2AEA,Değişken,unvan
TSC,TÜRKİYE SINAİ KALKINMA BANKASI A.Ş. GARANTİLİ ŞEMSİYE FONU'NA BAĞLI B TİPİ %100  ANAPARA GARANTİLİ ALTIN ALT FONU (ONBEŞİNCİ ALT FON),YF,,kapanmis,,33E5FED7E6CF00EAE0530A4A622B2AEA,Kıymetli Madenler,unvan
TSL,TÜRKİYE SINAİ KALKINMA BANKASI A.Ş. B TİPİ LİKİT FON,YF,DG,kapanmis,,33E5FED7E6BF00EAE0530A4A622B2AEA,Diğer,unvan
TSN,TÜRKİYE SINAİ KALKINMA BANKASI A.Ş. GARANTİLİ ŞEMSİYE FONU'NA BAĞLI B TİPİ %100  ANAPARA GARANTİLİ IMKB 30 YÜKSELİŞ ALT FONU (ONDÖRDÜNCÜ ALT FON),YF,,kapanmis,,33E5FED7E6CB00EAE0530A4A622B2AEA,Diğer,unvan
TSV,TÜRKİYE SINAİ KALKINMA BANKASI A.Ş. B TİPİ KISA VADELİ TAHVİL VE BONO FONU,YF,DG,kapanmis,,33E5FED7E6B700EAE0530A4A622B2AEA,Kısa Vadeli Borçlanma,unvan
TTN,AZİMUT PORTFÖY TESA SERBEST ÖZEL FON,YF,SF,kapanmis,,4028328c7600748501766f99cd38631c,Serbest,unvan
TTY,TÜRKİYE SINAİ KALKINMA BANKASI A.Ş. GARANTİLİ ŞEMSİYE FONU'NA BAĞLI B TİPİ %100 ANAPARA GARANTİLİ DOLARA KARŞI TL YÜKSELİŞ ALT FONU (ONYEDİNCİ ALT FON),YF,,kapanmis,,33E5FED7E98B00EAE0530A4A622B2AEA,Diğer,unvan
TUD,TURKISH YATIRIM A.Ş. A TİPİ DEĞİŞKEN FONU,YF,,kapanmis,,33E5FED7E63B00EAE0530A4A622B2AEA,Değişken,unvan
TUF,TURKISH BANK A.Ş. B TİPİ TAHVİL ve BONO FONU,YF,,kapanmis,,33E5FED7E62700EAE0530A4A622B2AEA,Borçlanma Araçları,unvan
TUL,TURKISH BANK A.Ş. B TİPİ LİKİT FONU,YF,,kapanmis,,33E5FED7E62300EAE0530A4A622B2AEA,Diğer,unvan
TUM,TÜRK EKONOMİ BANKASI A.Ş. B TİPİ UZUN VADELİ MAVİ TAHVİL VE BONO FONU,YF,DG,kapanmis,,33E5FED7E7E300EAE0530A4A622B2AEA,Borçlanma Araçları,unvan
TURSP,YAPI KREDİ YATIRIM MENKUL DEĞERLER A.Ş. S&P/IFCI TURKEY LARGE MID CAP ENDEKSİ A TİPİ BORSA YATIRIM FONU (HİSSE SENEDİ YOĞUN FON),BYF,HS,kapanmis,,33E5FED811A100EAE0530A4A622B2AEA,Hisse Senedi,unvan
TVD,TEB PORTFÖY KYF SERBEST (DÖVİZ) ÖZEL FON,YF,SF,kapanmis,,4028328d6ab7863b016b5675dc2c02fe,Serbest,unvan
TVF,TEB PORTFÖY PY DEĞİŞKEN ÖZEL FON,YF,DG,kapanmis,,33E5FED7E7B700EAE0530A4A622B2AEA,Değişken,unvan
TVR,TEB PORTFÖY KAR PAYI ÖDEYEN BİRİNCİ SERBEST (DÖVİZ-AVRO) FON,YF,SF,kapanmis,,4028328c8e21cef7018f15a0f771333a,Serbest,unvan
TVT,TEB PORTFÖY İKİNCİ DEĞİŞKEN FON,YF,DG,kapanmis,,33E5FED7E7BB00EAE0530A4A622B2AEA,Değişken,unvan
TYB,TEB PORTFÖY UZUN VADELİ BORÇLANMA ARAÇLARI FONU,YF,DG,kapanmis,,33E5FED7E42B00EAE0530A4A622B2AEA,Borçlanma Araçları,unvan
TYC,TÜRK EKONOMİ BANKASI A.Ş. KORUMA AMAÇLI ŞEMSİYE FONUNA BAĞLI B TİPİ %100  ANAPARA KORUMA AMAÇLI YİRMİSEKİZİNCİ ALT FONU,YF,,kapanmis,,33E5FED7E44700EAE0530A4A622B2AEA,Diğer,unvan
TYE,TÜRK EKONOMİ BANKASI A.Ş. KORUMA AMAÇLI ŞEMSİYE FONUNA BAĞLI B TİPİ %100  ANAPARA KORUMA AMAÇLI YİRMİBEŞİNCİ ALT FONU,YF,,kapanmis,,33E5FED7E49700EAE0530A4A622B2AEA,Diğer,unvan
TYN,TÜRK EKONOMİ BANKASI A.Ş. KORUMA AMAÇLI ŞEMSİYE FONUNA BAĞLI B TİPİ %100  ANAPARA KORUMA AMAÇLI YİRMİDÖRDÜNCÜ ALT FONU,YF,,kapanmis,,33E5FED7E49300EAE0530A4A622B2AEA,Diğer,unvan
TYP,TÜRK EKONOMİ BANKASI A.Ş. KORUMA AMAÇLI ŞEMSİYE FONU'NA BAĞLI B TİPİ %100  ANAPARA KORUMA AMAÇLI OTUZALTINCI ÖZEL SEKTÖR BORÇLANMA ARAÇLARI ALT FONU,YF,,kapanmis,,33E5FED7EE1700EAE0530A4A622B2AEA,Borçlanma Araçları,unvan
TYR,TÜRK EKONOMİ BANKASI A.Ş. KORUMA AMAÇLI ŞEMSİYE FONUNA BAĞLI B TİPİ %100  ANAPARA KORUMA AMAÇLI OTUZDÖRDÜNCÜ ÖZEL SEKTÖR BORÇLANMA ARAÇLARI ALT FONU,YF,,kapanmis,,33E5FED7E4A700EAE0530A4A622B2AEA,Borçlanma Araçları,unvan
TYU,TÜRK EKONOMİ BANKASI A.Ş. KORUMA AMAÇLI ŞEMSİYE FONUNA BAĞLI B TİPİ %100  ANAPARA KORUMA AMAÇLI YİRMİÜÇÜNCÜ ALT FONU,YF,,kapanmis,,33E5FED7E43F00EAE0530A4A622B2AEA,Diğer,unvan
TYV,TÜRK EKONOMİ BANKASI A.Ş. KORUMA AMAÇLI ŞEMSİYE FONUNA BAĞLI B TİPİ %100 ANAPARA KORUMA AMAÇLI OTUZYEDİNCİ ÖZEL SEKTÖR BORÇLANMA ARAÇLARI ALT FONU,YF,,kapanmis,,33E5FED7EACF00EAE0530A4A622B2AEA,Borçlanma Araçları,unvan
TYY,TÜRK EKONOMİ BANKASI A.Ş. KORUMA AMAÇLI ŞEMSİYE FONUNA BAĞLI B TİPİ %100  ANAPARA KORUMA AMAÇLI YİRMİYEDİNCİ ALT FONU,YF,,kapanmis,,33E5FED7E44300EAE0530A4A622B2AEA,Diğer,unvan
TYZ,TÜRK EKONOMİ BANKASI A.Ş. KORUMA AMAÇLI ŞEMSİYE FONUNA BAĞLI B TİPİ %100  ANAPARA KORUMA AMAÇLI OTUZBEŞİNCİ ÖZEL SEKTÖR BORÇLANMA ARAÇLARI ALT FONU,YF,,kapanmis,,33E5FED7E44B00EAE0530A4A622B2AEA,Borçlanma Araçları,unvan
TZE,ZİRAAT PORTFÖY BİST 30 ENDEKSİ HİSSE SENEDİ FONU (HİSSE SENEDİ YOĞUN FON),YF,HS,kapanmis,,33E5FED7EDF700EAE0530A4A622B2AEA,Hisse Senedi,unvan
TZF,ZİRAAT PORTFÖY KATILIM FONU,YF,KTF,kapanmis,,33E5FED7E94F00EAE0530A4A622B2AEA,Katılım,unvan
TZK,ZİRAAT PORTFÖY TEMETTÜ ÖDEYEN ŞİRKETLER HİSSE SENEDİ FONU (HİSSE SENEDİ YOĞUN FON),YF,HS,kapanmis,,33E5FED7E95300EAE0530A4A622B2AEA,Hisse Senedi,unvan
TZN,T.C. ZİRAAT BANKASI A.Ş. KORUMA AMAÇLI ŞEMSİYE FONU'NA BAĞLI B TİPİ %100 ANAPARA KORUMA AMAÇLI BEŞİNCİ ALT FONU,YF,,kapanmis,,33E5FED7ED2F00EAE0530A4A622B2AEA,Diğer,unvan
UCE,GARANTİ PORTFÖY 3E SERBEST (DÖVİZ) ÖZEL FON,YF,SF,kapanmis,,4028328c998ee9d50199ce934ff82a30,Serbest,unvan
UGH,HEDEF PORTFÖY HAS-KAR SERBEST (TL) ÖZEL FON,YF,HS,kapanmis,,4028328d7d3c303f017d7fa2433a622c,Serbest,unvan
UGL,HEDEF PORTFÖY ZÜMRÜT HİSSE SENEDİ SERBEST (TL) ÖZEL FON (HİSSE SENEDİ YOĞUN FON),YF,HS,kapanmis,,4028328d7d3c303f017d7fa13c136214,Hisse Senedi,unvan
UJA,ÜNLÜ PORTFÖY İSTATİSTİKSEL ARBİTRAJ SERBEST FON,YF,SF,kapanmis,,4028328c794d2f890179c7e5f0142ea6,Serbest,unvan
UOS,ÜNLÜ PORTFÖY İKİNCİ SERBEST FON,YF,SF,kapanmis,,33E5FED7EA6F00EAE0530A4A622B2AEA,Serbest,unvan
UPA,ÜNLÜ PORTFÖY ÖZEL SEKTÖR BORÇLANMA ARAÇLARINA YATIRIM YAPAN %100 ANAPARA KORUMA AMAÇLI ÜÇÜNCÜ FON,YF,DG,kapanmis,ÜNLÜ PORTFÖY YÖNETİMİ A.Ş.,4028328c557eb99801558198f8ea0f5e,Borçlanma Araçları,unvan
UPB,ÜNLÜ PORTFÖY ÖZEL SEKTÖR BORÇLANMA ARAÇLARINA YATIRIM YAPAN %100 ANAPARA KORUMA AMAÇLI BİRİNCİ FON,YF,DG,kapanmis,ÜNLÜ PORTFÖY YÖNETİMİ A.Ş.,4028328c550c744b015511495c790521,Borçlanma Araçları,unvan
UPF,ÜNLÜ PORTFÖY ÖZEL SEKTÖR BORÇLANMA ARAÇLARINA YATIRIM YAPAN %100 ANAPARA KORUMA AMAÇLI DÖRDÜNCÜ FON,YF,DG,kapanmis,ÜNLÜ PORTFÖY YÖNETİMİ A.Ş.,4028328c557eb9980155819b58bc0f78,Borçlanma Araçları,unvan
UPG,ÜNLÜ PORTFÖY YÖNETİMİ A.Ş. BİRİNCİ GAYRİMENKUL YATIRIM FONU,GMF,DG,kapanmis,ÜNLÜ PORTFÖY YÖNETİMİ A.Ş.,4028328c683d658b0168604762233f58,Diğer,unvan
UPI,ÜNLÜ PORTFÖY ÖZEL SEKTÖR BORÇLANMA ARAÇLARINA YATIRIM YAPAN %100 ANAPARA KORUMA AMAÇLI İKİNCİ FON,YF,DG,kapanmis,ÜNLÜ PORTFÖY YÖNETİMİ A.Ş.,4028328c550c744b0155114a812e0530,Borçlanma Araçları,unvan
UPK,ÜNLÜ PORTFÖY KISA VADELİ BORÇLANMA ARAÇLARI FONU,YF,DG,kapanmis,ÜNLÜ PORTFÖY YÖNETİMİ A.Ş.,4028328c65fd41d801673b1f32025cc7,Kısa Vadeli Borçlanma,unvan
UPU,ÜNLÜ PORTFÖY ÜÇÜNCÜ SERBEST FON,YF,SF,kapanmis,,33E5FED7F17F00EAE0530A4A622B2AEA,Serbest,unvan
USD,FRANKLIN MUTUAL EUROPEAN FUND A(Acc) USD,YYF,,kapanmis,,33E5FED7EFE300EAE0530A4A622B2AEA,Diğer,unvan
USG,FRANKLIN US GOVERNMENT FUND N(Acc) USD,YYF,,kapanmis,,33E5FED7F04B00EAE0530A4A622B2AEA,Diğer,unvan
USO,AZİMUT PORTFÖY ÜÇÜNCÜ PY SERBEST ÖZEL FON,YF,SF,kapanmis,,4028328d998eebe8019a9b549a3100a9,Serbest,unvan
VAF,VAKIF PORTFÖY BİRİNCİ DEĞİŞKEN FON,YF,DG,kapanmis,,33E5FED7E94300EAE0530A4A622B2AEA,Değişken,unvan
VBA,VAKIF PORTFÖY ALTIN KATILIM FONU,YF,KTF,kapanmis,,33E5FED7EDE700EAE0530A4A622B2AEA,Kıymetli Madenler,unvan
VBL,VAKIF PORTFÖY İKİNCİ PARA PİYASASI FONU,YF,DG,kapanmis,,33E5FED7E94700EAE0530A4A622B2AEA,Para Piyasası,unvan
VDI,VAKIF PORTFÖY İLKADIM DEĞİŞKEN ÖZEL FON,YF,DG,kapanmis,,33E5FED7EDDB00EAE0530A4A622B2AEA,Değişken,unvan
VEA,VAKIF EMEKLİLİK VE HAYAT A.Ş. KATILIM DEĞİŞKEN GRUP EMEKLİLİK YATIRIM FONU,EYF,,kapanmis,TÜRKİYE HAYAT VE EMEKLİLİK A.Ş.,33E5FED7EBCB00EAE0530A4A622B2AEA,Katılım,unvan
VEC,VAKIF EMEKLİLİK VE HAYAT A.Ş. İKİNCİ KAMU BORÇLANMA ARAÇLARI GRUP EMEKLİLİK YATIRIM FONU,EYF,,kapanmis,TÜRKİYE HAYAT VE EMEKLİLİK A.Ş.,33E5FED7EBCF00EAE0530A4A622B2AEA,Borçlanma Araçları,unvan
VEE,TÜRKİYE HAYAT VE EMEKLİLİK A.Ş. DİNAMİK DEĞİŞKEN EMEKLİLİK YATIRIM FONU,EYF,,kapanmis,,33E5FED7EBAB00EAE0530A4A622B2AEA,Değişken,unvan
VEF,VAKIF PORTFÖY BIST30 ENDEKSİ HİSSE SENEDİ FONU (HİSSE SENEDİ YOĞUN FON),YF,HS,kapanmis,,33E5FED7EDDF00EAE0530A4A622B2AEA,Hisse Senedi,unvan
VGL,VAKIF EMEKLİLİK VE HAYAT A.Ş. PARA PİYASASI GRUP EMEKLİLİK YATIRIM FONU,EYF,,kapanmis,TÜRKİYE HAYAT VE EMEKLİLİK A.Ş.,33E5FED7EBC300EAE0530A4A622B2AEA,Para Piyasası,unvan
VHL,VAKIF PORTFÖY ÜÇÜNCÜ PARA PİYASASI FONU,YF,DG,kapanmis,,33E5FED7EDD300EAE0530A4A622B2AEA,Para Piyasası,unvan
VK2,VAKIF PORTFÖY BORÇLANMA ARAÇLARI FONU,YF,DG,kapanmis,,33E5FED7EDD700EAE0530A4A622B2AEA,Borçlanma Araçları,unvan
VK3,VAKIF PORTFÖY İKİNCİ DEĞİŞKEN FON,YF,DG,kapanmis,,33E5FED7E93F00EAE0530A4A622B2AEA,Değişken,unvan
VKB,TÜRKİYE VAKIFLAR BANKASI T.A.O. KORUMA AMAÇLI ŞEMSİYE FONU'NA BAĞLI B TİPİ %100 ANAPARA KORUMA AMAÇLI BEŞİNCİ ALT FON,YF,,kapanmis,,33E5FED7EEAB00EAE0530A4A622B2AEA,Diğer,unvan
VKD,TÜRKİYE VAKIFLAR BANKASI T.A.O. KORUMA AMAÇLI ŞEMSİYE FONUNA BAĞLI B TİPİ %100 ANAPARA KORUMA AMAÇLI DÖRDÜNCÜ ALT FON,YF,,kapanmis,,33E5FED7EDEF00EAE0530A4A622B2AEA,Diğer,unvan
VKL,TÜRKİYE VAKIFLAR BANKASI T.A.O.'NUN KORUMA AMAÇLI ŞEMSİYE FONU'NA BAĞLI B TİPİ %100 ANAPARA KORUMA AMAÇLI ALTINCI ALT FONU,YF,,kapanmis,,33E5FED7ECEF00EAE0530A4A622B2AEA,Diğer,unvan
VKS,VAKIF PORTFÖY KİRA SERTİFİKALARI (SUKUK) KATILIM FONU,YF,KTF,kapanmis,,4028328c5613e92401565aba91931695,Katılım,unvan
VKU,TÜRKİYE VAKIFLAR BANKASI T.A.O. KORUMA AMAÇLI ŞEMSİYE FONUNA BAĞLI B TİPİ %100 ANAPARA KORUMA AMAÇLI ÜÇÜNCÜ ALT FON,YF,,kapanmis,,33E5FED7EDEB00EAE0530A4A622B2AEA,Diğer,unvan
VOF,ALLBATROSS PORTFÖY VENÜS SERBEST ÖZEL FON,YF,SF,kapanmis,,4028328c8b2fcee8018b384546ee1f2f,Serbest,unvan
VTE,VAKIF PORTFÖY EUROBOND (AMERİKAN DOLARI) BORÇLANMA ARAÇLARI FONU,YF,DG,kapanmis,,33E5FED7EDE300EAE0530A4A622B2AEA,Borçlanma Araçları,unvan
WQZ,ZİRAAT PORTFÖY VAKIFBANK SERBEST (DÖVİZ-AVRO) FON,YF,SF,kapanmis,,4028328c944ba53e01945fde536b1729,Serbest,unvan
WWC,OSMANLI PORTFÖY YÖNETİMİ A.Ş. BİRİNCİ GİRİŞİM SERMAYESİ YATIRIM FONU,GSF,DG,kapanmis,,4028328d8e21d0eb018e56f7173f6afd,Diğer,unvan
WWX,INVEO PORTFÖY YÖNETİMİ A.Ş. MOBİLFON GİRİŞİM SERMAYESİ YATIRIM FONU,GSF,DG,kapanmis,,4028328d9af24265019b2cc0663e0ccc,Diğer,unvan
XXXX,ZİRAAT PORTFÖY YÖNETİMİ A.Ş. MARKALI GAYRİMENKUL YATIRIM FONU,GMF,DG,kapanmis,ZİRAAT PORTFÖY YÖNETİMİ A.Ş.,4028328c69d88eef016a9c4aa0975b15,Diğer,unvan
XXZX,ÜNLÜ PORTFÖY YÖNETİMİ A.Ş. ÜÇÜNCÜ GAYRİMENKUL YATIRIM FONU,GMF,DG,kapanmis,ÜNLÜ PORTFÖY YÖNETİMİ A.Ş.,4028328c69d88eee016ab624c0f21f1f,Diğer,unvan
YAB,İŞ PORTFÖY KATILIM HİSSE SENEDİ FONU (HİSSE SENEDİ YOĞUN FON),YF,HS,kapanmis,,33E5FED7E22B00EAE0530A4A622B2AEA,Hisse Senedi,unvan
YAD,İŞ PORTFÖY BİRİNCİ DEĞİŞKEN FON,YF,DG,kapanmis,,33E5FED7E22700EAE0530A4A622B2AEA,Değişken,unvan
YAF,YAPI KREDİ PORTFÖY BEŞİNCİ DEĞİŞKEN FON,YF,DG,kapanmis,,33E5FED7E46300EAE0530A4A622B2AEA,Değişken,unvan
YAU,YAPI KREDİ PORTFÖY BIST 100 ENDEKSİ  HİSSE SENEDİ FONU (HİSSE SENEDİ YOĞUN FON),YF,HS,kapanmis,YAPI KREDİ PORTFÖY YÖNETİMİ A.Ş.,33E5FED7E4FB00EAE0530A4A622B2AEA,Hisse Senedi,unvan
YBN,YAPI KREDİ YATIRIM MENKUL DEĞERLER A.Ş. B TİPİ ŞEMSİYE FONU'NA BAĞLI DEĞİŞKEN ALT FON (5. ALT FON),YF,,kapanmis,,33E5FED7E45F00EAE0530A4A622B2AEA,Değişken,unvan
YBO,YAPI VE KREDİ BANKASI A.Ş. B TİPİ ŞEMSİYE FONU'NA  BAĞLI ÖZEL BANKACILIK DEĞİŞKEN ALT FONU (4. ALT FON),YF,,kapanmis,,33E5FED7E47B00EAE0530A4A622B2AEA,Değişken,unvan
YBU,YAPI KREDİ PORTFÖY BORÇLANMA ARAÇLARI FONU,YF,DG,kapanmis,,33E5FED7E45B00EAE0530A4A622B2AEA,Borçlanma Araçları,unvan
YBV,İŞ PORTFÖY BİRİNCİ KISA VADELİ BORÇLANMA ARAÇLARI FONU,YF,,kapanmis,,33E5FED7E23700EAE0530A4A622B2AEA,Kısa Vadeli Borçlanma,unvan
YCS,AZİMUT PORTFÖY MYRA SERBEST (DÖVİZ) ÖZEL FON,YF,SF,kapanmis,,4028328d7707357e017794ef6cd54ed3,Serbest,unvan
YCV,AURA PORTFÖY YÖNETİMİ A.Ş. YEŞİL TEKNOLOJİ GİRİŞİM SERMAYESİ YATIRIM FONU,GSF,DG,kapanmis,,4028328d8305029e0183316c19e205ac,Diğer,unvan
YD6,24 GAYRİMENKUL PORTFÖY YÖNETİMİ A.Ş. PLAN B GYF,GMF,DG,kapanmis,24 GAYRİMENKUL VE GİRİŞİM SERMAYESİ PORTFÖY YÖNETİMİ A.Ş.,4028328c65fd41d801661b05b5ad7ac4,Diğer,unvan
YDA,YAPI VE KREDİ BANKASI A.Ş. A TİPİ ŞEMSİYE FONU'NA BAĞLI AGRESİF HİSSE SENEDİ ALT FONU (4.ALT FON) (HİSSE SENEDİ YOĞUN FON),YF,,kapanmis,,33E5FED7E97300EAE0530A4A622B2AEA,Hisse Senedi,unvan
YDB,YAPI VE KREDİ BANKASI A.Ş. B TİPİ ŞEMSİYE FONU'NA BAĞLI DEĞİŞKEN ALT FONU (2. ALT FON),YF,,kapanmis,,33E5FED7E46F00EAE0530A4A622B2AEA,Değişken,unvan
YDC,YAPI VE KREDİ BANKASI A.Ş. GARANTİLİ ŞEMSİYE FONU'NA BAĞLI B TİPİ % 100 ANAPARA GARANTİLİ YİRMİDÖRDÜNCÜ ALT FON,YF,,kapanmis,,33E5FED7E4BF00EAE0530A4A622B2AEA,Diğer,unvan
YDD,YAPI VE KREDİ BANKASI A.Ş. GARANTİLİ ŞEMSİYE FONU'NA BAĞLI B TİPİ % 100 ANAPARA GARANTİLİ YİRMİYEDİNCİ ALT FON,YF,,kapanmis,,33E5FED7E4CB00EAE0530A4A622B2AEA,Diğer,unvan
YDE,YAPI KREDİ PORTFÖY BIST TEMETTÜ 25 ENDEKSİ HİSSE SENEDİ FONU (HİSSE SENEDİ YOĞUN FON),YF,HS,kapanmis,YAPI KREDİ PORTFÖY YÖNETİMİ A.Ş.,33E5FED7E4AB00EAE0530A4A622B2AEA,Hisse Senedi,unvan
YDN,YAPI KREDİ PORTFÖY PY HİSSE SENEDİ ÖZEL FONU (HİSSE SENEDİ YOĞUN FON),YF,HS,kapanmis,,33E5FED7F03300EAE0530A4A622B2AEA,Hisse Senedi,unvan
YDO,YAPI KREDİ PORTFÖY BİRİNCİ DEĞİŞKEN FON,YF,DG,kapanmis,,33E5FED7E47700EAE0530A4A622B2AEA,Değişken,unvan
YDS,YAPI VE KREDİ BANKASI A.Ş. GARANTİLİ ŞEMSİYE FONU'NA BAĞLI B TİPİ % 100 ANAPARA GARANTİLİ YİRMİSEKİZİNCİ ALT FON,YF,,kapanmis,,33E5FED7E4CF00EAE0530A4A622B2AEA,Diğer,unvan
YDU,YAPI VE KREDİ BANKASI A.Ş. GARANTİLİ ŞEMSİYE FONU'NA BAĞLI B TİPİ % 100 ANAPARA GARANTİLİ YİRMİÜÇÜNCÜ ALT FON,YF,,kapanmis,,33E5FED7E4BB00EAE0530A4A622B2AEA,Diğer,unvan
YDY,YAPI VE KREDİ BANKASI A.Ş. GARANTİLİ ŞEMSİYE FONU'NA BAĞLI B TİPİ % 100 ANAPARA GARANTİLİ YİRMİALTINCI ALT FON,YF,,kapanmis,,33E5FED7E4C700EAE0530A4A622B2AEA,Diğer,unvan
YFB,İŞ PORTFÖY BORÇLANMA ARAÇLARI FONU,YF,DG,kapanmis,,33E5FED7E23300EAE0530A4A622B2AEA,Borçlanma Araçları,unvan
YFK,YAPI VE KREDİ BANKASI A.Ş. GARANTİLİ ŞEMSİYE FONU'NA BAĞLI B TİPİ % 100 ANAPARA GARANTİLİ YİRMİBİRİNCİ ALT FON,YF,,kapanmis,,33E5FED7E4B300EAE0530A4A622B2AEA,Diğer,unvan
YFL,İŞ PORTFÖY İKİNCİ PARA PİYASASI FONU,YF,,kapanmis,,33E5FED7E22F00EAE0530A4A622B2AEA,Para Piyasası,unvan
YGA,YAPI VE KREDİ BANKASI A.Ş. GARANTİLİ ŞEMSİYE FONU'NA BAĞLI ÖZEL SEKTÖR BORÇLANMA ARAÇLARINA YATIRIM YAPAN B TİPİ %100 ANAPARA GARANTİLİ OTUZALTINCI ALT FONU,YF,,kapanmis,,33E5FED7EF5F00EAE0530A4A622B2AEA,Borçlanma Araçları,unvan
YGC,YAPI VE KREDİ BANKASI A.Ş.'NİN GARANTİLİ ŞEMSİYE FONU'NA BAĞLI ÖZEL SEKTÖR BORÇLANMA ARAÇLARINA YATIRIM YAPAN B TİPİ %100 ANAPARA GARANTİLİ OTUZYEDİNCİ ALT FONU,YF,,kapanmis,,33E5FED7EA7300EAE0530A4A622B2AEA,Borçlanma Araçları,unvan
YGF,YAPI VE KREDİ BANKASI A.Ş.'NİN GARANTİLİ ŞEMSİYE FONU'NA BAĞLI ÖZEL SEKTÖR BORÇLANMA ARAÇLARINA YATIRIM YAPAN B TİPİ %104 ANAPARA GARANTİLİ OTUZSEKİZİNCİ ALT FONU,YF,,kapanmis,,33E5FED7EAB700EAE0530A4A622B2AEA,Borçlanma Araçları,unvan
YGR,YAPI VE KREDİ BANKASI A.Ş. GARANTİLİ ŞEMSİYE FONU'NA BAĞLI ÖZEL SEKTÖR BORÇLANMA ARAÇLARINA YATIRIM YAPAN B TİPİ %100 ANAPARA GARANTİLİ OTUZDÖRDÜNCÜ ALT FONU,YF,,kapanmis,,33E5FED7EBF700EAE0530A4A622B2AEA,Borçlanma Araçları,unvan
YGS,YAPI VE KREDİ BANKASI A.Ş. GARANTİLİ ŞEMSİYE FONU'NA BAĞLI B TİPİ % 100 ANAPARA GARANTİLİ YİRMİBEŞİNCİ ALT FON,YF,,kapanmis,,33E5FED7E4C300EAE0530A4A622B2AEA,Diğer,unvan
YGT,YAPI VE KREDİ BANKASI A.Ş. B TİPİ % 100 ANAPARA GARANTİLİ DİNAMİK ENDEKSİ ALT FONU OTUZUNCU ALT FON,YF,,kapanmis,,33E5FED7E4D700EAE0530A4A622B2AEA,Diğer,unvan
YGU,YAPI VE KREDİ BANKASI A.Ş. GARANTİLİ ŞEMSİYE FONU'NA BAĞLI ÖZEL SEKTÖR BORÇLANMA ARAÇLARINA YATIRIM YAPAN B TİPİ %100 ANAPARA GARANTİLİ OTUZİKİNCİ ALT FON,YF,,kapanmis,,33E5FED7EE3300EAE0530A4A622B2AEA,Borçlanma Araçları,unvan
YGY,YAPI VE KREDİ BANKASI A.Ş. GARANTİLİ ŞEMSİYE FONU'NA BAĞLI B TİPİ % 100 ANAPARA GARANTİLİ IMKB 30 ENDEKSİ YÜKSELEN TREND ALT FONU,YF,,kapanmis,,33E5FED7E4AF00EAE0530A4A622B2AEA,Diğer,unvan
YGZ,YAPI VE KREDİ BANKASI A.Ş. GARANTİLİ ŞEMSİYE FONU'NA BAĞLI ÖZEL SEKTÖR BORÇLANMA ARAÇLARINA YATIRIM YAPAN B TİPİ %100 ANAPARA GARANTİLİ OTUZBİRİNCİ ALT FON,YF,,kapanmis,,33E5FED7E86B00EAE0530A4A622B2AEA,Borçlanma Araçları,unvan
YJD,AK PORTFÖY ÖZEL SEKTÖR BORÇLANMA ARAÇLARINA YATIRIM YAPAN %110 ANAPARA KORUMA AMAÇLI ELLİNCİ FON,YF,DG,kapanmis,,4028328d7850aacb01788c461ab163eb,Borçlanma Araçları,unvan
YJE,AK PORTFÖY ÖZEL SEKTÖR BORÇLANMA ARAÇLARINA YATIRIM YAPAN %110 ANAPARA KORUMA AMAÇLI ELLİBİRİNCİ FON,YF,DG,kapanmis,,4028328d7850aacb01788c47f490641c,Borçlanma Araçları,unvan
YJO,YAPI KREDİ PORTFÖY ODEABANK ÜÇÜNCÜ SERBEST (DÖVİZ) ÖZEL FON,YF,SF,kapanmis,,4028328c7887c5400178ab7e9f464133,Serbest,unvan
YKH,YAPI VE KREDİ BANKASI A.Ş. B TİPİ ŞEMSİYE FONU'NA BAĞLI BAYİLERE YÖNELİK DEĞİŞKEN ÖZEL ALT FON (7.ALT FON),YF,,kapanmis,,33E5FED7E48700EAE0530A4A622B2AEA,Değişken,unvan
YKI,YAPI VE KREDİ BANKASI A.Ş. GARANTİLİ ŞEMSİYE FONU'NA BAĞLI B TİPİ % 100 ANAPARA GARANTİLİ YİRMİİKİNCİ ALT FON,YF,,kapanmis,,33E5FED7E4B700EAE0530A4A622B2AEA,Diğer,unvan
YKM,YAPI KREDİ PORTFÖY ODEABANK KAR PAYI ÖDEYEN SERBEST (DÖVİZ) ÖZEL FON,YF,SF,kapanmis,,4028328c89555baa018a6a8871e924bc,Serbest,unvan
YKN,YAPI VE KREDİ BANKASI A.Ş. GARANTİLİ ŞEMSİYE FONU'NA BAĞLI B TİPİ % 100 ANAPARA GARANTİLİ YİRMİDOKUZUNCU ALT FON,YF,,kapanmis,,33E5FED7E4D300EAE0530A4A622B2AEA,Diğer,unvan
YKZ,YAPI VE KREDİ BANKASI A.Ş. GARANTİLİ ŞEMSİYE FONU'NA BAĞLI ÖZEL SEKTÖR BORÇLANMA ARAÇLARINA YATIRIM YAPAN B TİPİ %100 ANAPARA GARANTİLİ OTUZÜÇÜNCÜ ALT FONU,YF,,kapanmis,,33E5FED7EA4700EAE0530A4A622B2AEA,Borçlanma Araçları,unvan
YMG,YAPI KREDİ BANKASI A.Ş.'NİN GARANTİLİ ŞEMSİYE FONU'NA BAĞLI ÖZEL SEKTÖR BORÇLANMA ARAÇLARINA YATIRIM YAPAN B TİPİ %103 ANAPARA GARANTİLİ OTUZDOKUZUNCU ALT FONU,YF,,kapanmis,,33E5FED7EF6B00EAE0530A4A622B2AEA,Borçlanma Araçları,unvan
YMM,YAPI KREDİ PORTFÖY EMİRGAN SERBEST (DÖVİZ) FON,YF,SF,kapanmis,,4028328c6d92933b016e45215b394c53,Serbest,unvan
YOB,YAPI VE KREDİ BANKASI A.Ş. A TİPİ ÖZEL BANKACILIK İMKB 30 ENDEKSİ FONU (HİSSE SENEDİ YOĞUN FON),YF,,kapanmis,,33E5FED7E4FF00EAE0530A4A622B2AEA,Hisse Senedi,unvan
YOD,YAPI KREDİ PORTFÖY İKİNCİ DEĞİŞKEN FON,YF,DG,kapanmis,YAPI KREDİ PORTFÖY YÖNETİMİ A.Ş.,33E5FED7E4EF00EAE0530A4A622B2AEA,Değişken,unvan
YOF,YAPI KREDİ PORTFÖY ODEABANK SERBEST ÖZEL FON,YF,SF,kapanmis,YAPI KREDİ PORTFÖY YÖNETİMİ A.Ş.,4028328c6ab78361016be16a9dff240f,Serbest,unvan
YON,YAPI KREDİ PORTFÖY ORTAKÖY SERBEST (DÖVİZ) FON,YF,SF,kapanmis,,4028328d801ee8ef018027eba2412fa6,Serbest,unvan
YOP,YAPI KREDİ PORTFÖY ODEABANK İKİNCİ SERBEST ÖZEL FON,YF,SF,kapanmis,,4028328c6d92933b016eb765ba2a3e33,Serbest,unvan
YP3,YAPI KREDİ PORTFÖY ULUS SERBEST (DÖVİZ) ÖZEL FON,YF,SF,kapanmis,YAPI KREDİ PORTFÖY YÖNETİMİ A.Ş.,4028328d84686d1201849a69071d3132,Serbest,unvan
YPE,YAPI KREDİ PORTFÖY ALTERNATİF YATIRIM FON SEPETİ SERBEST ÖZEL FON,YF,SF,kapanmis,,4028328d84686d12018514f04f32741f,Fon Sepeti,unvan
YPG,YAPI VE KREDİ BANKASI A.Ş. GALATA SERBEST YATIRIM FONU,YF,,kapanmis,,33E5FED7EAC300EAE0530A4A622B2AEA,Serbest,unvan
YPO,YAPI KREDİ PORTFÖY PY DÖRDÜNCÜ DEĞİŞKEN ÖZEL FON,YF,DG,kapanmis,,33E5FED7F10700EAE0530A4A622B2AEA,Değişken,unvan
YPS,YAPI VE KREDİ BANKASI A.Ş. YEDİTEPE SERBEST YATIRIM FONU,YF,,kapanmis,,33E5FED7EFB700EAE0530A4A622B2AEA,Serbest,unvan
YQA,YAPI KREDİ PORTFÖY ODEABANK ALTINCI SERBEST (DÖVİZ) ÖZEL FON,YF,SF,kapanmis,,4028328c80292449018041e3fb396925,Serbest,unvan
YRB,AK PORTFÖY 2025 SERBEST (DÖVİZ) FON,YF,SF,kapanmis,,4028328c8e21cef8018e5fd8c77829d2,Serbest,unvan
YRF,YAPI KREDİ PORTFÖY ODEABANK İKİNCİ SERBEST (DÖVİZ) ÖZEL FON,YF,SF,kapanmis,,4028328d6d929640016dde1298bb1483,Serbest,unvan
YRH,YAPI KREDİ PORTFÖY HİSAR SERBEST (DÖVİZ) FON,YF,SF,kapanmis,YAPI KREDİ PORTFÖY YÖNETİMİ A.Ş.,4028328d6ab78640016ac4a1e87b3625,Serbest,unvan
YRO,YAPI KREDİ PORTFÖY ODEABANK SERBEST (DÖVİZ) ÖZEL FON,YF,SF,kapanmis,,4028328d6ab78640016ac4a08976360e,Serbest,unvan
YSE,YAPI KREDİ PORTFÖY  EMTİA YABANCI BYF FON SEPETİ FONU,YF,DG,kapanmis,,33E5FED7E47F00EAE0530A4A622B2AEA,Fon Sepeti,unvan
YSP,YAPI KREDİ PORTFÖY PY İKİNCİ DEĞİŞKEN ÖZEL FON,YF,DG,kapanmis,,33E5FED7E45700EAE0530A4A622B2AEA,Değişken,unvan
YSS,YAPI KREDİ PORTFÖY ŞUBAT 2026 SERBEST (DÖVİZ-POUND) FON,YF,SF,kapanmis,,4028328d944ba744019463d3bd2f17d8,Serbest,unvan
YTA,YAPI VE KREDİ BANKASI A.Ş. B TİPİ ŞEMSİYE FONU'NA BAĞLI BÜYÜME AMAÇLI DEĞİŞKEN ALT FONU (6. ALT FON),YF,,kapanmis,,33E5FED7E48B00EAE0530A4A622B2AEA,Değişken,unvan
YTP,YAPI KREDİ PORTFÖY DÖRDÜNCÜ DEĞİŞKEN FON,YF,DG,kapanmis,,33E5FED7EFF300EAE0530A4A622B2AEA,Değişken,unvan
YTZ,YAPI VE KREDİ BANKASI A.Ş. GARANTİLİ ŞEMSİYE FONU'NA BAĞLI ÖZEL SEKTÖR BORÇLANMA ARAÇLARINA YATIRIM YAPAN B TİPİ %100 ANAPARA GARANTİLİ OTUZBEŞİNCİ  ALT FONU,YF,,kapanmis,,33E5FED7E90B00EAE0530A4A622B2AEA,Borçlanma Araçları,unvan
YYB,YAPI KREDİ PORTFÖY BEBEK SERBEST (DÖVİZ) FON,YF,SF,kapanmis,,4028328d6efb12d9016f37869bdb44f1,Serbest,unvan
YYO,YAPI KREDİ PORTFÖY ODEABANK BEŞİNCİ SERBEST (DÖVİZ) ÖZEL FON,YF,SF,kapanmis,,4028328d7da7e96d017e4e6a53817070,Serbest,unvan
YZM,YAPI KREDİ PORTFÖY BEYLERBEYİ SERBEST ÖZEL FON,YF,SF,kapanmis,,4028328c8304fea801838e753c267d00,Serbest,unvan
ZAC,YAPI KREDİ PORTFÖY TARABYA SERBEST (DÖVİZ) FON,YF,SF,kapanmis,YAPI KREDİ PORTFÖY YÖNETİMİ A.Ş.,4028328c71bc39bf0171ef735a162b50,Serbest,unvan
ZBA,ZİRAAT PORTFÖY BİRİNCİ DEĞİŞKEN FON,YF,DG,kapanmis,,33E5FED7E95700EAE0530A4A622B2AEA,Değişken,unvan
ZBE,ZİRAAT PORTFÖY UZUN VADELİ BORÇLANMA ARAÇLARI FONU,YF,DG,kapanmis,,33E5FED7EE4300EAE0530A4A622B2AEA,Borçlanma Araçları,unvan
ZBG,ZİRAAT PORTFÖY YÖNETİMİ A.Ş. TZHEMSAN ÖZEL GAYRİMENKUL YATIRIM FONU,GMF,DG,kapanmis,,4028328c7da7e73b017e3483ebbf4524,Diğer,unvan
ZBK,ZİRAAT PORTFÖY ORTA VADELİ BORÇLANMA ARAÇLARI FONU,YF,DG,kapanmis,,33E5FED7E6DB00EAE0530A4A622B2AEA,Borçlanma Araçları,unvan
ZBT,ZİRAAT PORTFÖY ÖZEL SEKTÖR BORÇLANMA ARAÇLARI FONU,YF,DG,kapanmis,,33E5FED7E6DF00EAE0530A4A622B2AEA,Borçlanma Araçları,unvan
ZCI,ZİRAAT PORTFÖY BURSA SERBEST (DÖVİZ) ÖZEL FON,YF,SF,kapanmis,,4028328c8304fea801833608df6e7ee4,Serbest,unvan
ZCT,AK PORTFÖY ÖZEL SEKTÖR BORÇLANMA ARAÇLARINA YATIRIM YAPAN %110 ANAPARA KORUMA AMAÇLI ELLİBEŞİNCİ FON,YF,DG,kapanmis,,4028328c7bf4b5e3017d385c410f4213,Borçlanma Araçları,unvan
ZCU,AK PORTFÖY ÖZEL SEKTÖR BORÇLANMA ARAÇLARINA YATIRIM YAPAN %110 ANAPARA KORUMA AMAÇLI ELLİALTINCI FON,YF,DG,kapanmis,,4028328c7bf4b5e3017d385e44684224,Borçlanma Araçları,unvan
ZCV,ZİRAAT PORTFÖY İSTANBUL SERBEST (DÖVİZ) ÖZEL FON,YF,SF,kapanmis,,4028328d7f7cbe31017fb69e5ffe32ed,Serbest,unvan
ZEB,TÜRKİYE HAYAT VE EMEKLİLİK A.Ş. ZEM BAŞLANGIÇ EMEKLİLİK YATIRIM FONU,OKS,DG,kapanmis,,4028328c588c1d62015945daa8bc0f95,Diğer,unvan
ZEK,TÜRKİYE HAYAT VE EMEKLİLİK A.Ş. ZEM BAŞLANGIÇ KATILIM EMEKLİLİK YATIRIM FONU,OKS,DG,kapanmis,,4028328c588c1d62015945dc7be60fec,Katılım,unvan
ZHA,TÜRKİYE HAYAT VE EMEKLİLİK A.Ş. ZEM KATILIM STANDART EMEKLİLİK YATIRIM FONU,EYF,,kapanmis,,33E5FED7E8FB00EAE0530A4A622B2AEA,Katılım,unvan
ZHC,TÜRKİYE HAYAT VE EMEKLİLİK A.Ş. ZEM OKS STANDART EMEKLİLİK YATIRIM FONU,OKS,DG,kapanmis,,4028328d5fc61027016026c760d80e5b,Diğer,unvan
ZHI,TÜRKİYE HAYAT VE EMEKLİLİK A.Ş. ZEM OKS KATILIM STANDART EMEKLİLİK YATIRIM FONU,OKS,DG,kapanmis,,4028328d5fc61027016026c8240c0e69,Katılım,unvan
ZHK,TÜRKİYE HAYAT VE EMEKLİLİK A.Ş. ZEM KATKI EMEKLİLİK YATIRIM FONU,EYF,,kapanmis,,33E5FED7E8FF00EAE0530A4A622B2AEA,Diğer,unvan
ZHM,TÜRKİYE HAYAT VE EMEKLİLİK A.Ş. ZEM OKS AGRESİF DEĞİŞKEN EMEKLİLİK YATIRIM FONU,OKS,DG,kapanmis,,4028328d5c459ee7015cb150167d4087,Değişken,unvan
ZHN,TÜRKİYE HAYAT VE EMEKLİLİK A.Ş. ZEM ALTIN KATILIM EMEKLİLİK YATIRIM FONU,EYF,,kapanmis,,33E5FED7EF2300EAE0530A4A622B2AEA,Kıymetli Madenler,unvan
ZHP,TÜRKİYE HAYAT VE EMEKLİLİK A.Ş. ZEM OKS AGRESİF KATILIM DEĞİŞKEN EMEKLİLİK YATIRIM FONU,OKS,DG,kapanmis,,4028328d5c459ee7015cb151110840b7,Katılım,unvan
ZHR,TÜRKİYE HAYAT VE EMEKLİLİK A.Ş. ZEM PARA PİYASASI EMEKLİLİK YATIRIM FONU,EYF,,kapanmis,,33E5FED7EF1700EAE0530A4A622B2AEA,Para Piyasası,unvan
ZHS,TÜRKİYE HAYAT VE EMEKLİLİK A.Ş. ZEM STANDART EMEKLİLİK YATIRIM FONU,EYF,,kapanmis,,33E5FED7EF2700EAE0530A4A622B2AEA,Diğer,unvan
ZHT,TÜRKİYE HAYAT VE EMEKLİLİK A.Ş. ZEM KATILIM KATKI EMEKLİLİK YATIRIM FONU,EYF,,kapanmis,,33E5FED7E90300EAE0530A4A622B2AEA,Katılım,unvan
ZHU,TÜRKİYE HAYAT VE EMEKLİLİK A.Ş. ZEM OKS ATAK DEĞİŞKEN EMEKLİLİK YATIRIM FONU,OKS,DG,kapanmis,,4028328d5c459ee7015cb151f0c840e8,Değişken,unvan
ZHV,TÜRKİYE HAYAT VE EMEKLİLİK A.Ş. ZEM OKS ATAK KATILIM DEĞİŞKEN EMEKLİLİK YATIRIM FONU,OKS,DG,kapanmis,,4028328d5c459ee7015cb15322384118,Katılım,unvan
ZHY,TÜRKİYE HAYAT VE EMEKLİLİK A.Ş. ZEM OKS DENGELİ DEĞİŞKEN EMEKLİLİK YATIRIM FONU,OKS,DG,kapanmis,,4028328d5c459ee7015cb153fd8f4135,Değişken,unvan
ZHZ,TÜRKİYE HAYAT VE EMEKLİLİK A.Ş. ZEM OKS TEMKİNLİ DEĞİŞKEN EMEKLİLİK YATIRIM FONU,OKS,DG,kapanmis,,4028328d5c459ee7015cb1550f2e4156,Değişken,unvan
ZKA,T.C. ZİRAAT BANKASI A.Ş. KORUMA AMAÇLI ŞEMSİYE FONU'NA BAĞLI B TİPİ %100 ANAPARA KORUMA AMAÇLI ALTINCI ALT FONU,YF,,kapanmis,,33E5FED7EEAF00EAE0530A4A622B2AEA,Diğer,unvan
ZKD,T.C. ZİRAAT BANKASI A.Ş. KORUMA AMAÇLI ŞEMSİYE FONU'NA BAĞLI B TİPİ %100 ANAPARA KORUMA AMAÇLI DÖRDÜNCÜ ALT FON,YF,,kapanmis,,33E5FED7E96B00EAE0530A4A622B2AEA,Diğer,unvan
ZKF,AK PORTFÖY ÖZEL SEKTÖR BORÇLANMA ARAÇLARINA YATIRIM YAPAN %100 ANAPARA KORUMA AMAÇLI KIRKİKİNCİ FON,YF,DG,kapanmis,,4028328d745d13ff01748c60eb5a610d,Borçlanma Araçları,unvan
ZKI,T.C. ZİRAAT BANKASI A.Ş. KORUMA AMAÇLI ŞEMSİYE FONU'NA BAĞLI B TİPİ %100 ANAPARA KORUMA AMAÇLI İKİNCİ ALT FON,YF,,kapanmis,,33E5FED7E96300EAE0530A4A622B2AEA,Diğer,unvan
ZKU,T.C. ZİRAAT BANKASI A.Ş. KORUMA AMAÇLI ŞEMSİYE FONU'NA BAĞLI B TİPİ %100 ANAPARA KORUMA AMAÇLI ÜÇÜNCÜ ALT FON,YF,,kapanmis,,33E5FED7E96700EAE0530A4A622B2AEA,Diğer,unvan
ZKY,T.C. ZİRAAT BANKASI A.Ş. KORUMA AMAÇLI ŞEMSİYE FONU'NA BAĞLI B TİPİ %100 ANAPARA KORUMA AMAÇLI YEDİNCİ ALT FONU,YF,,kapanmis,,33E5FED7ECB700EAE0530A4A622B2AEA,Diğer,unvan
ZNG,ZİRAAT PORTFÖY BİRİNCİ PARA PİYASASI (TL) FONU,YF,DG,kapanmis,,4028328c812b700601813e63d1344a6c,Para Piyasası,unvan
ZP4,ZİRAAT PORTFÖY BAŞAK KISA VADELİ SERBEST (TL) FON,YF,SF,kapanmis,,4028328c838f7bfd0183c647cee4152b,Kısa Vadeli Borçlanma,unvan
ZP5,ZİRAAT PORTFÖY BAŞAK KISA VADELİ KATILIM SERBEST (TL) FON,YF,KTF,kapanmis,,4028328c838f7bfd0183c64948e31545,Kısa Vadeli Borçlanma,unvan
ZPB,ZİRAAT PORTFÖY KATILIM SERBEST FON,YF,SF,kapanmis,,33E5FED7F14300EAE0530A4A622B2AEA,Katılım,unvan
ZPD,ZİRAAT PORTFÖY GAYRİMENKUL YATIRIM ORTAKLIĞI SEKTÖRÜ HİSSE SENEDİ FONU (HİSSE SENEDİ YOĞUN FON),YF,HS,kapanmis,,33E5FED7E33300EAE0530A4A622B2AEA,Hisse Senedi,unvan
ZSA,ZİRAAT PORTFÖY BİRİNCİ İSTATİSTİKSEL ARBİTRAJ SERBEST FON,YF,SF,kapanmis,,4028328c800a1f9f01801dcaea2055ff,Serbest,unvan
ZVC,ATLAS PORTFÖY YÖNETİMİ A.Ş.A&A GAYRİMENKUL YATIRIM FONU,GMF,DG,kapanmis,,4028328c745d11ca0174a08538881369,Diğer,unvan
ZVK,AK PORTFÖY ÖZEL SEKTÖR BORÇLANMA ARAÇLARINA YATIRIM YAPAN %100 ANAPARA KORUMA AMAÇLI KIRKÜÇÜNCÜ FON,YF,DG,kapanmis,,4028328d745d13ff01748c63ad746137,Borçlanma Araçları,unvan
ZWX,ZİRAAT PORTFÖY VAKIFBANK SERBEST (DÖVİZ-AMERİKAN DOLARI) FON,YF,SF,kapanmis,,4028328c944ba53e01945fde74271745,Serbest,unvan
ZYF,AZİMUT PORTFÖY YÖNETİMİ A.Ş. BİRİNCİ GAYRİMENKUL YATIRIM FONU,GMF,DG,kapanmis,,4028328c8b2fcee7018b95aa489941d9,Diğer,unvan
ZZA,ZİRAAT PORTFÖY YÖNETİMİ A.Ş. MESA GAYRİMENKUL YATIRIM FONU,GMF,SF,kapanmis,ZİRAAT PORTFÖY YÖNETİMİ A.Ş.,4028328c6ab78362016b08d572533706,Diğer,unvan
