fonKodu,ilkFiyatAyi,sinir,kaynak,olcumTarihi
AAL,2021-09,en_gec,"TEFAS fiyat serisi, 130 aylık pencere 2021-09..2026-09",2026-09-11
AAS,2021-09,en_gec,"TEFAS fiyat serisi, 130 aylık pencere 2021-09..2026-09",2026-09-11
AAV,2021-09,en_gec,"TEFAS fiyat serisi, 130 aylık pencere 2021-09..2026-09",2026-09-11
ABG,2022-12,kesin,"TEFAS fiyat serisi, 130 aylık pencere 2021-09..2026-09",2026-09-11
ABJ,2022-12,kesin,"TEFAS fiyat serisi, 130 aylık pencere 2021-09..2026-09",2026-09-11
ABU,2021-09,en_gec,"TEFAS fiyat serisi, 130 aylık pencere 2021-09..2026-09",2026-09-11
AC1,2023-07,kesin,"TEFAS fiyat serisi, 130 aylık pencere 2021-09..2026-09",2026-09-11
AC2,2022-12,kesin,"TEFAS fiyat serisi, 130 aylık pencere 2021-09..2026-09",2026-09-11
AC3,2022-12,kesin,"TEFAS fiyat serisi, 130 aylık pencere 2021-09..2026-09",2026-09-11
AC4,2023-05,kesin,"TEFAS fiyat serisi, 130 aylık pencere 2021-09..2026-09",2026-09-11
AC5,2022-11,kesin,"TEFAS fiyat serisi, 130 aylık pencere 2021-09..2026-09",2026-09-11
AC6,2023-04,kesin,"TEFAS fiyat serisi, 130 aylık pencere 2021-09..2026-09",2026-09-11
AC7,2022-12,kesin,"TEFAS fiyat serisi, 130 aylık pencere 2021-09..2026-09",2026-09-11
AC8,2022-12,kesin,"TEFAS fiyat serisi, 130 aylık pencere 2021-09..2026-09",2026-09-11
ACC,2021-09,en_gec,"TEFAS fiyat serisi, 130 aylık pencere 2021-09..2026-09",2026-09-11
ACD,2021-09,en_gec,"TEFAS fiyat serisi, 130 aylık pencere 2021-09..2026-09",2026-09-11
ACN,2021-09,en_gec,"TEFAS fiyat serisi, 130 aylık pencere 2021-09..2026-09",2026-09-11
ACU,2021-09,en_gec,"TEFAS fiyat serisi, 130 aylık pencere 2021-09..2026-09",2026-09-11
ADE,2021-09,en_gec,"TEFAS fiyat serisi, 130 aylık pencere 2021-09..2026-09",2026-09-11
ADP,2021-09,en_gec,"TEFAS fiyat serisi, 130 aylık pencere 2021-09..2026-09",2026-09-11
AED,2021-09,en_gec,"TEFAS fiyat serisi, 130 aylık pencere 2021-09..2026-09",2026-09-11
AES,2021-09,en_gec,"TEFAS fiyat serisi, 130 aylık pencere 2021-09..2026-09",2026-09-11
AEV,2023-08,kesin,"TEFAS fiyat serisi, 130 aylık pencere 2021-09..2026-09",2026-09-11
AFA,2021-09,en_gec,"TEFAS fiyat serisi, 130 aylık pencere 2021-09..2026-09",2026-09-11
AFO,2021-09,en_gec,"TEFAS fiyat serisi, 130 aylık pencere 2021-09..2026-09",2026-09-11
AFS,2021-09,en_gec,"TEFAS fiyat serisi, 130 aylık pencere 2021-09..2026-09",2026-09-11
AFT,2021-09,en_gec,"TEFAS fiyat serisi, 130 aylık pencere 2021-09..2026-09",2026-09-11
AFV,2021-09,en_gec,"TEFAS fiyat serisi, 130 aylık pencere 2021-09..2026-09",2026-09-11
AGC,2021-09,en_gec,"TEFAS fiyat serisi, 130 aylık pencere 2021-09..2026-09",2026-09-11
AHH,2022-12,kesin,"TEFAS fiyat serisi, 130 aylık pencere 2021-09..2026-09",2026-09-11
AHI,2021-09,en_gec,"TEFAS fiyat serisi, 130 aylık pencere 2021-09..2026-09",2026-09-11
AHN,2021-09,en_gec,"TEFAS fiyat serisi, 130 aylık pencere 2021-09..2026-09",2026-09-11
AHU,2021-09,en_gec,"TEFAS fiyat serisi, 130 aylık pencere 2021-09..2026-09",2026-09-11
AHV,2021-09,en_gec,"TEFAS fiyat serisi, 130 aylık pencere 2021-09..2026-09",2026-09-11
AHZ,2021-09,en_gec,"TEFAS fiyat serisi, 130 aylık pencere 2021-09..2026-09",2026-09-11
AI1,2026-01,kesin,"TEFAS fiyat serisi, 130 aylık pencere 2021-09..2026-09",2026-09-11
AIH,2021-09,en_gec,"TEFAS fiyat serisi, 130 aylık pencere 2021-09..2026-09",2026-09-11
AII,2021-09,en_gec,"TEFAS fiyat serisi, 130 aylık pencere 2021-09..2026-09",2026-09-11
AIM,2021-09,en_gec,"TEFAS fiyat serisi, 130 aylık pencere 2021-09..2026-09",2026-09-11
AIR,2021-09,en_gec,"TEFAS fiyat serisi, 130 aylık pencere 2021-09..2026-09",2026-09-11
AIS,2021-09,en_gec,"TEFAS fiyat serisi, 130 aylık pencere 2021-09..2026-09",2026-09-11
AJ1,2025-09,kesin,"TEFAS fiyat serisi, 130 aylık pencere 2021-09..2026-09",2026-09-11
AJE,2021-09,en_gec,"TEFAS fiyat serisi, 130 aylık pencere 2021-09..2026-09",2026-09-11
AJK,2021-09,en_gec,"TEFAS fiyat serisi, 130 aylık pencere 2021-09..2026-09",2026-09-11
AJL,2021-09,en_gec,"TEFAS fiyat serisi, 130 aylık pencere 2021-09..2026-09",2026-09-11
AJN,2021-09,en_gec,"TEFAS fiyat serisi, 130 aylık pencere 2021-09..2026-09",2026-09-11
AK2,2021-09,en_gec,"TEFAS fiyat serisi, 130 aylık pencere 2021-09..2026-09",2026-09-11
AK3,2021-09,en_gec,"TEFAS fiyat serisi, 130 aylık pencere 2021-09..2026-09",2026-09-11
AKE,2021-09,en_gec,"TEFAS fiyat serisi, 130 aylık pencere 2021-09..2026-09",2026-09-11
AKU,2021-09,en_gec,"TEFAS fiyat serisi, 130 aylık pencere 2021-09..2026-09",2026-09-11
AL4,2023-01,kesin,"TEFAS fiyat serisi, 130 aylık pencere 2021-09..2026-09",2026-09-11
AL5,2022-12,kesin,"TEFAS fiyat serisi, 130 aylık pencere 2021-09..2026-09",2026-09-11
AL6,2023-01,kesin,"TEFAS fiyat serisi, 130 aylık pencere 2021-09..2026-09",2026-09-11
AL7,2023-02,kesin,"TEFAS fiyat serisi, 130 aylık pencere 2021-09..2026-09",2026-09-11
ALC,2021-09,en_gec,"TEFAS fiyat serisi, 130 aylık pencere 2021-09..2026-09",2026-09-11
ALE,2021-09,en_gec,"TEFAS fiyat serisi, 130 aylık pencere 2021-09..2026-09",2026-09-11
AN1,2021-09,en_gec,"TEFAS fiyat serisi, 130 aylık pencere 2021-09..2026-09",2026-09-11
ANL,2021-09,en_gec,"TEFAS fiyat serisi, 130 aylık pencere 2021-09..2026-09",2026-09-11
ANZ,2021-09,en_gec,"TEFAS fiyat serisi, 130 aylık pencere 2021-09..2026-09",2026-09-11
AOJ,2023-08,kesin,"TEFAS fiyat serisi, 130 aylık pencere 2021-09..2026-09",2026-09-11
AOY,2021-09,en_gec,"TEFAS fiyat serisi, 130 aylık pencere 2021-09..2026-09",2026-09-11
AP2,2022-12,kesin,"TEFAS fiyat serisi, 130 aylık pencere 2021-09..2026-09",2026-09-11
AP4,2025-07,kesin,"TEFAS fiyat serisi, 130 aylık pencere 2021-09..2026-09",2026-09-11
AP5,2025-08,kesin,"TEFAS fiyat serisi, 130 aylık pencere 2021-09..2026-09",2026-09-11
AP6,2024-02,kesin,"TEFAS fiyat serisi, 130 aylık pencere 2021-09..2026-09",2026-09-11
AP7,2024-02,kesin,"TEFAS fiyat serisi, 130 aylık pencere 2021-09..2026-09",2026-09-11
APJ,2021-09,en_gec,"TEFAS fiyat serisi, 130 aylık pencere 2021-09..2026-09",2026-09-11
APP,2021-09,en_gec,"TEFAS fiyat serisi, 130 aylık pencere 2021-09..2026-09",2026-09-11
APT,2021-09,en_gec,"TEFAS fiyat serisi, 130 aylık pencere 2021-09..2026-09",2026-09-11
ARE,2021-09,en_gec,"TEFAS fiyat serisi, 130 aylık pencere 2021-09..2026-09",2026-09-11
ARF,2021-09,en_gec,"TEFAS fiyat serisi, 130 aylık pencere 2021-09..2026-09",2026-09-11
ARL,2021-09,en_gec,"TEFAS fiyat serisi, 130 aylık pencere 2021-09..2026-09",2026-09-11
ARM,2021-09,en_gec,"TEFAS fiyat serisi, 130 aylık pencere 2021-09..2026-09",2026-09-11
ARP,2021-09,en_gec,"TEFAS fiyat serisi, 130 aylık pencere 2021-09..2026-09",2026-09-11
AS1,2023-11,kesin,"TEFAS fiyat serisi, 130 aylık pencere 2021-09..2026-09",2026-09-11
AS3,2024-04,kesin,"TEFAS fiyat serisi, 130 aylık pencere 2021-09..2026-09",2026-09-11
ASJ,2023-05,kesin,"TEFAS fiyat serisi, 130 aylık pencere 2021-09..2026-09",2026-09-11
ATJ,2021-09,en_gec,"TEFAS fiyat serisi, 130 aylık pencere 2021-09..2026-09",2026-09-11
AU1,2025-10,kesin,"TEFAS fiyat serisi, 130 aylık pencere 2021-09..2026-09",2026-09-11
AUV,2024-07,kesin,"TEFAS fiyat serisi, 130 aylık pencere 2021-09..2026-09",2026-09-11
AVC,2021-09,en_gec,"TEFAS fiyat serisi, 130 aylık pencere 2021-09..2026-09",2026-09-11
AVT,2021-09,en_gec,"TEFAS fiyat serisi, 130 aylık pencere 2021-09..2026-09",2026-09-11
AVZ,2021-09,en_gec,"TEFAS fiyat serisi, 130 aylık pencere 2021-09..2026-09",2026-09-11
AY6,2025-09,kesin,"TEFAS fiyat serisi, 130 aylık pencere 2021-09..2026-09",2026-09-11
AY7,2025-07,kesin,"TEFAS fiyat serisi, 130 aylık pencere 2021-09..2026-09",2026-09-11
AYA,2021-09,en_gec,"TEFAS fiyat serisi, 130 aylık pencere 2021-09..2026-09",2026-09-11
AYR,2021-09,en_gec,"TEFAS fiyat serisi, 130 aylık pencere 2021-09..2026-09",2026-09-11
AZF,2021-09,en_gec,"TEFAS fiyat serisi, 130 aylık pencere 2021-09..2026-09",2026-09-11
AZJ,2021-09,en_gec,"TEFAS fiyat serisi, 130 aylık pencere 2021-09..2026-09",2026-09-11
AZV,2021-09,en_gec,"TEFAS fiyat serisi, 130 aylık pencere 2021-09..2026-09",2026-09-11
AZZ,2022-11,kesin,"TEFAS fiyat serisi, 130 aylık pencere 2021-09..2026-09",2026-09-11
BA1,2025-10,kesin,"TEFAS fiyat serisi, 130 aylık pencere 2021-09..2026-09",2026-09-11
BAC,2024-03,kesin,"TEFAS fiyat serisi, 130 aylık pencere 2021-09..2026-09",2026-09-11
BAG,2026-02,kesin,"TEFAS fiyat serisi, 130 aylık pencere 2021-09..2026-09",2026-09-11
BAI,2026-07,kesin,"TEFAS fiyat serisi, 130 aylık pencere 2021-09..2026-09",2026-09-11
BAL,2025-10,kesin,"TEFAS fiyat serisi, 130 aylık pencere 2021-09..2026-09",2026-09-11
BAO,2023-03,kesin,"TEFAS fiyat serisi, 130 aylık pencere 2021-09..2026-09",2026-09-11
BAS,2025-01,kesin,"TEFAS fiyat serisi, 130 aylık pencere 2021-09..2026-09",2026-09-11
BBF,2023-10,kesin,"TEFAS fiyat serisi, 130 aylık pencere 2021-09..2026-09",2026-09-11
BBI,2022-11,kesin,"TEFAS fiyat serisi, 130 aylık pencere 2021-09..2026-09",2026-09-11
BBN,2025-07,kesin,"TEFAS fiyat serisi, 130 aylık pencere 2021-09..2026-09",2026-09-11
BBO,2025-11,kesin,"TEFAS fiyat serisi, 130 aylık pencere 2021-09..2026-09",2026-09-11
BBP,2024-10,kesin,"TEFAS fiyat serisi, 130 aylık pencere 2021-09..2026-09",2026-09-11
BBS,2025-08,kesin,"TEFAS fiyat serisi, 130 aylık pencere 2021-09..2026-09",2026-09-11
BCC,2024-02,kesin,"TEFAS fiyat serisi, 130 aylık pencere 2021-09..2026-09",2026-09-11
BCK,2025-04,kesin,"TEFAS fiyat serisi, 130 aylık pencere 2021-09..2026-09",2026-09-11
BCO,2025-05,kesin,"TEFAS fiyat serisi, 130 aylık pencere 2021-09..2026-09",2026-09-11
BDA,2025-10,kesin,"TEFAS fiyat serisi, 130 aylık pencere 2021-09..2026-09",2026-09-11
BDC,2022-05,kesin,"TEFAS fiyat serisi, 130 aylık pencere 2021-09..2026-09",2026-09-11
BDI,2023-11,kesin,"TEFAS fiyat serisi, 130 aylık pencere 2021-09..2026-09",2026-09-11
BDO,2025-08,kesin,"TEFAS fiyat serisi, 130 aylık pencere 2021-09..2026-09",2026-09-11
BDS,2024-05,kesin,"TEFAS fiyat serisi, 130 aylık pencere 2021-09..2026-09",2026-09-11
BDY,2024-04,kesin,"TEFAS fiyat serisi, 130 aylık pencere 2021-09..2026-09",2026-09-11
BFE,2024-10,kesin,"TEFAS fiyat serisi, 130 aylık pencere 2021-09..2026-09",2026-09-11
BFN,2024-08,kesin,"TEFAS fiyat serisi, 130 aylık pencere 2021-09..2026-09",2026-09-11
BFO,2025-06,kesin,"TEFAS fiyat serisi, 130 aylık pencere 2021-09..2026-09",2026-09-11
BFS,2026-02,kesin,"TEFAS fiyat serisi, 130 aylık pencere 2021-09..2026-09",2026-09-11
BFT,2024-12,kesin,"TEFAS fiyat serisi, 130 aylık pencere 2021-09..2026-09",2026-09-11
BGH,2023-07,kesin,"TEFAS fiyat serisi, 130 aylık pencere 2021-09..2026-09",2026-09-11
BGP,2021-09,en_gec,"TEFAS fiyat serisi, 130 aylık pencere 2021-09..2026-09",2026-09-11
BGR,2026-08,kesin,"TEFAS fiyat serisi, 130 aylık pencere 2021-09..2026-09",2026-09-11
BHA,2025-04,kesin,"TEFAS fiyat serisi, 130 aylık pencere 2021-09..2026-09",2026-09-11
BHE,2024-01,kesin,"TEFAS fiyat serisi, 130 aylık pencere 2021-09..2026-09",2026-09-11
BHF,2023-11,kesin,"TEFAS fiyat serisi, 130 aylık pencere 2021-09..2026-09",2026-09-11
BHH,2023-11,kesin,"TEFAS fiyat serisi, 130 aylık pencere 2021-09..2026-09",2026-09-11
BHI,2024-01,kesin,"TEFAS fiyat serisi, 130 aylık pencere 2021-09..2026-09",2026-09-11
BHL,2024-08,kesin,"TEFAS fiyat serisi, 130 aylık pencere 2021-09..2026-09",2026-09-11
BHN,2026-05,kesin,"TEFAS fiyat serisi, 130 aylık pencere 2021-09..2026-09",2026-09-11
BHO,2025-12,kesin,"TEFAS fiyat serisi, 130 aylık pencere 2021-09..2026-09",2026-09-11
BI5,2026-01,kesin,"TEFAS fiyat serisi, 130 aylık pencere 2021-09..2026-09",2026-09-11
BIA,2024-07,kesin,"TEFAS fiyat serisi, 130 aylık pencere 2021-09..2026-09",2026-09-11
BID,2023-04,kesin,"TEFAS fiyat serisi, 130 aylık pencere 2021-09..2026-09",2026-09-11
BIG,2024-12,kesin,"TEFAS fiyat serisi, 130 aylık pencere 2021-09..2026-09",2026-09-11
BIH,2023-10,kesin,"TEFAS fiyat serisi, 130 aylık pencere 2021-09..2026-09",2026-09-11
BIK,2025-07,kesin,"TEFAS fiyat serisi, 130 aylık pencere 2021-09..2026-09",2026-09-11
BIO,2023-10,kesin,"TEFAS fiyat serisi, 130 aylık pencere 2021-09..2026-09",2026-09-11
BIP,2025-05,kesin,"TEFAS fiyat serisi, 130 aylık pencere 2021-09..2026-09",2026-09-11
BIS,2024-07,kesin,"TEFAS fiyat serisi, 130 aylık pencere 2021-09..2026-09",2026-09-11
BIY,2025-12,kesin,"TEFAS fiyat serisi, 130 aylık pencere 2021-09..2026-09",2026-09-11
BJD,2021-09,en_gec,"TEFAS fiyat serisi, 130 aylık pencere 2021-09..2026-09",2026-09-11
BKO,2025-12,kesin,"TEFAS fiyat serisi, 130 aylık pencere 2021-09..2026-09",2026-09-11
BKY,2025-10,kesin,"TEFAS fiyat serisi, 130 aylık pencere 2021-09..2026-09",2026-09-11
BLA,2025-09,kesin,"TEFAS fiyat serisi, 130 aylık pencere 2021-09..2026-09",2026-09-11
BLD,2025-05,kesin,"TEFAS fiyat serisi, 130 aylık pencere 2021-09..2026-09",2026-09-11
BLT,2025-05,kesin,"TEFAS fiyat serisi, 130 aylık pencere 2021-09..2026-09",2026-09-11
BMU,2025-08,kesin,"TEFAS fiyat serisi, 130 aylık pencere 2021-09..2026-09",2026-09-11
BNC,2024-01,kesin,"TEFAS fiyat serisi, 130 aylık pencere 2021-09..2026-09",2026-09-11
BNH,2025-06,kesin,"TEFAS fiyat serisi, 130 aylık pencere 2021-09..2026-09",2026-09-11
BOH,2025-11,kesin,"TEFAS fiyat serisi, 130 aylık pencere 2021-09..2026-09",2026-09-11
BOL,2025-01,kesin,"TEFAS fiyat serisi, 130 aylık pencere 2021-09..2026-09",2026-09-11
BON,2025-10,kesin,"TEFAS fiyat serisi, 130 aylık pencere 2021-09..2026-09",2026-09-11
BOP,2025-11,kesin,"TEFAS fiyat serisi, 130 aylık pencere 2021-09..2026-09",2026-09-11
BOS,2025-10,kesin,"TEFAS fiyat serisi, 130 aylık pencere 2021-09..2026-09",2026-09-11
BP5,2025-08,kesin,"TEFAS fiyat serisi, 130 aylık pencere 2021-09..2026-09",2026-09-11
BPD,2025-07,kesin,"TEFAS fiyat serisi, 130 aylık pencere 2021-09..2026-09",2026-09-11
BPZ,2025-07,kesin,"TEFAS fiyat serisi, 130 aylık pencere 2021-09..2026-09",2026-09-11
BRB,2025-08,kesin,"TEFAS fiyat serisi, 130 aylık pencere 2021-09..2026-09",2026-09-11
BRC,2025-08,kesin,"TEFAS fiyat serisi, 130 aylık pencere 2021-09..2026-09",2026-09-11
BRF,2025-06,kesin,"TEFAS fiyat serisi, 130 aylık pencere 2021-09..2026-09",2026-09-11
BRG,2021-10,kesin,"TEFAS fiyat serisi, 130 aylık pencere 2021-09..2026-09",2026-09-11
BRH,2024-11,kesin,"TEFAS fiyat serisi, 130 aylık pencere 2021-09..2026-09",2026-09-11
BRR,2025-05,kesin,"TEFAS fiyat serisi, 130 aylık pencere 2021-09..2026-09",2026-09-11
BRT,2025-05,kesin,"TEFAS fiyat serisi, 130 aylık pencere 2021-09..2026-09",2026-09-11
BRZ,2024-07,kesin,"TEFAS fiyat serisi, 130 aylık pencere 2021-09..2026-09",2026-09-11
BS1,2025-12,kesin,"TEFAS fiyat serisi, 130 aylık pencere 2021-09..2026-09",2026-09-11
BSA,2025-01,kesin,"TEFAS fiyat serisi, 130 aylık pencere 2021-09..2026-09",2026-09-11
BSC,2026-05,kesin,"TEFAS fiyat serisi, 130 aylık pencere 2021-09..2026-09",2026-09-11
BSD,2025-10,kesin,"TEFAS fiyat serisi, 130 aylık pencere 2021-09..2026-09",2026-09-11
BSE,2023-03,kesin,"TEFAS fiyat serisi, 130 aylık pencere 2021-09..2026-09",2026-09-11
BSF,2024-09,kesin,"TEFAS fiyat serisi, 130 aylık pencere 2021-09..2026-09",2026-09-11
BSH,2024-12,kesin,"TEFAS fiyat serisi, 130 aylık pencere 2021-09..2026-09",2026-09-11
BSM,2025-10,kesin,"TEFAS fiyat serisi, 130 aylık pencere 2021-09..2026-09",2026-09-11
BSN,2025-12,kesin,"TEFAS fiyat serisi, 130 aylık pencere 2021-09..2026-09",2026-09-11
BST,2023-03,kesin,"TEFAS fiyat serisi, 130 aylık pencere 2021-09..2026-09",2026-09-11
BTE,2023-02,kesin,"TEFAS fiyat serisi, 130 aylık pencere 2021-09..2026-09",2026-09-11
BTJ,2025-08,kesin,"TEFAS fiyat serisi, 130 aylık pencere 2021-09..2026-09",2026-09-11
BTK,2025-10,kesin,"TEFAS fiyat serisi, 130 aylık pencere 2021-09..2026-09",2026-09-11
BTP,2024-07,kesin,"TEFAS fiyat serisi, 130 aylık pencere 2021-09..2026-09",2026-09-11
BTY,2024-04,kesin,"TEFAS fiyat serisi, 130 aylık pencere 2021-09..2026-09",2026-09-11
BTZ,2024-07,kesin,"TEFAS fiyat serisi, 130 aylık pencere 2021-09..2026-09",2026-09-11
BUB,2026-04,kesin,"TEFAS fiyat serisi, 130 aylık pencere 2021-09..2026-09",2026-09-11
BUC,2025-07,kesin,"TEFAS fiyat serisi, 130 aylık pencere 2021-09..2026-09",2026-09-11
BUP,2023-01,kesin,"TEFAS fiyat serisi, 130 aylık pencere 2021-09..2026-09",2026-09-11
BUT,2023-05,kesin,"TEFAS fiyat serisi, 130 aylık pencere 2021-09..2026-09",2026-09-11
BUV,2025-06,kesin,"TEFAS fiyat serisi, 130 aylık pencere 2021-09..2026-09",2026-09-11
BUY,2023-07,kesin,"TEFAS fiyat serisi, 130 aylık pencere 2021-09..2026-09",2026-09-11
BV1,2025-04,kesin,"TEFAS fiyat serisi, 130 aylık pencere 2021-09..2026-09",2026-09-11
BVB,2022-08,kesin,"TEFAS fiyat serisi, 130 aylık pencere 2021-09..2026-09",2026-09-11
BVC,2022-10,kesin,"TEFAS fiyat serisi, 130 aylık pencere 2021-09..2026-09",2026-09-11
BVD,2026-01,kesin,"TEFAS fiyat serisi, 130 aylık pencere 2021-09..2026-09",2026-09-11
BVF,2025-10,kesin,"TEFAS fiyat serisi, 130 aylık pencere 2021-09..2026-09",2026-09-11
BVH,2024-07,kesin,"TEFAS fiyat serisi, 130 aylık pencere 2021-09..2026-09",2026-09-11
BVI,2023-11,kesin,"TEFAS fiyat serisi, 130 aylık pencere 2021-09..2026-09",2026-09-11
BVK,2026-02,kesin,"TEFAS fiyat serisi, 130 aylık pencere 2021-09..2026-09",2026-09-11
BVM,2022-07,kesin,"TEFAS fiyat serisi, 130 aylık pencere 2021-09..2026-09",2026-09-11
BVT,2022-10,kesin,"TEFAS fiyat serisi, 130 aylık pencere 2021-09..2026-09",2026-09-11
BVV,2023-11,kesin,"TEFAS fiyat serisi, 130 aylık pencere 2021-09..2026-09",2026-09-11
BVZ,2023-04,kesin,"TEFAS fiyat serisi, 130 aylık pencere 2021-09..2026-09",2026-09-11
BYZ,2026-04,kesin,"TEFAS fiyat serisi, 130 aylık pencere 2021-09..2026-09",2026-09-11
CAH,2025-09,kesin,"TEFAS fiyat serisi, 130 aylık pencere 2021-09..2026-09",2026-09-11
CBD,2025-10,kesin,"TEFAS fiyat serisi, 130 aylık pencere 2021-09..2026-09",2026-09-11
CBN,2023-12,kesin,"TEFAS fiyat serisi, 130 aylık pencere 2021-09..2026-09",2026-09-11
CBO,2025-06,kesin,"TEFAS fiyat serisi, 130 aylık pencere 2021-09..2026-09",2026-09-11
CEY,2021-09,en_gec,"TEFAS fiyat serisi, 130 aylık pencere 2021-09..2026-09",2026-09-11
CFO,2024-07,kesin,"TEFAS fiyat serisi, 130 aylık pencere 2021-09..2026-09",2026-09-11
CGD,2024-02,kesin,"TEFAS fiyat serisi, 130 aylık pencere 2021-09..2026-09",2026-09-11
CHY,2026-01,kesin,"TEFAS fiyat serisi, 130 aylık pencere 2021-09..2026-09",2026-09-11
CIN,2024-03,kesin,"TEFAS fiyat serisi, 130 aylık pencere 2021-09..2026-09",2026-09-11
CJD,2021-09,en_gec,"TEFAS fiyat serisi, 130 aylık pencere 2021-09..2026-09",2026-09-11
CJF,2021-09,en_gec,"TEFAS fiyat serisi, 130 aylık pencere 2021-09..2026-09",2026-09-11
CJG,2021-09,en_gec,"TEFAS fiyat serisi, 130 aylık pencere 2021-09..2026-09",2026-09-11
CJH,2021-11,kesin,"TEFAS fiyat serisi, 130 aylık pencere 2021-09..2026-09",2026-09-11
CKF,2025-01,kesin,"TEFAS fiyat serisi, 130 aylık pencere 2021-09..2026-09",2026-09-11
CKL,2025-07,kesin,"TEFAS fiyat serisi, 130 aylık pencere 2021-09..2026-09",2026-09-11
CKS,2023-05,kesin,"TEFAS fiyat serisi, 130 aylık pencere 2021-09..2026-09",2026-09-11
COT,2025-01,kesin,"TEFAS fiyat serisi, 130 aylık pencere 2021-09..2026-09",2026-09-11
CPT,2023-12,kesin,"TEFAS fiyat serisi, 130 aylık pencere 2021-09..2026-09",2026-09-11
CPU,2023-11,kesin,"TEFAS fiyat serisi, 130 aylık pencere 2021-09..2026-09",2026-09-11
CRL,2025-12,kesin,"TEFAS fiyat serisi, 130 aylık pencere 2021-09..2026-09",2026-09-11
CSD,2023-03,kesin,"TEFAS fiyat serisi, 130 aylık pencere 2021-09..2026-09",2026-09-11
CSH,2023-03,kesin,"TEFAS fiyat serisi, 130 aylık pencere 2021-09..2026-09",2026-09-11
CTF,2021-09,en_gec,"TEFAS fiyat serisi, 130 aylık pencere 2021-09..2026-09",2026-09-11
CTG,2021-09,en_gec,"TEFAS fiyat serisi, 130 aylık pencere 2021-09..2026-09",2026-09-11
CTM,2021-09,en_gec,"TEFAS fiyat serisi, 130 aylık pencere 2021-09..2026-09",2026-09-11
CTP,2021-09,en_gec,"TEFAS fiyat serisi, 130 aylık pencere 2021-09..2026-09",2026-09-11
CTV,2021-09,en_gec,"TEFAS fiyat serisi, 130 aylık pencere 2021-09..2026-09",2026-09-11
CVA,2022-08,kesin,"TEFAS fiyat serisi, 130 aylık pencere 2021-09..2026-09",2026-09-11
CVB,2022-12,kesin,"TEFAS fiyat serisi, 130 aylık pencere 2021-09..2026-09",2026-09-11
CVC,2024-01,kesin,"TEFAS fiyat serisi, 130 aylık pencere 2021-09..2026-09",2026-09-11
CVD,2022-06,kesin,"TEFAS fiyat serisi, 130 aylık pencere 2021-09..2026-09",2026-09-11
CVE,2022-09,kesin,"TEFAS fiyat serisi, 130 aylık pencere 2021-09..2026-09",2026-09-11
CVF,2022-08,kesin,"TEFAS fiyat serisi, 130 aylık pencere 2021-09..2026-09",2026-09-11
CVK,2023-03,kesin,"TEFAS fiyat serisi, 130 aylık pencere 2021-09..2026-09",2026-09-11
CVL,2025-11,kesin,"TEFAS fiyat serisi, 130 aylık pencere 2021-09..2026-09",2026-09-11
CYD,2025-01,kesin,"TEFAS fiyat serisi, 130 aylık pencere 2021-09..2026-09",2026-09-11
DA1,2025-09,kesin,"TEFAS fiyat serisi, 130 aylık pencere 2021-09..2026-09",2026-09-11
DAC,2022-11,kesin,"TEFAS fiyat serisi, 130 aylık pencere 2021-09..2026-09",2026-09-11
DAE,2025-01,kesin,"TEFAS fiyat serisi, 130 aylık pencere 2021-09..2026-09",2026-09-11
DAH,2021-09,en_gec,"TEFAS fiyat serisi, 130 aylık pencere 2021-09..2026-09",2026-09-11
DAI,2021-09,en_gec,"TEFAS fiyat serisi, 130 aylık pencere 2021-09..2026-09",2026-09-11
DAL,2022-11,kesin,"TEFAS fiyat serisi, 130 aylık pencere 2021-09..2026-09",2026-09-11
DAP,2026-08,kesin,"TEFAS fiyat serisi, 130 aylık pencere 2021-09..2026-09",2026-09-11
DAS,2023-01,kesin,"TEFAS fiyat serisi, 130 aylık pencere 2021-09..2026-09",2026-09-11
DAT,2021-09,en_gec,"TEFAS fiyat serisi, 130 aylık pencere 2021-09..2026-09",2026-09-11
DAV,2024-11,kesin,"TEFAS fiyat serisi, 130 aylık pencere 2021-09..2026-09",2026-09-11
DAZ,2021-09,en_gec,"TEFAS fiyat serisi, 130 aylık pencere 2021-09..2026-09",2026-09-11
DB2,2024-11,kesin,"TEFAS fiyat serisi, 130 aylık pencere 2021-09..2026-09",2026-09-11
DBA,2021-09,en_gec,"TEFAS fiyat serisi, 130 aylık pencere 2021-09..2026-09",2026-09-11
DBB,2021-09,en_gec,"TEFAS fiyat serisi, 130 aylık pencere 2021-09..2026-09",2026-09-11
DBG,2021-09,en_gec,"TEFAS fiyat serisi, 130 aylık pencere 2021-09..2026-09",2026-09-11
DBH,2021-09,en_gec,"TEFAS fiyat serisi, 130 aylık pencere 2021-09..2026-09",2026-09-11
DBK,2021-09,en_gec,"TEFAS fiyat serisi, 130 aylık pencere 2021-09..2026-09",2026-09-11
DBP,2021-09,en_gec,"TEFAS fiyat serisi, 130 aylık pencere 2021-09..2026-09",2026-09-11
DBZ,2021-09,en_gec,"TEFAS fiyat serisi, 130 aylık pencere 2021-09..2026-09",2026-09-11
DCB,2022-07,kesin,"TEFAS fiyat serisi, 130 aylık pencere 2021-09..2026-09",2026-09-11
DCD,2022-11,kesin,"TEFAS fiyat serisi, 130 aylık pencere 2021-09..2026-09",2026-09-11
DCE,2022-11,kesin,"TEFAS fiyat serisi, 130 aylık pencere 2021-09..2026-09",2026-09-11
DCN,2025-09,kesin,"TEFAS fiyat serisi, 130 aylık pencere 2021-09..2026-09",2026-09-11
DCP,2021-09,en_gec,"TEFAS fiyat serisi, 130 aylık pencere 2021-09..2026-09",2026-09-11
DCV,2022-02,kesin,"TEFAS fiyat serisi, 130 aylık pencere 2021-09..2026-09",2026-09-11
DDA,2021-09,en_gec,"TEFAS fiyat serisi, 130 aylık pencere 2021-09..2026-09",2026-09-11
DDC,2021-09,en_gec,"TEFAS fiyat serisi, 130 aylık pencere 2021-09..2026-09",2026-09-11
DDE,2021-09,en_gec,"TEFAS fiyat serisi, 130 aylık pencere 2021-09..2026-09",2026-09-11
DDF,2021-09,en_gec,"TEFAS fiyat serisi, 130 aylık pencere 2021-09..2026-09",2026-09-11
DDP,2021-09,en_gec,"TEFAS fiyat serisi, 130 aylık pencere 2021-09..2026-09",2026-09-11
DEF,2023-10,kesin,"TEFAS fiyat serisi, 130 aylık pencere 2021-09..2026-09",2026-09-11
DEH,2026-08,kesin,"TEFAS fiyat serisi, 130 aylık pencere 2021-09..2026-09",2026-09-11
DEI,2024-08,kesin,"TEFAS fiyat serisi, 130 aylık pencere 2021-09..2026-09",2026-09-11
DFC,2022-07,kesin,"TEFAS fiyat serisi, 130 aylık pencere 2021-09..2026-09",2026-09-11
DFD,2022-07,kesin,"TEFAS fiyat serisi, 130 aylık pencere 2021-09..2026-09",2026-09-11
DFI,2022-07,kesin,"TEFAS fiyat serisi, 130 aylık pencere 2021-09..2026-09",2026-09-11
DFO,2023-07,kesin,"TEFAS fiyat serisi, 130 aylık pencere 2021-09..2026-09",2026-09-11
DGF,2025-11,kesin,"TEFAS fiyat serisi, 130 aylık pencere 2021-09..2026-09",2026-09-11
DGH,2021-09,en_gec,"TEFAS fiyat serisi, 130 aylık pencere 2021-09..2026-09",2026-09-11
DHI,2024-04,kesin,"TEFAS fiyat serisi, 130 aylık pencere 2021-09..2026-09",2026-09-11
DHJ,2022-01,kesin,"TEFAS fiyat serisi, 130 aylık pencere 2021-09..2026-09",2026-09-11
DHM,2022-02,kesin,"TEFAS fiyat serisi, 130 aylık pencere 2021-09..2026-09",2026-09-11
DHP,2025-08,kesin,"TEFAS fiyat serisi, 130 aylık pencere 2021-09..2026-09",2026-09-11
DHS,2022-04,kesin,"TEFAS fiyat serisi, 130 aylık pencere 2021-09..2026-09",2026-09-11
DHT,2025-12,kesin,"TEFAS fiyat serisi, 130 aylık pencere 2021-09..2026-09",2026-09-11
DHV,2025-11,kesin,"TEFAS fiyat serisi, 130 aylık pencere 2021-09..2026-09",2026-09-11
DID,2025-05,kesin,"TEFAS fiyat serisi, 130 aylık pencere 2021-09..2026-09",2026-09-11
DIH,2025-12,kesin,"TEFAS fiyat serisi, 130 aylık pencere 2021-09..2026-09",2026-09-11
DIM,2025-02,kesin,"TEFAS fiyat serisi, 130 aylık pencere 2021-09..2026-09",2026-09-11
DIP,2025-07,kesin,"TEFAS fiyat serisi, 130 aylık pencere 2021-09..2026-09",2026-09-11
DK1,2025-07,kesin,"TEFAS fiyat serisi, 130 aylık pencere 2021-09..2026-09",2026-09-11
DK8,2023-07,kesin,"TEFAS fiyat serisi, 130 aylık pencere 2021-09..2026-09",2026-09-11
DKA,2023-11,kesin,"TEFAS fiyat serisi, 130 aylık pencere 2021-09..2026-09",2026-09-11
DKC,2026-01,kesin,"TEFAS fiyat serisi, 130 aylık pencere 2021-09..2026-09",2026-09-11
DKH,2023-06,kesin,"TEFAS fiyat serisi, 130 aylık pencere 2021-09..2026-09",2026-09-11
DKL,2025-01,kesin,"TEFAS fiyat serisi, 130 aylık pencere 2021-09..2026-09",2026-09-11
DKP,2024-05,kesin,"TEFAS fiyat serisi, 130 aylık pencere 2021-09..2026-09",2026-09-11
DKR,2024-05,kesin,"TEFAS fiyat serisi, 130 aylık pencere 2021-09..2026-09",2026-09-11
DKS,2022-11,kesin,"TEFAS fiyat serisi, 130 aylık pencere 2021-09..2026-09",2026-09-11
DKY,2024-08,kesin,"TEFAS fiyat serisi, 130 aylık pencere 2021-09..2026-09",2026-09-11
DL2,2024-07,kesin,"TEFAS fiyat serisi, 130 aylık pencere 2021-09..2026-09",2026-09-11
DLD,2022-02,kesin,"TEFAS fiyat serisi, 130 aylık pencere 2021-09..2026-09",2026-09-11
DLG,2023-09,kesin,"TEFAS fiyat serisi, 130 aylık pencere 2021-09..2026-09",2026-09-11
DLN,2024-08,kesin,"TEFAS fiyat serisi, 130 aylık pencere 2021-09..2026-09",2026-09-11
DLY,2021-09,en_gec,"TEFAS fiyat serisi, 130 aylık pencere 2021-09..2026-09",2026-09-11
DLZ,2024-11,kesin,"TEFAS fiyat serisi, 130 aylık pencere 2021-09..2026-09",2026-09-11
DMG,2022-03,kesin,"TEFAS fiyat serisi, 130 aylık pencere 2021-09..2026-09",2026-09-11
DMI,2026-08,kesin,"TEFAS fiyat serisi, 130 aylık pencere 2021-09..2026-09",2026-09-11
DMV,2022-12,kesin,"TEFAS fiyat serisi, 130 aylık pencere 2021-09..2026-09",2026-09-11
DMZ,2023-04,kesin,"TEFAS fiyat serisi, 130 aylık pencere 2021-09..2026-09",2026-09-11
DNA,2023-07,kesin,"TEFAS fiyat serisi, 130 aylık pencere 2021-09..2026-09",2026-09-11
DNF,2025-12,kesin,"TEFAS fiyat serisi, 130 aylık pencere 2021-09..2026-09",2026-09-11
DNH,2025-10,kesin,"TEFAS fiyat serisi, 130 aylık pencere 2021-09..2026-09",2026-09-11
DNK,2025-02,kesin,"TEFAS fiyat serisi, 130 aylık pencere 2021-09..2026-09",2026-09-11
DNL,2021-12,kesin,"TEFAS fiyat serisi, 130 aylık pencere 2021-09..2026-09",2026-09-11
DNM,2024-06,kesin,"TEFAS fiyat serisi, 130 aylık pencere 2021-09..2026-09",2026-09-11
DNP,2025-09,kesin,"TEFAS fiyat serisi, 130 aylık pencere 2021-09..2026-09",2026-09-11
DNU,2026-01,kesin,"TEFAS fiyat serisi, 130 aylık pencere 2021-09..2026-09",2026-09-11
DOC,2024-06,kesin,"TEFAS fiyat serisi, 130 aylık pencere 2021-09..2026-09",2026-09-11
DOD,2022-03,kesin,"TEFAS fiyat serisi, 130 aylık pencere 2021-09..2026-09",2026-09-11
DOH,2025-04,kesin,"TEFAS fiyat serisi, 130 aylık pencere 2021-09..2026-09",2026-09-11
DOL,2024-03,kesin,"TEFAS fiyat serisi, 130 aylık pencere 2021-09..2026-09",2026-09-11
DOR,2022-01,kesin,"TEFAS fiyat serisi, 130 aylık pencere 2021-09..2026-09",2026-09-11
DOS,2021-09,en_gec,"TEFAS fiyat serisi, 130 aylık pencere 2021-09..2026-09",2026-09-11
DOV,2023-05,kesin,"TEFAS fiyat serisi, 130 aylık pencere 2021-09..2026-09",2026-09-11
DP1,2022-11,kesin,"TEFAS fiyat serisi, 130 aylık pencere 2021-09..2026-09",2026-09-11
DP2,2022-12,kesin,"TEFAS fiyat serisi, 130 aylık pencere 2021-09..2026-09",2026-09-11
DP3,2022-12,kesin,"TEFAS fiyat serisi, 130 aylık pencere 2021-09..2026-09",2026-09-11
DP4,2023-01,kesin,"TEFAS fiyat serisi, 130 aylık pencere 2021-09..2026-09",2026-09-11
DP5,2023-02,kesin,"TEFAS fiyat serisi, 130 aylık pencere 2021-09..2026-09",2026-09-11
DP6,2023-01,kesin,"TEFAS fiyat serisi, 130 aylık pencere 2021-09..2026-09",2026-09-11
DP7,2023-02,kesin,"TEFAS fiyat serisi, 130 aylık pencere 2021-09..2026-09",2026-09-11
DP8,2023-02,kesin,"TEFAS fiyat serisi, 130 aylık pencere 2021-09..2026-09",2026-09-11
DP9,2023-03,kesin,"TEFAS fiyat serisi, 130 aylık pencere 2021-09..2026-09",2026-09-11
DPB,2021-09,en_gec,"TEFAS fiyat serisi, 130 aylık pencere 2021-09..2026-09",2026-09-11
DPC,2021-09,en_gec,"TEFAS fiyat serisi, 130 aylık pencere 2021-09..2026-09",2026-09-11
DPE,2021-09,en_gec,"TEFAS fiyat serisi, 130 aylık pencere 2021-09..2026-09",2026-09-11
DPG,2021-09,en_gec,"TEFAS fiyat serisi, 130 aylık pencere 2021-09..2026-09",2026-09-11
DPI,2021-09,en_gec,"TEFAS fiyat serisi, 130 aylık pencere 2021-09..2026-09",2026-09-11
DPK,2021-09,en_gec,"TEFAS fiyat serisi, 130 aylık pencere 2021-09..2026-09",2026-09-11
DPL,2021-09,en_gec,"TEFAS fiyat serisi, 130 aylık pencere 2021-09..2026-09",2026-09-11
DPN,2021-09,en_gec,"TEFAS fiyat serisi, 130 aylık pencere 2021-09..2026-09",2026-09-11
DPP,2021-09,en_gec,"TEFAS fiyat serisi, 130 aylık pencere 2021-09..2026-09",2026-09-11
DPT,2021-09,en_gec,"TEFAS fiyat serisi, 130 aylık pencere 2021-09..2026-09",2026-09-11
DPZ,2021-09,en_gec,"TEFAS fiyat serisi, 130 aylık pencere 2021-09..2026-09",2026-09-11
DRA,2025-01,kesin,"TEFAS fiyat serisi, 130 aylık pencere 2021-09..2026-09",2026-09-11
DRD,2024-05,kesin,"TEFAS fiyat serisi, 130 aylık pencere 2021-09..2026-09",2026-09-11
DRH,2023-11,kesin,"TEFAS fiyat serisi, 130 aylık pencere 2021-09..2026-09",2026-09-11
DRS,2021-09,en_gec,"TEFAS fiyat serisi, 130 aylık pencere 2021-09..2026-09",2026-09-11
DRT,2026-02,kesin,"TEFAS fiyat serisi, 130 aylık pencere 2021-09..2026-09",2026-09-11
DSC,2021-09,en_gec,"TEFAS fiyat serisi, 130 aylık pencere 2021-09..2026-09",2026-09-11
DSD,2021-09,en_gec,"TEFAS fiyat serisi, 130 aylık pencere 2021-09..2026-09",2026-09-11
DSH,2024-01,kesin,"TEFAS fiyat serisi, 130 aylık pencere 2021-09..2026-09",2026-09-11
DSP,2021-09,en_gec,"TEFAS fiyat serisi, 130 aylık pencere 2021-09..2026-09",2026-09-11
DSR,2024-09,kesin,"TEFAS fiyat serisi, 130 aylık pencere 2021-09..2026-09",2026-09-11
DSV,2024-11,kesin,"TEFAS fiyat serisi, 130 aylık pencere 2021-09..2026-09",2026-09-11
DTH,2025-12,kesin,"TEFAS fiyat serisi, 130 aylık pencere 2021-09..2026-09",2026-09-11
DTL,2023-02,kesin,"TEFAS fiyat serisi, 130 aylık pencere 2021-09..2026-09",2026-09-11
DTM,2025-06,kesin,"TEFAS fiyat serisi, 130 aylık pencere 2021-09..2026-09",2026-09-11
DTO,2024-09,kesin,"TEFAS fiyat serisi, 130 aylık pencere 2021-09..2026-09",2026-09-11
DTP,2024-08,kesin,"TEFAS fiyat serisi, 130 aylık pencere 2021-09..2026-09",2026-09-11
DTV,2021-11,kesin,"TEFAS fiyat serisi, 130 aylık pencere 2021-09..2026-09",2026-09-11
DTZ,2021-11,kesin,"TEFAS fiyat serisi, 130 aylık pencere 2021-09..2026-09",2026-09-11
DUC,2026-01,kesin,"TEFAS fiyat serisi, 130 aylık pencere 2021-09..2026-09",2026-09-11
DUD,2025-07,kesin,"TEFAS fiyat serisi, 130 aylık pencere 2021-09..2026-09",2026-09-11
DUH,2025-04,kesin,"TEFAS fiyat serisi, 130 aylık pencere 2021-09..2026-09",2026-09-11
DUT,2022-11,kesin,"TEFAS fiyat serisi, 130 aylık pencere 2021-09..2026-09",2026-09-11
DUV,2025-02,kesin,"TEFAS fiyat serisi, 130 aylık pencere 2021-09..2026-09",2026-09-11
DVC,2022-07,kesin,"TEFAS fiyat serisi, 130 aylık pencere 2021-09..2026-09",2026-09-11
DVI,2022-08,kesin,"TEFAS fiyat serisi, 130 aylık pencere 2021-09..2026-09",2026-09-11
DVN,2022-04,kesin,"TEFAS fiyat serisi, 130 aylık pencere 2021-09..2026-09",2026-09-11
DVO,2022-09,kesin,"TEFAS fiyat serisi, 130 aylık pencere 2021-09..2026-09",2026-09-11
DVS,2025-07,kesin,"TEFAS fiyat serisi, 130 aylık pencere 2021-09..2026-09",2026-09-11
DVT,2022-08,kesin,"TEFAS fiyat serisi, 130 aylık pencere 2021-09..2026-09",2026-09-11
DVU,2022-06,kesin,"TEFAS fiyat serisi, 130 aylık pencere 2021-09..2026-09",2026-09-11
DVZ,2022-01,kesin,"TEFAS fiyat serisi, 130 aylık pencere 2021-09..2026-09",2026-09-11
DXP,2023-12,kesin,"TEFAS fiyat serisi, 130 aylık pencere 2021-09..2026-09",2026-09-11
DYJ,2022-09,kesin,"TEFAS fiyat serisi, 130 aylık pencere 2021-09..2026-09",2026-09-11
DYN,2022-08,kesin,"TEFAS fiyat serisi, 130 aylık pencere 2021-09..2026-09",2026-09-11
DYS,2024-10,kesin,"TEFAS fiyat serisi, 130 aylık pencere 2021-09..2026-09",2026-09-11
DZ2,2025-01,kesin,"TEFAS fiyat serisi, 130 aylık pencere 2021-09..2026-09",2026-09-11
DZE,2021-09,en_gec,"TEFAS fiyat serisi, 130 aylık pencere 2021-09..2026-09",2026-09-11
DZG,2021-09,en_gec,"TEFAS fiyat serisi, 130 aylık pencere 2021-09..2026-09",2026-09-11
DZM,2021-09,en_gec,"TEFAS fiyat serisi, 130 aylık pencere 2021-09..2026-09",2026-09-11
DZP,2024-02,kesin,"TEFAS fiyat serisi, 130 aylık pencere 2021-09..2026-09",2026-09-11
DZS,2025-07,kesin,"TEFAS fiyat serisi, 130 aylık pencere 2021-09..2026-09",2026-09-11
EBD,2021-09,en_gec,"TEFAS fiyat serisi, 130 aylık pencere 2021-09..2026-09",2026-09-11
EBI,2025-10,kesin,"TEFAS fiyat serisi, 130 aylık pencere 2021-09..2026-09",2026-09-11
EBS,2025-10,kesin,"TEFAS fiyat serisi, 130 aylık pencere 2021-09..2026-09",2026-09-11
EC2,2021-09,en_gec,"TEFAS fiyat serisi, 130 aylık pencere 2021-09..2026-09",2026-09-11
ECA,2021-09,en_gec,"TEFAS fiyat serisi, 130 aylık pencere 2021-09..2026-09",2026-09-11
ECB,2021-09,en_gec,"TEFAS fiyat serisi, 130 aylık pencere 2021-09..2026-09",2026-09-11
ECV,2021-09,en_gec,"TEFAS fiyat serisi, 130 aylık pencere 2021-09..2026-09",2026-09-11
EDD,2026-02,kesin,"TEFAS fiyat serisi, 130 aylık pencere 2021-09..2026-09",2026-09-11
EDN,2026-06,kesin,"TEFAS fiyat serisi, 130 aylık pencere 2021-09..2026-09",2026-09-11
EDP,2026-04,kesin,"TEFAS fiyat serisi, 130 aylık pencere 2021-09..2026-09",2026-09-11
EDT,2024-09,kesin,"TEFAS fiyat serisi, 130 aylık pencere 2021-09..2026-09",2026-09-11
EDU,2023-06,kesin,"TEFAS fiyat serisi, 130 aylık pencere 2021-09..2026-09",2026-09-11
EES,2023-09,kesin,"TEFAS fiyat serisi, 130 aylık pencere 2021-09..2026-09",2026-09-11
EGP,2024-02,kesin,"TEFAS fiyat serisi, 130 aylık pencere 2021-09..2026-09",2026-09-11
EGR,2026-06,kesin,"TEFAS fiyat serisi, 130 aylık pencere 2021-09..2026-09",2026-09-11
EHS,2023-03,kesin,"TEFAS fiyat serisi, 130 aylık pencere 2021-09..2026-09",2026-09-11
EIB,2021-09,en_gec,"TEFAS fiyat serisi, 130 aylık pencere 2021-09..2026-09",2026-09-11
EID,2021-09,en_gec,"TEFAS fiyat serisi, 130 aylık pencere 2021-09..2026-09",2026-09-11
EIL,2021-09,en_gec,"TEFAS fiyat serisi, 130 aylık pencere 2021-09..2026-09",2026-09-11
EJG,2021-09,en_gec,"TEFAS fiyat serisi, 130 aylık pencere 2021-09..2026-09",2026-09-11
EKF,2021-09,en_gec,"TEFAS fiyat serisi, 130 aylık pencere 2021-09..2026-09",2026-09-11
EKL,2025-02,kesin,"TEFAS fiyat serisi, 130 aylık pencere 2021-09..2026-09",2026-09-11
ELZ,2021-09,en_gec,"TEFAS fiyat serisi, 130 aylık pencere 2021-09..2026-09",2026-09-11
EME,2025-11,kesin,"TEFAS fiyat serisi, 130 aylık pencere 2021-09..2026-09",2026-09-11
EML,2025-12,kesin,"TEFAS fiyat serisi, 130 aylık pencere 2021-09..2026-09",2026-09-11
ENA,2026-02,kesin,"TEFAS fiyat serisi, 130 aylık pencere 2021-09..2026-09",2026-09-11
ENJ,2024-07,kesin,"TEFAS fiyat serisi, 130 aylık pencere 2021-09..2026-09",2026-09-11
ENO,2026-02,kesin,"TEFAS fiyat serisi, 130 aylık pencere 2021-09..2026-09",2026-09-11
ENR,2026-02,kesin,"TEFAS fiyat serisi, 130 aylık pencere 2021-09..2026-09",2026-09-11
ENS,2026-02,kesin,"TEFAS fiyat serisi, 130 aylık pencere 2021-09..2026-09",2026-09-11
EP1,2026-06,kesin,"TEFAS fiyat serisi, 130 aylık pencere 2021-09..2026-09",2026-09-11
EPA,2025-10,kesin,"TEFAS fiyat serisi, 130 aylık pencere 2021-09..2026-09",2026-09-11
EPI,2025-11,kesin,"TEFAS fiyat serisi, 130 aylık pencere 2021-09..2026-09",2026-09-11
EPK,2025-11,kesin,"TEFAS fiyat serisi, 130 aylık pencere 2021-09..2026-09",2026-09-11
EPO,2023-03,kesin,"TEFAS fiyat serisi, 130 aylık pencere 2021-09..2026-09",2026-09-11
EPP,2025-08,kesin,"TEFAS fiyat serisi, 130 aylık pencere 2021-09..2026-09",2026-09-11
EPT,2025-11,kesin,"TEFAS fiyat serisi, 130 aylık pencere 2021-09..2026-09",2026-09-11
ESG,2021-09,en_gec,"TEFAS fiyat serisi, 130 aylık pencere 2021-09..2026-09",2026-09-11
ESN,2024-04,kesin,"TEFAS fiyat serisi, 130 aylık pencere 2021-09..2026-09",2026-09-11
ESP,2023-08,kesin,"TEFAS fiyat serisi, 130 aylık pencere 2021-09..2026-09",2026-09-11
ETN,2026-08,kesin,"TEFAS fiyat serisi, 130 aylık pencere 2021-09..2026-09",2026-09-11
EUN,2024-05,kesin,"TEFAS fiyat serisi, 130 aylık pencere 2021-09..2026-09",2026-09-11
EUZ,2021-09,en_gec,"TEFAS fiyat serisi, 130 aylık pencere 2021-09..2026-09",2026-09-11
EVM,2026-02,kesin,"TEFAS fiyat serisi, 130 aylık pencere 2021-09..2026-09",2026-09-11
EYT,2023-11,kesin,"TEFAS fiyat serisi, 130 aylık pencere 2021-09..2026-09",2026-09-11
EZM,2025-08,kesin,"TEFAS fiyat serisi, 130 aylık pencere 2021-09..2026-09",2026-09-11
FAK,2025-09,kesin,"TEFAS fiyat serisi, 130 aylık pencere 2021-09..2026-09",2026-09-11
FAL,2025-11,kesin,"TEFAS fiyat serisi, 130 aylık pencere 2021-09..2026-09",2026-09-11
FBC,2023-06,kesin,"TEFAS fiyat serisi, 130 aylık pencere 2021-09..2026-09",2026-09-11
FBI,2023-09,kesin,"TEFAS fiyat serisi, 130 aylık pencere 2021-09..2026-09",2026-09-11
FBN,2021-09,en_gec,"TEFAS fiyat serisi, 130 aylık pencere 2021-09..2026-09",2026-09-11
FBV,2021-09,en_gec,"TEFAS fiyat serisi, 130 aylık pencere 2021-09..2026-09",2026-09-11
FBZ,2021-09,en_gec,"TEFAS fiyat serisi, 130 aylık pencere 2021-09..2026-09",2026-09-11
FCK,2024-01,kesin,"TEFAS fiyat serisi, 130 aylık pencere 2021-09..2026-09",2026-09-11
FCS,2024-08,kesin,"TEFAS fiyat serisi, 130 aylık pencere 2021-09..2026-09",2026-09-11
FD1,2024-06,kesin,"TEFAS fiyat serisi, 130 aylık pencere 2021-09..2026-09",2026-09-11
FDE,2023-12,kesin,"TEFAS fiyat serisi, 130 aylık pencere 2021-09..2026-09",2026-09-11
FDG,2024-03,kesin,"TEFAS fiyat serisi, 130 aylık pencere 2021-09..2026-09",2026-09-11
FDO,2021-09,en_gec,"TEFAS fiyat serisi, 130 aylık pencere 2021-09..2026-09",2026-09-11
FDV,2023-02,kesin,"TEFAS fiyat serisi, 130 aylık pencere 2021-09..2026-09",2026-09-11
FDY,2023-10,kesin,"TEFAS fiyat serisi, 130 aylık pencere 2021-09..2026-09",2026-09-11
FDZ,2022-08,kesin,"TEFAS fiyat serisi, 130 aylık pencere 2021-09..2026-09",2026-09-11
FFD,2021-09,en_gec,"TEFAS fiyat serisi, 130 aylık pencere 2021-09..2026-09",2026-09-11
FFF,2022-11,kesin,"TEFAS fiyat serisi, 130 aylık pencere 2021-09..2026-09",2026-09-11
FFH,2021-09,en_gec,"TEFAS fiyat serisi, 130 aylık pencere 2021-09..2026-09",2026-09-11
FFO,2021-09,en_gec,"TEFAS fiyat serisi, 130 aylık pencere 2021-09..2026-09",2026-09-11
FFP,2021-09,en_gec,"TEFAS fiyat serisi, 130 aylık pencere 2021-09..2026-09",2026-09-11
FHI,2025-07,kesin,"TEFAS fiyat serisi, 130 aylık pencere 2021-09..2026-09",2026-09-11
FHP,2023-11,kesin,"TEFAS fiyat serisi, 130 aylık pencere 2021-09..2026-09",2026-09-11
FHZ,2022-12,kesin,"TEFAS fiyat serisi, 130 aylık pencere 2021-09..2026-09",2026-09-11
FI3,2021-09,en_gec,"TEFAS fiyat serisi, 130 aylık pencere 2021-09..2026-09",2026-09-11
FI5,2021-09,en_gec,"TEFAS fiyat serisi, 130 aylık pencere 2021-09..2026-09",2026-09-11
FIB,2021-09,en_gec,"TEFAS fiyat serisi, 130 aylık pencere 2021-09..2026-09",2026-09-11
FID,2021-09,en_gec,"TEFAS fiyat serisi, 130 aylık pencere 2021-09..2026-09",2026-09-11
FIL,2021-09,en_gec,"TEFAS fiyat serisi, 130 aylık pencere 2021-09..2026-09",2026-09-11
FIT,2021-09,en_gec,"TEFAS fiyat serisi, 130 aylık pencere 2021-09..2026-09",2026-09-11
FJB,2021-09,en_gec,"TEFAS fiyat serisi, 130 aylık pencere 2021-09..2026-09",2026-09-11
FJC,2021-09,en_gec,"TEFAS fiyat serisi, 130 aylık pencere 2021-09..2026-09",2026-09-11
FJM,2021-09,en_gec,"TEFAS fiyat serisi, 130 aylık pencere 2021-09..2026-09",2026-09-11
FJN,2021-10,kesin,"TEFAS fiyat serisi, 130 aylık pencere 2021-09..2026-09",2026-09-11
FJZ,2021-09,en_gec,"TEFAS fiyat serisi, 130 aylık pencere 2021-09..2026-09",2026-09-11
FKE,2023-03,kesin,"TEFAS fiyat serisi, 130 aylık pencere 2021-09..2026-09",2026-09-11
FKH,2023-04,kesin,"TEFAS fiyat serisi, 130 aylık pencere 2021-09..2026-09",2026-09-11
FKM,2023-07,kesin,"TEFAS fiyat serisi, 130 aylık pencere 2021-09..2026-09",2026-09-11
FKV,2024-04,kesin,"TEFAS fiyat serisi, 130 aylık pencere 2021-09..2026-09",2026-09-11
FLS,2025-02,kesin,"TEFAS fiyat serisi, 130 aylık pencere 2021-09..2026-09",2026-09-11
FLY,2024-10,kesin,"TEFAS fiyat serisi, 130 aylık pencere 2021-09..2026-09",2026-09-11
FMG,2024-04,kesin,"TEFAS fiyat serisi, 130 aylık pencere 2021-09..2026-09",2026-09-11
FMS,2023-09,kesin,"TEFAS fiyat serisi, 130 aylık pencere 2021-09..2026-09",2026-09-11
FMV,2025-09,kesin,"TEFAS fiyat serisi, 130 aylık pencere 2021-09..2026-09",2026-09-11
FNE,2023-06,kesin,"TEFAS fiyat serisi, 130 aylık pencere 2021-09..2026-09",2026-09-11
FNN,2024-08,kesin,"TEFAS fiyat serisi, 130 aylık pencere 2021-09..2026-09",2026-09-11
FNO,2021-09,en_gec,"TEFAS fiyat serisi, 130 aylık pencere 2021-09..2026-09",2026-09-11
FNT,2023-10,kesin,"TEFAS fiyat serisi, 130 aylık pencere 2021-09..2026-09",2026-09-11
FP4,2025-09,kesin,"TEFAS fiyat serisi, 130 aylık pencere 2021-09..2026-09",2026-09-11
FPE,2021-09,en_gec,"TEFAS fiyat serisi, 130 aylık pencere 2021-09..2026-09",2026-09-11
FPG,2025-04,kesin,"TEFAS fiyat serisi, 130 aylık pencere 2021-09..2026-09",2026-09-11
FPH,2021-09,en_gec,"TEFAS fiyat serisi, 130 aylık pencere 2021-09..2026-09",2026-09-11
FPI,2024-04,kesin,"TEFAS fiyat serisi, 130 aylık pencere 2021-09..2026-09",2026-09-11
FPK,2021-09,en_gec,"TEFAS fiyat serisi, 130 aylık pencere 2021-09..2026-09",2026-09-11
FPR,2021-09,en_gec,"TEFAS fiyat serisi, 130 aylık pencere 2021-09..2026-09",2026-09-11
FPZ,2021-09,en_gec,"TEFAS fiyat serisi, 130 aylık pencere 2021-09..2026-09",2026-09-11
FR1,2025-08,kesin,"TEFAS fiyat serisi, 130 aylık pencere 2021-09..2026-09",2026-09-11
FRA,2021-09,en_gec,"TEFAS fiyat serisi, 130 aylık pencere 2021-09..2026-09",2026-09-11
FRC,2025-02,kesin,"TEFAS fiyat serisi, 130 aylık pencere 2021-09..2026-09",2026-09-11
FRZ,2021-09,en_gec,"TEFAS fiyat serisi, 130 aylık pencere 2021-09..2026-09",2026-09-11
FS1,2024-04,kesin,"TEFAS fiyat serisi, 130 aylık pencere 2021-09..2026-09",2026-09-11
FS2,2024-01,kesin,"TEFAS fiyat serisi, 130 aylık pencere 2021-09..2026-09",2026-09-11
FS3,2024-01,kesin,"TEFAS fiyat serisi, 130 aylık pencere 2021-09..2026-09",2026-09-11
FS4,2024-04,kesin,"TEFAS fiyat serisi, 130 aylık pencere 2021-09..2026-09",2026-09-11
FS5,2024-03,kesin,"TEFAS fiyat serisi, 130 aylık pencere 2021-09..2026-09",2026-09-11
FS6,2024-10,kesin,"TEFAS fiyat serisi, 130 aylık pencere 2021-09..2026-09",2026-09-11
FSF,2021-09,en_gec,"TEFAS fiyat serisi, 130 aylık pencere 2021-09..2026-09",2026-09-11
FSG,2023-02,kesin,"TEFAS fiyat serisi, 130 aylık pencere 2021-09..2026-09",2026-09-11
FSH,2023-02,kesin,"TEFAS fiyat serisi, 130 aylık pencere 2021-09..2026-09",2026-09-11
FSK,2021-09,en_gec,"TEFAS fiyat serisi, 130 aylık pencere 2021-09..2026-09",2026-09-11
FSM,2024-09,kesin,"TEFAS fiyat serisi, 130 aylık pencere 2021-09..2026-09",2026-09-11
FSP,2025-09,kesin,"TEFAS fiyat serisi, 130 aylık pencere 2021-09..2026-09",2026-09-11
FSR,2023-12,kesin,"TEFAS fiyat serisi, 130 aylık pencere 2021-09..2026-09",2026-09-11
FSU,2025-11,kesin,"TEFAS fiyat serisi, 130 aylık pencere 2021-09..2026-09",2026-09-11
FSV,2024-05,kesin,"TEFAS fiyat serisi, 130 aylık pencere 2021-09..2026-09",2026-09-11
FTL,2025-07,kesin,"TEFAS fiyat serisi, 130 aylık pencere 2021-09..2026-09",2026-09-11
FTM,2023-12,kesin,"TEFAS fiyat serisi, 130 aylık pencere 2021-09..2026-09",2026-09-11
FTY,2023-02,kesin,"TEFAS fiyat serisi, 130 aylık pencere 2021-09..2026-09",2026-09-11
FUA,2022-02,kesin,"TEFAS fiyat serisi, 130 aylık pencere 2021-09..2026-09",2026-09-11
FUB,2021-09,en_gec,"TEFAS fiyat serisi, 130 aylık pencere 2021-09..2026-09",2026-09-11
FUM,2022-03,kesin,"TEFAS fiyat serisi, 130 aylık pencere 2021-09..2026-09",2026-09-11
FUN,2024-08,kesin,"TEFAS fiyat serisi, 130 aylık pencere 2021-09..2026-09",2026-09-11
FUP,2021-09,en_gec,"TEFAS fiyat serisi, 130 aylık pencere 2021-09..2026-09",2026-09-11
FVL,2022-07,kesin,"TEFAS fiyat serisi, 130 aylık pencere 2021-09..2026-09",2026-09-11
FYA,2021-09,en_gec,"TEFAS fiyat serisi, 130 aylık pencere 2021-09..2026-09",2026-09-11
FYB,2021-09,en_gec,"TEFAS fiyat serisi, 130 aylık pencere 2021-09..2026-09",2026-09-11
FYD,2021-09,en_gec,"TEFAS fiyat serisi, 130 aylık pencere 2021-09..2026-09",2026-09-11
FYF,2021-09,en_gec,"TEFAS fiyat serisi, 130 aylık pencere 2021-09..2026-09",2026-09-11
FYG,2021-09,en_gec,"TEFAS fiyat serisi, 130 aylık pencere 2021-09..2026-09",2026-09-11
FYH,2021-09,en_gec,"TEFAS fiyat serisi, 130 aylık pencere 2021-09..2026-09",2026-09-11
FYI,2021-09,en_gec,"TEFAS fiyat serisi, 130 aylık pencere 2021-09..2026-09",2026-09-11
FYM,2021-09,en_gec,"TEFAS fiyat serisi, 130 aylık pencere 2021-09..2026-09",2026-09-11
FYO,2021-09,en_gec,"TEFAS fiyat serisi, 130 aylık pencere 2021-09..2026-09",2026-09-11
FYT,2021-09,en_gec,"TEFAS fiyat serisi, 130 aylık pencere 2021-09..2026-09",2026-09-11
FYZ,2022-08,kesin,"TEFAS fiyat serisi, 130 aylık pencere 2021-09..2026-09",2026-09-11
FZJ,2021-10,kesin,"TEFAS fiyat serisi, 130 aylık pencere 2021-09..2026-09",2026-09-11
FZP,2021-09,en_gec,"TEFAS fiyat serisi, 130 aylık pencere 2021-09..2026-09",2026-09-11
GA1,2021-09,en_gec,"TEFAS fiyat serisi, 130 aylık pencere 2021-09..2026-09",2026-09-11
GAC,2021-10,kesin,"TEFAS fiyat serisi, 130 aylık pencere 2021-09..2026-09",2026-09-11
GAE,2021-09,en_gec,"TEFAS fiyat serisi, 130 aylık pencere 2021-09..2026-09",2026-09-11
GAF,2021-09,en_gec,"TEFAS fiyat serisi, 130 aylık pencere 2021-09..2026-09",2026-09-11
GAG,2021-09,en_gec,"TEFAS fiyat serisi, 130 aylık pencere 2021-09..2026-09",2026-09-11
GAH,2021-09,en_gec,"TEFAS fiyat serisi, 130 aylık pencere 2021-09..2026-09",2026-09-11
GAJ,2021-10,kesin,"TEFAS fiyat serisi, 130 aylık pencere 2021-09..2026-09",2026-09-11
GAL,2021-09,en_gec,"TEFAS fiyat serisi, 130 aylık pencere 2021-09..2026-09",2026-09-11
GAN,2021-09,en_gec,"TEFAS fiyat serisi, 130 aylık pencere 2021-09..2026-09",2026-09-11
GAS,2021-09,en_gec,"TEFAS fiyat serisi, 130 aylık pencere 2021-09..2026-09",2026-09-11
GAU,2021-09,en_gec,"TEFAS fiyat serisi, 130 aylık pencere 2021-09..2026-09",2026-09-11
GAV,2021-10,kesin,"TEFAS fiyat serisi, 130 aylık pencere 2021-09..2026-09",2026-09-11
GBC,2021-09,en_gec,"TEFAS fiyat serisi, 130 aylık pencere 2021-09..2026-09",2026-09-11
GBG,2021-09,en_gec,"TEFAS fiyat serisi, 130 aylık pencere 2021-09..2026-09",2026-09-11
GBH,2023-03,kesin,"TEFAS fiyat serisi, 130 aylık pencere 2021-09..2026-09",2026-09-11
GBJ,2024-04,kesin,"TEFAS fiyat serisi, 130 aylık pencere 2021-09..2026-09",2026-09-11
GBL,2021-09,en_gec,"TEFAS fiyat serisi, 130 aylık pencere 2021-09..2026-09",2026-09-11
GBN,2021-09,en_gec,"TEFAS fiyat serisi, 130 aylık pencere 2021-09..2026-09",2026-09-11
GBP,2022-08,kesin,"TEFAS fiyat serisi, 130 aylık pencere 2021-09..2026-09",2026-09-11
GBV,2021-10,kesin,"TEFAS fiyat serisi, 130 aylık pencere 2021-09..2026-09",2026-09-11
GBZ,2022-08,kesin,"TEFAS fiyat serisi, 130 aylık pencere 2021-09..2026-09",2026-09-11
GCA,2022-02,kesin,"TEFAS fiyat serisi, 130 aylık pencere 2021-09..2026-09",2026-09-11
GCC,2023-01,kesin,"TEFAS fiyat serisi, 130 aylık pencere 2021-09..2026-09",2026-09-11
GCD,2022-03,kesin,"TEFAS fiyat serisi, 130 aylık pencere 2021-09..2026-09",2026-09-11
GCI,2022-03,kesin,"TEFAS fiyat serisi, 130 aylık pencere 2021-09..2026-09",2026-09-11
GCZ,2022-03,kesin,"TEFAS fiyat serisi, 130 aylık pencere 2021-09..2026-09",2026-09-11
GDJ,2023-11,kesin,"TEFAS fiyat serisi, 130 aylık pencere 2021-09..2026-09",2026-09-11
GDP,2021-09,en_gec,"TEFAS fiyat serisi, 130 aylık pencere 2021-09..2026-09",2026-09-11
GEC,2022-07,kesin,"TEFAS fiyat serisi, 130 aylık pencere 2021-09..2026-09",2026-09-11
GEI,2021-09,en_gec,"TEFAS fiyat serisi, 130 aylık pencere 2021-09..2026-09",2026-09-11
GEZ,2023-11,kesin,"TEFAS fiyat serisi, 130 aylık pencere 2021-09..2026-09",2026-09-11
GFB,2022-01,kesin,"TEFAS fiyat serisi, 130 aylık pencere 2021-09..2026-09",2026-09-11
GFD,2022-02,kesin,"TEFAS fiyat serisi, 130 aylık pencere 2021-09..2026-09",2026-09-11
GFI,2025-02,kesin,"TEFAS fiyat serisi, 130 aylık pencere 2021-09..2026-09",2026-09-11
GFL,2021-09,en_gec,"TEFAS fiyat serisi, 130 aylık pencere 2021-09..2026-09",2026-09-11
GFN,2022-08,kesin,"TEFAS fiyat serisi, 130 aylık pencere 2021-09..2026-09",2026-09-11
GFY,2022-01,kesin,"TEFAS fiyat serisi, 130 aylık pencere 2021-09..2026-09",2026-09-11
GGA,2021-09,en_gec,"TEFAS fiyat serisi, 130 aylık pencere 2021-09..2026-09",2026-09-11
GGC,2021-09,en_gec,"TEFAS fiyat serisi, 130 aylık pencere 2021-09..2026-09",2026-09-11
GGD,2021-09,en_gec,"TEFAS fiyat serisi, 130 aylık pencere 2021-09..2026-09",2026-09-11
GGK,2021-09,en_gec,"TEFAS fiyat serisi, 130 aylık pencere 2021-09..2026-09",2026-09-11
GGM,2021-09,en_gec,"TEFAS fiyat serisi, 130 aylık pencere 2021-09..2026-09",2026-09-11
GGN,2022-01,kesin,"TEFAS fiyat serisi, 130 aylık pencere 2021-09..2026-09",2026-09-11
GGP,2021-09,en_gec,"TEFAS fiyat serisi, 130 aylık pencere 2021-09..2026-09",2026-09-11
GGR,2021-09,en_gec,"TEFAS fiyat serisi, 130 aylık pencere 2021-09..2026-09",2026-09-11
GHS,2021-09,en_gec,"TEFAS fiyat serisi, 130 aylık pencere 2021-09..2026-09",2026-09-11
GID,2024-07,kesin,"TEFAS fiyat serisi, 130 aylık pencere 2021-09..2026-09",2026-09-11
GIE,2023-01,kesin,"TEFAS fiyat serisi, 130 aylık pencere 2021-09..2026-09",2026-09-11
GIH,2023-06,kesin,"TEFAS fiyat serisi, 130 aylık pencere 2021-09..2026-09",2026-09-11
GJA,2021-09,en_gec,"TEFAS fiyat serisi, 130 aylık pencere 2021-09..2026-09",2026-09-11
GJB,2021-09,en_gec,"TEFAS fiyat serisi, 130 aylık pencere 2021-09..2026-09",2026-09-11
GJD,2021-09,en_gec,"TEFAS fiyat serisi, 130 aylık pencere 2021-09..2026-09",2026-09-11
GJE,2021-09,en_gec,"TEFAS fiyat serisi, 130 aylık pencere 2021-09..2026-09",2026-09-11
GJF,2021-09,en_gec,"TEFAS fiyat serisi, 130 aylık pencere 2021-09..2026-09",2026-09-11
GJH,2022-03,kesin,"TEFAS fiyat serisi, 130 aylık pencere 2021-09..2026-09",2026-09-11
GJM,2021-09,en_gec,"TEFAS fiyat serisi, 130 aylık pencere 2021-09..2026-09",2026-09-11
GJO,2021-09,en_gec,"TEFAS fiyat serisi, 130 aylık pencere 2021-09..2026-09",2026-09-11
GKE,2024-06,kesin,"TEFAS fiyat serisi, 130 aylık pencere 2021-09..2026-09",2026-09-11
GKF,2021-09,en_gec,"TEFAS fiyat serisi, 130 aylık pencere 2021-09..2026-09",2026-09-11
GKG,2025-03,kesin,"TEFAS fiyat serisi, 130 aylık pencere 2021-09..2026-09",2026-09-11
GKH,2022-07,kesin,"TEFAS fiyat serisi, 130 aylık pencere 2021-09..2026-09",2026-09-11
GKK,2021-09,en_gec,"TEFAS fiyat serisi, 130 aylık pencere 2021-09..2026-09",2026-09-11
GKL,2021-09,en_gec,"TEFAS fiyat serisi, 130 aylık pencere 2021-09..2026-09",2026-09-11
GKM,2025-04,kesin,"TEFAS fiyat serisi, 130 aylık pencere 2021-09..2026-09",2026-09-11
GKO,2024-06,kesin,"TEFAS fiyat serisi, 130 aylık pencere 2021-09..2026-09",2026-09-11
GKV,2022-07,kesin,"TEFAS fiyat serisi, 130 aylık pencere 2021-09..2026-09",2026-09-11
GL1,2021-09,en_gec,"TEFAS fiyat serisi, 130 aylık pencere 2021-09..2026-09",2026-09-11
GLC,2022-06,kesin,"TEFAS fiyat serisi, 130 aylık pencere 2021-09..2026-09",2026-09-11
GLG,2022-06,kesin,"TEFAS fiyat serisi, 130 aylık pencere 2021-09..2026-09",2026-09-11
GLL,2026-08,kesin,"TEFAS fiyat serisi, 130 aylık pencere 2021-09..2026-09",2026-09-11
GLM,2022-11,kesin,"TEFAS fiyat serisi, 130 aylık pencere 2021-09..2026-09",2026-09-11
GLP,2021-09,en_gec,"TEFAS fiyat serisi, 130 aylık pencere 2021-09..2026-09",2026-09-11
GLS,2021-09,en_gec,"TEFAS fiyat serisi, 130 aylık pencere 2021-09..2026-09",2026-09-11
GLV,2022-06,kesin,"TEFAS fiyat serisi, 130 aylık pencere 2021-09..2026-09",2026-09-11
GMA,2021-09,en_gec,"TEFAS fiyat serisi, 130 aylık pencere 2021-09..2026-09",2026-09-11
GMC,2022-07,kesin,"TEFAS fiyat serisi, 130 aylık pencere 2021-09..2026-09",2026-09-11
GMD,2022-01,kesin,"TEFAS fiyat serisi, 130 aylık pencere 2021-09..2026-09",2026-09-11
GME,2021-09,en_gec,"TEFAS fiyat serisi, 130 aylık pencere 2021-09..2026-09",2026-09-11
GMI,2025-10,kesin,"TEFAS fiyat serisi, 130 aylık pencere 2021-09..2026-09",2026-09-11
GMM,2025-05,kesin,"TEFAS fiyat serisi, 130 aylık pencere 2021-09..2026-09",2026-09-11
GMN,2025-10,kesin,"TEFAS fiyat serisi, 130 aylık pencere 2021-09..2026-09",2026-09-11
GMO,2025-07,kesin,"TEFAS fiyat serisi, 130 aylık pencere 2021-09..2026-09",2026-09-11
GMP,2021-09,en_gec,"TEFAS fiyat serisi, 130 aylık pencere 2021-09..2026-09",2026-09-11
GMR,2021-09,en_gec,"TEFAS fiyat serisi, 130 aylık pencere 2021-09..2026-09",2026-09-11
GMV,2022-09,kesin,"TEFAS fiyat serisi, 130 aylık pencere 2021-09..2026-09",2026-09-11
GMZ,2021-09,en_gec,"TEFAS fiyat serisi, 130 aylık pencere 2021-09..2026-09",2026-09-11
GNH,2025-05,kesin,"TEFAS fiyat serisi, 130 aylık pencere 2021-09..2026-09",2026-09-11
GNK,2021-10,kesin,"TEFAS fiyat serisi, 130 aylık pencere 2021-09..2026-09",2026-09-11
GNL,2024-02,kesin,"TEFAS fiyat serisi, 130 aylık pencere 2021-09..2026-09",2026-09-11
GNP,2025-08,kesin,"TEFAS fiyat serisi, 130 aylık pencere 2021-09..2026-09",2026-09-11
GNS,2025-02,kesin,"TEFAS fiyat serisi, 130 aylık pencere 2021-09..2026-09",2026-09-11
GNZ,2025-06,kesin,"TEFAS fiyat serisi, 130 aylık pencere 2021-09..2026-09",2026-09-11
GO1,2022-09,kesin,"TEFAS fiyat serisi, 130 aylık pencere 2021-09..2026-09",2026-09-11
GO3,2022-09,kesin,"TEFAS fiyat serisi, 130 aylık pencere 2021-09..2026-09",2026-09-11
GO4,2022-09,kesin,"TEFAS fiyat serisi, 130 aylık pencere 2021-09..2026-09",2026-09-11
GO6,2023-02,kesin,"TEFAS fiyat serisi, 130 aylık pencere 2021-09..2026-09",2026-09-11
GO9,2023-11,kesin,"TEFAS fiyat serisi, 130 aylık pencere 2021-09..2026-09",2026-09-11
GOF,2025-11,kesin,"TEFAS fiyat serisi, 130 aylık pencere 2021-09..2026-09",2026-09-11
GOH,2021-09,en_gec,"TEFAS fiyat serisi, 130 aylık pencere 2021-09..2026-09",2026-09-11
GOK,2026-09,kesin,"TEFAS fiyat serisi, 130 aylık pencere 2021-09..2026-09",2026-09-11
GOL,2024-03,kesin,"TEFAS fiyat serisi, 130 aylık pencere 2021-09..2026-09",2026-09-11
GOP,2026-02,kesin,"TEFAS fiyat serisi, 130 aylık pencere 2021-09..2026-09",2026-09-11
GP1,2022-12,kesin,"TEFAS fiyat serisi, 130 aylık pencere 2021-09..2026-09",2026-09-11
GP3,2025-11,kesin,"TEFAS fiyat serisi, 130 aylık pencere 2021-09..2026-09",2026-09-11
GPA,2021-09,en_gec,"TEFAS fiyat serisi, 130 aylık pencere 2021-09..2026-09",2026-09-11
GPB,2021-09,en_gec,"TEFAS fiyat serisi, 130 aylık pencere 2021-09..2026-09",2026-09-11
GPC,2021-09,en_gec,"TEFAS fiyat serisi, 130 aylık pencere 2021-09..2026-09",2026-09-11
GPF,2021-09,en_gec,"TEFAS fiyat serisi, 130 aylık pencere 2021-09..2026-09",2026-09-11
GPG,2021-09,en_gec,"TEFAS fiyat serisi, 130 aylık pencere 2021-09..2026-09",2026-09-11
GPH,2021-09,en_gec,"TEFAS fiyat serisi, 130 aylık pencere 2021-09..2026-09",2026-09-11
GPI,2021-09,en_gec,"TEFAS fiyat serisi, 130 aylık pencere 2021-09..2026-09",2026-09-11
GPJ,2024-02,kesin,"TEFAS fiyat serisi, 130 aylık pencere 2021-09..2026-09",2026-09-11
GPL,2022-11,kesin,"TEFAS fiyat serisi, 130 aylık pencere 2021-09..2026-09",2026-09-11
GPM,2023-01,kesin,"TEFAS fiyat serisi, 130 aylık pencere 2021-09..2026-09",2026-09-11
GPN,2025-10,kesin,"TEFAS fiyat serisi, 130 aylık pencere 2021-09..2026-09",2026-09-11
GPT,2024-01,kesin,"TEFAS fiyat serisi, 130 aylık pencere 2021-09..2026-09",2026-09-11
GPU,2021-09,en_gec,"TEFAS fiyat serisi, 130 aylık pencere 2021-09..2026-09",2026-09-11
GPV,2021-09,en_gec,"TEFAS fiyat serisi, 130 aylık pencere 2021-09..2026-09",2026-09-11
GPZ,2021-09,en_gec,"TEFAS fiyat serisi, 130 aylık pencere 2021-09..2026-09",2026-09-11
GRL,2024-04,kesin,"TEFAS fiyat serisi, 130 aylık pencere 2021-09..2026-09",2026-09-11
GRO,2023-06,kesin,"TEFAS fiyat serisi, 130 aylık pencere 2021-09..2026-09",2026-09-11
GRT,2025-01,kesin,"TEFAS fiyat serisi, 130 aylık pencere 2021-09..2026-09",2026-09-11
GSE,2021-09,en_gec,"TEFAS fiyat serisi, 130 aylık pencere 2021-09..2026-09",2026-09-11
GSG,2021-09,en_gec,"TEFAS fiyat serisi, 130 aylık pencere 2021-09..2026-09",2026-09-11
GSL,2024-04,kesin,"TEFAS fiyat serisi, 130 aylık pencere 2021-09..2026-09",2026-09-11
GSO,2021-09,en_gec,"TEFAS fiyat serisi, 130 aylık pencere 2021-09..2026-09",2026-09-11
GSP,2021-09,en_gec,"TEFAS fiyat serisi, 130 aylık pencere 2021-09..2026-09",2026-09-11
GSR,2024-02,kesin,"TEFAS fiyat serisi, 130 aylık pencere 2021-09..2026-09",2026-09-11
GSU,2025-04,kesin,"TEFAS fiyat serisi, 130 aylık pencere 2021-09..2026-09",2026-09-11
GTA,2021-09,en_gec,"TEFAS fiyat serisi, 130 aylık pencere 2021-09..2026-09",2026-09-11
GTF,2021-09,en_gec,"TEFAS fiyat serisi, 130 aylık pencere 2021-09..2026-09",2026-09-11
GTH,2025-02,kesin,"TEFAS fiyat serisi, 130 aylık pencere 2021-09..2026-09",2026-09-11
GTK,2021-10,kesin,"TEFAS fiyat serisi, 130 aylık pencere 2021-09..2026-09",2026-09-11
GTL,2021-09,en_gec,"TEFAS fiyat serisi, 130 aylık pencere 2021-09..2026-09",2026-09-11
GTM,2022-08,kesin,"TEFAS fiyat serisi, 130 aylık pencere 2021-09..2026-09",2026-09-11
GTN,2025-03,kesin,"TEFAS fiyat serisi, 130 aylık pencere 2021-09..2026-09",2026-09-11
GTY,2021-09,en_gec,"TEFAS fiyat serisi, 130 aylık pencere 2021-09..2026-09",2026-09-11
GTZ,2021-09,en_gec,"TEFAS fiyat serisi, 130 aylık pencere 2021-09..2026-09",2026-09-11
GUA,2021-09,en_gec,"TEFAS fiyat serisi, 130 aylık pencere 2021-09..2026-09",2026-09-11
GUB,2024-05,kesin,"TEFAS fiyat serisi, 130 aylık pencere 2021-09..2026-09",2026-09-11
GUC,2025-09,kesin,"TEFAS fiyat serisi, 130 aylık pencere 2021-09..2026-09",2026-09-11
GUF,2026-05,kesin,"TEFAS fiyat serisi, 130 aylık pencere 2021-09..2026-09",2026-09-11
GUH,2021-09,en_gec,"TEFAS fiyat serisi, 130 aylık pencere 2021-09..2026-09",2026-09-11
GUK,2025-11,kesin,"TEFAS fiyat serisi, 130 aylık pencere 2021-09..2026-09",2026-09-11
GUM,2021-09,en_gec,"TEFAS fiyat serisi, 130 aylık pencere 2021-09..2026-09",2026-09-11
GUV,2024-05,kesin,"TEFAS fiyat serisi, 130 aylık pencere 2021-09..2026-09",2026-09-11
GVA,2022-07,kesin,"TEFAS fiyat serisi, 130 aylık pencere 2021-09..2026-09",2026-09-11
GVB,2022-06,kesin,"TEFAS fiyat serisi, 130 aylık pencere 2021-09..2026-09",2026-09-11
GVC,2022-04,kesin,"TEFAS fiyat serisi, 130 aylık pencere 2021-09..2026-09",2026-09-11
GVD,2022-06,kesin,"TEFAS fiyat serisi, 130 aylık pencere 2021-09..2026-09",2026-09-11
GVI,2022-06,kesin,"TEFAS fiyat serisi, 130 aylık pencere 2021-09..2026-09",2026-09-11
GVL,2022-01,kesin,"TEFAS fiyat serisi, 130 aylık pencere 2021-09..2026-09",2026-09-11
GVZ,2022-06,kesin,"TEFAS fiyat serisi, 130 aylık pencere 2021-09..2026-09",2026-09-11
GYC,2022-06,kesin,"TEFAS fiyat serisi, 130 aylık pencere 2021-09..2026-09",2026-09-11
GYG,2022-10,kesin,"TEFAS fiyat serisi, 130 aylık pencere 2021-09..2026-09",2026-09-11
GYK,2021-09,en_gec,"TEFAS fiyat serisi, 130 aylık pencere 2021-09..2026-09",2026-09-11
GYL,2021-09,en_gec,"TEFAS fiyat serisi, 130 aylık pencere 2021-09..2026-09",2026-09-11
GYN,2022-10,kesin,"TEFAS fiyat serisi, 130 aylık pencere 2021-09..2026-09",2026-09-11
GYR,2022-10,kesin,"TEFAS fiyat serisi, 130 aylık pencere 2021-09..2026-09",2026-09-11
GZB,2021-09,en_gec,"TEFAS fiyat serisi, 130 aylık pencere 2021-09..2026-09",2026-09-11
GZD,2021-09,en_gec,"TEFAS fiyat serisi, 130 aylık pencere 2021-09..2026-09",2026-09-11
GZE,2021-09,en_gec,"TEFAS fiyat serisi, 130 aylık pencere 2021-09..2026-09",2026-09-11
GZG,2021-09,en_gec,"TEFAS fiyat serisi, 130 aylık pencere 2021-09..2026-09",2026-09-11
GZH,2021-09,en_gec,"TEFAS fiyat serisi, 130 aylık pencere 2021-09..2026-09",2026-09-11
GZJ,2021-09,en_gec,"TEFAS fiyat serisi, 130 aylık pencere 2021-09..2026-09",2026-09-11
GZL,2021-09,en_gec,"TEFAS fiyat serisi, 130 aylık pencere 2021-09..2026-09",2026-09-11
GZM,2021-09,en_gec,"TEFAS fiyat serisi, 130 aylık pencere 2021-09..2026-09",2026-09-11
GZN,2021-09,en_gec,"TEFAS fiyat serisi, 130 aylık pencere 2021-09..2026-09",2026-09-11
GZO,2021-09,en_gec,"TEFAS fiyat serisi, 130 aylık pencere 2021-09..2026-09",2026-09-11
GZP,2021-09,en_gec,"TEFAS fiyat serisi, 130 aylık pencere 2021-09..2026-09",2026-09-11
GZR,2021-09,en_gec,"TEFAS fiyat serisi, 130 aylık pencere 2021-09..2026-09",2026-09-11
GZU,2022-01,kesin,"TEFAS fiyat serisi, 130 aylık pencere 2021-09..2026-09",2026-09-11
GZV,2021-09,en_gec,"TEFAS fiyat serisi, 130 aylık pencere 2021-09..2026-09",2026-09-11
GZY,2021-10,kesin,"TEFAS fiyat serisi, 130 aylık pencere 2021-09..2026-09",2026-09-11
GZZ,2021-10,kesin,"TEFAS fiyat serisi, 130 aylık pencere 2021-09..2026-09",2026-09-11
HAE,2022-12,kesin,"TEFAS fiyat serisi, 130 aylık pencere 2021-09..2026-09",2026-09-11
HAG,2021-09,en_gec,"TEFAS fiyat serisi, 130 aylık pencere 2021-09..2026-09",2026-09-11
HAI,2026-06,kesin,"TEFAS fiyat serisi, 130 aylık pencere 2021-09..2026-09",2026-09-11
HAM,2024-05,kesin,"TEFAS fiyat serisi, 130 aylık pencere 2021-09..2026-09",2026-09-11
HAR,2025-10,kesin,"TEFAS fiyat serisi, 130 aylık pencere 2021-09..2026-09",2026-09-11
HAT,2024-08,kesin,"TEFAS fiyat serisi, 130 aylık pencere 2021-09..2026-09",2026-09-11
HB1,2025-03,kesin,"TEFAS fiyat serisi, 130 aylık pencere 2021-09..2026-09",2026-09-11
HB2,2025-03,kesin,"TEFAS fiyat serisi, 130 aylık pencere 2021-09..2026-09",2026-09-11
HBF,2021-09,en_gec,"TEFAS fiyat serisi, 130 aylık pencere 2021-09..2026-09",2026-09-11
HBJ,2026-02,kesin,"TEFAS fiyat serisi, 130 aylık pencere 2021-09..2026-09",2026-09-11
HBM,2024-06,kesin,"TEFAS fiyat serisi, 130 aylık pencere 2021-09..2026-09",2026-09-11
HBN,2022-10,kesin,"TEFAS fiyat serisi, 130 aylık pencere 2021-09..2026-09",2026-09-11
HBU,2021-09,en_gec,"TEFAS fiyat serisi, 130 aylık pencere 2021-09..2026-09",2026-09-11
HBV,2022-04,kesin,"TEFAS fiyat serisi, 130 aylık pencere 2021-09..2026-09",2026-09-11
HCV,2026-04,kesin,"TEFAS fiyat serisi, 130 aylık pencere 2021-09..2026-09",2026-09-11
HDA,2023-10,kesin,"TEFAS fiyat serisi, 130 aylık pencere 2021-09..2026-09",2026-09-11
HDD,2026-07,kesin,"TEFAS fiyat serisi, 130 aylık pencere 2021-09..2026-09",2026-09-11
HDE,2024-06,kesin,"TEFAS fiyat serisi, 130 aylık pencere 2021-09..2026-09",2026-09-11
HDH,2021-09,en_gec,"TEFAS fiyat serisi, 130 aylık pencere 2021-09..2026-09",2026-09-11
HDJ,2022-01,kesin,"TEFAS fiyat serisi, 130 aylık pencere 2021-09..2026-09",2026-09-11
HDK,2023-07,kesin,"TEFAS fiyat serisi, 130 aylık pencere 2021-09..2026-09",2026-09-11
HDS,2021-09,en_gec,"TEFAS fiyat serisi, 130 aylık pencere 2021-09..2026-09",2026-09-11
HDV,2025-05,kesin,"TEFAS fiyat serisi, 130 aylık pencere 2021-09..2026-09",2026-09-11
HEH,2023-04,kesin,"TEFAS fiyat serisi, 130 aylık pencere 2021-09..2026-09",2026-09-11
HFA,2023-03,kesin,"TEFAS fiyat serisi, 130 aylık pencere 2021-09..2026-09",2026-09-11
HFI,2024-10,kesin,"TEFAS fiyat serisi, 130 aylık pencere 2021-09..2026-09",2026-09-11
HFO,2026-07,kesin,"TEFAS fiyat serisi, 130 aylık pencere 2021-09..2026-09",2026-09-11
HFR,2025-10,kesin,"TEFAS fiyat serisi, 130 aylık pencere 2021-09..2026-09",2026-09-11
HFV,2022-01,kesin,"TEFAS fiyat serisi, 130 aylık pencere 2021-09..2026-09",2026-09-11
HFY,2025-11,kesin,"TEFAS fiyat serisi, 130 aylık pencere 2021-09..2026-09",2026-09-11
HGC,2022-01,kesin,"TEFAS fiyat serisi, 130 aylık pencere 2021-09..2026-09",2026-09-11
HGH,2022-12,kesin,"TEFAS fiyat serisi, 130 aylık pencere 2021-09..2026-09",2026-09-11
HGJ,2024-12,kesin,"TEFAS fiyat serisi, 130 aylık pencere 2021-09..2026-09",2026-09-11
HGM,2023-06,kesin,"TEFAS fiyat serisi, 130 aylık pencere 2021-09..2026-09",2026-09-11
HGR,2025-10,kesin,"TEFAS fiyat serisi, 130 aylık pencere 2021-09..2026-09",2026-09-11
HGT,2022-04,kesin,"TEFAS fiyat serisi, 130 aylık pencere 2021-09..2026-09",2026-09-11
HGU,2022-12,kesin,"TEFAS fiyat serisi, 130 aylık pencere 2021-09..2026-09",2026-09-11
HGV,2022-06,kesin,"TEFAS fiyat serisi, 130 aylık pencere 2021-09..2026-09",2026-09-11
HIA,2025-07,kesin,"TEFAS fiyat serisi, 130 aylık pencere 2021-09..2026-09",2026-09-11
HIF,2025-12,kesin,"TEFAS fiyat serisi, 130 aylık pencere 2021-09..2026-09",2026-09-11
HIH,2025-06,kesin,"TEFAS fiyat serisi, 130 aylık pencere 2021-09..2026-09",2026-09-11
HII,2021-09,en_gec,"TEFAS fiyat serisi, 130 aylık pencere 2021-09..2026-09",2026-09-11
HIM,2023-06,kesin,"TEFAS fiyat serisi, 130 aylık pencere 2021-09..2026-09",2026-09-11
HIP,2024-10,kesin,"TEFAS fiyat serisi, 130 aylık pencere 2021-09..2026-09",2026-09-11
HIS,2023-03,kesin,"TEFAS fiyat serisi, 130 aylık pencere 2021-09..2026-09",2026-09-11
HIZ,2024-08,kesin,"TEFAS fiyat serisi, 130 aylık pencere 2021-09..2026-09",2026-09-11
HJA,2021-09,en_gec,"TEFAS fiyat serisi, 130 aylık pencere 2021-09..2026-09",2026-09-11
HJB,2023-04,kesin,"TEFAS fiyat serisi, 130 aylık pencere 2021-09..2026-09",2026-09-11
HKG,2024-08,kesin,"TEFAS fiyat serisi, 130 aylık pencere 2021-09..2026-09",2026-09-11
HKH,2022-07,kesin,"TEFAS fiyat serisi, 130 aylık pencere 2021-09..2026-09",2026-09-11
HKJ,2025-11,kesin,"TEFAS fiyat serisi, 130 aylık pencere 2021-09..2026-09",2026-09-11
HKM,2023-04,kesin,"TEFAS fiyat serisi, 130 aylık pencere 2021-09..2026-09",2026-09-11
HKP,2023-06,kesin,"TEFAS fiyat serisi, 130 aylık pencere 2021-09..2026-09",2026-09-11
HKR,2022-12,kesin,"TEFAS fiyat serisi, 130 aylık pencere 2021-09..2026-09",2026-09-11
HKV,2021-09,en_gec,"TEFAS fiyat serisi, 130 aylık pencere 2021-09..2026-09",2026-09-11
HLA,2025-09,kesin,"TEFAS fiyat serisi, 130 aylık pencere 2021-09..2026-09",2026-09-11
HLL,2021-09,en_gec,"TEFAS fiyat serisi, 130 aylık pencere 2021-09..2026-09",2026-09-11
HLR,2021-10,kesin,"TEFAS fiyat serisi, 130 aylık pencere 2021-09..2026-09",2026-09-11
HMC,2021-12,kesin,"TEFAS fiyat serisi, 130 aylık pencere 2021-09..2026-09",2026-09-11
HME,2022-12,kesin,"TEFAS fiyat serisi, 130 aylık pencere 2021-09..2026-09",2026-09-11
HMG,2021-09,en_gec,"TEFAS fiyat serisi, 130 aylık pencere 2021-09..2026-09",2026-09-11
HMK,2021-09,en_gec,"TEFAS fiyat serisi, 130 aylık pencere 2021-09..2026-09",2026-09-11
HML,2025-05,kesin,"TEFAS fiyat serisi, 130 aylık pencere 2021-09..2026-09",2026-09-11
HMS,2021-12,kesin,"TEFAS fiyat serisi, 130 aylık pencere 2021-09..2026-09",2026-09-11
HMT,2021-09,en_gec,"TEFAS fiyat serisi, 130 aylık pencere 2021-09..2026-09",2026-09-11
HMV,2022-06,kesin,"TEFAS fiyat serisi, 130 aylık pencere 2021-09..2026-09",2026-09-11
HNS,2022-12,kesin,"TEFAS fiyat serisi, 130 aylık pencere 2021-09..2026-09",2026-09-11
HOA,2021-09,en_gec,"TEFAS fiyat serisi, 130 aylık pencere 2021-09..2026-09",2026-09-11
HOY,2021-09,en_gec,"TEFAS fiyat serisi, 130 aylık pencere 2021-09..2026-09",2026-09-11
HP3,2023-04,kesin,"TEFAS fiyat serisi, 130 aylık pencere 2021-09..2026-09",2026-09-11
HPC,2021-09,en_gec,"TEFAS fiyat serisi, 130 aylık pencere 2021-09..2026-09",2026-09-11
HPD,2021-09,en_gec,"TEFAS fiyat serisi, 130 aylık pencere 2021-09..2026-09",2026-09-11
HPF,2021-09,en_gec,"TEFAS fiyat serisi, 130 aylık pencere 2021-09..2026-09",2026-09-11
HPH,2024-07,kesin,"TEFAS fiyat serisi, 130 aylık pencere 2021-09..2026-09",2026-09-11
HPI,2021-09,en_gec,"TEFAS fiyat serisi, 130 aylık pencere 2021-09..2026-09",2026-09-11
HPJ,2022-10,kesin,"TEFAS fiyat serisi, 130 aylık pencere 2021-09..2026-09",2026-09-11
HPL,2021-10,kesin,"TEFAS fiyat serisi, 130 aylık pencere 2021-09..2026-09",2026-09-11
HPO,2021-09,en_gec,"TEFAS fiyat serisi, 130 aylık pencere 2021-09..2026-09",2026-09-11
HPT,2021-09,en_gec,"TEFAS fiyat serisi, 130 aylık pencere 2021-09..2026-09",2026-09-11
HPV,2021-09,en_gec,"TEFAS fiyat serisi, 130 aylık pencere 2021-09..2026-09",2026-09-11
HPZ,2021-09,en_gec,"TEFAS fiyat serisi, 130 aylık pencere 2021-09..2026-09",2026-09-11
HRZ,2024-10,kesin,"TEFAS fiyat serisi, 130 aylık pencere 2021-09..2026-09",2026-09-11
HSA,2021-09,en_gec,"TEFAS fiyat serisi, 130 aylık pencere 2021-09..2026-09",2026-09-11
HSL,2021-09,en_gec,"TEFAS fiyat serisi, 130 aylık pencere 2021-09..2026-09",2026-09-11
HSP,2023-11,kesin,"TEFAS fiyat serisi, 130 aylık pencere 2021-09..2026-09",2026-09-11
HST,2021-09,en_gec,"TEFAS fiyat serisi, 130 aylık pencere 2021-09..2026-09",2026-09-11
HTF,2025-09,kesin,"TEFAS fiyat serisi, 130 aylık pencere 2021-09..2026-09",2026-09-11
HTJ,2024-10,kesin,"TEFAS fiyat serisi, 130 aylık pencere 2021-09..2026-09",2026-09-11
HTK,2026-06,kesin,"TEFAS fiyat serisi, 130 aylık pencere 2021-09..2026-09",2026-09-11
HTS,2025-06,kesin,"TEFAS fiyat serisi, 130 aylık pencere 2021-09..2026-09",2026-09-11
HTZ,2022-12,kesin,"TEFAS fiyat serisi, 130 aylık pencere 2021-09..2026-09",2026-09-11
HUI,2022-03,kesin,"TEFAS fiyat serisi, 130 aylık pencere 2021-09..2026-09",2026-09-11
HUS,2023-12,kesin,"TEFAS fiyat serisi, 130 aylık pencere 2021-09..2026-09",2026-09-11
HVA,2022-01,kesin,"TEFAS fiyat serisi, 130 aylık pencere 2021-09..2026-09",2026-09-11
HVB,2022-02,kesin,"TEFAS fiyat serisi, 130 aylık pencere 2021-09..2026-09",2026-09-11
HVC,2022-04,kesin,"TEFAS fiyat serisi, 130 aylık pencere 2021-09..2026-09",2026-09-11
HVI,2025-10,kesin,"TEFAS fiyat serisi, 130 aylık pencere 2021-09..2026-09",2026-09-11
HVK,2022-01,kesin,"TEFAS fiyat serisi, 130 aylık pencere 2021-09..2026-09",2026-09-11
HVL,2022-01,kesin,"TEFAS fiyat serisi, 130 aylık pencere 2021-09..2026-09",2026-09-11
HVN,2022-08,kesin,"TEFAS fiyat serisi, 130 aylık pencere 2021-09..2026-09",2026-09-11
HVS,2021-09,en_gec,"TEFAS fiyat serisi, 130 aylık pencere 2021-09..2026-09",2026-09-11
HVT,2022-08,kesin,"TEFAS fiyat serisi, 130 aylık pencere 2021-09..2026-09",2026-09-11
HVU,2022-08,kesin,"TEFAS fiyat serisi, 130 aylık pencere 2021-09..2026-09",2026-09-11
HVV,2021-09,en_gec,"TEFAS fiyat serisi, 130 aylık pencere 2021-09..2026-09",2026-09-11
HVZ,2022-08,kesin,"TEFAS fiyat serisi, 130 aylık pencere 2021-09..2026-09",2026-09-11
HYK,2021-09,en_gec,"TEFAS fiyat serisi, 130 aylık pencere 2021-09..2026-09",2026-09-11
HYP,2021-09,en_gec,"TEFAS fiyat serisi, 130 aylık pencere 2021-09..2026-09",2026-09-11
HYU,2025-02,kesin,"TEFAS fiyat serisi, 130 aylık pencere 2021-09..2026-09",2026-09-11
HYV,2021-09,en_gec,"TEFAS fiyat serisi, 130 aylık pencere 2021-09..2026-09",2026-09-11
HYY,2021-09,en_gec,"TEFAS fiyat serisi, 130 aylık pencere 2021-09..2026-09",2026-09-11
HZV,2022-05,kesin,"TEFAS fiyat serisi, 130 aylık pencere 2021-09..2026-09",2026-09-11
IAC,2022-05,kesin,"TEFAS fiyat serisi, 130 aylık pencere 2021-09..2026-09",2026-09-11
IAE,2024-05,kesin,"TEFAS fiyat serisi, 130 aylık pencere 2021-09..2026-09",2026-09-11
IAI,2022-06,kesin,"TEFAS fiyat serisi, 130 aylık pencere 2021-09..2026-09",2026-09-11
IAJ,2026-05,kesin,"TEFAS fiyat serisi, 130 aylık pencere 2021-09..2026-09",2026-09-11
IAM,2024-08,kesin,"TEFAS fiyat serisi, 130 aylık pencere 2021-09..2026-09",2026-09-11
IAR,2021-09,en_gec,"TEFAS fiyat serisi, 130 aylık pencere 2021-09..2026-09",2026-09-11
IAS,2021-09,en_gec,"TEFAS fiyat serisi, 130 aylık pencere 2021-09..2026-09",2026-09-11
IAT,2021-09,en_gec,"TEFAS fiyat serisi, 130 aylık pencere 2021-09..2026-09",2026-09-11
IAU,2023-07,kesin,"TEFAS fiyat serisi, 130 aylık pencere 2021-09..2026-09",2026-09-11
IAY,2025-06,kesin,"TEFAS fiyat serisi, 130 aylık pencere 2021-09..2026-09",2026-09-11
IBB,2021-09,en_gec,"TEFAS fiyat serisi, 130 aylık pencere 2021-09..2026-09",2026-09-11
IBC,2021-09,en_gec,"TEFAS fiyat serisi, 130 aylık pencere 2021-09..2026-09",2026-09-11
IBE,2021-09,en_gec,"TEFAS fiyat serisi, 130 aylık pencere 2021-09..2026-09",2026-09-11
IBG,2022-12,kesin,"TEFAS fiyat serisi, 130 aylık pencere 2021-09..2026-09",2026-09-11
IBJ,2022-12,kesin,"TEFAS fiyat serisi, 130 aylık pencere 2021-09..2026-09",2026-09-11
IBK,2021-09,en_gec,"TEFAS fiyat serisi, 130 aylık pencere 2021-09..2026-09",2026-09-11
IBM,2023-04,kesin,"TEFAS fiyat serisi, 130 aylık pencere 2021-09..2026-09",2026-09-11
IBP,2022-05,kesin,"TEFAS fiyat serisi, 130 aylık pencere 2021-09..2026-09",2026-09-11
IBR,2021-09,en_gec,"TEFAS fiyat serisi, 130 aylık pencere 2021-09..2026-09",2026-09-11
ICA,2021-09,en_gec,"TEFAS fiyat serisi, 130 aylık pencere 2021-09..2026-09",2026-09-11
ICC,2021-09,en_gec,"TEFAS fiyat serisi, 130 aylık pencere 2021-09..2026-09",2026-09-11
ICD,2021-09,en_gec,"TEFAS fiyat serisi, 130 aylık pencere 2021-09..2026-09",2026-09-11
ICE,2021-09,en_gec,"TEFAS fiyat serisi, 130 aylık pencere 2021-09..2026-09",2026-09-11
ICF,2021-09,en_gec,"TEFAS fiyat serisi, 130 aylık pencere 2021-09..2026-09",2026-09-11
ICG,2021-09,en_gec,"TEFAS fiyat serisi, 130 aylık pencere 2021-09..2026-09",2026-09-11
ICH,2024-04,kesin,"TEFAS fiyat serisi, 130 aylık pencere 2021-09..2026-09",2026-09-11
ICM,2026-09,kesin,"TEFAS fiyat serisi, 130 aylık pencere 2021-09..2026-09",2026-09-11
ICN,2023-03,kesin,"TEFAS fiyat serisi, 130 aylık pencere 2021-09..2026-09",2026-09-11
ICS,2021-09,en_gec,"TEFAS fiyat serisi, 130 aylık pencere 2021-09..2026-09",2026-09-11
ICV,2021-09,en_gec,"TEFAS fiyat serisi, 130 aylık pencere 2021-09..2026-09",2026-09-11
ICZ,2021-09,en_gec,"TEFAS fiyat serisi, 130 aylık pencere 2021-09..2026-09",2026-09-11
IDD,2021-09,en_gec,"TEFAS fiyat serisi, 130 aylık pencere 2021-09..2026-09",2026-09-11
IDF,2021-09,en_gec,"TEFAS fiyat serisi, 130 aylık pencere 2021-09..2026-09",2026-09-11
IDH,2021-09,en_gec,"TEFAS fiyat serisi, 130 aylık pencere 2021-09..2026-09",2026-09-11
IDI,2025-02,kesin,"TEFAS fiyat serisi, 130 aylık pencere 2021-09..2026-09",2026-09-11
IDL,2021-09,en_gec,"TEFAS fiyat serisi, 130 aylık pencere 2021-09..2026-09",2026-09-11
IDO,2024-04,kesin,"TEFAS fiyat serisi, 130 aylık pencere 2021-09..2026-09",2026-09-11
IDP,2021-09,en_gec,"TEFAS fiyat serisi, 130 aylık pencere 2021-09..2026-09",2026-09-11
IDV,2022-04,kesin,"TEFAS fiyat serisi, 130 aylık pencere 2021-09..2026-09",2026-09-11
IDY,2021-09,en_gec,"TEFAS fiyat serisi, 130 aylık pencere 2021-09..2026-09",2026-09-11
IED,2026-04,kesin,"TEFAS fiyat serisi, 130 aylık pencere 2021-09..2026-09",2026-09-11
IEN,2025-11,kesin,"TEFAS fiyat serisi, 130 aylık pencere 2021-09..2026-09",2026-09-11
IEV,2022-04,kesin,"TEFAS fiyat serisi, 130 aylık pencere 2021-09..2026-09",2026-09-11
IEZ,2022-09,kesin,"TEFAS fiyat serisi, 130 aylık pencere 2021-09..2026-09",2026-09-11
IFD,2023-04,kesin,"TEFAS fiyat serisi, 130 aylık pencere 2021-09..2026-09",2026-09-11
IFN,2022-03,kesin,"TEFAS fiyat serisi, 130 aylık pencere 2021-09..2026-09",2026-09-11
IFV,2022-03,kesin,"TEFAS fiyat serisi, 130 aylık pencere 2021-09..2026-09",2026-09-11
IFY,2021-09,en_gec,"TEFAS fiyat serisi, 130 aylık pencere 2021-09..2026-09",2026-09-11
IGF,2021-12,kesin,"TEFAS fiyat serisi, 130 aylık pencere 2021-09..2026-09",2026-09-11
IGL,2021-09,en_gec,"TEFAS fiyat serisi, 130 aylık pencere 2021-09..2026-09",2026-09-11
IGM,2021-12,kesin,"TEFAS fiyat serisi, 130 aylık pencere 2021-09..2026-09",2026-09-11
IGZ,2021-12,kesin,"TEFAS fiyat serisi, 130 aylık pencere 2021-09..2026-09",2026-09-11
IH1,2026-07,kesin,"TEFAS fiyat serisi, 130 aylık pencere 2021-09..2026-09",2026-09-11
IHA,2023-06,kesin,"TEFAS fiyat serisi, 130 aylık pencere 2021-09..2026-09",2026-09-11
IHC,2022-04,kesin,"TEFAS fiyat serisi, 130 aylık pencere 2021-09..2026-09",2026-09-11
IHE,2022-11,kesin,"TEFAS fiyat serisi, 130 aylık pencere 2021-09..2026-09",2026-09-11
IHK,2021-09,en_gec,"TEFAS fiyat serisi, 130 aylık pencere 2021-09..2026-09",2026-09-11
IHP,2024-08,kesin,"TEFAS fiyat serisi, 130 aylık pencere 2021-09..2026-09",2026-09-11
IHT,2022-10,kesin,"TEFAS fiyat serisi, 130 aylık pencere 2021-09..2026-09",2026-09-11
IHV,2025-06,kesin,"TEFAS fiyat serisi, 130 aylık pencere 2021-09..2026-09",2026-09-11
IHY,2023-01,kesin,"TEFAS fiyat serisi, 130 aylık pencere 2021-09..2026-09",2026-09-11
IHZ,2023-12,kesin,"TEFAS fiyat serisi, 130 aylık pencere 2021-09..2026-09",2026-09-11
IIA,2023-03,kesin,"TEFAS fiyat serisi, 130 aylık pencere 2021-09..2026-09",2026-09-11
IIC,2023-01,kesin,"TEFAS fiyat serisi, 130 aylık pencere 2021-09..2026-09",2026-09-11
IIE,2023-01,kesin,"TEFAS fiyat serisi, 130 aylık pencere 2021-09..2026-09",2026-09-11
IIF,2025-10,kesin,"TEFAS fiyat serisi, 130 aylık pencere 2021-09..2026-09",2026-09-11
IIH,2021-09,en_gec,"TEFAS fiyat serisi, 130 aylık pencere 2021-09..2026-09",2026-09-11
IIN,2025-10,kesin,"TEFAS fiyat serisi, 130 aylık pencere 2021-09..2026-09",2026-09-11
IIS,2021-09,en_gec,"TEFAS fiyat serisi, 130 aylık pencere 2021-09..2026-09",2026-09-11
IJA,2021-09,en_gec,"TEFAS fiyat serisi, 130 aylık pencere 2021-09..2026-09",2026-09-11
IJB,2021-09,en_gec,"TEFAS fiyat serisi, 130 aylık pencere 2021-09..2026-09",2026-09-11
IJC,2021-09,en_gec,"TEFAS fiyat serisi, 130 aylık pencere 2021-09..2026-09",2026-09-11
IJE,2021-09,en_gec,"TEFAS fiyat serisi, 130 aylık pencere 2021-09..2026-09",2026-09-11
IJF,2021-09,en_gec,"TEFAS fiyat serisi, 130 aylık pencere 2021-09..2026-09",2026-09-11
IJH,2021-09,en_gec,"TEFAS fiyat serisi, 130 aylık pencere 2021-09..2026-09",2026-09-11
IJI,2023-01,kesin,"TEFAS fiyat serisi, 130 aylık pencere 2021-09..2026-09",2026-09-11
IJK,2021-09,en_gec,"TEFAS fiyat serisi, 130 aylık pencere 2021-09..2026-09",2026-09-11
IJL,2022-01,kesin,"TEFAS fiyat serisi, 130 aylık pencere 2021-09..2026-09",2026-09-11
IJP,2021-09,en_gec,"TEFAS fiyat serisi, 130 aylık pencere 2021-09..2026-09",2026-09-11
IJS,2021-09,en_gec,"TEFAS fiyat serisi, 130 aylık pencere 2021-09..2026-09",2026-09-11
IJT,2021-09,en_gec,"TEFAS fiyat serisi, 130 aylık pencere 2021-09..2026-09",2026-09-11
IJV,2021-09,en_gec,"TEFAS fiyat serisi, 130 aylık pencere 2021-09..2026-09",2026-09-11
IJZ,2021-09,en_gec,"TEFAS fiyat serisi, 130 aylık pencere 2021-09..2026-09",2026-09-11
IK2,2025-11,kesin,"TEFAS fiyat serisi, 130 aylık pencere 2021-09..2026-09",2026-09-11
IKL,2021-09,en_gec,"TEFAS fiyat serisi, 130 aylık pencere 2021-09..2026-09",2026-09-11
IKP,2021-09,en_gec,"TEFAS fiyat serisi, 130 aylık pencere 2021-09..2026-09",2026-09-11
IKV,2025-07,kesin,"TEFAS fiyat serisi, 130 aylık pencere 2021-09..2026-09",2026-09-11
ILC,2023-03,kesin,"TEFAS fiyat serisi, 130 aylık pencere 2021-09..2026-09",2026-09-11
ILE,2023-04,kesin,"TEFAS fiyat serisi, 130 aylık pencere 2021-09..2026-09",2026-09-11
ILH,2023-05,kesin,"TEFAS fiyat serisi, 130 aylık pencere 2021-09..2026-09",2026-09-11
ILI,2023-04,kesin,"TEFAS fiyat serisi, 130 aylık pencere 2021-09..2026-09",2026-09-11
ILM,2022-05,kesin,"TEFAS fiyat serisi, 130 aylık pencere 2021-09..2026-09",2026-09-11
ILP,2023-06,kesin,"TEFAS fiyat serisi, 130 aylık pencere 2021-09..2026-09",2026-09-11
ILU,2025-07,kesin,"TEFAS fiyat serisi, 130 aylık pencere 2021-09..2026-09",2026-09-11
ILZ,2021-09,en_gec,"TEFAS fiyat serisi, 130 aylık pencere 2021-09..2026-09",2026-09-11
IMB,2025-03,kesin,"TEFAS fiyat serisi, 130 aylık pencere 2021-09..2026-09",2026-09-11
IMF,2021-09,en_gec,"TEFAS fiyat serisi, 130 aylık pencere 2021-09..2026-09",2026-09-11
IMG,2024-08,kesin,"TEFAS fiyat serisi, 130 aylık pencere 2021-09..2026-09",2026-09-11
IMH,2021-09,en_gec,"TEFAS fiyat serisi, 130 aylık pencere 2021-09..2026-09",2026-09-11
IML,2024-11,kesin,"TEFAS fiyat serisi, 130 aylık pencere 2021-09..2026-09",2026-09-11
IMO,2021-09,en_gec,"TEFAS fiyat serisi, 130 aylık pencere 2021-09..2026-09",2026-09-11
IMS,2021-09,en_gec,"TEFAS fiyat serisi, 130 aylık pencere 2021-09..2026-09",2026-09-11
IMT,2021-09,en_gec,"TEFAS fiyat serisi, 130 aylık pencere 2021-09..2026-09",2026-09-11
IMY,2021-09,en_gec,"TEFAS fiyat serisi, 130 aylık pencere 2021-09..2026-09",2026-09-11
IMZ,2021-09,en_gec,"TEFAS fiyat serisi, 130 aylık pencere 2021-09..2026-09",2026-09-11
INH,2021-09,en_gec,"TEFAS fiyat serisi, 130 aylık pencere 2021-09..2026-09",2026-09-11
INV,2022-05,kesin,"TEFAS fiyat serisi, 130 aylık pencere 2021-09..2026-09",2026-09-11
INZ,2022-05,kesin,"TEFAS fiyat serisi, 130 aylık pencere 2021-09..2026-09",2026-09-11
IOG,2021-09,en_gec,"TEFAS fiyat serisi, 130 aylık pencere 2021-09..2026-09",2026-09-11
IOH,2024-01,kesin,"TEFAS fiyat serisi, 130 aylık pencere 2021-09..2026-09",2026-09-11
IOJ,2022-12,kesin,"TEFAS fiyat serisi, 130 aylık pencere 2021-09..2026-09",2026-09-11
IOL,2022-11,kesin,"TEFAS fiyat serisi, 130 aylık pencere 2021-09..2026-09",2026-09-11
IOM,2024-04,kesin,"TEFAS fiyat serisi, 130 aylık pencere 2021-09..2026-09",2026-09-11
ION,2023-05,kesin,"TEFAS fiyat serisi, 130 aylık pencere 2021-09..2026-09",2026-09-11
IOO,2022-06,kesin,"TEFAS fiyat serisi, 130 aylık pencere 2021-09..2026-09",2026-09-11
IOP,2021-09,en_gec,"TEFAS fiyat serisi, 130 aylık pencere 2021-09..2026-09",2026-09-11
IOT,2024-02,kesin,"TEFAS fiyat serisi, 130 aylık pencere 2021-09..2026-09",2026-09-11
IOV,2021-12,kesin,"TEFAS fiyat serisi, 130 aylık pencere 2021-09..2026-09",2026-09-11
IPA,2021-09,en_gec,"TEFAS fiyat serisi, 130 aylık pencere 2021-09..2026-09",2026-09-11
IPB,2021-09,en_gec,"TEFAS fiyat serisi, 130 aylık pencere 2021-09..2026-09",2026-09-11
IPC,2021-09,en_gec,"TEFAS fiyat serisi, 130 aylık pencere 2021-09..2026-09",2026-09-11
IPE,2021-09,en_gec,"TEFAS fiyat serisi, 130 aylık pencere 2021-09..2026-09",2026-09-11
IPF,2021-09,en_gec,"TEFAS fiyat serisi, 130 aylık pencere 2021-09..2026-09",2026-09-11
IPG,2021-09,en_gec,"TEFAS fiyat serisi, 130 aylık pencere 2021-09..2026-09",2026-09-11
IPJ,2021-09,en_gec,"TEFAS fiyat serisi, 130 aylık pencere 2021-09..2026-09",2026-09-11
IPK,2021-09,en_gec,"TEFAS fiyat serisi, 130 aylık pencere 2021-09..2026-09",2026-09-11
IPO,2021-09,en_gec,"TEFAS fiyat serisi, 130 aylık pencere 2021-09..2026-09",2026-09-11
IPP,2021-09,en_gec,"TEFAS fiyat serisi, 130 aylık pencere 2021-09..2026-09",2026-09-11
IPR,2021-09,en_gec,"TEFAS fiyat serisi, 130 aylık pencere 2021-09..2026-09",2026-09-11
IPU,2021-09,en_gec,"TEFAS fiyat serisi, 130 aylık pencere 2021-09..2026-09",2026-09-11
IPV,2021-09,en_gec,"TEFAS fiyat serisi, 130 aylık pencere 2021-09..2026-09",2026-09-11
IRB,2025-12,kesin,"TEFAS fiyat serisi, 130 aylık pencere 2021-09..2026-09",2026-09-11
IRE,2024-02,kesin,"TEFAS fiyat serisi, 130 aylık pencere 2021-09..2026-09",2026-09-11
IRF,2022-06,kesin,"TEFAS fiyat serisi, 130 aylık pencere 2021-09..2026-09",2026-09-11
IRL,2022-02,kesin,"TEFAS fiyat serisi, 130 aylık pencere 2021-09..2026-09",2026-09-11
IRO,2023-11,kesin,"TEFAS fiyat serisi, 130 aylık pencere 2021-09..2026-09",2026-09-11
IRT,2022-01,kesin,"TEFAS fiyat serisi, 130 aylık pencere 2021-09..2026-09",2026-09-11
IRV,2022-02,kesin,"TEFAS fiyat serisi, 130 aylık pencere 2021-09..2026-09",2026-09-11
IRY,2023-05,kesin,"TEFAS fiyat serisi, 130 aylık pencere 2021-09..2026-09",2026-09-11
ISR,2021-09,en_gec,"TEFAS fiyat serisi, 130 aylık pencere 2021-09..2026-09",2026-09-11
ISS,2021-09,en_gec,"TEFAS fiyat serisi, 130 aylık pencere 2021-09..2026-09",2026-09-11
IST,2021-09,en_gec,"TEFAS fiyat serisi, 130 aylık pencere 2021-09..2026-09",2026-09-11
ITA,2023-01,kesin,"TEFAS fiyat serisi, 130 aylık pencere 2021-09..2026-09",2026-09-11
ITC,2026-01,kesin,"TEFAS fiyat serisi, 130 aylık pencere 2021-09..2026-09",2026-09-11
ITD,2022-11,kesin,"TEFAS fiyat serisi, 130 aylık pencere 2021-09..2026-09",2026-09-11
ITJ,2021-09,en_gec,"TEFAS fiyat serisi, 130 aylık pencere 2021-09..2026-09",2026-09-11
ITL,2022-12,kesin,"TEFAS fiyat serisi, 130 aylık pencere 2021-09..2026-09",2026-09-11
ITP,2021-09,en_gec,"TEFAS fiyat serisi, 130 aylık pencere 2021-09..2026-09",2026-09-11
ITR,2022-11,kesin,"TEFAS fiyat serisi, 130 aylık pencere 2021-09..2026-09",2026-09-11
ITV,2022-02,kesin,"TEFAS fiyat serisi, 130 aylık pencere 2021-09..2026-09",2026-09-11
ITZ,2024-02,kesin,"TEFAS fiyat serisi, 130 aylık pencere 2021-09..2026-09",2026-09-11
IUA,2022-08,kesin,"TEFAS fiyat serisi, 130 aylık pencere 2021-09..2026-09",2026-09-11
IUB,2022-08,kesin,"TEFAS fiyat serisi, 130 aylık pencere 2021-09..2026-09",2026-09-11
IUC,2022-06,kesin,"TEFAS fiyat serisi, 130 aylık pencere 2021-09..2026-09",2026-09-11
IUF,2022-03,kesin,"TEFAS fiyat serisi, 130 aylık pencere 2021-09..2026-09",2026-09-11
IUH,2022-06,kesin,"TEFAS fiyat serisi, 130 aylık pencere 2021-09..2026-09",2026-09-11
IUM,2022-03,kesin,"TEFAS fiyat serisi, 130 aylık pencere 2021-09..2026-09",2026-09-11
IUN,2022-03,kesin,"TEFAS fiyat serisi, 130 aylık pencere 2021-09..2026-09",2026-09-11
IUV,2022-03,kesin,"TEFAS fiyat serisi, 130 aylık pencere 2021-09..2026-09",2026-09-11
IUZ,2022-02,kesin,"TEFAS fiyat serisi, 130 aylık pencere 2021-09..2026-09",2026-09-11
IV2,2022-12,kesin,"TEFAS fiyat serisi, 130 aylık pencere 2021-09..2026-09",2026-09-11
IV6,2022-12,kesin,"TEFAS fiyat serisi, 130 aylık pencere 2021-09..2026-09",2026-09-11
IV7,2022-12,kesin,"TEFAS fiyat serisi, 130 aylık pencere 2021-09..2026-09",2026-09-11
IV8,2024-06,kesin,"TEFAS fiyat serisi, 130 aylık pencere 2021-09..2026-09",2026-09-11
IVA,2023-12,kesin,"TEFAS fiyat serisi, 130 aylık pencere 2021-09..2026-09",2026-09-11
IVF,2022-02,kesin,"TEFAS fiyat serisi, 130 aylık pencere 2021-09..2026-09",2026-09-11
IVS,2022-10,kesin,"TEFAS fiyat serisi, 130 aylık pencere 2021-09..2026-09",2026-09-11
IVY,2022-02,kesin,"TEFAS fiyat serisi, 130 aylık pencere 2021-09..2026-09",2026-09-11
IYB,2021-09,en_gec,"TEFAS fiyat serisi, 130 aylık pencere 2021-09..2026-09",2026-09-11
IYP,2021-09,en_gec,"TEFAS fiyat serisi, 130 aylık pencere 2021-09..2026-09",2026-09-11
IYR,2021-09,en_gec,"TEFAS fiyat serisi, 130 aylık pencere 2021-09..2026-09",2026-09-11
IYS,2021-09,en_gec,"TEFAS fiyat serisi, 130 aylık pencere 2021-09..2026-09",2026-09-11
IYV,2025-11,kesin,"TEFAS fiyat serisi, 130 aylık pencere 2021-09..2026-09",2026-09-11
IZA,2023-12,kesin,"TEFAS fiyat serisi, 130 aylık pencere 2021-09..2026-09",2026-09-11
IZB,2021-10,kesin,"TEFAS fiyat serisi, 130 aylık pencere 2021-09..2026-09",2026-09-11
IZE,2021-10,kesin,"TEFAS fiyat serisi, 130 aylık pencere 2021-09..2026-09",2026-09-11
IZL,2022-03,kesin,"TEFAS fiyat serisi, 130 aylık pencere 2021-09..2026-09",2026-09-11
IZS,2021-09,en_gec,"TEFAS fiyat serisi, 130 aylık pencere 2021-09..2026-09",2026-09-11
IZV,2021-09,en_gec,"TEFAS fiyat serisi, 130 aylık pencere 2021-09..2026-09",2026-09-11
IZY,2023-11,kesin,"TEFAS fiyat serisi, 130 aylık pencere 2021-09..2026-09",2026-09-11
JET,2024-04,kesin,"TEFAS fiyat serisi, 130 aylık pencere 2021-09..2026-09",2026-09-11
JOT,2024-04,kesin,"TEFAS fiyat serisi, 130 aylık pencere 2021-09..2026-09",2026-09-11
JUP,2024-09,kesin,"TEFAS fiyat serisi, 130 aylık pencere 2021-09..2026-09",2026-09-11
KAC,2022-08,kesin,"TEFAS fiyat serisi, 130 aylık pencere 2021-09..2026-09",2026-09-11
KAN,2025-06,kesin,"TEFAS fiyat serisi, 130 aylık pencere 2021-09..2026-09",2026-09-11
KAV,2022-07,kesin,"TEFAS fiyat serisi, 130 aylık pencere 2021-09..2026-09",2026-09-11
KBJ,2024-03,kesin,"TEFAS fiyat serisi, 130 aylık pencere 2021-09..2026-09",2026-09-11
KBP,2025-01,kesin,"TEFAS fiyat serisi, 130 aylık pencere 2021-09..2026-09",2026-09-11
KBZ,2025-03,kesin,"TEFAS fiyat serisi, 130 aylık pencere 2021-09..2026-09",2026-09-11
KCL,2025-01,kesin,"TEFAS fiyat serisi, 130 aylık pencere 2021-09..2026-09",2026-09-11
KCR,2026-07,kesin,"TEFAS fiyat serisi, 130 aylık pencere 2021-09..2026-09",2026-09-11
KCV,2022-12,kesin,"TEFAS fiyat serisi, 130 aylık pencere 2021-09..2026-09",2026-09-11
KDE,2025-05,kesin,"TEFAS fiyat serisi, 130 aylık pencere 2021-09..2026-09",2026-09-11
KDI,2024-04,kesin,"TEFAS fiyat serisi, 130 aylık pencere 2021-09..2026-09",2026-09-11
KDK,2023-02,kesin,"TEFAS fiyat serisi, 130 aylık pencere 2021-09..2026-09",2026-09-11
KDL,2022-07,kesin,"TEFAS fiyat serisi, 130 aylık pencere 2021-09..2026-09",2026-09-11
KDO,2025-11,kesin,"TEFAS fiyat serisi, 130 aylık pencere 2021-09..2026-09",2026-09-11
KDS,2023-04,kesin,"TEFAS fiyat serisi, 130 aylık pencere 2021-09..2026-09",2026-09-11
KDT,2024-05,kesin,"TEFAS fiyat serisi, 130 aylık pencere 2021-09..2026-09",2026-09-11
KDV,2024-10,kesin,"TEFAS fiyat serisi, 130 aylık pencere 2021-09..2026-09",2026-09-11
KDZ,2024-02,kesin,"TEFAS fiyat serisi, 130 aylık pencere 2021-09..2026-09",2026-09-11
KEI,2025-02,kesin,"TEFAS fiyat serisi, 130 aylık pencere 2021-09..2026-09",2026-09-11
KEO,2025-02,kesin,"TEFAS fiyat serisi, 130 aylık pencere 2021-09..2026-09",2026-09-11
KEU,2024-10,kesin,"TEFAS fiyat serisi, 130 aylık pencere 2021-09..2026-09",2026-09-11
KFZ,2024-04,kesin,"TEFAS fiyat serisi, 130 aylık pencere 2021-09..2026-09",2026-09-11
KGM,2024-09,kesin,"TEFAS fiyat serisi, 130 aylık pencere 2021-09..2026-09",2026-09-11
KH1,2025-08,kesin,"TEFAS fiyat serisi, 130 aylık pencere 2021-09..2026-09",2026-09-11
KHA,2024-02,kesin,"TEFAS fiyat serisi, 130 aylık pencere 2021-09..2026-09",2026-09-11
KHB,2025-01,kesin,"TEFAS fiyat serisi, 130 aylık pencere 2021-09..2026-09",2026-09-11
KHC,2024-02,kesin,"TEFAS fiyat serisi, 130 aylık pencere 2021-09..2026-09",2026-09-11
KHD,2025-09,kesin,"TEFAS fiyat serisi, 130 aylık pencere 2021-09..2026-09",2026-09-11
KHF,2025-02,kesin,"TEFAS fiyat serisi, 130 aylık pencere 2021-09..2026-09",2026-09-11
KHJ,2024-07,kesin,"TEFAS fiyat serisi, 130 aylık pencere 2021-09..2026-09",2026-09-11
KHP,2026-04,kesin,"TEFAS fiyat serisi, 130 aylık pencere 2021-09..2026-09",2026-09-11
KHT,2023-02,kesin,"TEFAS fiyat serisi, 130 aylık pencere 2021-09..2026-09",2026-09-11
KHU,2022-02,kesin,"TEFAS fiyat serisi, 130 aylık pencere 2021-09..2026-09",2026-09-11
KIA,2022-10,kesin,"TEFAS fiyat serisi, 130 aylık pencere 2021-09..2026-09",2026-09-11
KIB,2022-11,kesin,"TEFAS fiyat serisi, 130 aylık pencere 2021-09..2026-09",2026-09-11
KIE,2022-08,kesin,"TEFAS fiyat serisi, 130 aylık pencere 2021-09..2026-09",2026-09-11
KIH,2025-03,kesin,"TEFAS fiyat serisi, 130 aylık pencere 2021-09..2026-09",2026-09-11
KIK,2025-08,kesin,"TEFAS fiyat serisi, 130 aylık pencere 2021-09..2026-09",2026-09-11
KIS,2021-09,en_gec,"TEFAS fiyat serisi, 130 aylık pencere 2021-09..2026-09",2026-09-11
KJK,2021-09,en_gec,"TEFAS fiyat serisi, 130 aylık pencere 2021-09..2026-09",2026-09-11
KKB,2022-02,kesin,"TEFAS fiyat serisi, 130 aylık pencere 2021-09..2026-09",2026-09-11
KKC,2025-03,kesin,"TEFAS fiyat serisi, 130 aylık pencere 2021-09..2026-09",2026-09-11
KKE,2023-11,kesin,"TEFAS fiyat serisi, 130 aylık pencere 2021-09..2026-09",2026-09-11
KKH,2021-09,en_gec,"TEFAS fiyat serisi, 130 aylık pencere 2021-09..2026-09",2026-09-11
KKL,2024-08,kesin,"TEFAS fiyat serisi, 130 aylık pencere 2021-09..2026-09",2026-09-11
KKO,2024-09,kesin,"TEFAS fiyat serisi, 130 aylık pencere 2021-09..2026-09",2026-09-11
KKP,2024-06,kesin,"TEFAS fiyat serisi, 130 aylık pencere 2021-09..2026-09",2026-09-11
KKT,2023-09,kesin,"TEFAS fiyat serisi, 130 aylık pencere 2021-09..2026-09",2026-09-11
KLH,2024-07,kesin,"TEFAS fiyat serisi, 130 aylık pencere 2021-09..2026-09",2026-09-11
KLI,2025-12,kesin,"TEFAS fiyat serisi, 130 aylık pencere 2021-09..2026-09",2026-09-11
KLL,2023-01,kesin,"TEFAS fiyat serisi, 130 aylık pencere 2021-09..2026-09",2026-09-11
KLM,2022-12,kesin,"TEFAS fiyat serisi, 130 aylık pencere 2021-09..2026-09",2026-09-11
KLS,2025-03,kesin,"TEFAS fiyat serisi, 130 aylık pencere 2021-09..2026-09",2026-09-11
KLU,2021-09,en_gec,"TEFAS fiyat serisi, 130 aylık pencere 2021-09..2026-09",2026-09-11
KMA,2023-01,kesin,"TEFAS fiyat serisi, 130 aylık pencere 2021-09..2026-09",2026-09-11
KME,2025-05,kesin,"TEFAS fiyat serisi, 130 aylık pencere 2021-09..2026-09",2026-09-11
KMF,2023-12,kesin,"TEFAS fiyat serisi, 130 aylık pencere 2021-09..2026-09",2026-09-11
KMN,2026-02,kesin,"TEFAS fiyat serisi, 130 aylık pencere 2021-09..2026-09",2026-09-11
KMT,2023-07,kesin,"TEFAS fiyat serisi, 130 aylık pencere 2021-09..2026-09",2026-09-11
KNC,2022-08,kesin,"TEFAS fiyat serisi, 130 aylık pencere 2021-09..2026-09",2026-09-11
KNI,2025-10,kesin,"TEFAS fiyat serisi, 130 aylık pencere 2021-09..2026-09",2026-09-11
KNJ,2024-03,kesin,"TEFAS fiyat serisi, 130 aylık pencere 2021-09..2026-09",2026-09-11
KNN,2025-08,kesin,"TEFAS fiyat serisi, 130 aylık pencere 2021-09..2026-09",2026-09-11
KNP,2022-07,kesin,"TEFAS fiyat serisi, 130 aylık pencere 2021-09..2026-09",2026-09-11
KNS,2022-09,kesin,"TEFAS fiyat serisi, 130 aylık pencere 2021-09..2026-09",2026-09-11
KNT,2022-07,kesin,"TEFAS fiyat serisi, 130 aylık pencere 2021-09..2026-09",2026-09-11
KNV,2022-07,kesin,"TEFAS fiyat serisi, 130 aylık pencere 2021-09..2026-09",2026-09-11
KNZ,2022-07,kesin,"TEFAS fiyat serisi, 130 aylık pencere 2021-09..2026-09",2026-09-11
KO4,2025-09,kesin,"TEFAS fiyat serisi, 130 aylık pencere 2021-09..2026-09",2026-09-11
KOB,2025-09,kesin,"TEFAS fiyat serisi, 130 aylık pencere 2021-09..2026-09",2026-09-11
KOD,2026-05,kesin,"TEFAS fiyat serisi, 130 aylık pencere 2021-09..2026-09",2026-09-11
KOP,2021-09,en_gec,"TEFAS fiyat serisi, 130 aylık pencere 2021-09..2026-09",2026-09-11
KOT,2025-04,kesin,"TEFAS fiyat serisi, 130 aylık pencere 2021-09..2026-09",2026-09-11
KOZ,2023-02,kesin,"TEFAS fiyat serisi, 130 aylık pencere 2021-09..2026-09",2026-09-11
KP3,2025-03,kesin,"TEFAS fiyat serisi, 130 aylık pencere 2021-09..2026-09",2026-09-11
KPA,2024-09,kesin,"TEFAS fiyat serisi, 130 aylık pencere 2021-09..2026-09",2026-09-11
KPB,2021-09,en_gec,"TEFAS fiyat serisi, 130 aylık pencere 2021-09..2026-09",2026-09-11
KPC,2021-09,en_gec,"TEFAS fiyat serisi, 130 aylık pencere 2021-09..2026-09",2026-09-11
KPD,2024-11,kesin,"TEFAS fiyat serisi, 130 aylık pencere 2021-09..2026-09",2026-09-11
KPF,2025-04,kesin,"TEFAS fiyat serisi, 130 aylık pencere 2021-09..2026-09",2026-09-11
KPH,2024-07,kesin,"TEFAS fiyat serisi, 130 aylık pencere 2021-09..2026-09",2026-09-11
KPI,2025-08,kesin,"TEFAS fiyat serisi, 130 aylık pencere 2021-09..2026-09",2026-09-11
KPK,2021-09,en_gec,"TEFAS fiyat serisi, 130 aylık pencere 2021-09..2026-09",2026-09-11
KPM,2026-07,kesin,"TEFAS fiyat serisi, 130 aylık pencere 2021-09..2026-09",2026-09-11
KPP,2024-01,kesin,"TEFAS fiyat serisi, 130 aylık pencere 2021-09..2026-09",2026-09-11
KPR,2025-01,kesin,"TEFAS fiyat serisi, 130 aylık pencere 2021-09..2026-09",2026-09-11
KPS,2024-12,kesin,"TEFAS fiyat serisi, 130 aylık pencere 2021-09..2026-09",2026-09-11
KPU,2023-05,kesin,"TEFAS fiyat serisi, 130 aylık pencere 2021-09..2026-09",2026-09-11
KRC,2021-09,en_gec,"TEFAS fiyat serisi, 130 aylık pencere 2021-09..2026-09",2026-09-11
KRF,2021-09,en_gec,"TEFAS fiyat serisi, 130 aylık pencere 2021-09..2026-09",2026-09-11
KRH,2025-10,kesin,"TEFAS fiyat serisi, 130 aylık pencere 2021-09..2026-09",2026-09-11
KRO,2024-02,kesin,"TEFAS fiyat serisi, 130 aylık pencere 2021-09..2026-09",2026-09-11
KRR,2026-03,kesin,"TEFAS fiyat serisi, 130 aylık pencere 2021-09..2026-09",2026-09-11
KRS,2021-09,en_gec,"TEFAS fiyat serisi, 130 aylık pencere 2021-09..2026-09",2026-09-11
KRT,2021-09,en_gec,"TEFAS fiyat serisi, 130 aylık pencere 2021-09..2026-09",2026-09-11
KRV,2024-01,kesin,"TEFAS fiyat serisi, 130 aylık pencere 2021-09..2026-09",2026-09-11
KSA,2023-06,kesin,"TEFAS fiyat serisi, 130 aylık pencere 2021-09..2026-09",2026-09-11
KSC,2025-09,kesin,"TEFAS fiyat serisi, 130 aylık pencere 2021-09..2026-09",2026-09-11
KSD,2021-09,en_gec,"TEFAS fiyat serisi, 130 aylık pencere 2021-09..2026-09",2026-09-11
KSK,2024-01,kesin,"TEFAS fiyat serisi, 130 aylık pencere 2021-09..2026-09",2026-09-11
KSL,2024-05,kesin,"TEFAS fiyat serisi, 130 aylık pencere 2021-09..2026-09",2026-09-11
KSM,2024-05,kesin,"TEFAS fiyat serisi, 130 aylık pencere 2021-09..2026-09",2026-09-11
KSP,2025-06,kesin,"TEFAS fiyat serisi, 130 aylık pencere 2021-09..2026-09",2026-09-11
KSR,2021-10,kesin,"TEFAS fiyat serisi, 130 aylık pencere 2021-09..2026-09",2026-09-11
KST,2023-12,kesin,"TEFAS fiyat serisi, 130 aylık pencere 2021-09..2026-09",2026-09-11
KSV,2021-09,en_gec,"TEFAS fiyat serisi, 130 aylık pencere 2021-09..2026-09",2026-09-11
KSY,2021-09,en_gec,"TEFAS fiyat serisi, 130 aylık pencere 2021-09..2026-09",2026-09-11
KTE,2021-09,en_gec,"TEFAS fiyat serisi, 130 aylık pencere 2021-09..2026-09",2026-09-11
KTI,2023-11,kesin,"TEFAS fiyat serisi, 130 aylık pencere 2021-09..2026-09",2026-09-11
KTJ,2024-03,kesin,"TEFAS fiyat serisi, 130 aylık pencere 2021-09..2026-09",2026-09-11
KTM,2021-09,en_gec,"TEFAS fiyat serisi, 130 aylık pencere 2021-09..2026-09",2026-09-11
KTN,2021-09,en_gec,"TEFAS fiyat serisi, 130 aylık pencere 2021-09..2026-09",2026-09-11
KTR,2021-09,en_gec,"TEFAS fiyat serisi, 130 aylık pencere 2021-09..2026-09",2026-09-11
KTS,2021-09,en_gec,"TEFAS fiyat serisi, 130 aylık pencere 2021-09..2026-09",2026-09-11
KTT,2021-09,en_gec,"TEFAS fiyat serisi, 130 aylık pencere 2021-09..2026-09",2026-09-11
KTU,2021-09,en_gec,"TEFAS fiyat serisi, 130 aylık pencere 2021-09..2026-09",2026-09-11
KTV,2021-09,en_gec,"TEFAS fiyat serisi, 130 aylık pencere 2021-09..2026-09",2026-09-11
KU3,2026-04,kesin,"TEFAS fiyat serisi, 130 aylık pencere 2021-09..2026-09",2026-09-11
KUA,2025-05,kesin,"TEFAS fiyat serisi, 130 aylık pencere 2021-09..2026-09",2026-09-11
KUB,2021-09,en_gec,"TEFAS fiyat serisi, 130 aylık pencere 2021-09..2026-09",2026-09-11
KUD,2025-05,kesin,"TEFAS fiyat serisi, 130 aylık pencere 2021-09..2026-09",2026-09-11
KUP,2024-07,kesin,"TEFAS fiyat serisi, 130 aylık pencere 2021-09..2026-09",2026-09-11
KUT,2021-10,kesin,"TEFAS fiyat serisi, 130 aylık pencere 2021-09..2026-09",2026-09-11
KVA,2025-03,kesin,"TEFAS fiyat serisi, 130 aylık pencere 2021-09..2026-09",2026-09-11
KVK,2025-11,kesin,"TEFAS fiyat serisi, 130 aylık pencere 2021-09..2026-09",2026-09-11
KVR,2025-12,kesin,"TEFAS fiyat serisi, 130 aylık pencere 2021-09..2026-09",2026-09-11
KVS,2023-05,kesin,"TEFAS fiyat serisi, 130 aylık pencere 2021-09..2026-09",2026-09-11
KVT,2024-12,kesin,"TEFAS fiyat serisi, 130 aylık pencere 2021-09..2026-09",2026-09-11
KYA,2021-09,en_gec,"TEFAS fiyat serisi, 130 aylık pencere 2021-09..2026-09",2026-09-11
KYR,2024-01,kesin,"TEFAS fiyat serisi, 130 aylık pencere 2021-09..2026-09",2026-09-11
KYS,2025-06,kesin,"TEFAS fiyat serisi, 130 aylık pencere 2021-09..2026-09",2026-09-11
KZL,2021-09,en_gec,"TEFAS fiyat serisi, 130 aylık pencere 2021-09..2026-09",2026-09-11
KZO,2025-11,kesin,"TEFAS fiyat serisi, 130 aylık pencere 2021-09..2026-09",2026-09-11
KZU,2024-07,kesin,"TEFAS fiyat serisi, 130 aylık pencere 2021-09..2026-09",2026-09-11
LAI,2024-07,kesin,"TEFAS fiyat serisi, 130 aylık pencere 2021-09..2026-09",2026-09-11
LET,2024-01,kesin,"TEFAS fiyat serisi, 130 aylık pencere 2021-09..2026-09",2026-09-11
LFD,2021-11,kesin,"TEFAS fiyat serisi, 130 aylık pencere 2021-09..2026-09",2026-09-11
LGK,2025-08,kesin,"TEFAS fiyat serisi, 130 aylık pencere 2021-09..2026-09",2026-09-11
LGO,2023-10,kesin,"TEFAS fiyat serisi, 130 aylık pencere 2021-09..2026-09",2026-09-11
LHM,2021-09,en_gec,"TEFAS fiyat serisi, 130 aylık pencere 2021-09..2026-09",2026-09-11
LHP,2021-09,en_gec,"TEFAS fiyat serisi, 130 aylık pencere 2021-09..2026-09",2026-09-11
LKF,2026-06,kesin,"TEFAS fiyat serisi, 130 aylık pencere 2021-09..2026-09",2026-09-11
LKT,2025-01,kesin,"TEFAS fiyat serisi, 130 aylık pencere 2021-09..2026-09",2026-09-11
LLA,2023-08,kesin,"TEFAS fiyat serisi, 130 aylık pencere 2021-09..2026-09",2026-09-11
LPH,2024-11,kesin,"TEFAS fiyat serisi, 130 aylık pencere 2021-09..2026-09",2026-09-11
LRT,2023-07,kesin,"TEFAS fiyat serisi, 130 aylık pencere 2021-09..2026-09",2026-09-11
LTC,2025-04,kesin,"TEFAS fiyat serisi, 130 aylık pencere 2021-09..2026-09",2026-09-11
LTL,2026-06,kesin,"TEFAS fiyat serisi, 130 aylık pencere 2021-09..2026-09",2026-09-11
LTS,2024-12,kesin,"TEFAS fiyat serisi, 130 aylık pencere 2021-09..2026-09",2026-09-11
LZV,2022-01,kesin,"TEFAS fiyat serisi, 130 aylık pencere 2021-09..2026-09",2026-09-11
MAC,2021-09,en_gec,"TEFAS fiyat serisi, 130 aylık pencere 2021-09..2026-09",2026-09-11
MAD,2021-09,en_gec,"TEFAS fiyat serisi, 130 aylık pencere 2021-09..2026-09",2026-09-11
MAS,2021-09,en_gec,"TEFAS fiyat serisi, 130 aylık pencere 2021-09..2026-09",2026-09-11
MAV,2024-01,kesin,"TEFAS fiyat serisi, 130 aylık pencere 2021-09..2026-09",2026-09-11
MBL,2021-09,en_gec,"TEFAS fiyat serisi, 130 aylık pencere 2021-09..2026-09",2026-09-11
MBR,2025-04,kesin,"TEFAS fiyat serisi, 130 aylık pencere 2021-09..2026-09",2026-09-11
MCU,2025-07,kesin,"TEFAS fiyat serisi, 130 aylık pencere 2021-09..2026-09",2026-09-11
MD1,2024-12,kesin,"TEFAS fiyat serisi, 130 aylık pencere 2021-09..2026-09",2026-09-11
MD2,2025-01,kesin,"TEFAS fiyat serisi, 130 aylık pencere 2021-09..2026-09",2026-09-11
MDF,2025-09,kesin,"TEFAS fiyat serisi, 130 aylık pencere 2021-09..2026-09",2026-09-11
MET,2022-03,kesin,"TEFAS fiyat serisi, 130 aylık pencere 2021-09..2026-09",2026-09-11
MGB,2025-02,kesin,"TEFAS fiyat serisi, 130 aylık pencere 2021-09..2026-09",2026-09-11
MGD,2024-08,kesin,"TEFAS fiyat serisi, 130 aylık pencere 2021-09..2026-09",2026-09-11
MGE,2023-11,kesin,"TEFAS fiyat serisi, 130 aylık pencere 2021-09..2026-09",2026-09-11
MGH,2024-03,kesin,"TEFAS fiyat serisi, 130 aylık pencere 2021-09..2026-09",2026-09-11
MHF,2025-04,kesin,"TEFAS fiyat serisi, 130 aylık pencere 2021-09..2026-09",2026-09-11
MIK,2025-09,kesin,"TEFAS fiyat serisi, 130 aylık pencere 2021-09..2026-09",2026-09-11
MJB,2021-10,kesin,"TEFAS fiyat serisi, 130 aylık pencere 2021-09..2026-09",2026-09-11
MJE,2023-04,kesin,"TEFAS fiyat serisi, 130 aylık pencere 2021-09..2026-09",2026-09-11
MJG,2021-09,en_gec,"TEFAS fiyat serisi, 130 aylık pencere 2021-09..2026-09",2026-09-11
MJH,2021-09,en_gec,"TEFAS fiyat serisi, 130 aylık pencere 2021-09..2026-09",2026-09-11
MJK,2021-09,en_gec,"TEFAS fiyat serisi, 130 aylık pencere 2021-09..2026-09",2026-09-11
MJL,2021-09,en_gec,"TEFAS fiyat serisi, 130 aylık pencere 2021-09..2026-09",2026-09-11
MKA,2025-01,kesin,"TEFAS fiyat serisi, 130 aylık pencere 2021-09..2026-09",2026-09-11
MKG,2021-09,en_gec,"TEFAS fiyat serisi, 130 aylık pencere 2021-09..2026-09",2026-09-11
MKL,2023-09,kesin,"TEFAS fiyat serisi, 130 aylık pencere 2021-09..2026-09",2026-09-11
MLK,2025-09,kesin,"TEFAS fiyat serisi, 130 aylık pencere 2021-09..2026-09",2026-09-11
MLS,2021-09,en_gec,"TEFAS fiyat serisi, 130 aylık pencere 2021-09..2026-09",2026-09-11
MLT,2025-09,kesin,"TEFAS fiyat serisi, 130 aylık pencere 2021-09..2026-09",2026-09-11
MMH,2021-09,en_gec,"TEFAS fiyat serisi, 130 aylık pencere 2021-09..2026-09",2026-09-11
MOD,2023-12,kesin,"TEFAS fiyat serisi, 130 aylık pencere 2021-09..2026-09",2026-09-11
MOZ,2025-11,kesin,"TEFAS fiyat serisi, 130 aylık pencere 2021-09..2026-09",2026-09-11
MP2,2025-05,kesin,"TEFAS fiyat serisi, 130 aylık pencere 2021-09..2026-09",2026-09-11
MP4,2025-06,kesin,"TEFAS fiyat serisi, 130 aylık pencere 2021-09..2026-09",2026-09-11
MPD,2021-09,en_gec,"TEFAS fiyat serisi, 130 aylık pencere 2021-09..2026-09",2026-09-11
MPE,2025-08,kesin,"TEFAS fiyat serisi, 130 aylık pencere 2021-09..2026-09",2026-09-11
MPF,2021-09,en_gec,"TEFAS fiyat serisi, 130 aylık pencere 2021-09..2026-09",2026-09-11
MPI,2023-11,kesin,"TEFAS fiyat serisi, 130 aylık pencere 2021-09..2026-09",2026-09-11
MPK,2021-09,en_gec,"TEFAS fiyat serisi, 130 aylık pencere 2021-09..2026-09",2026-09-11
MPL,2024-12,kesin,"TEFAS fiyat serisi, 130 aylık pencere 2021-09..2026-09",2026-09-11
MPN,2021-10,kesin,"TEFAS fiyat serisi, 130 aylık pencere 2021-09..2026-09",2026-09-11
MPP,2021-09,en_gec,"TEFAS fiyat serisi, 130 aylık pencere 2021-09..2026-09",2026-09-11
MPS,2021-09,en_gec,"TEFAS fiyat serisi, 130 aylık pencere 2021-09..2026-09",2026-09-11
MRI,2024-09,kesin,"TEFAS fiyat serisi, 130 aylık pencere 2021-09..2026-09",2026-09-11
MSK,2023-06,kesin,"TEFAS fiyat serisi, 130 aylık pencere 2021-09..2026-09",2026-09-11
MSO,2023-12,kesin,"TEFAS fiyat serisi, 130 aylık pencere 2021-09..2026-09",2026-09-11
MSR,2024-03,kesin,"TEFAS fiyat serisi, 130 aylık pencere 2021-09..2026-09",2026-09-11
MT1,2025-01,kesin,"TEFAS fiyat serisi, 130 aylık pencere 2021-09..2026-09",2026-09-11
MT2,2025-11,kesin,"TEFAS fiyat serisi, 130 aylık pencere 2021-09..2026-09",2026-09-11
MT5,2025-10,kesin,"TEFAS fiyat serisi, 130 aylık pencere 2021-09..2026-09",2026-09-11
MT6,2025-08,kesin,"TEFAS fiyat serisi, 130 aylık pencere 2021-09..2026-09",2026-09-11
MT7,2025-11,kesin,"TEFAS fiyat serisi, 130 aylık pencere 2021-09..2026-09",2026-09-11
MT8,2025-12,kesin,"TEFAS fiyat serisi, 130 aylık pencere 2021-09..2026-09",2026-09-11
MT9,2025-12,kesin,"TEFAS fiyat serisi, 130 aylık pencere 2021-09..2026-09",2026-09-11
MTD,2025-11,kesin,"TEFAS fiyat serisi, 130 aylık pencere 2021-09..2026-09",2026-09-11
MTE,2025-02,kesin,"TEFAS fiyat serisi, 130 aylık pencere 2021-09..2026-09",2026-09-11
MTF,2025-05,kesin,"TEFAS fiyat serisi, 130 aylık pencere 2021-09..2026-09",2026-09-11
MTG,2024-12,kesin,"TEFAS fiyat serisi, 130 aylık pencere 2021-09..2026-09",2026-09-11
MTH,2024-12,kesin,"TEFAS fiyat serisi, 130 aylık pencere 2021-09..2026-09",2026-09-11
MTI,2024-09,kesin,"TEFAS fiyat serisi, 130 aylık pencere 2021-09..2026-09",2026-09-11
MTK,2025-06,kesin,"TEFAS fiyat serisi, 130 aylık pencere 2021-09..2026-09",2026-09-11
MTL,2025-07,kesin,"TEFAS fiyat serisi, 130 aylık pencere 2021-09..2026-09",2026-09-11
MTS,2023-03,kesin,"TEFAS fiyat serisi, 130 aylık pencere 2021-09..2026-09",2026-09-11
MTU,2025-05,kesin,"TEFAS fiyat serisi, 130 aylık pencere 2021-09..2026-09",2026-09-11
MTV,2022-04,kesin,"TEFAS fiyat serisi, 130 aylık pencere 2021-09..2026-09",2026-09-11
MTX,2022-04,kesin,"TEFAS fiyat serisi, 130 aylık pencere 2021-09..2026-09",2026-09-11
MUL,2024-12,kesin,"TEFAS fiyat serisi, 130 aylık pencere 2021-09..2026-09",2026-09-11
MUT,2024-08,kesin,"TEFAS fiyat serisi, 130 aylık pencere 2021-09..2026-09",2026-09-11
NAK,2026-01,kesin,"TEFAS fiyat serisi, 130 aylık pencere 2021-09..2026-09",2026-09-11
NAL,2025-09,kesin,"TEFAS fiyat serisi, 130 aylık pencere 2021-09..2026-09",2026-09-11
NAU,2024-03,kesin,"TEFAS fiyat serisi, 130 aylık pencere 2021-09..2026-09",2026-09-11
NAV,2026-06,kesin,"TEFAS fiyat serisi, 130 aylık pencere 2021-09..2026-09",2026-09-11
NBE,2025-02,kesin,"TEFAS fiyat serisi, 130 aylık pencere 2021-09..2026-09",2026-09-11
NBH,2021-09,en_gec,"TEFAS fiyat serisi, 130 aylık pencere 2021-09..2026-09",2026-09-11
NBO,2025-09,kesin,"TEFAS fiyat serisi, 130 aylık pencere 2021-09..2026-09",2026-09-11
NBZ,2021-09,en_gec,"TEFAS fiyat serisi, 130 aylık pencere 2021-09..2026-09",2026-09-11
NCS,2023-06,kesin,"TEFAS fiyat serisi, 130 aylık pencere 2021-09..2026-09",2026-09-11
NCU,2025-03,kesin,"TEFAS fiyat serisi, 130 aylık pencere 2021-09..2026-09",2026-09-11
NDL,2023-03,kesin,"TEFAS fiyat serisi, 130 aylık pencere 2021-09..2026-09",2026-09-11
NDS,2025-01,kesin,"TEFAS fiyat serisi, 130 aylık pencere 2021-09..2026-09",2026-09-11
NES,2024-05,kesin,"TEFAS fiyat serisi, 130 aylık pencere 2021-09..2026-09",2026-09-11
NFF,2025-01,kesin,"TEFAS fiyat serisi, 130 aylık pencere 2021-09..2026-09",2026-09-11
NFH,2024-10,kesin,"TEFAS fiyat serisi, 130 aylık pencere 2021-09..2026-09",2026-09-11
NFK,2023-02,kesin,"TEFAS fiyat serisi, 130 aylık pencere 2021-09..2026-09",2026-09-11
NHP,2022-04,kesin,"TEFAS fiyat serisi, 130 aylık pencere 2021-09..2026-09",2026-09-11
NHT,2023-02,kesin,"TEFAS fiyat serisi, 130 aylık pencere 2021-09..2026-09",2026-09-11
NHV,2022-10,kesin,"TEFAS fiyat serisi, 130 aylık pencere 2021-09..2026-09",2026-09-11
NHY,2022-08,kesin,"TEFAS fiyat serisi, 130 aylık pencere 2021-09..2026-09",2026-09-11
NIG,2021-12,kesin,"TEFAS fiyat serisi, 130 aylık pencere 2021-09..2026-09",2026-09-11
NIS,2025-04,kesin,"TEFAS fiyat serisi, 130 aylık pencere 2021-09..2026-09",2026-09-11
NJF,2021-10,kesin,"TEFAS fiyat serisi, 130 aylık pencere 2021-09..2026-09",2026-09-11
NJG,2021-10,kesin,"TEFAS fiyat serisi, 130 aylık pencere 2021-09..2026-09",2026-09-11
NJR,2021-09,en_gec,"TEFAS fiyat serisi, 130 aylık pencere 2021-09..2026-09",2026-09-11
NJY,2021-10,kesin,"TEFAS fiyat serisi, 130 aylık pencere 2021-09..2026-09",2026-09-11
NKA,2025-04,kesin,"TEFAS fiyat serisi, 130 aylık pencere 2021-09..2026-09",2026-09-11
NKC,2025-08,kesin,"TEFAS fiyat serisi, 130 aylık pencere 2021-09..2026-09",2026-09-11
NKH,2025-03,kesin,"TEFAS fiyat serisi, 130 aylık pencere 2021-09..2026-09",2026-09-11
NKJ,2021-09,en_gec,"TEFAS fiyat serisi, 130 aylık pencere 2021-09..2026-09",2026-09-11
NKK,2022-05,kesin,"TEFAS fiyat serisi, 130 aylık pencere 2021-09..2026-09",2026-09-11
NKL,2023-09,kesin,"TEFAS fiyat serisi, 130 aylık pencere 2021-09..2026-09",2026-09-11
NKM,2026-02,kesin,"TEFAS fiyat serisi, 130 aylık pencere 2021-09..2026-09",2026-09-11
NKP,2025-07,kesin,"TEFAS fiyat serisi, 130 aylık pencere 2021-09..2026-09",2026-09-11
NKS,2023-04,kesin,"TEFAS fiyat serisi, 130 aylık pencere 2021-09..2026-09",2026-09-11
NKT,2025-12,kesin,"TEFAS fiyat serisi, 130 aylık pencere 2021-09..2026-09",2026-09-11
NKV,2024-08,kesin,"TEFAS fiyat serisi, 130 aylık pencere 2021-09..2026-09",2026-09-11
NLC,2025-01,kesin,"TEFAS fiyat serisi, 130 aylık pencere 2021-09..2026-09",2026-09-11
NLD,2025-05,kesin,"TEFAS fiyat serisi, 130 aylık pencere 2021-09..2026-09",2026-09-11
NLE,2025-05,kesin,"TEFAS fiyat serisi, 130 aylık pencere 2021-09..2026-09",2026-09-11
NLK,2025-02,kesin,"TEFAS fiyat serisi, 130 aylık pencere 2021-09..2026-09",2026-09-11
NLL,2025-10,kesin,"TEFAS fiyat serisi, 130 aylık pencere 2021-09..2026-09",2026-09-11
NME,2025-03,kesin,"TEFAS fiyat serisi, 130 aylık pencere 2021-09..2026-09",2026-09-11
NMG,2024-05,kesin,"TEFAS fiyat serisi, 130 aylık pencere 2021-09..2026-09",2026-09-11
NMP,2026-08,kesin,"TEFAS fiyat serisi, 130 aylık pencere 2021-09..2026-09",2026-09-11
NMU,2025-12,kesin,"TEFAS fiyat serisi, 130 aylık pencere 2021-09..2026-09",2026-09-11
NNF,2021-09,en_gec,"TEFAS fiyat serisi, 130 aylık pencere 2021-09..2026-09",2026-09-11
NOA,2025-01,kesin,"TEFAS fiyat serisi, 130 aylık pencere 2021-09..2026-09",2026-09-11
NOI,2025-07,kesin,"TEFAS fiyat serisi, 130 aylık pencere 2021-09..2026-09",2026-09-11
NOV,2023-03,kesin,"TEFAS fiyat serisi, 130 aylık pencere 2021-09..2026-09",2026-09-11
NP1,2023-02,kesin,"TEFAS fiyat serisi, 130 aylık pencere 2021-09..2026-09",2026-09-11
NPH,2024-10,kesin,"TEFAS fiyat serisi, 130 aylık pencere 2021-09..2026-09",2026-09-11
NPK,2025-01,kesin,"TEFAS fiyat serisi, 130 aylık pencere 2021-09..2026-09",2026-09-11
NRC,2021-11,kesin,"TEFAS fiyat serisi, 130 aylık pencere 2021-09..2026-09",2026-09-11
NRG,2021-11,kesin,"TEFAS fiyat serisi, 130 aylık pencere 2021-09..2026-09",2026-09-11
NRM,2021-11,kesin,"TEFAS fiyat serisi, 130 aylık pencere 2021-09..2026-09",2026-09-11
NSA,2024-05,kesin,"TEFAS fiyat serisi, 130 aylık pencere 2021-09..2026-09",2026-09-11
NSD,2023-04,kesin,"TEFAS fiyat serisi, 130 aylık pencere 2021-09..2026-09",2026-09-11
NSH,2024-09,kesin,"TEFAS fiyat serisi, 130 aylık pencere 2021-09..2026-09",2026-09-11
NSK,2021-09,en_gec,"TEFAS fiyat serisi, 130 aylık pencere 2021-09..2026-09",2026-09-11
NSP,2025-02,kesin,"TEFAS fiyat serisi, 130 aylık pencere 2021-09..2026-09",2026-09-11
NSS,2022-12,kesin,"TEFAS fiyat serisi, 130 aylık pencere 2021-09..2026-09",2026-09-11
NST,2025-07,kesin,"TEFAS fiyat serisi, 130 aylık pencere 2021-09..2026-09",2026-09-11
NSY,2025-09,kesin,"TEFAS fiyat serisi, 130 aylık pencere 2021-09..2026-09",2026-09-11
NTB,2022-06,kesin,"TEFAS fiyat serisi, 130 aylık pencere 2021-09..2026-09",2026-09-11
NTD,2024-09,kesin,"TEFAS fiyat serisi, 130 aylık pencere 2021-09..2026-09",2026-09-11
NTF,2023-01,kesin,"TEFAS fiyat serisi, 130 aylık pencere 2021-09..2026-09",2026-09-11
NTI,2025-07,kesin,"TEFAS fiyat serisi, 130 aylık pencere 2021-09..2026-09",2026-09-11
NTO,2022-08,kesin,"TEFAS fiyat serisi, 130 aylık pencere 2021-09..2026-09",2026-09-11
NTS,2023-11,kesin,"TEFAS fiyat serisi, 130 aylık pencere 2021-09..2026-09",2026-09-11
NUB,2024-10,kesin,"TEFAS fiyat serisi, 130 aylık pencere 2021-09..2026-09",2026-09-11
NUG,2025-10,kesin,"TEFAS fiyat serisi, 130 aylık pencere 2021-09..2026-09",2026-09-11
NUH,2025-11,kesin,"TEFAS fiyat serisi, 130 aylık pencere 2021-09..2026-09",2026-09-11
NVB,2022-08,kesin,"TEFAS fiyat serisi, 130 aylık pencere 2021-09..2026-09",2026-09-11
NVC,2022-10,kesin,"TEFAS fiyat serisi, 130 aylık pencere 2021-09..2026-09",2026-09-11
NVK,2025-06,kesin,"TEFAS fiyat serisi, 130 aylık pencere 2021-09..2026-09",2026-09-11
NVP,2022-12,kesin,"TEFAS fiyat serisi, 130 aylık pencere 2021-09..2026-09",2026-09-11
NVT,2022-08,kesin,"TEFAS fiyat serisi, 130 aylık pencere 2021-09..2026-09",2026-09-11
NVZ,2023-10,kesin,"TEFAS fiyat serisi, 130 aylık pencere 2021-09..2026-09",2026-09-11
NYH,2022-05,kesin,"TEFAS fiyat serisi, 130 aylık pencere 2021-09..2026-09",2026-09-11
NZH,2021-09,en_gec,"TEFAS fiyat serisi, 130 aylık pencere 2021-09..2026-09",2026-09-11
NZT,2021-09,en_gec,"TEFAS fiyat serisi, 130 aylık pencere 2021-09..2026-09",2026-09-11
NZU,2025-03,kesin,"TEFAS fiyat serisi, 130 aylık pencere 2021-09..2026-09",2026-09-11
OAB,2022-08,kesin,"TEFAS fiyat serisi, 130 aylık pencere 2021-09..2026-09",2026-09-11
OAO,2026-08,kesin,"TEFAS fiyat serisi, 130 aylık pencere 2021-09..2026-09",2026-09-11
OBI,2022-10,kesin,"TEFAS fiyat serisi, 130 aylık pencere 2021-09..2026-09",2026-09-11
OBN,2024-01,kesin,"TEFAS fiyat serisi, 130 aylık pencere 2021-09..2026-09",2026-09-11
OBP,2021-09,en_gec,"TEFAS fiyat serisi, 130 aylık pencere 2021-09..2026-09",2026-09-11
OBR,2023-07,kesin,"TEFAS fiyat serisi, 130 aylık pencere 2021-09..2026-09",2026-09-11
OCM,2022-08,kesin,"TEFAS fiyat serisi, 130 aylık pencere 2021-09..2026-09",2026-09-11
OCN,2022-04,kesin,"TEFAS fiyat serisi, 130 aylık pencere 2021-09..2026-09",2026-09-11
OCT,2022-03,kesin,"TEFAS fiyat serisi, 130 aylık pencere 2021-09..2026-09",2026-09-11
ODD,2021-09,en_gec,"TEFAS fiyat serisi, 130 aylık pencere 2021-09..2026-09",2026-09-11
ODG,2026-04,kesin,"TEFAS fiyat serisi, 130 aylık pencere 2021-09..2026-09",2026-09-11
ODN,2024-01,kesin,"TEFAS fiyat serisi, 130 aylık pencere 2021-09..2026-09",2026-09-11
ODP,2021-12,kesin,"TEFAS fiyat serisi, 130 aylık pencere 2021-09..2026-09",2026-09-11
ODS,2021-09,en_gec,"TEFAS fiyat serisi, 130 aylık pencere 2021-09..2026-09",2026-09-11
ODV,2021-09,en_gec,"TEFAS fiyat serisi, 130 aylık pencere 2021-09..2026-09",2026-09-11
OFA,2023-07,kesin,"TEFAS fiyat serisi, 130 aylık pencere 2021-09..2026-09",2026-09-11
OFB,2021-09,en_gec,"TEFAS fiyat serisi, 130 aylık pencere 2021-09..2026-09",2026-09-11
OFI,2022-07,kesin,"TEFAS fiyat serisi, 130 aylık pencere 2021-09..2026-09",2026-09-11
OFK,2023-02,kesin,"TEFAS fiyat serisi, 130 aylık pencere 2021-09..2026-09",2026-09-11
OFO,2022-09,kesin,"TEFAS fiyat serisi, 130 aylık pencere 2021-09..2026-09",2026-09-11
OFS,2021-09,en_gec,"TEFAS fiyat serisi, 130 aylık pencere 2021-09..2026-09",2026-09-11
OGD,2021-09,en_gec,"TEFAS fiyat serisi, 130 aylık pencere 2021-09..2026-09",2026-09-11
OGF,2021-09,en_gec,"TEFAS fiyat serisi, 130 aylık pencere 2021-09..2026-09",2026-09-11
OGV,2022-06,kesin,"TEFAS fiyat serisi, 130 aylık pencere 2021-09..2026-09",2026-09-11
OHB,2021-09,en_gec,"TEFAS fiyat serisi, 130 aylık pencere 2021-09..2026-09",2026-09-11
OHI,2024-04,kesin,"TEFAS fiyat serisi, 130 aylık pencere 2021-09..2026-09",2026-09-11
OHK,2023-01,kesin,"TEFAS fiyat serisi, 130 aylık pencere 2021-09..2026-09",2026-09-11
OIL,2022-08,kesin,"TEFAS fiyat serisi, 130 aylık pencere 2021-09..2026-09",2026-09-11
OIR,2022-08,kesin,"TEFAS fiyat serisi, 130 aylık pencere 2021-09..2026-09",2026-09-11
OIS,2022-12,kesin,"TEFAS fiyat serisi, 130 aylık pencere 2021-09..2026-09",2026-09-11
OJB,2021-09,en_gec,"TEFAS fiyat serisi, 130 aylık pencere 2021-09..2026-09",2026-09-11
OJH,2021-11,kesin,"TEFAS fiyat serisi, 130 aylık pencere 2021-09..2026-09",2026-09-11
OJK,2021-09,en_gec,"TEFAS fiyat serisi, 130 aylık pencere 2021-09..2026-09",2026-09-11
OJT,2021-09,en_gec,"TEFAS fiyat serisi, 130 aylık pencere 2021-09..2026-09",2026-09-11
OJU,2021-09,en_gec,"TEFAS fiyat serisi, 130 aylık pencere 2021-09..2026-09",2026-09-11
OJY,2021-09,en_gec,"TEFAS fiyat serisi, 130 aylık pencere 2021-09..2026-09",2026-09-11
OKD,2021-09,en_gec,"TEFAS fiyat serisi, 130 aylık pencere 2021-09..2026-09",2026-09-11
OKF,2022-04,kesin,"TEFAS fiyat serisi, 130 aylık pencere 2021-09..2026-09",2026-09-11
OKP,2021-09,en_gec,"TEFAS fiyat serisi, 130 aylık pencere 2021-09..2026-09",2026-09-11
OKT,2021-09,en_gec,"TEFAS fiyat serisi, 130 aylık pencere 2021-09..2026-09",2026-09-11
OLA,2022-03,kesin,"TEFAS fiyat serisi, 130 aylık pencere 2021-09..2026-09",2026-09-11
OLD,2021-12,kesin,"TEFAS fiyat serisi, 130 aylık pencere 2021-09..2026-09",2026-09-11
OLE,2022-03,kesin,"TEFAS fiyat serisi, 130 aylık pencere 2021-09..2026-09",2026-09-11
OMB,2023-01,kesin,"TEFAS fiyat serisi, 130 aylık pencere 2021-09..2026-09",2026-09-11
OMC,2022-06,kesin,"TEFAS fiyat serisi, 130 aylık pencere 2021-09..2026-09",2026-09-11
OME,2022-06,kesin,"TEFAS fiyat serisi, 130 aylık pencere 2021-09..2026-09",2026-09-11
OMG,2025-01,kesin,"TEFAS fiyat serisi, 130 aylık pencere 2021-09..2026-09",2026-09-11
OMT,2026-08,kesin,"TEFAS fiyat serisi, 130 aylık pencere 2021-09..2026-09",2026-09-11
ONB,2024-04,kesin,"TEFAS fiyat serisi, 130 aylık pencere 2021-09..2026-09",2026-09-11
OND,2024-10,kesin,"TEFAS fiyat serisi, 130 aylık pencere 2021-09..2026-09",2026-09-11
ONE,2023-12,kesin,"TEFAS fiyat serisi, 130 aylık pencere 2021-09..2026-09",2026-09-11
ONF,2025-12,kesin,"TEFAS fiyat serisi, 130 aylık pencere 2021-09..2026-09",2026-09-11
ONK,2023-08,kesin,"TEFAS fiyat serisi, 130 aylık pencere 2021-09..2026-09",2026-09-11
ONN,2021-09,en_gec,"TEFAS fiyat serisi, 130 aylık pencere 2021-09..2026-09",2026-09-11
ONS,2023-03,kesin,"TEFAS fiyat serisi, 130 aylık pencere 2021-09..2026-09",2026-09-11
ONT,2023-09,kesin,"TEFAS fiyat serisi, 130 aylık pencere 2021-09..2026-09",2026-09-11
ONY,2025-05,kesin,"TEFAS fiyat serisi, 130 aylık pencere 2021-09..2026-09",2026-09-11
OPB,2021-09,en_gec,"TEFAS fiyat serisi, 130 aylık pencere 2021-09..2026-09",2026-09-11
OPD,2021-09,en_gec,"TEFAS fiyat serisi, 130 aylık pencere 2021-09..2026-09",2026-09-11
OPF,2023-10,kesin,"TEFAS fiyat serisi, 130 aylık pencere 2021-09..2026-09",2026-09-11
OPH,2021-09,en_gec,"TEFAS fiyat serisi, 130 aylık pencere 2021-09..2026-09",2026-09-11
OPI,2021-09,en_gec,"TEFAS fiyat serisi, 130 aylık pencere 2021-09..2026-09",2026-09-11
OPJ,2025-04,kesin,"TEFAS fiyat serisi, 130 aylık pencere 2021-09..2026-09",2026-09-11
OPL,2021-09,en_gec,"TEFAS fiyat serisi, 130 aylık pencere 2021-09..2026-09",2026-09-11
OPU,2023-03,kesin,"TEFAS fiyat serisi, 130 aylık pencere 2021-09..2026-09",2026-09-11
OPZ,2022-02,kesin,"TEFAS fiyat serisi, 130 aylık pencere 2021-09..2026-09",2026-09-11
ORC,2024-12,kesin,"TEFAS fiyat serisi, 130 aylık pencere 2021-09..2026-09",2026-09-11
ORI,2024-01,kesin,"TEFAS fiyat serisi, 130 aylık pencere 2021-09..2026-09",2026-09-11
ORS,2023-07,kesin,"TEFAS fiyat serisi, 130 aylık pencere 2021-09..2026-09",2026-09-11
OSD,2021-09,en_gec,"TEFAS fiyat serisi, 130 aylık pencere 2021-09..2026-09",2026-09-11
OSF,2021-09,en_gec,"TEFAS fiyat serisi, 130 aylık pencere 2021-09..2026-09",2026-09-11
OSH,2021-09,en_gec,"TEFAS fiyat serisi, 130 aylık pencere 2021-09..2026-09",2026-09-11
OSL,2021-09,en_gec,"TEFAS fiyat serisi, 130 aylık pencere 2021-09..2026-09",2026-09-11
OSN,2025-07,kesin,"TEFAS fiyat serisi, 130 aylık pencere 2021-09..2026-09",2026-09-11
OTE,2022-09,kesin,"TEFAS fiyat serisi, 130 aylık pencere 2021-09..2026-09",2026-09-11
OTF,2021-09,en_gec,"TEFAS fiyat serisi, 130 aylık pencere 2021-09..2026-09",2026-09-11
OTJ,2021-11,kesin,"TEFAS fiyat serisi, 130 aylık pencere 2021-09..2026-09",2026-09-11
OTK,2021-09,en_gec,"TEFAS fiyat serisi, 130 aylık pencere 2021-09..2026-09",2026-09-11
OTM,2025-02,kesin,"TEFAS fiyat serisi, 130 aylık pencere 2021-09..2026-09",2026-09-11
OTZ,2022-10,kesin,"TEFAS fiyat serisi, 130 aylık pencere 2021-09..2026-09",2026-09-11
OUB,2022-04,kesin,"TEFAS fiyat serisi, 130 aylık pencere 2021-09..2026-09",2026-09-11
OUD,2021-09,en_gec,"TEFAS fiyat serisi, 130 aylık pencere 2021-09..2026-09",2026-09-11
OUN,2024-01,kesin,"TEFAS fiyat serisi, 130 aylık pencere 2021-09..2026-09",2026-09-11
OUR,2021-09,en_gec,"TEFAS fiyat serisi, 130 aylık pencere 2021-09..2026-09",2026-09-11
OUY,2022-02,kesin,"TEFAS fiyat serisi, 130 aylık pencere 2021-09..2026-09",2026-09-11
OVD,2022-05,kesin,"TEFAS fiyat serisi, 130 aylık pencere 2021-09..2026-09",2026-09-11
OVR,2022-07,kesin,"TEFAS fiyat serisi, 130 aylık pencere 2021-09..2026-09",2026-09-11
OVT,2022-06,kesin,"TEFAS fiyat serisi, 130 aylık pencere 2021-09..2026-09",2026-09-11
OYL,2021-09,en_gec,"TEFAS fiyat serisi, 130 aylık pencere 2021-09..2026-09",2026-09-11
OYS,2021-09,en_gec,"TEFAS fiyat serisi, 130 aylık pencere 2021-09..2026-09",2026-09-11
OYT,2021-09,en_gec,"TEFAS fiyat serisi, 130 aylık pencere 2021-09..2026-09",2026-09-11
OZC,2022-04,kesin,"TEFAS fiyat serisi, 130 aylık pencere 2021-09..2026-09",2026-09-11
P1A,2025-08,kesin,"TEFAS fiyat serisi, 130 aylık pencere 2021-09..2026-09",2026-09-11
PA2,2026-06,kesin,"TEFAS fiyat serisi, 130 aylık pencere 2021-09..2026-09",2026-09-11
PAB,2025-10,kesin,"TEFAS fiyat serisi, 130 aylık pencere 2021-09..2026-09",2026-09-11
PAC,2023-06,kesin,"TEFAS fiyat serisi, 130 aylık pencere 2021-09..2026-09",2026-09-11
PAF,2023-11,kesin,"TEFAS fiyat serisi, 130 aylık pencere 2021-09..2026-09",2026-09-11
PAI,2021-09,en_gec,"TEFAS fiyat serisi, 130 aylık pencere 2021-09..2026-09",2026-09-11
PAL,2021-09,en_gec,"TEFAS fiyat serisi, 130 aylık pencere 2021-09..2026-09",2026-09-11
PAO,2025-05,kesin,"TEFAS fiyat serisi, 130 aylık pencere 2021-09..2026-09",2026-09-11
PAP,2022-03,kesin,"TEFAS fiyat serisi, 130 aylık pencere 2021-09..2026-09",2026-09-11
PAU,2025-01,kesin,"TEFAS fiyat serisi, 130 aylık pencere 2021-09..2026-09",2026-09-11
PBE,2024-05,kesin,"TEFAS fiyat serisi, 130 aylık pencere 2021-09..2026-09",2026-09-11
PBF,2023-12,kesin,"TEFAS fiyat serisi, 130 aylık pencere 2021-09..2026-09",2026-09-11
PBH,2024-05,kesin,"TEFAS fiyat serisi, 130 aylık pencere 2021-09..2026-09",2026-09-11
PBI,2024-09,kesin,"TEFAS fiyat serisi, 130 aylık pencere 2021-09..2026-09",2026-09-11
PBK,2021-09,en_gec,"TEFAS fiyat serisi, 130 aylık pencere 2021-09..2026-09",2026-09-11
PBN,2025-05,kesin,"TEFAS fiyat serisi, 130 aylık pencere 2021-09..2026-09",2026-09-11
PBR,2024-03,kesin,"TEFAS fiyat serisi, 130 aylık pencere 2021-09..2026-09",2026-09-11
PBS,2021-09,en_gec,"TEFAS fiyat serisi, 130 aylık pencere 2021-09..2026-09",2026-09-11
PBY,2025-03,kesin,"TEFAS fiyat serisi, 130 aylık pencere 2021-09..2026-09",2026-09-11
PCE,2025-07,kesin,"TEFAS fiyat serisi, 130 aylık pencere 2021-09..2026-09",2026-09-11
PCH,2025-09,kesin,"TEFAS fiyat serisi, 130 aylık pencere 2021-09..2026-09",2026-09-11
PCN,2023-01,kesin,"TEFAS fiyat serisi, 130 aylık pencere 2021-09..2026-09",2026-09-11
PCS,2024-05,kesin,"TEFAS fiyat serisi, 130 aylık pencere 2021-09..2026-09",2026-09-11
PDC,2025-05,kesin,"TEFAS fiyat serisi, 130 aylık pencere 2021-09..2026-09",2026-09-11
PDD,2021-09,en_gec,"TEFAS fiyat serisi, 130 aylık pencere 2021-09..2026-09",2026-09-11
PDE,2025-05,kesin,"TEFAS fiyat serisi, 130 aylık pencere 2021-09..2026-09",2026-09-11
PDF,2021-09,en_gec,"TEFAS fiyat serisi, 130 aylık pencere 2021-09..2026-09",2026-09-11
PDG,2025-05,kesin,"TEFAS fiyat serisi, 130 aylık pencere 2021-09..2026-09",2026-09-11
PDH,2025-07,kesin,"TEFAS fiyat serisi, 130 aylık pencere 2021-09..2026-09",2026-09-11
PDR,2025-01,kesin,"TEFAS fiyat serisi, 130 aylık pencere 2021-09..2026-09",2026-09-11
PDS,2025-10,kesin,"TEFAS fiyat serisi, 130 aylık pencere 2021-09..2026-09",2026-09-11
PEA,2025-06,kesin,"TEFAS fiyat serisi, 130 aylık pencere 2021-09..2026-09",2026-09-11
PFO,2024-01,kesin,"TEFAS fiyat serisi, 130 aylık pencere 2021-09..2026-09",2026-09-11
PFS,2023-08,kesin,"TEFAS fiyat serisi, 130 aylık pencere 2021-09..2026-09",2026-09-11
PGD,2025-01,kesin,"TEFAS fiyat serisi, 130 aylık pencere 2021-09..2026-09",2026-09-11
PGE,2025-07,kesin,"TEFAS fiyat serisi, 130 aylık pencere 2021-09..2026-09",2026-09-11
PGH,2025-07,kesin,"TEFAS fiyat serisi, 130 aylık pencere 2021-09..2026-09",2026-09-11
PGS,2025-04,kesin,"TEFAS fiyat serisi, 130 aylık pencere 2021-09..2026-09",2026-09-11
PHB,2025-07,kesin,"TEFAS fiyat serisi, 130 aylık pencere 2021-09..2026-09",2026-09-11
PHE,2024-03,kesin,"TEFAS fiyat serisi, 130 aylık pencere 2021-09..2026-09",2026-09-11
PHF,2025-11,kesin,"TEFAS fiyat serisi, 130 aylık pencere 2021-09..2026-09",2026-09-11
PHI,2024-12,kesin,"TEFAS fiyat serisi, 130 aylık pencere 2021-09..2026-09",2026-09-11
PHK,2025-06,kesin,"TEFAS fiyat serisi, 130 aylık pencere 2021-09..2026-09",2026-09-11
PHN,2024-05,kesin,"TEFAS fiyat serisi, 130 aylık pencere 2021-09..2026-09",2026-09-11
PHS,2023-01,kesin,"TEFAS fiyat serisi, 130 aylık pencere 2021-09..2026-09",2026-09-11
PHY,2025-07,kesin,"TEFAS fiyat serisi, 130 aylık pencere 2021-09..2026-09",2026-09-11
PID,2024-10,kesin,"TEFAS fiyat serisi, 130 aylık pencere 2021-09..2026-09",2026-09-11
PIL,2023-05,kesin,"TEFAS fiyat serisi, 130 aylık pencere 2021-09..2026-09",2026-09-11
PIP,2025-05,kesin,"TEFAS fiyat serisi, 130 aylık pencere 2021-09..2026-09",2026-09-11
PIR,2025-07,kesin,"TEFAS fiyat serisi, 130 aylık pencere 2021-09..2026-09",2026-09-11
PIS,2025-10,kesin,"TEFAS fiyat serisi, 130 aylık pencere 2021-09..2026-09",2026-09-11
PJL,2021-09,en_gec,"TEFAS fiyat serisi, 130 aylık pencere 2021-09..2026-09",2026-09-11
PJP,2025-11,kesin,"TEFAS fiyat serisi, 130 aylık pencere 2021-09..2026-09",2026-09-11
PK1,2026-07,kesin,"TEFAS fiyat serisi, 130 aylık pencere 2021-09..2026-09",2026-09-11
PKD,2025-05,kesin,"TEFAS fiyat serisi, 130 aylık pencere 2021-09..2026-09",2026-09-11
PKF,2023-04,kesin,"TEFAS fiyat serisi, 130 aylık pencere 2021-09..2026-09",2026-09-11
PKH,2025-11,kesin,"TEFAS fiyat serisi, 130 aylık pencere 2021-09..2026-09",2026-09-11
PKL,2024-05,kesin,"TEFAS fiyat serisi, 130 aylık pencere 2021-09..2026-09",2026-09-11
PKM,2026-06,kesin,"TEFAS fiyat serisi, 130 aylık pencere 2021-09..2026-09",2026-09-11
PKN,2025-08,kesin,"TEFAS fiyat serisi, 130 aylık pencere 2021-09..2026-09",2026-09-11
PKP,2026-01,kesin,"TEFAS fiyat serisi, 130 aylık pencere 2021-09..2026-09",2026-09-11
PKR,2025-06,kesin,"TEFAS fiyat serisi, 130 aylık pencere 2021-09..2026-09",2026-09-11
PKT,2025-06,kesin,"TEFAS fiyat serisi, 130 aylık pencere 2021-09..2026-09",2026-09-11
PKU,2025-07,kesin,"TEFAS fiyat serisi, 130 aylık pencere 2021-09..2026-09",2026-09-11
PKV,2025-01,kesin,"TEFAS fiyat serisi, 130 aylık pencere 2021-09..2026-09",2026-09-11
PKZ,2025-05,kesin,"TEFAS fiyat serisi, 130 aylık pencere 2021-09..2026-09",2026-09-11
PLA,2026-01,kesin,"TEFAS fiyat serisi, 130 aylık pencere 2021-09..2026-09",2026-09-11
PLR,2025-05,kesin,"TEFAS fiyat serisi, 130 aylık pencere 2021-09..2026-09",2026-09-11
PLS,2021-09,en_gec,"TEFAS fiyat serisi, 130 aylık pencere 2021-09..2026-09",2026-09-11
PMG,2025-04,kesin,"TEFAS fiyat serisi, 130 aylık pencere 2021-09..2026-09",2026-09-11
PMH,2025-09,kesin,"TEFAS fiyat serisi, 130 aylık pencere 2021-09..2026-09",2026-09-11
PMP,2025-05,kesin,"TEFAS fiyat serisi, 130 aylık pencere 2021-09..2026-09",2026-09-11
PNU,2026-03,kesin,"TEFAS fiyat serisi, 130 aylık pencere 2021-09..2026-09",2026-09-11
PO7,2025-03,kesin,"TEFAS fiyat serisi, 130 aylık pencere 2021-09..2026-09",2026-09-11
PO8,2025-03,kesin,"TEFAS fiyat serisi, 130 aylık pencere 2021-09..2026-09",2026-09-11
PO9,2025-04,kesin,"TEFAS fiyat serisi, 130 aylık pencere 2021-09..2026-09",2026-09-11
POB,2024-08,kesin,"TEFAS fiyat serisi, 130 aylık pencere 2021-09..2026-09",2026-09-11
POD,2024-10,kesin,"TEFAS fiyat serisi, 130 aylık pencere 2021-09..2026-09",2026-09-11
POF,2025-03,kesin,"TEFAS fiyat serisi, 130 aylık pencere 2021-09..2026-09",2026-09-11
POH,2025-02,kesin,"TEFAS fiyat serisi, 130 aylık pencere 2021-09..2026-09",2026-09-11
POI,2024-09,kesin,"TEFAS fiyat serisi, 130 aylık pencere 2021-09..2026-09",2026-09-11
POS,2024-12,kesin,"TEFAS fiyat serisi, 130 aylık pencere 2021-09..2026-09",2026-09-11
POU,2024-08,kesin,"TEFAS fiyat serisi, 130 aylık pencere 2021-09..2026-09",2026-09-11
PP1,2025-01,kesin,"TEFAS fiyat serisi, 130 aylık pencere 2021-09..2026-09",2026-09-11
PPB,2021-11,kesin,"TEFAS fiyat serisi, 130 aylık pencere 2021-09..2026-09",2026-09-11
PPD,2021-09,en_gec,"TEFAS fiyat serisi, 130 aylık pencere 2021-09..2026-09",2026-09-11
PPE,2023-10,kesin,"TEFAS fiyat serisi, 130 aylık pencere 2021-09..2026-09",2026-09-11
PPF,2021-09,en_gec,"TEFAS fiyat serisi, 130 aylık pencere 2021-09..2026-09",2026-09-11
PPG,2025-08,kesin,"TEFAS fiyat serisi, 130 aylık pencere 2021-09..2026-09",2026-09-11
PPH,2025-02,kesin,"TEFAS fiyat serisi, 130 aylık pencere 2021-09..2026-09",2026-09-11
PPI,2024-09,kesin,"TEFAS fiyat serisi, 130 aylık pencere 2021-09..2026-09",2026-09-11
PPJ,2025-02,kesin,"TEFAS fiyat serisi, 130 aylık pencere 2021-09..2026-09",2026-09-11
PPK,2024-08,kesin,"TEFAS fiyat serisi, 130 aylık pencere 2021-09..2026-09",2026-09-11
PPM,2024-08,kesin,"TEFAS fiyat serisi, 130 aylık pencere 2021-09..2026-09",2026-09-11
PPN,2021-09,en_gec,"TEFAS fiyat serisi, 130 aylık pencere 2021-09..2026-09",2026-09-11
PPO,2024-09,kesin,"TEFAS fiyat serisi, 130 aylık pencere 2021-09..2026-09",2026-09-11
PPP,2024-01,kesin,"TEFAS fiyat serisi, 130 aylık pencere 2021-09..2026-09",2026-09-11
PPS,2022-05,kesin,"TEFAS fiyat serisi, 130 aylık pencere 2021-09..2026-09",2026-09-11
PPT,2024-01,kesin,"TEFAS fiyat serisi, 130 aylık pencere 2021-09..2026-09",2026-09-11
PPU,2024-12,kesin,"TEFAS fiyat serisi, 130 aylık pencere 2021-09..2026-09",2026-09-11
PPV,2026-04,kesin,"TEFAS fiyat serisi, 130 aylık pencere 2021-09..2026-09",2026-09-11
PPZ,2021-09,en_gec,"TEFAS fiyat serisi, 130 aylık pencere 2021-09..2026-09",2026-09-11
PRD,2024-09,kesin,"TEFAS fiyat serisi, 130 aylık pencere 2021-09..2026-09",2026-09-11
PRF,2021-09,en_gec,"TEFAS fiyat serisi, 130 aylık pencere 2021-09..2026-09",2026-09-11
PRH,2024-10,kesin,"TEFAS fiyat serisi, 130 aylık pencere 2021-09..2026-09",2026-09-11
PRR,2025-11,kesin,"TEFAS fiyat serisi, 130 aylık pencere 2021-09..2026-09",2026-09-11
PRU,2023-03,kesin,"TEFAS fiyat serisi, 130 aylık pencere 2021-09..2026-09",2026-09-11
PRV,2025-11,kesin,"TEFAS fiyat serisi, 130 aylık pencere 2021-09..2026-09",2026-09-11
PRY,2024-03,kesin,"TEFAS fiyat serisi, 130 aylık pencere 2021-09..2026-09",2026-09-11
PSD,2025-01,kesin,"TEFAS fiyat serisi, 130 aylık pencere 2021-09..2026-09",2026-09-11
PSE,2025-04,kesin,"TEFAS fiyat serisi, 130 aylık pencere 2021-09..2026-09",2026-09-11
PSG,2021-09,en_gec,"TEFAS fiyat serisi, 130 aylık pencere 2021-09..2026-09",2026-09-11
PSH,2026-04,kesin,"TEFAS fiyat serisi, 130 aylık pencere 2021-09..2026-09",2026-09-11
PSL,2021-09,en_gec,"TEFAS fiyat serisi, 130 aylık pencere 2021-09..2026-09",2026-09-11
PSO,2025-01,kesin,"TEFAS fiyat serisi, 130 aylık pencere 2021-09..2026-09",2026-09-11
PSR,2025-04,kesin,"TEFAS fiyat serisi, 130 aylık pencere 2021-09..2026-09",2026-09-11
PSS,2021-09,en_gec,"TEFAS fiyat serisi, 130 aylık pencere 2021-09..2026-09",2026-09-11
PST,2025-07,kesin,"TEFAS fiyat serisi, 130 aylık pencere 2021-09..2026-09",2026-09-11
PTC,2022-01,kesin,"TEFAS fiyat serisi, 130 aylık pencere 2021-09..2026-09",2026-09-11
PTE,2025-04,kesin,"TEFAS fiyat serisi, 130 aylık pencere 2021-09..2026-09",2026-09-11
PTF,2025-08,kesin,"TEFAS fiyat serisi, 130 aylık pencere 2021-09..2026-09",2026-09-11
PTG,2022-09,kesin,"TEFAS fiyat serisi, 130 aylık pencere 2021-09..2026-09",2026-09-11
PTL,2025-01,kesin,"TEFAS fiyat serisi, 130 aylık pencere 2021-09..2026-09",2026-09-11
PTN,2025-07,kesin,"TEFAS fiyat serisi, 130 aylık pencere 2021-09..2026-09",2026-09-11
PTO,2025-02,kesin,"TEFAS fiyat serisi, 130 aylık pencere 2021-09..2026-09",2026-09-11
PTP,2026-03,kesin,"TEFAS fiyat serisi, 130 aylık pencere 2021-09..2026-09",2026-09-11
PTS,2025-06,kesin,"TEFAS fiyat serisi, 130 aylık pencere 2021-09..2026-09",2026-09-11
PUA,2021-09,en_gec,"TEFAS fiyat serisi, 130 aylık pencere 2021-09..2026-09",2026-09-11
PUC,2021-09,en_gec,"TEFAS fiyat serisi, 130 aylık pencere 2021-09..2026-09",2026-09-11
PUD,2021-09,en_gec,"TEFAS fiyat serisi, 130 aylık pencere 2021-09..2026-09",2026-09-11
PUH,2025-07,kesin,"TEFAS fiyat serisi, 130 aylık pencere 2021-09..2026-09",2026-09-11
PUK,2026-05,kesin,"TEFAS fiyat serisi, 130 aylık pencere 2021-09..2026-09",2026-09-11
PUR,2021-09,en_gec,"TEFAS fiyat serisi, 130 aylık pencere 2021-09..2026-09",2026-09-11
PUT,2021-09,en_gec,"TEFAS fiyat serisi, 130 aylık pencere 2021-09..2026-09",2026-09-11
PUV,2025-11,kesin,"TEFAS fiyat serisi, 130 aylık pencere 2021-09..2026-09",2026-09-11
PVK,2021-09,en_gec,"TEFAS fiyat serisi, 130 aylık pencere 2021-09..2026-09",2026-09-11
PYB,2025-01,kesin,"TEFAS fiyat serisi, 130 aylık pencere 2021-09..2026-09",2026-09-11
PYD,2025-09,kesin,"TEFAS fiyat serisi, 130 aylık pencere 2021-09..2026-09",2026-09-11
PYF,2021-09,en_gec,"TEFAS fiyat serisi, 130 aylık pencere 2021-09..2026-09",2026-09-11
PYH,2021-09,en_gec,"TEFAS fiyat serisi, 130 aylık pencere 2021-09..2026-09",2026-09-11
PYI,2025-09,kesin,"TEFAS fiyat serisi, 130 aylık pencere 2021-09..2026-09",2026-09-11
PYL,2021-09,en_gec,"TEFAS fiyat serisi, 130 aylık pencere 2021-09..2026-09",2026-09-11
PYR,2025-05,kesin,"TEFAS fiyat serisi, 130 aylık pencere 2021-09..2026-09",2026-09-11
PYS,2023-01,kesin,"TEFAS fiyat serisi, 130 aylık pencere 2021-09..2026-09",2026-09-11
RAF,2023-03,kesin,"TEFAS fiyat serisi, 130 aylık pencere 2021-09..2026-09",2026-09-11
RAI,2025-05,kesin,"TEFAS fiyat serisi, 130 aylık pencere 2021-09..2026-09",2026-09-11
RAN,2024-04,kesin,"TEFAS fiyat serisi, 130 aylık pencere 2021-09..2026-09",2026-09-11
RAV,2025-08,kesin,"TEFAS fiyat serisi, 130 aylık pencere 2021-09..2026-09",2026-09-11
RAY,2023-03,kesin,"TEFAS fiyat serisi, 130 aylık pencere 2021-09..2026-09",2026-09-11
RBA,2021-09,en_gec,"TEFAS fiyat serisi, 130 aylık pencere 2021-09..2026-09",2026-09-11
RBB,2025-04,kesin,"TEFAS fiyat serisi, 130 aylık pencere 2021-09..2026-09",2026-09-11
RBE,2023-03,kesin,"TEFAS fiyat serisi, 130 aylık pencere 2021-09..2026-09",2026-09-11
RBF,2024-06,kesin,"TEFAS fiyat serisi, 130 aylık pencere 2021-09..2026-09",2026-09-11
RBH,2021-09,en_gec,"TEFAS fiyat serisi, 130 aylık pencere 2021-09..2026-09",2026-09-11
RBI,2024-02,kesin,"TEFAS fiyat serisi, 130 aylık pencere 2021-09..2026-09",2026-09-11
RBK,2021-09,en_gec,"TEFAS fiyat serisi, 130 aylık pencere 2021-09..2026-09",2026-09-11
RBL,2025-01,kesin,"TEFAS fiyat serisi, 130 aylık pencere 2021-09..2026-09",2026-09-11
RBN,2024-02,kesin,"TEFAS fiyat serisi, 130 aylık pencere 2021-09..2026-09",2026-09-11
RBP,2024-10,kesin,"TEFAS fiyat serisi, 130 aylık pencere 2021-09..2026-09",2026-09-11
RBR,2023-03,kesin,"TEFAS fiyat serisi, 130 aylık pencere 2021-09..2026-09",2026-09-11
RBT,2021-09,en_gec,"TEFAS fiyat serisi, 130 aylık pencere 2021-09..2026-09",2026-09-11
RBV,2021-09,en_gec,"TEFAS fiyat serisi, 130 aylık pencere 2021-09..2026-09",2026-09-11
RCL,2022-11,kesin,"TEFAS fiyat serisi, 130 aylık pencere 2021-09..2026-09",2026-09-11
RCS,2022-08,kesin,"TEFAS fiyat serisi, 130 aylık pencere 2021-09..2026-09",2026-09-11
RCV,2025-04,kesin,"TEFAS fiyat serisi, 130 aylık pencere 2021-09..2026-09",2026-09-11
RD1,2024-08,kesin,"TEFAS fiyat serisi, 130 aylık pencere 2021-09..2026-09",2026-09-11
RDF,2024-07,kesin,"TEFAS fiyat serisi, 130 aylık pencere 2021-09..2026-09",2026-09-11
RDH,2024-01,kesin,"TEFAS fiyat serisi, 130 aylık pencere 2021-09..2026-09",2026-09-11
RDK,2023-11,kesin,"TEFAS fiyat serisi, 130 aylık pencere 2021-09..2026-09",2026-09-11
RDS,2023-02,kesin,"TEFAS fiyat serisi, 130 aylık pencere 2021-09..2026-09",2026-09-11
RDT,2025-02,kesin,"TEFAS fiyat serisi, 130 aylık pencere 2021-09..2026-09",2026-09-11
RDZ,2025-06,kesin,"TEFAS fiyat serisi, 130 aylık pencere 2021-09..2026-09",2026-09-11
RE6,2026-05,kesin,"TEFAS fiyat serisi, 130 aylık pencere 2021-09..2026-09",2026-09-11
RE7,2025-08,kesin,"TEFAS fiyat serisi, 130 aylık pencere 2021-09..2026-09",2026-09-11
RE8,2025-07,kesin,"TEFAS fiyat serisi, 130 aylık pencere 2021-09..2026-09",2026-09-11
RFM,2026-07,kesin,"TEFAS fiyat serisi, 130 aylık pencere 2021-09..2026-09",2026-09-11
RGD,2026-01,kesin,"TEFAS fiyat serisi, 130 aylık pencere 2021-09..2026-09",2026-09-11
RGH,2025-11,kesin,"TEFAS fiyat serisi, 130 aylık pencere 2021-09..2026-09",2026-09-11
RHD,2024-03,kesin,"TEFAS fiyat serisi, 130 aylık pencere 2021-09..2026-09",2026-09-11
RHI,2025-04,kesin,"TEFAS fiyat serisi, 130 aylık pencere 2021-09..2026-09",2026-09-11
RHS,2022-09,kesin,"TEFAS fiyat serisi, 130 aylık pencere 2021-09..2026-09",2026-09-11
RIA,2025-07,kesin,"TEFAS fiyat serisi, 130 aylık pencere 2021-09..2026-09",2026-09-11
RIH,2023-08,kesin,"TEFAS fiyat serisi, 130 aylık pencere 2021-09..2026-09",2026-09-11
RIK,2023-04,kesin,"TEFAS fiyat serisi, 130 aylık pencere 2021-09..2026-09",2026-09-11
RJG,2023-10,kesin,"TEFAS fiyat serisi, 130 aylık pencere 2021-09..2026-09",2026-09-11
RKC,2025-06,kesin,"TEFAS fiyat serisi, 130 aylık pencere 2021-09..2026-09",2026-09-11
RKH,2024-09,kesin,"TEFAS fiyat serisi, 130 aylık pencere 2021-09..2026-09",2026-09-11
RKL,2023-07,kesin,"TEFAS fiyat serisi, 130 aylık pencere 2021-09..2026-09",2026-09-11
RKS,2024-08,kesin,"TEFAS fiyat serisi, 130 aylık pencere 2021-09..2026-09",2026-09-11
RKV,2024-04,kesin,"TEFAS fiyat serisi, 130 aylık pencere 2021-09..2026-09",2026-09-11
RLH,2025-05,kesin,"TEFAS fiyat serisi, 130 aylık pencere 2021-09..2026-09",2026-09-11
RO1,2025-12,kesin,"TEFAS fiyat serisi, 130 aylık pencere 2021-09..2026-09",2026-09-11
ROD,2022-11,kesin,"TEFAS fiyat serisi, 130 aylık pencere 2021-09..2026-09",2026-09-11
ROF,2023-10,kesin,"TEFAS fiyat serisi, 130 aylık pencere 2021-09..2026-09",2026-09-11
ROY,2024-05,kesin,"TEFAS fiyat serisi, 130 aylık pencere 2021-09..2026-09",2026-09-11
RPC,2022-07,kesin,"TEFAS fiyat serisi, 130 aylık pencere 2021-09..2026-09",2026-09-11
RPD,2021-09,en_gec,"TEFAS fiyat serisi, 130 aylık pencere 2021-09..2026-09",2026-09-11
RPE,2022-04,kesin,"TEFAS fiyat serisi, 130 aylık pencere 2021-09..2026-09",2026-09-11
RPG,2022-04,kesin,"TEFAS fiyat serisi, 130 aylık pencere 2021-09..2026-09",2026-09-11
RPI,2024-07,kesin,"TEFAS fiyat serisi, 130 aylık pencere 2021-09..2026-09",2026-09-11
RPK,2022-09,kesin,"TEFAS fiyat serisi, 130 aylık pencere 2021-09..2026-09",2026-09-11
RPL,2025-02,kesin,"TEFAS fiyat serisi, 130 aylık pencere 2021-09..2026-09",2026-09-11
RPM,2022-06,kesin,"TEFAS fiyat serisi, 130 aylık pencere 2021-09..2026-09",2026-09-11
RPN,2022-04,kesin,"TEFAS fiyat serisi, 130 aylık pencere 2021-09..2026-09",2026-09-11
RPO,2022-04,kesin,"TEFAS fiyat serisi, 130 aylık pencere 2021-09..2026-09",2026-09-11
RPP,2022-04,kesin,"TEFAS fiyat serisi, 130 aylık pencere 2021-09..2026-09",2026-09-11
RPS,2022-04,kesin,"TEFAS fiyat serisi, 130 aylık pencere 2021-09..2026-09",2026-09-11
RPT,2022-06,kesin,"TEFAS fiyat serisi, 130 aylık pencere 2021-09..2026-09",2026-09-11
RPU,2023-06,kesin,"TEFAS fiyat serisi, 130 aylık pencere 2021-09..2026-09",2026-09-11
RPX,2022-07,kesin,"TEFAS fiyat serisi, 130 aylık pencere 2021-09..2026-09",2026-09-11
RRA,2025-08,kesin,"TEFAS fiyat serisi, 130 aylık pencere 2021-09..2026-09",2026-09-11
RRP,2025-05,kesin,"TEFAS fiyat serisi, 130 aylık pencere 2021-09..2026-09",2026-09-11
RS1,2025-06,kesin,"TEFAS fiyat serisi, 130 aylık pencere 2021-09..2026-09",2026-09-11
RSF,2021-09,en_gec,"TEFAS fiyat serisi, 130 aylık pencere 2021-09..2026-09",2026-09-11
RSK,2025-04,kesin,"TEFAS fiyat serisi, 130 aylık pencere 2021-09..2026-09",2026-09-11
RSY,2025-02,kesin,"TEFAS fiyat serisi, 130 aylık pencere 2021-09..2026-09",2026-09-11
RSZ,2024-01,kesin,"TEFAS fiyat serisi, 130 aylık pencere 2021-09..2026-09",2026-09-11
RTA,2023-12,kesin,"TEFAS fiyat serisi, 130 aylık pencere 2021-09..2026-09",2026-09-11
RTB,2024-04,kesin,"TEFAS fiyat serisi, 130 aylık pencere 2021-09..2026-09",2026-09-11
RTD,2024-07,kesin,"TEFAS fiyat serisi, 130 aylık pencere 2021-09..2026-09",2026-09-11
RTG,2022-11,kesin,"TEFAS fiyat serisi, 130 aylık pencere 2021-09..2026-09",2026-09-11
RTH,2023-01,kesin,"TEFAS fiyat serisi, 130 aylık pencere 2021-09..2026-09",2026-09-11
RTI,2023-09,kesin,"TEFAS fiyat serisi, 130 aylık pencere 2021-09..2026-09",2026-09-11
RTP,2022-03,kesin,"TEFAS fiyat serisi, 130 aylık pencere 2021-09..2026-09",2026-09-11
RUH,2023-08,kesin,"TEFAS fiyat serisi, 130 aylık pencere 2021-09..2026-09",2026-09-11
RUT,2024-07,kesin,"TEFAS fiyat serisi, 130 aylık pencere 2021-09..2026-09",2026-09-11
RVI,2024-10,kesin,"TEFAS fiyat serisi, 130 aylık pencere 2021-09..2026-09",2026-09-11
RVS,2024-05,kesin,"TEFAS fiyat serisi, 130 aylık pencere 2021-09..2026-09",2026-09-11
RYA,2023-11,kesin,"TEFAS fiyat serisi, 130 aylık pencere 2021-09..2026-09",2026-09-11
RYB,2025-06,kesin,"TEFAS fiyat serisi, 130 aylık pencere 2021-09..2026-09",2026-09-11
RYD,2025-06,kesin,"TEFAS fiyat serisi, 130 aylık pencere 2021-09..2026-09",2026-09-11
RYF,2023-06,kesin,"TEFAS fiyat serisi, 130 aylık pencere 2021-09..2026-09",2026-09-11
RYU,2025-12,kesin,"TEFAS fiyat serisi, 130 aylık pencere 2021-09..2026-09",2026-09-11
RZR,2022-10,kesin,"TEFAS fiyat serisi, 130 aylık pencere 2021-09..2026-09",2026-09-11
SAP,2025-02,kesin,"TEFAS fiyat serisi, 130 aylık pencere 2021-09..2026-09",2026-09-11
SAR,2025-01,kesin,"TEFAS fiyat serisi, 130 aylık pencere 2021-09..2026-09",2026-09-11
SAS,2024-03,kesin,"TEFAS fiyat serisi, 130 aylık pencere 2021-09..2026-09",2026-09-11
SAT,2025-06,kesin,"TEFAS fiyat serisi, 130 aylık pencere 2021-09..2026-09",2026-09-11
SBH,2025-06,kesin,"TEFAS fiyat serisi, 130 aylık pencere 2021-09..2026-09",2026-09-11
SBI,2022-11,kesin,"TEFAS fiyat serisi, 130 aylık pencere 2021-09..2026-09",2026-09-11
SBR,2024-06,kesin,"TEFAS fiyat serisi, 130 aylık pencere 2021-09..2026-09",2026-09-11
SBS,2021-09,en_gec,"TEFAS fiyat serisi, 130 aylık pencere 2021-09..2026-09",2026-09-11
SCZ,2025-07,kesin,"TEFAS fiyat serisi, 130 aylık pencere 2021-09..2026-09",2026-09-11
SD1,2026-07,kesin,"TEFAS fiyat serisi, 130 aylık pencere 2021-09..2026-09",2026-09-11
SDA,2025-03,kesin,"TEFAS fiyat serisi, 130 aylık pencere 2021-09..2026-09",2026-09-11
SEH,2026-04,kesin,"TEFAS fiyat serisi, 130 aylık pencere 2021-09..2026-09",2026-09-11
SER,2023-12,kesin,"TEFAS fiyat serisi, 130 aylık pencere 2021-09..2026-09",2026-09-11
SFA,2022-08,kesin,"TEFAS fiyat serisi, 130 aylık pencere 2021-09..2026-09",2026-09-11
SFS,2025-08,kesin,"TEFAS fiyat serisi, 130 aylık pencere 2021-09..2026-09",2026-09-11
SGK,2026-08,kesin,"TEFAS fiyat serisi, 130 aylık pencere 2021-09..2026-09",2026-09-11
SGT,2025-02,kesin,"TEFAS fiyat serisi, 130 aylık pencere 2021-09..2026-09",2026-09-11
SHC,2026-07,kesin,"TEFAS fiyat serisi, 130 aylık pencere 2021-09..2026-09",2026-09-11
SHE,2023-03,kesin,"TEFAS fiyat serisi, 130 aylık pencere 2021-09..2026-09",2026-09-11
SHI,2024-04,kesin,"TEFAS fiyat serisi, 130 aylık pencere 2021-09..2026-09",2026-09-11
SHU,2025-12,kesin,"TEFAS fiyat serisi, 130 aylık pencere 2021-09..2026-09",2026-09-11
SIA,2026-05,kesin,"TEFAS fiyat serisi, 130 aylık pencere 2021-09..2026-09",2026-09-11
SIS,2025-12,kesin,"TEFAS fiyat serisi, 130 aylık pencere 2021-09..2026-09",2026-09-11
SJP,2021-09,en_gec,"TEFAS fiyat serisi, 130 aylık pencere 2021-09..2026-09",2026-09-11
SKL,2024-11,kesin,"TEFAS fiyat serisi, 130 aylık pencere 2021-09..2026-09",2026-09-11
SKO,2025-07,kesin,"TEFAS fiyat serisi, 130 aylık pencere 2021-09..2026-09",2026-09-11
SKS,2025-08,kesin,"TEFAS fiyat serisi, 130 aylık pencere 2021-09..2026-09",2026-09-11
SKT,2021-09,en_gec,"TEFAS fiyat serisi, 130 aylık pencere 2021-09..2026-09",2026-09-11
SKZ,2025-12,kesin,"TEFAS fiyat serisi, 130 aylık pencere 2021-09..2026-09",2026-09-11
SLF,2021-09,en_gec,"TEFAS fiyat serisi, 130 aylık pencere 2021-09..2026-09",2026-09-11
SLG,2025-11,kesin,"TEFAS fiyat serisi, 130 aylık pencere 2021-09..2026-09",2026-09-11
SLR,2025-10,kesin,"TEFAS fiyat serisi, 130 aylık pencere 2021-09..2026-09",2026-09-11
SLS,2025-07,kesin,"TEFAS fiyat serisi, 130 aylık pencere 2021-09..2026-09",2026-09-11
SMP,2023-07,kesin,"TEFAS fiyat serisi, 130 aylık pencere 2021-09..2026-09",2026-09-11
SNY,2025-04,kesin,"TEFAS fiyat serisi, 130 aylık pencere 2021-09..2026-09",2026-09-11
SOS,2024-10,kesin,"TEFAS fiyat serisi, 130 aylık pencere 2021-09..2026-09",2026-09-11
SPA,2021-09,en_gec,"TEFAS fiyat serisi, 130 aylık pencere 2021-09..2026-09",2026-09-11
SPD,2021-09,en_gec,"TEFAS fiyat serisi, 130 aylık pencere 2021-09..2026-09",2026-09-11
SPE,2021-09,en_gec,"TEFAS fiyat serisi, 130 aylık pencere 2021-09..2026-09",2026-09-11
SPN,2021-09,en_gec,"TEFAS fiyat serisi, 130 aylık pencere 2021-09..2026-09",2026-09-11
SPP,2025-06,kesin,"TEFAS fiyat serisi, 130 aylık pencere 2021-09..2026-09",2026-09-11
SPR,2024-06,kesin,"TEFAS fiyat serisi, 130 aylık pencere 2021-09..2026-09",2026-09-11
SPT,2024-07,kesin,"TEFAS fiyat serisi, 130 aylık pencere 2021-09..2026-09",2026-09-11
SRA,2023-11,kesin,"TEFAS fiyat serisi, 130 aylık pencere 2021-09..2026-09",2026-09-11
SRE,2023-02,kesin,"TEFAS fiyat serisi, 130 aylık pencere 2021-09..2026-09",2026-09-11
SRL,2025-05,kesin,"TEFAS fiyat serisi, 130 aylık pencere 2021-09..2026-09",2026-09-11
SRO,2021-09,en_gec,"TEFAS fiyat serisi, 130 aylık pencere 2021-09..2026-09",2026-09-11
SSD,2024-04,kesin,"TEFAS fiyat serisi, 130 aylık pencere 2021-09..2026-09",2026-09-11
SSE,2023-10,kesin,"TEFAS fiyat serisi, 130 aylık pencere 2021-09..2026-09",2026-09-11
SSF,2025-06,kesin,"TEFAS fiyat serisi, 130 aylık pencere 2021-09..2026-09",2026-09-11
SSK,2024-12,kesin,"TEFAS fiyat serisi, 130 aylık pencere 2021-09..2026-09",2026-09-11
SSN,2024-02,kesin,"TEFAS fiyat serisi, 130 aylık pencere 2021-09..2026-09",2026-09-11
SSO,2021-09,en_gec,"TEFAS fiyat serisi, 130 aylık pencere 2021-09..2026-09",2026-09-11
SSS,2025-03,kesin,"TEFAS fiyat serisi, 130 aylık pencere 2021-09..2026-09",2026-09-11
SST,2025-02,kesin,"TEFAS fiyat serisi, 130 aylık pencere 2021-09..2026-09",2026-09-11
ST1,2021-09,en_gec,"TEFAS fiyat serisi, 130 aylık pencere 2021-09..2026-09",2026-09-11
STI,2024-12,kesin,"TEFAS fiyat serisi, 130 aylık pencere 2021-09..2026-09",2026-09-11
STM,2025-07,kesin,"TEFAS fiyat serisi, 130 aylık pencere 2021-09..2026-09",2026-09-11
STS,2021-09,en_gec,"TEFAS fiyat serisi, 130 aylık pencere 2021-09..2026-09",2026-09-11
STZ,2021-09,en_gec,"TEFAS fiyat serisi, 130 aylık pencere 2021-09..2026-09",2026-09-11
SUA,2021-09,en_gec,"TEFAS fiyat serisi, 130 aylık pencere 2021-09..2026-09",2026-09-11
SUB,2021-09,en_gec,"TEFAS fiyat serisi, 130 aylık pencere 2021-09..2026-09",2026-09-11
SUC,2021-09,en_gec,"TEFAS fiyat serisi, 130 aylık pencere 2021-09..2026-09",2026-09-11
SUR,2025-12,kesin,"TEFAS fiyat serisi, 130 aylık pencere 2021-09..2026-09",2026-09-11
SVB,2022-04,kesin,"TEFAS fiyat serisi, 130 aylık pencere 2021-09..2026-09",2026-09-11
SVS,2023-09,kesin,"TEFAS fiyat serisi, 130 aylık pencere 2021-09..2026-09",2026-09-11
SVY,2024-08,kesin,"TEFAS fiyat serisi, 130 aylık pencere 2021-09..2026-09",2026-09-11
SYF,2025-06,kesin,"TEFAS fiyat serisi, 130 aylık pencere 2021-09..2026-09",2026-09-11
SYL,2023-03,kesin,"TEFAS fiyat serisi, 130 aylık pencere 2021-09..2026-09",2026-09-11
SYR,2025-03,kesin,"TEFAS fiyat serisi, 130 aylık pencere 2021-09..2026-09",2026-09-11
SYS,2025-06,kesin,"TEFAS fiyat serisi, 130 aylık pencere 2021-09..2026-09",2026-09-11
T3B,2023-08,kesin,"TEFAS fiyat serisi, 130 aylık pencere 2021-09..2026-09",2026-09-11
TAL,2024-02,kesin,"TEFAS fiyat serisi, 130 aylık pencere 2021-09..2026-09",2026-09-11
TAO,2021-09,en_gec,"TEFAS fiyat serisi, 130 aylık pencere 2021-09..2026-09",2026-09-11
TAR,2022-10,kesin,"TEFAS fiyat serisi, 130 aylık pencere 2021-09..2026-09",2026-09-11
TAU,2021-09,en_gec,"TEFAS fiyat serisi, 130 aylık pencere 2021-09..2026-09",2026-09-11
TAZ,2023-12,kesin,"TEFAS fiyat serisi, 130 aylık pencere 2021-09..2026-09",2026-09-11
TB9,2022-12,kesin,"TEFAS fiyat serisi, 130 aylık pencere 2021-09..2026-09",2026-09-11
TBP,2021-09,en_gec,"TEFAS fiyat serisi, 130 aylık pencere 2021-09..2026-09",2026-09-11
TBT,2021-09,en_gec,"TEFAS fiyat serisi, 130 aylık pencere 2021-09..2026-09",2026-09-11
TBV,2021-09,en_gec,"TEFAS fiyat serisi, 130 aylık pencere 2021-09..2026-09",2026-09-11
TCA,2021-09,en_gec,"TEFAS fiyat serisi, 130 aylık pencere 2021-09..2026-09",2026-09-11
TCB,2021-09,en_gec,"TEFAS fiyat serisi, 130 aylık pencere 2021-09..2026-09",2026-09-11
TCC,2021-09,en_gec,"TEFAS fiyat serisi, 130 aylık pencere 2021-09..2026-09",2026-09-11
TCD,2021-09,en_gec,"TEFAS fiyat serisi, 130 aylık pencere 2021-09..2026-09",2026-09-11
TCF,2023-02,kesin,"TEFAS fiyat serisi, 130 aylık pencere 2021-09..2026-09",2026-09-11
TCG,2022-09,kesin,"TEFAS fiyat serisi, 130 aylık pencere 2021-09..2026-09",2026-09-11
TCH,2024-05,kesin,"TEFAS fiyat serisi, 130 aylık pencere 2021-09..2026-09",2026-09-11
TCI,2021-09,en_gec,"TEFAS fiyat serisi, 130 aylık pencere 2021-09..2026-09",2026-09-11
TCS,2021-09,en_gec,"TEFAS fiyat serisi, 130 aylık pencere 2021-09..2026-09",2026-09-11
TDG,2021-09,en_gec,"TEFAS fiyat serisi, 130 aylık pencere 2021-09..2026-09",2026-09-11
TDP,2021-09,en_gec,"TEFAS fiyat serisi, 130 aylık pencere 2021-09..2026-09",2026-09-11
TE3,2021-09,en_gec,"TEFAS fiyat serisi, 130 aylık pencere 2021-09..2026-09",2026-09-11
TE4,2021-09,en_gec,"TEFAS fiyat serisi, 130 aylık pencere 2021-09..2026-09",2026-09-11
TEJ,2024-04,kesin,"TEFAS fiyat serisi, 130 aylık pencere 2021-09..2026-09",2026-09-11
TFE,2023-11,kesin,"TEFAS fiyat serisi, 130 aylık pencere 2021-09..2026-09",2026-09-11
TFF,2021-09,en_gec,"TEFAS fiyat serisi, 130 aylık pencere 2021-09..2026-09",2026-09-11
TFU,2025-11,kesin,"TEFAS fiyat serisi, 130 aylık pencere 2021-09..2026-09",2026-09-11
TGA,2021-09,en_gec,"TEFAS fiyat serisi, 130 aylık pencere 2021-09..2026-09",2026-09-11
TGE,2021-09,en_gec,"TEFAS fiyat serisi, 130 aylık pencere 2021-09..2026-09",2026-09-11
TGN,2025-09,kesin,"TEFAS fiyat serisi, 130 aylık pencere 2021-09..2026-09",2026-09-11
TGR,2021-09,en_gec,"TEFAS fiyat serisi, 130 aylık pencere 2021-09..2026-09",2026-09-11
TGT,2021-09,en_gec,"TEFAS fiyat serisi, 130 aylık pencere 2021-09..2026-09",2026-09-11
TGV,2022-07,kesin,"TEFAS fiyat serisi, 130 aylık pencere 2021-09..2026-09",2026-09-11
TGZ,2022-09,kesin,"TEFAS fiyat serisi, 130 aylık pencere 2021-09..2026-09",2026-09-11
THD,2023-07,kesin,"TEFAS fiyat serisi, 130 aylık pencere 2021-09..2026-09",2026-09-11
THF,2025-03,kesin,"TEFAS fiyat serisi, 130 aylık pencere 2021-09..2026-09",2026-09-11
THG,2021-09,en_gec,"TEFAS fiyat serisi, 130 aylık pencere 2021-09..2026-09",2026-09-11
THH,2022-12,kesin,"TEFAS fiyat serisi, 130 aylık pencere 2021-09..2026-09",2026-09-11
THO,2023-05,kesin,"TEFAS fiyat serisi, 130 aylık pencere 2021-09..2026-09",2026-09-11
THS,2022-12,kesin,"TEFAS fiyat serisi, 130 aylık pencere 2021-09..2026-09",2026-09-11
THT,2024-05,kesin,"TEFAS fiyat serisi, 130 aylık pencere 2021-09..2026-09",2026-09-11
THV,2021-09,en_gec,"TEFAS fiyat serisi, 130 aylık pencere 2021-09..2026-09",2026-09-11
TI1,2021-09,en_gec,"TEFAS fiyat serisi, 130 aylık pencere 2021-09..2026-09",2026-09-11
TI2,2021-09,en_gec,"TEFAS fiyat serisi, 130 aylık pencere 2021-09..2026-09",2026-09-11
TI3,2021-09,en_gec,"TEFAS fiyat serisi, 130 aylık pencere 2021-09..2026-09",2026-09-11
TI4,2021-09,en_gec,"TEFAS fiyat serisi, 130 aylık pencere 2021-09..2026-09",2026-09-11
TI6,2021-09,en_gec,"TEFAS fiyat serisi, 130 aylık pencere 2021-09..2026-09",2026-09-11
TI7,2021-09,en_gec,"TEFAS fiyat serisi, 130 aylık pencere 2021-09..2026-09",2026-09-11
TIE,2021-09,en_gec,"TEFAS fiyat serisi, 130 aylık pencere 2021-09..2026-09",2026-09-11
TIL,2025-09,kesin,"TEFAS fiyat serisi, 130 aylık pencere 2021-09..2026-09",2026-09-11
TIP,2021-09,en_gec,"TEFAS fiyat serisi, 130 aylık pencere 2021-09..2026-09",2026-09-11
TIV,2021-09,en_gec,"TEFAS fiyat serisi, 130 aylık pencere 2021-09..2026-09",2026-09-11
TJB,2021-09,en_gec,"TEFAS fiyat serisi, 130 aylık pencere 2021-09..2026-09",2026-09-11
TJF,2021-09,en_gec,"TEFAS fiyat serisi, 130 aylık pencere 2021-09..2026-09",2026-09-11
TJI,2021-09,en_gec,"TEFAS fiyat serisi, 130 aylık pencere 2021-09..2026-09",2026-09-11
TJL,2021-09,en_gec,"TEFAS fiyat serisi, 130 aylık pencere 2021-09..2026-09",2026-09-11
TJT,2022-02,kesin,"TEFAS fiyat serisi, 130 aylık pencere 2021-09..2026-09",2026-09-11
TKF,2021-09,en_gec,"TEFAS fiyat serisi, 130 aylık pencere 2021-09..2026-09",2026-09-11
TKH,2023-01,kesin,"TEFAS fiyat serisi, 130 aylık pencere 2021-09..2026-09",2026-09-11
TKK,2021-09,en_gec,"TEFAS fiyat serisi, 130 aylık pencere 2021-09..2026-09",2026-09-11
TKM,2021-09,en_gec,"TEFAS fiyat serisi, 130 aylık pencere 2021-09..2026-09",2026-09-11
TLC,2026-07,kesin,"TEFAS fiyat serisi, 130 aylık pencere 2021-09..2026-09",2026-09-11
TLE,2021-09,en_gec,"TEFAS fiyat serisi, 130 aylık pencere 2021-09..2026-09",2026-09-11
TLH,2021-09,en_gec,"TEFAS fiyat serisi, 130 aylık pencere 2021-09..2026-09",2026-09-11
TLK,2025-03,kesin,"TEFAS fiyat serisi, 130 aylık pencere 2021-09..2026-09",2026-09-11
TLT,2022-05,kesin,"TEFAS fiyat serisi, 130 aylık pencere 2021-09..2026-09",2026-09-11
TLU,2023-07,kesin,"TEFAS fiyat serisi, 130 aylık pencere 2021-09..2026-09",2026-09-11
TLV,2025-11,kesin,"TEFAS fiyat serisi, 130 aylık pencere 2021-09..2026-09",2026-09-11
TLY,2021-09,en_gec,"TEFAS fiyat serisi, 130 aylık pencere 2021-09..2026-09",2026-09-11
TLZ,2021-09,en_gec,"TEFAS fiyat serisi, 130 aylık pencere 2021-09..2026-09",2026-09-11
TMC,2021-09,en_gec,"TEFAS fiyat serisi, 130 aylık pencere 2021-09..2026-09",2026-09-11
TMG,2021-09,en_gec,"TEFAS fiyat serisi, 130 aylık pencere 2021-09..2026-09",2026-09-11
TMH,2024-08,kesin,"TEFAS fiyat serisi, 130 aylık pencere 2021-09..2026-09",2026-09-11
TMM,2023-05,kesin,"TEFAS fiyat serisi, 130 aylık pencere 2021-09..2026-09",2026-09-11
TMR,2021-09,en_gec,"TEFAS fiyat serisi, 130 aylık pencere 2021-09..2026-09",2026-09-11
TMS,2025-02,kesin,"TEFAS fiyat serisi, 130 aylık pencere 2021-09..2026-09",2026-09-11
TMU,2025-08,kesin,"TEFAS fiyat serisi, 130 aylık pencere 2021-09..2026-09",2026-09-11
TMV,2022-06,kesin,"TEFAS fiyat serisi, 130 aylık pencere 2021-09..2026-09",2026-09-11
TMZ,2024-03,kesin,"TEFAS fiyat serisi, 130 aylık pencere 2021-09..2026-09",2026-09-11
TNA,2024-11,kesin,"TEFAS fiyat serisi, 130 aylık pencere 2021-09..2026-09",2026-09-11
TNB,2024-04,kesin,"TEFAS fiyat serisi, 130 aylık pencere 2021-09..2026-09",2026-09-11
TND,2025-07,kesin,"TEFAS fiyat serisi, 130 aylık pencere 2021-09..2026-09",2026-09-11
TNF,2023-02,kesin,"TEFAS fiyat serisi, 130 aylık pencere 2021-09..2026-09",2026-09-11
TNH,2021-09,en_gec,"TEFAS fiyat serisi, 130 aylık pencere 2021-09..2026-09",2026-09-11
TNI,2021-09,en_gec,"TEFAS fiyat serisi, 130 aylık pencere 2021-09..2026-09",2026-09-11
TNK,2021-09,en_gec,"TEFAS fiyat serisi, 130 aylık pencere 2021-09..2026-09",2026-09-11
TNS,2021-09,en_gec,"TEFAS fiyat serisi, 130 aylık pencere 2021-09..2026-09",2026-09-11
TO8,2025-10,kesin,"TEFAS fiyat serisi, 130 aylık pencere 2021-09..2026-09",2026-09-11
TOK,2023-04,kesin,"TEFAS fiyat serisi, 130 aylık pencere 2021-09..2026-09",2026-09-11
TOT,2021-09,en_gec,"TEFAS fiyat serisi, 130 aylık pencere 2021-09..2026-09",2026-09-11
TP1,2022-12,kesin,"TEFAS fiyat serisi, 130 aylık pencere 2021-09..2026-09",2026-09-11
TP2,2025-01,kesin,"TEFAS fiyat serisi, 130 aylık pencere 2021-09..2026-09",2026-09-11
TPC,2021-09,en_gec,"TEFAS fiyat serisi, 130 aylık pencere 2021-09..2026-09",2026-09-11
TPE,2021-09,en_gec,"TEFAS fiyat serisi, 130 aylık pencere 2021-09..2026-09",2026-09-11
TPF,2021-09,en_gec,"TEFAS fiyat serisi, 130 aylık pencere 2021-09..2026-09",2026-09-11
TPJ,2021-09,en_gec,"TEFAS fiyat serisi, 130 aylık pencere 2021-09..2026-09",2026-09-11
TPL,2021-09,en_gec,"TEFAS fiyat serisi, 130 aylık pencere 2021-09..2026-09",2026-09-11
TPO,2021-09,en_gec,"TEFAS fiyat serisi, 130 aylık pencere 2021-09..2026-09",2026-09-11
TPP,2021-09,en_gec,"TEFAS fiyat serisi, 130 aylık pencere 2021-09..2026-09",2026-09-11
TPR,2021-09,en_gec,"TEFAS fiyat serisi, 130 aylık pencere 2021-09..2026-09",2026-09-11
TPV,2021-09,en_gec,"TEFAS fiyat serisi, 130 aylık pencere 2021-09..2026-09",2026-09-11
TPZ,2021-09,en_gec,"TEFAS fiyat serisi, 130 aylık pencere 2021-09..2026-09",2026-09-11
TRJ,2025-03,kesin,"TEFAS fiyat serisi, 130 aylık pencere 2021-09..2026-09",2026-09-11
TRN,2022-05,kesin,"TEFAS fiyat serisi, 130 aylık pencere 2021-09..2026-09",2026-09-11
TRO,2024-07,kesin,"TEFAS fiyat serisi, 130 aylık pencere 2021-09..2026-09",2026-09-11
TRR,2021-09,en_gec,"TEFAS fiyat serisi, 130 aylık pencere 2021-09..2026-09",2026-09-11
TRU,2024-09,kesin,"TEFAS fiyat serisi, 130 aylık pencere 2021-09..2026-09",2026-09-11
TSI,2021-09,en_gec,"TEFAS fiyat serisi, 130 aylık pencere 2021-09..2026-09",2026-09-11
TSP,2021-09,en_gec,"TEFAS fiyat serisi, 130 aylık pencere 2021-09..2026-09",2026-09-11
TTA,2021-09,en_gec,"TEFAS fiyat serisi, 130 aylık pencere 2021-09..2026-09",2026-09-11
TTE,2021-09,en_gec,"TEFAS fiyat serisi, 130 aylık pencere 2021-09..2026-09",2026-09-11
TTL,2021-09,en_gec,"TEFAS fiyat serisi, 130 aylık pencere 2021-09..2026-09",2026-09-11
TTP,2021-09,en_gec,"TEFAS fiyat serisi, 130 aylık pencere 2021-09..2026-09",2026-09-11
TTS,2021-09,en_gec,"TEFAS fiyat serisi, 130 aylık pencere 2021-09..2026-09",2026-09-11
TTV,2021-09,en_gec,"TEFAS fiyat serisi, 130 aylık pencere 2021-09..2026-09",2026-09-11
TTZ,2022-08,kesin,"TEFAS fiyat serisi, 130 aylık pencere 2021-09..2026-09",2026-09-11
TUA,2021-09,en_gec,"TEFAS fiyat serisi, 130 aylık pencere 2021-09..2026-09",2026-09-11
TVE,2025-12,kesin,"TEFAS fiyat serisi, 130 aylık pencere 2021-09..2026-09",2026-09-11
TVN,2023-07,kesin,"TEFAS fiyat serisi, 130 aylık pencere 2021-09..2026-09",2026-09-11
TYH,2021-09,en_gec,"TEFAS fiyat serisi, 130 aylık pencere 2021-09..2026-09",2026-09-11
TZC,2021-09,en_gec,"TEFAS fiyat serisi, 130 aylık pencere 2021-09..2026-09",2026-09-11
TZD,2021-09,en_gec,"TEFAS fiyat serisi, 130 aylık pencere 2021-09..2026-09",2026-09-11
TZH,2021-09,en_gec,"TEFAS fiyat serisi, 130 aylık pencere 2021-09..2026-09",2026-09-11
TZL,2021-09,en_gec,"TEFAS fiyat serisi, 130 aylık pencere 2021-09..2026-09",2026-09-11
TZP,2021-09,en_gec,"TEFAS fiyat serisi, 130 aylık pencere 2021-09..2026-09",2026-09-11
TZT,2021-09,en_gec,"TEFAS fiyat serisi, 130 aylık pencere 2021-09..2026-09",2026-09-11
TZV,2021-09,en_gec,"TEFAS fiyat serisi, 130 aylık pencere 2021-09..2026-09",2026-09-11
UAB,2022-01,kesin,"TEFAS fiyat serisi, 130 aylık pencere 2021-09..2026-09",2026-09-11
UAP,2021-09,en_gec,"TEFAS fiyat serisi, 130 aylık pencere 2021-09..2026-09",2026-09-11
UCN,2023-09,kesin,"TEFAS fiyat serisi, 130 aylık pencere 2021-09..2026-09",2026-09-11
UCP,2025-11,kesin,"TEFAS fiyat serisi, 130 aylık pencere 2021-09..2026-09",2026-09-11
UFH,2022-11,kesin,"TEFAS fiyat serisi, 130 aylık pencere 2021-09..2026-09",2026-09-11
UHL,2022-11,kesin,"TEFAS fiyat serisi, 130 aylık pencere 2021-09..2026-09",2026-09-11
UHS,2025-05,kesin,"TEFAS fiyat serisi, 130 aylık pencere 2021-09..2026-09",2026-09-11
ULH,2022-12,kesin,"TEFAS fiyat serisi, 130 aylık pencere 2021-09..2026-09",2026-09-11
ULL,2022-01,kesin,"TEFAS fiyat serisi, 130 aylık pencere 2021-09..2026-09",2026-09-11
UNT,2025-06,kesin,"TEFAS fiyat serisi, 130 aylık pencere 2021-09..2026-09",2026-09-11
UP1,2022-12,kesin,"TEFAS fiyat serisi, 130 aylık pencere 2021-09..2026-09",2026-09-11
UP2,2023-02,kesin,"TEFAS fiyat serisi, 130 aylık pencere 2021-09..2026-09",2026-09-11
UPD,2021-09,en_gec,"TEFAS fiyat serisi, 130 aylık pencere 2021-09..2026-09",2026-09-11
UPH,2021-09,en_gec,"TEFAS fiyat serisi, 130 aylık pencere 2021-09..2026-09",2026-09-11
UPP,2021-09,en_gec,"TEFAS fiyat serisi, 130 aylık pencere 2021-09..2026-09",2026-09-11
UPS,2021-09,en_gec,"TEFAS fiyat serisi, 130 aylık pencere 2021-09..2026-09",2026-09-11
URA,2024-12,kesin,"TEFAS fiyat serisi, 130 aylık pencere 2021-09..2026-09",2026-09-11
URC,2022-11,kesin,"TEFAS fiyat serisi, 130 aylık pencere 2021-09..2026-09",2026-09-11
URD,2025-10,kesin,"TEFAS fiyat serisi, 130 aylık pencere 2021-09..2026-09",2026-09-11
URG,2022-09,kesin,"TEFAS fiyat serisi, 130 aylık pencere 2021-09..2026-09",2026-09-11
URM,2024-08,kesin,"TEFAS fiyat serisi, 130 aylık pencere 2021-09..2026-09",2026-09-11
URS,2023-03,kesin,"TEFAS fiyat serisi, 130 aylık pencere 2021-09..2026-09",2026-09-11
URV,2023-03,kesin,"TEFAS fiyat serisi, 130 aylık pencere 2021-09..2026-09",2026-09-11
USS,2023-06,kesin,"TEFAS fiyat serisi, 130 aylık pencere 2021-09..2026-09",2026-09-11
UST,2023-03,kesin,"TEFAS fiyat serisi, 130 aylık pencere 2021-09..2026-09",2026-09-11
USY,2021-09,en_gec,"TEFAS fiyat serisi, 130 aylık pencere 2021-09..2026-09",2026-09-11
UYH,2022-09,kesin,"TEFAS fiyat serisi, 130 aylık pencere 2021-09..2026-09",2026-09-11
UZY,2022-03,kesin,"TEFAS fiyat serisi, 130 aylık pencere 2021-09..2026-09",2026-09-11
VAY,2023-11,kesin,"TEFAS fiyat serisi, 130 aylık pencere 2021-09..2026-09",2026-09-11
VCD,2022-06,kesin,"TEFAS fiyat serisi, 130 aylık pencere 2021-09..2026-09",2026-09-11
VCG,2022-06,kesin,"TEFAS fiyat serisi, 130 aylık pencere 2021-09..2026-09",2026-09-11
VCY,2022-03,kesin,"TEFAS fiyat serisi, 130 aylık pencere 2021-09..2026-09",2026-09-11
VFK,2021-09,en_gec,"TEFAS fiyat serisi, 130 aylık pencere 2021-09..2026-09",2026-09-11
VFO,2026-06,kesin,"TEFAS fiyat serisi, 130 aylık pencere 2021-09..2026-09",2026-09-11
VFS,2023-10,kesin,"TEFAS fiyat serisi, 130 aylık pencere 2021-09..2026-09",2026-09-11
VHK,2026-09,kesin,"TEFAS fiyat serisi, 130 aylık pencere 2021-09..2026-09",2026-09-11
VHS,2026-06,kesin,"TEFAS fiyat serisi, 130 aylık pencere 2021-09..2026-09",2026-09-11
VK6,2021-09,en_gec,"TEFAS fiyat serisi, 130 aylık pencere 2021-09..2026-09",2026-09-11
VKI,2023-09,kesin,"TEFAS fiyat serisi, 130 aylık pencere 2021-09..2026-09",2026-09-11
VKK,2026-06,kesin,"TEFAS fiyat serisi, 130 aylık pencere 2021-09..2026-09",2026-09-11
VKR,2026-08,kesin,"TEFAS fiyat serisi, 130 aylık pencere 2021-09..2026-09",2026-09-11
VKT,2021-09,en_gec,"TEFAS fiyat serisi, 130 aylık pencere 2021-09..2026-09",2026-09-11
VKV,2026-06,kesin,"TEFAS fiyat serisi, 130 aylık pencere 2021-09..2026-09",2026-09-11
VLT,2026-06,kesin,"TEFAS fiyat serisi, 130 aylık pencere 2021-09..2026-09",2026-09-11
VMV,2024-03,kesin,"TEFAS fiyat serisi, 130 aylık pencere 2021-09..2026-09",2026-09-11
VNK,2024-05,kesin,"TEFAS fiyat serisi, 130 aylık pencere 2021-09..2026-09",2026-09-11
VPA,2026-05,kesin,"TEFAS fiyat serisi, 130 aylık pencere 2021-09..2026-09",2026-09-11
VPD,2026-09,kesin,"TEFAS fiyat serisi, 130 aylık pencere 2021-09..2026-09",2026-09-11
VPE,2026-09,kesin,"TEFAS fiyat serisi, 130 aylık pencere 2021-09..2026-09",2026-09-11
VPH,2026-09,kesin,"TEFAS fiyat serisi, 130 aylık pencere 2021-09..2026-09",2026-09-11
VPP,2026-01,kesin,"TEFAS fiyat serisi, 130 aylık pencere 2021-09..2026-09",2026-09-11
VPS,2026-01,kesin,"TEFAS fiyat serisi, 130 aylık pencere 2021-09..2026-09",2026-09-11
VRK,2025-10,kesin,"TEFAS fiyat serisi, 130 aylık pencere 2021-09..2026-09",2026-09-11
VTF,2023-02,kesin,"TEFAS fiyat serisi, 130 aylık pencere 2021-09..2026-09",2026-09-11
VTL,2026-05,kesin,"TEFAS fiyat serisi, 130 aylık pencere 2021-09..2026-09",2026-09-11
YA1,2025-08,kesin,"TEFAS fiyat serisi, 130 aylık pencere 2021-09..2026-09",2026-09-11
YAC,2021-09,en_gec,"TEFAS fiyat serisi, 130 aylık pencere 2021-09..2026-09",2026-09-11
YAE,2026-03,kesin,"TEFAS fiyat serisi, 130 aylık pencere 2021-09..2026-09",2026-09-11
YAK,2021-09,en_gec,"TEFAS fiyat serisi, 130 aylık pencere 2021-09..2026-09",2026-09-11
YAN,2021-09,en_gec,"TEFAS fiyat serisi, 130 aylık pencere 2021-09..2026-09",2026-09-11
YAR,2021-09,en_gec,"TEFAS fiyat serisi, 130 aylık pencere 2021-09..2026-09",2026-09-11
YAS,2021-09,en_gec,"TEFAS fiyat serisi, 130 aylık pencere 2021-09..2026-09",2026-09-11
YAY,2021-09,en_gec,"TEFAS fiyat serisi, 130 aylık pencere 2021-09..2026-09",2026-09-11
YBE,2021-09,en_gec,"TEFAS fiyat serisi, 130 aylık pencere 2021-09..2026-09",2026-09-11
YBH,2025-02,kesin,"TEFAS fiyat serisi, 130 aylık pencere 2021-09..2026-09",2026-09-11
YBJ,2024-02,kesin,"TEFAS fiyat serisi, 130 aylık pencere 2021-09..2026-09",2026-09-11
YBP,2021-09,en_gec,"TEFAS fiyat serisi, 130 aylık pencere 2021-09..2026-09",2026-09-11
YBR,2025-04,kesin,"TEFAS fiyat serisi, 130 aylık pencere 2021-09..2026-09",2026-09-11
YBS,2021-09,en_gec,"TEFAS fiyat serisi, 130 aylık pencere 2021-09..2026-09",2026-09-11
YCG,2022-02,kesin,"TEFAS fiyat serisi, 130 aylık pencere 2021-09..2026-09",2026-09-11
YCH,2023-08,kesin,"TEFAS fiyat serisi, 130 aylık pencere 2021-09..2026-09",2026-09-11
YCK,2021-09,en_gec,"TEFAS fiyat serisi, 130 aylık pencere 2021-09..2026-09",2026-09-11
YCL,2021-09,en_gec,"TEFAS fiyat serisi, 130 aylık pencere 2021-09..2026-09",2026-09-11
YCP,2022-04,kesin,"TEFAS fiyat serisi, 130 aylık pencere 2021-09..2026-09",2026-09-11
YCY,2021-09,en_gec,"TEFAS fiyat serisi, 130 aylık pencere 2021-09..2026-09",2026-09-11
YDH,2025-01,kesin,"TEFAS fiyat serisi, 130 aylık pencere 2021-09..2026-09",2026-09-11
YDI,2021-09,en_gec,"TEFAS fiyat serisi, 130 aylık pencere 2021-09..2026-09",2026-09-11
YDK,2021-09,en_gec,"TEFAS fiyat serisi, 130 aylık pencere 2021-09..2026-09",2026-09-11
YDL,2024-01,kesin,"TEFAS fiyat serisi, 130 aylık pencere 2021-09..2026-09",2026-09-11
YDM,2025-03,kesin,"TEFAS fiyat serisi, 130 aylık pencere 2021-09..2026-09",2026-09-11
YDP,2024-04,kesin,"TEFAS fiyat serisi, 130 aylık pencere 2021-09..2026-09",2026-09-11
YDZ,2021-11,kesin,"TEFAS fiyat serisi, 130 aylık pencere 2021-09..2026-09",2026-09-11
YEF,2021-09,en_gec,"TEFAS fiyat serisi, 130 aylık pencere 2021-09..2026-09",2026-09-11
YFV,2021-09,en_gec,"TEFAS fiyat serisi, 130 aylık pencere 2021-09..2026-09",2026-09-11
YGM,2022-05,kesin,"TEFAS fiyat serisi, 130 aylık pencere 2021-09..2026-09",2026-09-11
YHB,2023-09,kesin,"TEFAS fiyat serisi, 130 aylık pencere 2021-09..2026-09",2026-09-11
YHI,2025-02,kesin,"TEFAS fiyat serisi, 130 aylık pencere 2021-09..2026-09",2026-09-11
YHK,2024-04,kesin,"TEFAS fiyat serisi, 130 aylık pencere 2021-09..2026-09",2026-09-11
YHP,2021-09,en_gec,"TEFAS fiyat serisi, 130 aylık pencere 2021-09..2026-09",2026-09-11
YHS,2021-09,en_gec,"TEFAS fiyat serisi, 130 aylık pencere 2021-09..2026-09",2026-09-11
YHT,2021-09,en_gec,"TEFAS fiyat serisi, 130 aylık pencere 2021-09..2026-09",2026-09-11
YHY,2025-06,kesin,"TEFAS fiyat serisi, 130 aylık pencere 2021-09..2026-09",2026-09-11
YHZ,2021-09,en_gec,"TEFAS fiyat serisi, 130 aylık pencere 2021-09..2026-09",2026-09-11
YIK,2025-07,kesin,"TEFAS fiyat serisi, 130 aylık pencere 2021-09..2026-09",2026-09-11
YIS,2025-09,kesin,"TEFAS fiyat serisi, 130 aylık pencere 2021-09..2026-09",2026-09-11
YIT,2025-02,kesin,"TEFAS fiyat serisi, 130 aylık pencere 2021-09..2026-09",2026-09-11
YIV,2022-06,kesin,"TEFAS fiyat serisi, 130 aylık pencere 2021-09..2026-09",2026-09-11
YJA,2021-09,en_gec,"TEFAS fiyat serisi, 130 aylık pencere 2021-09..2026-09",2026-09-11
YJH,2021-09,en_gec,"TEFAS fiyat serisi, 130 aylık pencere 2021-09..2026-09",2026-09-11
YJK,2021-09,en_gec,"TEFAS fiyat serisi, 130 aylık pencere 2021-09..2026-09",2026-09-11
YJU,2021-09,en_gec,"TEFAS fiyat serisi, 130 aylık pencere 2021-09..2026-09",2026-09-11
YJY,2021-09,en_gec,"TEFAS fiyat serisi, 130 aylık pencere 2021-09..2026-09",2026-09-11
YKS,2021-09,en_gec,"TEFAS fiyat serisi, 130 aylık pencere 2021-09..2026-09",2026-09-11
YKT,2021-09,en_gec,"TEFAS fiyat serisi, 130 aylık pencere 2021-09..2026-09",2026-09-11
YLB,2021-09,en_gec,"TEFAS fiyat serisi, 130 aylık pencere 2021-09..2026-09",2026-09-11
YLC,2022-02,kesin,"TEFAS fiyat serisi, 130 aylık pencere 2021-09..2026-09",2026-09-11
YLE,2022-02,kesin,"TEFAS fiyat serisi, 130 aylık pencere 2021-09..2026-09",2026-09-11
YLO,2022-03,kesin,"TEFAS fiyat serisi, 130 aylık pencere 2021-09..2026-09",2026-09-11
YLR,2024-01,kesin,"TEFAS fiyat serisi, 130 aylık pencere 2021-09..2026-09",2026-09-11
YLY,2023-02,kesin,"TEFAS fiyat serisi, 130 aylık pencere 2021-09..2026-09",2026-09-11
YLZ,2025-12,kesin,"TEFAS fiyat serisi, 130 aylık pencere 2021-09..2026-09",2026-09-11
YMD,2023-02,kesin,"TEFAS fiyat serisi, 130 aylık pencere 2021-09..2026-09",2026-09-11
YMH,2025-02,kesin,"TEFAS fiyat serisi, 130 aylık pencere 2021-09..2026-09",2026-09-11
YMP,2026-04,kesin,"TEFAS fiyat serisi, 130 aylık pencere 2021-09..2026-09",2026-09-11
YNF,2026-07,kesin,"TEFAS fiyat serisi, 130 aylık pencere 2021-09..2026-09",2026-09-11
YNK,2023-02,kesin,"TEFAS fiyat serisi, 130 aylık pencere 2021-09..2026-09",2026-09-11
YNL,2022-09,kesin,"TEFAS fiyat serisi, 130 aylık pencere 2021-09..2026-09",2026-09-11
YOA,2021-09,en_gec,"TEFAS fiyat serisi, 130 aylık pencere 2021-09..2026-09",2026-09-11
YOS,2025-12,kesin,"TEFAS fiyat serisi, 130 aylık pencere 2021-09..2026-09",2026-09-11
YOT,2021-09,en_gec,"TEFAS fiyat serisi, 130 aylık pencere 2021-09..2026-09",2026-09-11
YOZ,2025-10,kesin,"TEFAS fiyat serisi, 130 aylık pencere 2021-09..2026-09",2026-09-11
YP1,2022-12,kesin,"TEFAS fiyat serisi, 130 aylık pencere 2021-09..2026-09",2026-09-11
YP2,2022-12,kesin,"TEFAS fiyat serisi, 130 aylık pencere 2021-09..2026-09",2026-09-11
YP4,2022-12,kesin,"TEFAS fiyat serisi, 130 aylık pencere 2021-09..2026-09",2026-09-11
YPC,2022-08,kesin,"TEFAS fiyat serisi, 130 aylık pencere 2021-09..2026-09",2026-09-11
YPD,2022-08,kesin,"TEFAS fiyat serisi, 130 aylık pencere 2021-09..2026-09",2026-09-11
YPF,2021-09,en_gec,"TEFAS fiyat serisi, 130 aylık pencere 2021-09..2026-09",2026-09-11
YPI,2024-09,kesin,"TEFAS fiyat serisi, 130 aylık pencere 2021-09..2026-09",2026-09-11
YPK,2021-09,en_gec,"TEFAS fiyat serisi, 130 aylık pencere 2021-09..2026-09",2026-09-11
YPL,2021-09,en_gec,"TEFAS fiyat serisi, 130 aylık pencere 2021-09..2026-09",2026-09-11
YPN,2025-02,kesin,"TEFAS fiyat serisi, 130 aylık pencere 2021-09..2026-09",2026-09-11
YPP,2021-09,en_gec,"TEFAS fiyat serisi, 130 aylık pencere 2021-09..2026-09",2026-09-11
YPR,2025-04,kesin,"TEFAS fiyat serisi, 130 aylık pencere 2021-09..2026-09",2026-09-11
YPT,2023-02,kesin,"TEFAS fiyat serisi, 130 aylık pencere 2021-09..2026-09",2026-09-11
YPU,2025-09,kesin,"TEFAS fiyat serisi, 130 aylık pencere 2021-09..2026-09",2026-09-11
YPV,2021-09,en_gec,"TEFAS fiyat serisi, 130 aylık pencere 2021-09..2026-09",2026-09-11
YRB,2024-05,kesin,"TEFAS fiyat serisi, 130 aylık pencere 2021-09..2026-09",2026-09-11
YRZ,2025-03,kesin,"TEFAS fiyat serisi, 130 aylık pencere 2021-09..2026-09",2026-09-11
YSA,2025-12,kesin,"TEFAS fiyat serisi, 130 aylık pencere 2021-09..2026-09",2026-09-11
YSH,2026-07,kesin,"TEFAS fiyat serisi, 130 aylık pencere 2021-09..2026-09",2026-09-11
YSL,2023-05,kesin,"TEFAS fiyat serisi, 130 aylık pencere 2021-09..2026-09",2026-09-11
YSO,2025-02,kesin,"TEFAS fiyat serisi, 130 aylık pencere 2021-09..2026-09",2026-09-11
YSU,2021-09,en_gec,"TEFAS fiyat serisi, 130 aylık pencere 2021-09..2026-09",2026-09-11
YTC,2025-07,kesin,"TEFAS fiyat serisi, 130 aylık pencere 2021-09..2026-09",2026-09-11
YTD,2021-09,en_gec,"TEFAS fiyat serisi, 130 aylık pencere 2021-09..2026-09",2026-09-11
YTJ,2022-04,kesin,"TEFAS fiyat serisi, 130 aylık pencere 2021-09..2026-09",2026-09-11
YTO,2025-01,kesin,"TEFAS fiyat serisi, 130 aylık pencere 2021-09..2026-09",2026-09-11
YTR,2022-07,kesin,"TEFAS fiyat serisi, 130 aylık pencere 2021-09..2026-09",2026-09-11
YTV,2023-05,kesin,"TEFAS fiyat serisi, 130 aylık pencere 2021-09..2026-09",2026-09-11
YTY,2024-04,kesin,"TEFAS fiyat serisi, 130 aylık pencere 2021-09..2026-09",2026-09-11
YUB,2022-08,kesin,"TEFAS fiyat serisi, 130 aylık pencere 2021-09..2026-09",2026-09-11
YUD,2022-06,kesin,"TEFAS fiyat serisi, 130 aylık pencere 2021-09..2026-09",2026-09-11
YUI,2022-09,kesin,"TEFAS fiyat serisi, 130 aylık pencere 2021-09..2026-09",2026-09-11
YUK,2024-06,kesin,"TEFAS fiyat serisi, 130 aylık pencere 2021-09..2026-09",2026-09-11
YUN,2022-10,kesin,"TEFAS fiyat serisi, 130 aylık pencere 2021-09..2026-09",2026-09-11
YUY,2022-08,kesin,"TEFAS fiyat serisi, 130 aylık pencere 2021-09..2026-09",2026-09-11
YVB,2025-01,kesin,"TEFAS fiyat serisi, 130 aylık pencere 2021-09..2026-09",2026-09-11
YVD,2022-07,kesin,"TEFAS fiyat serisi, 130 aylık pencere 2021-09..2026-09",2026-09-11
YVF,2022-06,kesin,"TEFAS fiyat serisi, 130 aylık pencere 2021-09..2026-09",2026-09-11
YVG,2022-01,kesin,"TEFAS fiyat serisi, 130 aylık pencere 2021-09..2026-09",2026-09-11
YVO,2022-07,kesin,"TEFAS fiyat serisi, 130 aylık pencere 2021-09..2026-09",2026-09-11
YVS,2022-08,kesin,"TEFAS fiyat serisi, 130 aylık pencere 2021-09..2026-09",2026-09-11
YZC,2022-01,kesin,"TEFAS fiyat serisi, 130 aylık pencere 2021-09..2026-09",2026-09-11
YZF,2021-09,en_gec,"TEFAS fiyat serisi, 130 aylık pencere 2021-09..2026-09",2026-09-11
YZG,2021-09,en_gec,"TEFAS fiyat serisi, 130 aylık pencere 2021-09..2026-09",2026-09-11
YZH,2021-09,en_gec,"TEFAS fiyat serisi, 130 aylık pencere 2021-09..2026-09",2026-09-11
YZK,2021-09,en_gec,"TEFAS fiyat serisi, 130 aylık pencere 2021-09..2026-09",2026-09-11
YZL,2022-10,kesin,"TEFAS fiyat serisi, 130 aylık pencere 2021-09..2026-09",2026-09-11
YZT,2026-06,kesin,"TEFAS fiyat serisi, 130 aylık pencere 2021-09..2026-09",2026-09-11
ZA2,2025-02,kesin,"TEFAS fiyat serisi, 130 aylık pencere 2021-09..2026-09",2026-09-11
ZAD,2025-01,kesin,"TEFAS fiyat serisi, 130 aylık pencere 2021-09..2026-09",2026-09-11
ZAV,2024-12,kesin,"TEFAS fiyat serisi, 130 aylık pencere 2021-09..2026-09",2026-09-11
ZAY,2021-09,en_gec,"TEFAS fiyat serisi, 130 aylık pencere 2021-09..2026-09",2026-09-11
ZBD,2021-09,en_gec,"TEFAS fiyat serisi, 130 aylık pencere 2021-09..2026-09",2026-09-11
ZBI,2024-07,kesin,"TEFAS fiyat serisi, 130 aylık pencere 2021-09..2026-09",2026-09-11
ZBJ,2022-01,kesin,"TEFAS fiyat serisi, 130 aylık pencere 2021-09..2026-09",2026-09-11
ZBN,2022-02,kesin,"TEFAS fiyat serisi, 130 aylık pencere 2021-09..2026-09",2026-09-11
ZBO,2022-02,kesin,"TEFAS fiyat serisi, 130 aylık pencere 2021-09..2026-09",2026-09-11
ZBZ,2022-02,kesin,"TEFAS fiyat serisi, 130 aylık pencere 2021-09..2026-09",2026-09-11
ZCA,2022-11,kesin,"TEFAS fiyat serisi, 130 aylık pencere 2021-09..2026-09",2026-09-11
ZCB,2022-10,kesin,"TEFAS fiyat serisi, 130 aylık pencere 2021-09..2026-09",2026-09-11
ZCC,2022-09,kesin,"TEFAS fiyat serisi, 130 aylık pencere 2021-09..2026-09",2026-09-11
ZCD,2022-09,kesin,"TEFAS fiyat serisi, 130 aylık pencere 2021-09..2026-09",2026-09-11
ZCE,2022-09,kesin,"TEFAS fiyat serisi, 130 aylık pencere 2021-09..2026-09",2026-09-11
ZCG,2022-09,kesin,"TEFAS fiyat serisi, 130 aylık pencere 2021-09..2026-09",2026-09-11
ZCH,2022-09,kesin,"TEFAS fiyat serisi, 130 aylık pencere 2021-09..2026-09",2026-09-11
ZCK,2024-07,kesin,"TEFAS fiyat serisi, 130 aylık pencere 2021-09..2026-09",2026-09-11
ZCN,2022-07,kesin,"TEFAS fiyat serisi, 130 aylık pencere 2021-09..2026-09",2026-09-11
ZDD,2021-09,en_gec,"TEFAS fiyat serisi, 130 aylık pencere 2021-09..2026-09",2026-09-11
ZDK,2023-01,kesin,"TEFAS fiyat serisi, 130 aylık pencere 2021-09..2026-09",2026-09-11
ZDZ,2021-09,en_gec,"TEFAS fiyat serisi, 130 aylık pencere 2021-09..2026-09",2026-09-11
ZFB,2021-09,en_gec,"TEFAS fiyat serisi, 130 aylık pencere 2021-09..2026-09",2026-09-11
ZFH,2022-06,kesin,"TEFAS fiyat serisi, 130 aylık pencere 2021-09..2026-09",2026-09-11
ZHH,2024-08,kesin,"TEFAS fiyat serisi, 130 aylık pencere 2021-09..2026-09",2026-09-11
ZIH,2026-08,kesin,"TEFAS fiyat serisi, 130 aylık pencere 2021-09..2026-09",2026-09-11
ZJB,2021-09,en_gec,"TEFAS fiyat serisi, 130 aylık pencere 2021-09..2026-09",2026-09-11
ZJH,2021-09,en_gec,"TEFAS fiyat serisi, 130 aylık pencere 2021-09..2026-09",2026-09-11
ZJI,2021-09,en_gec,"TEFAS fiyat serisi, 130 aylık pencere 2021-09..2026-09",2026-09-11
ZJL,2021-09,en_gec,"TEFAS fiyat serisi, 130 aylık pencere 2021-09..2026-09",2026-09-11
ZJR,2021-09,en_gec,"TEFAS fiyat serisi, 130 aylık pencere 2021-09..2026-09",2026-09-11
ZJT,2021-09,en_gec,"TEFAS fiyat serisi, 130 aylık pencere 2021-09..2026-09",2026-09-11
ZJV,2021-09,en_gec,"TEFAS fiyat serisi, 130 aylık pencere 2021-09..2026-09",2026-09-11
ZK1,2024-12,kesin,"TEFAS fiyat serisi, 130 aylık pencere 2021-09..2026-09",2026-09-11
ZK2,2024-12,kesin,"TEFAS fiyat serisi, 130 aylık pencere 2021-09..2026-09",2026-09-11
ZLB,2025-01,kesin,"TEFAS fiyat serisi, 130 aylık pencere 2021-09..2026-09",2026-09-11
ZLG,2021-10,kesin,"TEFAS fiyat serisi, 130 aylık pencere 2021-09..2026-09",2026-09-11
ZLH,2021-09,en_gec,"TEFAS fiyat serisi, 130 aylık pencere 2021-09..2026-09",2026-09-11
ZMT,2023-09,kesin,"TEFAS fiyat serisi, 130 aylık pencere 2021-09..2026-09",2026-09-11
ZMU,2025-05,kesin,"TEFAS fiyat serisi, 130 aylık pencere 2021-09..2026-09",2026-09-11
ZMY,2022-05,kesin,"TEFAS fiyat serisi, 130 aylık pencere 2021-09..2026-09",2026-09-11
ZOS,2024-08,kesin,"TEFAS fiyat serisi, 130 aylık pencere 2021-09..2026-09",2026-09-11
ZP1,2022-12,kesin,"TEFAS fiyat serisi, 130 aylık pencere 2021-09..2026-09",2026-09-11
ZP2,2022-12,kesin,"TEFAS fiyat serisi, 130 aylık pencere 2021-09..2026-09",2026-09-11
ZP3,2023-03,kesin,"TEFAS fiyat serisi, 130 aylık pencere 2021-09..2026-09",2026-09-11
ZP6,2022-12,kesin,"TEFAS fiyat serisi, 130 aylık pencere 2021-09..2026-09",2026-09-11
ZP7,2022-12,kesin,"TEFAS fiyat serisi, 130 aylık pencere 2021-09..2026-09",2026-09-11
ZP8,2023-01,kesin,"TEFAS fiyat serisi, 130 aylık pencere 2021-09..2026-09",2026-09-11
ZP9,2022-12,kesin,"TEFAS fiyat serisi, 130 aylık pencere 2021-09..2026-09",2026-09-11
ZPA,2021-09,en_gec,"TEFAS fiyat serisi, 130 aylık pencere 2021-09..2026-09",2026-09-11
ZPC,2021-09,en_gec,"TEFAS fiyat serisi, 130 aylık pencere 2021-09..2026-09",2026-09-11
ZPE,2021-09,en_gec,"TEFAS fiyat serisi, 130 aylık pencere 2021-09..2026-09",2026-09-11
ZPF,2021-09,en_gec,"TEFAS fiyat serisi, 130 aylık pencere 2021-09..2026-09",2026-09-11
ZPG,2021-09,en_gec,"TEFAS fiyat serisi, 130 aylık pencere 2021-09..2026-09",2026-09-11
ZPH,2025-07,kesin,"TEFAS fiyat serisi, 130 aylık pencere 2021-09..2026-09",2026-09-11
ZPJ,2021-09,en_gec,"TEFAS fiyat serisi, 130 aylık pencere 2021-09..2026-09",2026-09-11
ZPK,2021-09,en_gec,"TEFAS fiyat serisi, 130 aylık pencere 2021-09..2026-09",2026-09-11
ZPN,2021-11,kesin,"TEFAS fiyat serisi, 130 aylık pencere 2021-09..2026-09",2026-09-11
ZPO,2026-07,kesin,"TEFAS fiyat serisi, 130 aylık pencere 2021-09..2026-09",2026-09-11
ZPR,2025-07,kesin,"TEFAS fiyat serisi, 130 aylık pencere 2021-09..2026-09",2026-09-11
ZR2,2022-12,kesin,"TEFAS fiyat serisi, 130 aylık pencere 2021-09..2026-09",2026-09-11
ZR3,2022-12,kesin,"TEFAS fiyat serisi, 130 aylık pencere 2021-09..2026-09",2026-09-11
ZSB,2022-05,kesin,"TEFAS fiyat serisi, 130 aylık pencere 2021-09..2026-09",2026-09-11
ZSF,2021-10,kesin,"TEFAS fiyat serisi, 130 aylık pencere 2021-09..2026-09",2026-09-11
ZSG,2022-12,kesin,"TEFAS fiyat serisi, 130 aylık pencere 2021-09..2026-09",2026-09-11
ZSN,2023-01,kesin,"TEFAS fiyat serisi, 130 aylık pencere 2021-09..2026-09",2026-09-11
ZTF,2022-06,kesin,"TEFAS fiyat serisi, 130 aylık pencere 2021-09..2026-09",2026-09-11
ZTG,2025-08,kesin,"TEFAS fiyat serisi, 130 aylık pencere 2021-09..2026-09",2026-09-11
ZTV,2026-08,kesin,"TEFAS fiyat serisi, 130 aylık pencere 2021-09..2026-09",2026-09-11
ZUD,2022-06,kesin,"TEFAS fiyat serisi, 130 aylık pencere 2021-09..2026-09",2026-09-11
ZUE,2022-06,kesin,"TEFAS fiyat serisi, 130 aylık pencere 2021-09..2026-09",2026-09-11
ZUS,2024-12,kesin,"TEFAS fiyat serisi, 130 aylık pencere 2021-09..2026-09",2026-09-11
ZVB,2021-09,en_gec,"TEFAS fiyat serisi, 130 aylık pencere 2021-09..2026-09",2026-09-11
ZVO,2022-07,kesin,"TEFAS fiyat serisi, 130 aylık pencere 2021-09..2026-09",2026-09-11
ZYC,2022-07,kesin,"TEFAS fiyat serisi, 130 aylık pencere 2021-09..2026-09",2026-09-11
ZYD,2022-07,kesin,"TEFAS fiyat serisi, 130 aylık pencere 2021-09..2026-09",2026-09-11
ZZL,2021-12,kesin,"TEFAS fiyat serisi, 130 aylık pencere 2021-09..2026-09",2026-09-11
