tarih,hisse,kapanisDuzeltilmis,kapanisHam,hacim,xu100,usdTry
2026-09-18,AAGYO,8.7,8.7,125013977.0,13284.42,48.6992
2026-09-18,ADEL,28.8,28.8,45123226.0,13284.42,48.6992
2026-09-18,ADESE,0.75,0.75,133725441.0,13284.42,48.6992
2026-09-18,ADGYO,49.14,49.14,57228518.0,13284.42,48.6992
2026-09-18,AEFES,18.79,18.79,626995932.0,13284.42,48.6992
2026-09-18,AFYON,11.55,11.55,15069095.0,13284.42,48.6992
2026-09-18,AGESA,240.5,240.5,50660832.0,13284.42,48.6992
2026-09-18,AGHOL,34.06,34.06,304991496.0,13284.42,48.6992
2026-09-18,AGROT,1.66,1.66,60602934.0,13284.42,48.6992
2026-09-18,AGYO,7.53,7.53,3354822.0,13284.42,48.6992
2026-09-18,AHGAZ,41.76,41.76,291763949.0,13284.42,48.6992
2026-09-18,AHSGY,12.46,12.46,64656929.0,13284.42,48.6992
2026-09-18,AKBNK,70.7,70.7,14927793211.0,13284.42,48.6992
2026-09-18,AKCNS,201.5,201.5,201788922.0,13284.42,48.6992
2026-09-18,AKENR,9.32,9.32,37388135.0,13284.42,48.6992
2026-09-18,AKFGY,2.46,2.46,59590497.0,13284.42,48.6992
2026-09-18,AKFIS,15.34,15.34,365753709.0,13284.42,48.6992
2026-09-18,AKFYE,22.0,3.6667,200663010.0,13284.42,48.6992
2026-09-18,AKGRT,5.52,5.52,47495700.0,13284.42,48.6992
2026-09-18,AKHAN,28.0,28.0,94393052.0,13284.42,48.6992
2026-09-18,AKMGY,229.0,229.0,5861214.0,13284.42,48.6992
2026-09-18,AKSA,10.85,10.85,193056389.0,13284.42,48.6992
2026-09-18,AKSEN,65.65,65.65,390020563.0,13284.42,48.6992
2026-09-18,AKSGY,9.27,9.27,56108134.0,13284.42,48.6992
2026-09-18,AKSUE,19.13,19.13,75422806.0,13284.42,48.6992
2026-09-18,ALARK,107.8,107.8,354241644.0,13284.42,48.6992
2026-09-18,ALBRK,8.72,8.72,194310050.0,13284.42,48.6992
2026-09-18,ALCTL,91.5,91.5,26222745.0,13284.42,48.6992
2026-09-18,ALFAS,33.56,33.56,209906902.0,13284.42,48.6992
2026-09-18,ALGYO,3.25,3.25,73508343.0,13284.42,48.6992
2026-09-18,ALKA,7.0,7.0,15016685.0,13284.42,48.6992
2026-09-18,ALKIM,13.59,13.59,16702708.0,13284.42,48.6992
2026-09-18,ALKLC,379.25,379.25,25820857.0,13284.42,48.6992
2026-09-18,ALTNY,14.11,14.11,274982924.0,13284.42,48.6992
2026-09-18,ALVES,0.68,0.68,19557939.0,13284.42,48.6992
2026-09-18,ANELE,105.1,105.1,53478979.0,13284.42,48.6992
2026-09-18,ANGEN,7.72,7.72,20347927.0,13284.42,48.6992
2026-09-18,ANHYT,98.0,98.0,344143110.0,13284.42,48.6992
2026-09-18,ANSGR,27.1,27.1,223295108.0,13284.42,48.6992
2026-09-18,ARASE,107.1,107.1,22627719.0,13284.42,48.6992
2026-09-18,ARCLK,87.15,87.15,263389679.0,13284.42,48.6992
2026-09-18,ARDYZ,61.4,61.4,976853306.0,13284.42,48.6992
2026-09-18,ARENA,17.0,17.0,15567201.0,13284.42,48.6992
2026-09-18,ARFYE,15.96,15.96,117663063.0,13284.42,48.6992
2026-09-18,ARMGD,159.3,159.3,255288649.0,13284.42,48.6992
2026-09-18,ARSAN,3.59,3.59,82127734.0,13284.42,48.6992
2026-09-18,ARTMS,37.06,37.06,36224091.0,13284.42,48.6992
2026-09-18,ARZUM,1.32,1.32,9922522.0,13284.42,48.6992
2026-09-18,ASELS,372.75,372.75,8990883177.0,13284.42,48.6992
2026-09-18,ASGYO,10.06,10.06,31488669.0,13284.42,48.6992
2026-09-18,ASTOR,248.0,248.0,8200140264.0,13284.42,48.6992
2026-09-18,ASUZU,45.54,45.54,73568922.0,13284.42,48.6992
2026-09-18,ATAGY,9.25,9.25,1736909.0,13284.42,48.6992
2026-09-18,ATAKP,34.96,34.96,19423335.0,13284.42,48.6992
2026-09-18,ATATP,250.0,250.0,274088451.0,13284.42,48.6992
2026-09-18,ATATR,9.26,9.26,6532986.0,13284.42,48.6992
2026-09-18,AVGYO,16.42,16.42,35913629.0,13284.42,48.6992
2026-09-18,AVPGY,54.1,54.1,60334278.0,13284.42,48.6992
2026-09-18,AYDEM,23.72,23.72,37148566.0,13284.42,48.6992
2026-09-18,AYEN,28.3,28.3,13028080.0,13284.42,48.6992
2026-09-18,AYGAZ,324.25,324.25,314516708.0,13284.42,48.6992
2026-09-18,AZTEK,3.8,3.8,19025240.0,13284.42,48.6992
2026-09-18,BAGFS,24.4,24.4,26689032.0,13284.42,48.6992
2026-09-18,BAHKM,178.8,178.8,375138975.0,13284.42,48.6992
2026-09-18,BALSU,6.26,6.26,359432820.0,13284.42,48.6992
2026-09-18,BANVT,142.5,142.5,52335441.0,13284.42,48.6992
2026-09-18,BARMA,7.39,7.39,2847871.0,13284.42,48.6992
2026-09-18,BASGZ,41.62,41.62,16866674.0,13284.42,48.6992
2026-09-18,BEGYO,2.85,2.85,10184290.0,13284.42,48.6992
2026-09-18,BERA,12.1,12.1,83540976.0,13284.42,48.6992
2026-09-18,BESLR,11.95,11.95,24808267.0,13284.42,48.6992
2026-09-18,BESTE,25.1,25.1,192817982.0,13284.42,48.6992
2026-09-18,BETAE,61.5,61.5,931104211.0,13284.42,48.6992
2026-09-18,BFREN,117.0,117.0,15380366.0,13284.42,48.6992
2026-09-18,BIENY,17.41,17.41,32614369.0,13284.42,48.6992
2026-09-18,BIGCH,4.3,4.3,20269903.0,13284.42,48.6992
2026-09-18,BIGEN,114.5,114.5,17897495.0,13284.42,48.6992
2026-09-18,BIGTK,223.6,223.6,4726904.0,13284.42,48.6992
2026-09-18,BIMAS,419.75,419.75,4602326309.0,13284.42,48.6992
2026-09-18,BINBN,135.8,135.8,3097462.0,13284.42,48.6992
2026-09-18,BINHO,7.05,7.05,23715671.0,13284.42,48.6992
2026-09-18,BIOEN,14.43,14.43,111653097.0,13284.42,48.6992
2026-09-18,BIZIM,21.42,21.42,8244740.0,13284.42,48.6992
2026-09-18,BJKAS,1.92,1.92,425001053.0,13284.42,48.6992
2026-09-18,BKRGY,6.57,6.57,111677635.0,13284.42,48.6992
2026-09-18,BLCYT,1.7,1.7,36582069.0,13284.42,48.6992
2026-09-18,BLUME,34.9,34.9,86130502.0,13284.42,48.6992
2026-09-18,BMSTL,47.28,47.28,167978366.0,13284.42,48.6992
2026-09-18,BNTAS,5.52,5.52,20698047.0,13284.42,48.6992
2026-09-18,BOBET,17.25,17.25,103017558.0,13284.42,48.6992
2026-09-18,BORLS,2.28,2.28,40692450.0,13284.42,48.6992
2026-09-18,BORSK,5.74,5.74,41281653.0,13284.42,48.6992
2026-09-18,BOSSA,7.01,7.01,47815500.0,13284.42,48.6992
2026-09-18,BRISA,73.4,73.4,16321966.0,13284.42,48.6992
2026-09-18,BRKO,8.32,8.32,2007391.0,13284.42,48.6992
2026-09-18,BRKSN,6.86,6.86,3560774.0,13284.42,48.6992
2026-09-18,BRKVY,63.95,63.95,35151626.0,13284.42,48.6992
2026-09-18,BRLSM,14.29,14.29,74894372.0,13284.42,48.6992
2026-09-18,BRSAN,655.5,655.5,886790983.0,13284.42,48.6992
2026-09-18,BRYAT,1570.0,1570.0,98158720.0,13284.42,48.6992
2026-09-18,BSOKE,14.31,14.31,7641597.0,13284.42,48.6992
2026-09-18,BTCIM,2.91,2.91,628926593.0,13284.42,48.6992
2026-09-18,BUCIM,5.05,5.05,22185180.0,13284.42,48.6992
2026-09-18,BULGS,21.06,21.06,2105537.0,13284.42,48.6992
2026-09-18,BURCE,28.28,28.28,31757546.0,13284.42,48.6992
2026-09-18,BURVA,565.0,565.0,31263723.0,13284.42,48.6992
2026-09-18,BVSAN,88.75,88.75,193425951.0,13284.42,48.6992
2026-09-18,BYDNR,25.52,25.52,25829035.0,13284.42,48.6992
2026-09-18,CANTE,1.23,1.23,479399200.0,13284.42,48.6992
2026-09-18,CATES,45.96,45.96,3549491.0,13284.42,48.6992
2026-09-18,CCOLA,80.0,80.0,343211610.0,13284.42,48.6992
2026-09-18,CELHA,26.32,26.32,69183467.0,13284.42,48.6992
2026-09-18,CEMAS,3.39,3.39,51435472.0,13284.42,48.6992
2026-09-18,CEMTS,7.75,7.75,21630567.0,13284.42,48.6992
2026-09-18,CEMZY,11.52,11.52,5688219.0,13284.42,48.6992
2026-09-18,CEOEM,30.22,30.22,145409740.0,13284.42,48.6992
2026-09-18,CGCAM,24.88,24.88,53264609.0,13284.42,48.6992
2026-09-18,CIMSA,41.32,41.32,365146824.0,13284.42,48.6992
2026-09-18,CITAS,116.0,116.0,4344896.0,13284.42,48.6992
2026-09-18,CLEBI,1385.0,1385.0,34719757.0,13284.42,48.6992
2026-09-18,CMBTN,1473.0,1473.0,20685918.0,13284.42,48.6992
2026-09-18,CONSE,1.91,1.91,12488131.0,13284.42,48.6992
2026-09-18,CRDFA,16.84,16.84,2674209.0,13284.42,48.6992
2026-09-18,CRFSA,237.5,237.5,270482050.0,13284.42,48.6992
2026-09-18,CUSAN,20.6,20.6,18049693.0,13284.42,48.6992
2026-09-18,CVKMD,13.71,13.71,460698398.0,13284.42,48.6992
2026-09-18,CWENE,23.88,23.88,891294313.0,13284.42,48.6992
2026-09-18,DAGI,6.73,6.73,27398803.0,13284.42,48.6992
2026-09-18,DAPGM,5.55,5.55,24407030.0,13284.42,48.6992
2026-09-18,DARDL,1.31,1.31,23079233.0,13284.42,48.6992
2026-09-18,DCTTR,4.3,4.3,14172487.0,13284.42,48.6992
2026-09-18,DENGE,2.22,2.22,29447245.0,13284.42,48.6992
2026-09-18,DERHL,1.74,1.74,23878047.0,13284.42,48.6992
2026-09-18,DESA,9.01,9.01,13516093.0,13284.42,48.6992
2026-09-18,DESPC,33.62,33.62,16354978.0,13284.42,48.6992
2026-09-18,DEVA,99.1,99.1,67478896.0,13284.42,48.6992
2026-09-18,DGATE,71.75,71.75,15497069.0,13284.42,48.6992
2026-09-18,DGGYO,28.82,28.82,3533523.0,13284.42,48.6992
2026-09-18,DGNMO,5.87,5.87,15034867.0,13284.42,48.6992
2026-09-18,DITAS,12.21,12.21,2148911.0,13284.42,48.6992
2026-09-18,DMRGD,11.14,11.14,1380775567.0,13284.42,48.6992
2026-09-18,DMSAS,6.13,6.13,30634212.0,13284.42,48.6992
2026-09-18,DOAS,154.6,154.6,171508901.0,13284.42,48.6992
2026-09-18,DOCO,10447.5,10447.5,101389115.0,13284.42,48.6992
2026-09-18,DOFRB,89.35,89.35,636001570.0,13284.42,48.6992
2026-09-18,DOGUB,43.52,43.52,2124429.0,13284.42,48.6992
2026-09-18,DOHOL,20.2,20.2,474253190.0,13284.42,48.6992
2026-09-18,DOKTA,20.24,20.24,14578629.0,13284.42,48.6992
2026-09-18,DSTKF,1984.0,1984.0,183904896.0,13284.42,48.6992
2026-09-18,DUNYH,75.35,75.35,778290.0,13284.42,48.6992
2026-09-18,DURKN,15.0,15.0,18332020.0,13284.42,48.6992
2026-09-18,DYOBY,11.55,11.55,22109760.0,13284.42,48.6992
2026-09-18,DZGYO,7.09,7.09,19160403.0,13284.42,48.6992
2026-09-18,EBEBK,80.55,80.55,33332652.0,13284.42,48.6992
2026-09-18,ECILC,60.6,60.6,512835682.0,13284.42,48.6992
2026-09-18,ECOGR,33.26,33.26,103231877.0,13284.42,48.6992
2026-09-18,ECZYT,234.9,234.9,139464761.0,13284.42,48.6992
2026-09-18,EDATA,12.46,12.46,1786453.0,13284.42,48.6992
2026-09-18,EFOR,19.4,19.4,2754779253.0,13284.42,48.6992
2026-09-18,EGEEN,5235.0,5235.0,226529695.0,13284.42,48.6992
2026-09-18,EGEGY,16.32,16.32,3304555.0,13284.42,48.6992
2026-09-18,EGEPO,7.31,7.31,23589501.0,13284.42,48.6992
2026-09-18,EGGUB,101.5,101.5,40948165.0,13284.42,48.6992
2026-09-18,EGPRO,33.38,33.38,90270422.0,13284.42,48.6992
2026-09-18,EGSER,2.69,2.69,4630559.0,13284.42,48.6992
2026-09-18,EKDMR,37.94,37.94,114828566.0,13284.42,48.6992
2026-09-18,EKGYO,19.01,19.01,2424264470.0,13284.42,48.6992
2026-09-18,EKIM,15.8,15.8,296749268.0,13284.42,48.6992
2026-09-18,EKOS,3.95,3.95,23532131.0,13284.42,48.6992
2026-09-18,EKSUN,4.65,4.65,12586973.0,13284.42,48.6992
2026-09-18,ELITE,22.22,22.22,22619438.0,13284.42,48.6992
2026-09-18,EMKEL,10.14,10.14,25271802.0,13284.42,48.6992
2026-09-18,EMPAE,52.6,52.6,199978825.0,13284.42,48.6992
2026-09-18,ENDAE,14.84,14.84,48459263.0,13284.42,48.6992
2026-09-18,ENERY,12.85,12.85,1346899563.0,13284.42,48.6992
2026-09-18,ENJSA,108.0,108.0,438764396.0,13284.42,48.6992
2026-09-18,ENKAI,85.35,85.35,782316012.0,13284.42,48.6992
2026-09-18,ENPRA,47.8,47.8,2327825.0,13284.42,48.6992
2026-09-18,ENSRI,3.5,3.5,42264266.0,13284.42,48.6992
2026-09-18,ENTRA,4.0,4.0,106016400.0,13284.42,48.6992
2026-09-18,ERBOS,125.0,125.0,13339639.0,13284.42,48.6992
2026-09-18,ERCB,37.36,37.36,28931996.0,13284.42,48.6992
2026-09-18,EREGL,36.42,36.42,4495057334.0,13284.42,48.6992
2026-09-18,ERSU,17.46,17.46,8033309.0,13284.42,48.6992
2026-09-18,ESCAR,33.62,33.62,4491733.0,13284.42,48.6992
2026-09-18,ESCOM,4.5,4.5,60676237.0,13284.42,48.6992
2026-09-18,ESEN,3.0,3.0,100707112.0,13284.42,48.6992
2026-09-18,EUPWR,62.35,62.35,3322186354.0,13284.42,48.6992
2026-09-18,EUREN,3.23,3.23,91503010.0,13284.42,48.6992
2026-09-18,EYGYO,2.19,2.19,18284406.0,13284.42,48.6992
2026-09-18,FADE,12.72,12.72,17401723.0,13284.42,48.6992
2026-09-18,FENER,2.59,2.59,209530684.0,13284.42,48.6992
2026-09-18,FONET,4.06,4.06,69143522.0,13284.42,48.6992
2026-09-18,FORMT,1.19,1.19,25184516.0,13284.42,48.6992
2026-09-18,FORTE,97.4,97.4,123061345.0,13284.42,48.6992
2026-09-18,FRIGO,1.9,1.9,58922432.0,13284.42,48.6992
2026-09-18,FRMPL,26.06,26.06,78656209.0,13284.42,48.6992
2026-09-18,FROTO,76.0,76.0,1768723639.0,13284.42,48.6992
2026-09-18,FZLGY,8.28,8.28,257541204.0,13284.42,48.6992
2026-09-18,GARAN,129.9,129.9,5947355479.0,13284.42,48.6992
2026-09-18,GEDIK,5.25,5.25,135733885.0,13284.42,48.6992
2026-09-18,GENIL,8.16,8.16,393740838.0,13284.42,48.6992
2026-09-18,GENKM,8.6,8.6,98872581.0,13284.42,48.6992
2026-09-18,GENTS,4.66,4.66,26452326.0,13284.42,48.6992
2026-09-18,GEREL,26.96,26.96,236199895.0,13284.42,48.6992
2026-09-18,GESAN,48.36,48.36,3247356004.0,13284.42,48.6992
2026-09-18,GIPTA,50.0,49.9914,11051350.0,13284.42,48.6992
2026-09-18,GLCVY,46.5,46.5,30924194.0,13284.42,48.6992
2026-09-18,GLRMK,140.0,140.0,2984115239.0,13284.42,48.6992
2026-09-18,GLRYH,2.18,2.18,13083028.0,13284.42,48.6992
2026-09-18,GLYHO,15.33,15.33,74287100.0,13284.42,48.6992
2026-09-18,GMTAS,41.82,41.82,125047382.0,13284.42,48.6992
2026-09-18,GOKNR,17.49,17.49,56773834.0,13284.42,48.6992
2026-09-18,GOLDA,10.0,10.0,111139676.0,13284.42,48.6992
2026-09-18,GOLTS,268.5,268.5,33903998.0,13284.42,48.6992
2026-09-18,GOODY,2.43,2.43,22763157.0,13284.42,48.6992
2026-09-18,GOZDE,20.6,20.6,37310840.0,13284.42,48.6992
2026-09-18,GRSEL,266.0,266.0,119204322.0,13284.42,48.6992
2026-09-18,GRTHO,160.7,160.7,4350953.0,13284.42,48.6992
2026-09-18,GSDDE,12.75,12.75,46177058.0,13284.42,48.6992
2026-09-18,GSDHO,4.17,4.17,32210913.0,13284.42,48.6992
2026-09-18,GSRAY,0.94,0.94,119648102.0,13284.42,48.6992
2026-09-18,GUBRF,443.5,443.5,2158080164.0,13284.42,48.6992
2026-09-18,GUNDG,535.5,535.5,2233571.0,13284.42,48.6992
2026-09-18,GWIND,21.48,21.48,79083353.0,13284.42,48.6992
2026-09-18,GZNMI,40.6,40.6,58965326.0,13284.42,48.6992
2026-09-18,HALKB,46.52,46.52,1619289359.0,13284.42,48.6992
2026-09-18,HATSN,43.8,43.8,24045937.0,13284.42,48.6992
2026-09-18,HDFGS,1.53,1.53,3349427.0,13284.42,48.6992
2026-09-18,HEDEF,19.35,19.35,2279391.0,13284.42,48.6992
2026-09-18,HEKTS,2.34,2.34,643113064.0,13284.42,48.6992
2026-09-18,HKTM,11.3,11.3,34720620.0,13284.42,48.6992
2026-09-18,HLGYO,4.04,4.04,65197663.0,13284.42,48.6992
2026-09-18,HOROZ,46.8,46.8,47552931.0,13284.42,48.6992
2026-09-18,HRKET,88.0,6.2857,311550823.0,13284.42,48.6992
2026-09-18,HTTBT,30.38,30.38,20556982.0,13284.42,48.6992
2026-09-18,HUNER,3.88,3.88,160493490.0,13284.42,48.6992
2026-09-18,HURGZ,6.69,6.69,55438740.0,13284.42,48.6992
2026-09-18,ICBCT,17.11,17.11,17344187.0,13284.42,48.6992
2026-09-18,ICUGS,2.6,2.6,12291825.0,13284.42,48.6992
2026-09-18,IDGYO,2.65,2.65,5982569.0,13284.42,48.6992
2026-09-18,IEYHO,167.7,167.7,45600649.0,13284.42,48.6992
2026-09-18,IHAAS,41.54,41.54,11696537.0,13284.42,48.6992
2026-09-18,IHGZT,1.08,1.08,10166516.0,13284.42,48.6992
2026-09-18,IHLAS,1.0,1.0,136732357.0,13284.42,48.6992
2026-09-18,IHLGM,1.42,1.42,28688722.0,13284.42,48.6992
2026-09-18,IHYAY,1.08,1.08,2902642.0,13284.42,48.6992
2026-09-18,IMASM,1.87,1.87,70742189.0,13284.42,48.6992
2026-09-18,INDES,10.49,10.49,41118018.0,13284.42,48.6992
2026-09-18,INFO,1.78,1.78,2748817.0,13284.42,48.6992
2026-09-18,INGRM,331.0,331.0,12310255.0,13284.42,48.6992
2026-09-18,INTET,47.04,47.04,715936849.0,13284.42,48.6992
2026-09-18,INVEO,6.38,6.38,109846829.0,13284.42,48.6992
2026-09-18,INVES,795.0,795.0,99452386.0,13284.42,48.6992
2026-09-18,ISCTR,13.26,13.26,7463694487.0,13284.42,48.6992
2026-09-18,ISDMR,61.65,61.65,233399515.0,13284.42,48.6992
2026-09-18,ISFIN,18.5,18.5,23996627.0,13284.42,48.6992
2026-09-18,ISGSY,14.5,14.5,43413821.0,13284.42,48.6992
2026-09-18,ISGYO,23.16,23.16,82808389.0,13284.42,48.6992
2026-09-18,ISKPL,4.74,4.74,12586568.0,13284.42,48.6992
2026-09-18,ISMEN,33.68,33.68,296947000.0,13284.42,48.6992
2026-09-18,ISSEN,6.14,6.14,6188131.0,13284.42,48.6992
2026-09-18,ISVEA,70.85,70.85,598966.0,13284.42,48.6992
2026-09-18,ISYAT,6.93,6.93,4857718.0,13284.42,48.6992
2026-09-18,IZENR,4.82,4.82,33449783.0,13284.42,48.6992
2026-09-18,IZFAS,37.2,37.2,7536906.0,13284.42,48.6992
2026-09-18,IZMDC,7.47,7.47,111992396.0,13284.42,48.6992
2026-09-18,JANTS,15.1,15.1,31683374.0,13284.42,48.6992
2026-09-18,KAPLM,244.4,244.4,19507578.0,13284.42,48.6992
2026-09-18,KARCL,170.0,170.0,7031710.0,13284.42,48.6992
2026-09-18,KAREL,6.19,6.19,77050540.0,13284.42,48.6992
2026-09-18,KARSN,9.48,9.48,230347982.0,13284.42,48.6992
2026-09-18,KARTN,125.6,125.6,73316137.0,13284.42,48.6992
2026-09-18,KATMR,1.61,1.61,105592252.0,13284.42,48.6992
2026-09-18,KAYSE,3.58,3.58,40507217.0,13284.42,48.6992
2026-09-18,KBORU,12.73,12.73,30567009.0,13284.42,48.6992
2026-09-18,KCAER,11.82,11.82,140587084.0,13284.42,48.6992
2026-09-18,KCHOL,214.7,214.7,9718418538.0,13284.42,48.6992
2026-09-18,KFEIN,6.59,6.59,21132811.0,13284.42,48.6992
2026-09-18,KGYO,11.79,11.79,118299725.0,13284.42,48.6992
2026-09-18,KIMMR,11.46,11.46,15626224.0,13284.42,48.6992
2026-09-18,KLGYO,4.06,4.06,50095539.0,13284.42,48.6992
2026-09-18,KLKIM,23.12,23.12,46843429.0,13284.42,48.6992
2026-09-18,KLRHO,42.34,42.34,45136784.0,13284.42,48.6992
2026-09-18,KLSER,20.54,20.54,23573018.0,13284.42,48.6992
2026-09-18,KLSYN,13.6,13.6,49493694.0,13284.42,48.6992
2026-09-18,KLYPV,56.35,56.35,204934492.0,13284.42,48.6992
2026-09-18,KMPUR,15.99,15.99,34451743.0,13284.42,48.6992
2026-09-18,KOCMT,3.08,3.08,8665737.0,13284.42,48.6992
2026-09-18,KONKA,8.14,8.14,19715268.0,13284.42,48.6992
2026-09-18,KONTR,2.84,2.84,48736569.0,13284.42,48.6992
2026-09-18,KONYA,3852.5,3852.5,55922365.0,13284.42,48.6992
2026-09-18,KOPOL,3.73,3.73,28557064.0,13284.42,48.6992
2026-09-18,KORDS,3.14,3.14,119630031.0,13284.42,48.6992
2026-09-18,KOTON,11.31,11.31,20714040.0,13284.42,48.6992
2026-09-18,KPEKS,76.55,76.55,45716426.0,13284.42,48.6992
2026-09-18,KRDMA,44.1,44.1,369905438.0,13284.42,48.6992
2026-09-18,KRDMB,88.3,88.3,435956711.0,13284.42,48.6992
2026-09-18,KRDMD,44.02,44.02,1806186619.0,13284.42,48.6992
2026-09-18,KRGYO,2.99,2.99,52959820.0,13284.42,48.6992
2026-09-18,KRONT,19.16,19.16,40736708.0,13284.42,48.6992
2026-09-18,KRPLS,11.5,11.5,75551701.0,13284.42,48.6992
2026-09-18,KRSTL,8.03,8.03,55119030.0,13284.42,48.6992
2026-09-18,KRTEK,5.38,5.38,1521497.0,13284.42,48.6992
2026-09-18,KRVGD,2.08,2.08,24829431.0,13284.42,48.6992
2026-09-18,KTLEV,22.26,22.26,189211180.0,13284.42,48.6992
2026-09-18,KUTPO,73.45,73.45,10983013.0,13284.42,48.6992
2026-09-18,KUVVA,141.9,141.9,30144452.0,13284.42,48.6992
2026-09-18,KUYAS,50.85,50.85,1030242802.0,13284.42,48.6992
2026-09-18,KZBGY,1.47,1.47,94494758.0,13284.42,48.6992
2026-09-18,KZGYO,20.26,20.26,3662805.0,13284.42,48.6992
2026-09-18,LIDER,15.8,15.8,6826027.0,13284.42,48.6992
2026-09-18,LIDFA,1.61,1.61,61176182.0,13284.42,48.6992
2026-09-18,LILAK,26.3,26.3,564431946.0,13284.42,48.6992
2026-09-18,LINK,4.18,4.18,91817140.0,13284.42,48.6992
2026-09-18,LKMNH,12.48,12.2447,34597263.0,13284.42,48.6992
2026-09-18,LMKDC,22.3,22.3,309894553.0,13284.42,48.6992
2026-09-18,LOGO,143.5,143.5,133577538.0,13284.42,48.6992
2026-09-18,LRSHO,2.08,2.08,44760758.0,13284.42,48.6992
2026-09-18,LXGYO,6.8,6.8,45200805.0,13284.42,48.6992
2026-09-18,LYDHO,94.05,94.05,3596190.0,13284.42,48.6992
2026-09-18,LYDYE,9337.5,9337.5,11233013.0,13284.42,48.6992
2026-09-18,MAALT,942.0,942.0,37652964.0,13284.42,48.6992
2026-09-18,MACKO,30.7,28.9,20389092.0,13284.42,48.6992
2026-09-18,MAGEN,27.24,27.24,100444145.0,13284.42,48.6992
2026-09-18,MAKIM,12.64,12.64,8851033.0,13284.42,48.6992
2026-09-18,MANAS,24.4,24.4,29208386.0,13284.42,48.6992
2026-09-18,MARBL,10.4,10.4,17419290.0,13284.42,48.6992
2026-09-18,MARMR,1.67,1.67,58486207.0,13284.42,48.6992
2026-09-18,MARTI,2.23,2.23,805574.0,13284.42,48.6992
2026-09-18,MASFN,36.5,36.5,284918736.0,13284.42,48.6992
2026-09-18,MAVI,34.98,34.98,881068140.0,13284.42,48.6992
2026-09-18,MCARD,111.6,111.6,10359940.0,13284.42,48.6992
2026-09-18,MEDTR,20.0,20.0,9103571.0,13284.42,48.6992
2026-09-18,MEGMT,34.6,3.6042,309832590.0,13284.42,48.6992
2026-09-18,MERCN,15.17,15.17,75297057.0,13284.42,48.6992
2026-09-18,MERIT,14.43,14.43,27885730.0,13284.42,48.6992
2026-09-18,MERKO,1.04,1.04,31021720.0,13284.42,48.6992
2026-09-18,METEN,17.4,17.4,339743953.0,13284.42,48.6992
2026-09-18,METRO,6.75,6.75,54664184.0,13284.42,48.6992
2026-09-18,MEYSU,8.36,8.36,99166259.0,13284.42,48.6992
2026-09-18,MGROS,525.0,525.0,1293790529.0,13284.42,48.6992
2026-09-18,MHRGY,1.92,1.92,8929088.0,13284.42,48.6992
2026-09-18,MIATK,25.3,25.3,72611961.0,13284.42,48.6992
2026-09-18,MNDRS,10.14,10.14,21170545.0,13284.42,48.6992
2026-09-18,MNDTR,4.34,4.34,11467528.0,13284.42,48.6992
2026-09-18,MOBTL,10.8,10.8,18566281.0,13284.42,48.6992
2026-09-18,MOGAN,9.32,9.32,69902490.0,13284.42,48.6992
2026-09-18,MOPAS,21.42,21.1269,37360777.0,13284.42,48.6992
2026-09-18,MPARK,436.75,436.75,310014729.0,13284.42,48.6992
2026-09-18,MRGYO,1.73,1.73,1750461.0,13284.42,48.6992
2026-09-18,MSGYO,5.19,5.19,9464368.0,13284.42,48.6992
2026-09-18,MTRKS,23.52,23.52,28881929.0,13284.42,48.6992
2026-09-18,NATEN,4.46,4.46,29777691.0,13284.42,48.6992
2026-09-18,NETAS,81.45,81.45,131372735.0,13284.42,48.6992
2026-09-18,NETCD,93.45,93.45,337996206.0,13284.42,48.6992
2026-09-18,NTGAZ,10.62,10.62,27839098.0,13284.42,48.6992
2026-09-18,NTHOL,38.6,38.6,76789213.0,13284.42,48.6992
2026-09-18,NUGYO,8.07,8.07,15779828.0,13284.42,48.6992
2026-09-18,NUHCM,204.2,204.2,24412351.0,13284.42,48.6992
2026-09-18,OBAMS,4.39,4.39,182323742.0,13284.42,48.6992
2026-09-18,OBASE,31.36,31.36,12518717.0,13284.42,48.6992
2026-09-18,ODAS,6.77,6.77,375949982.0,13284.42,48.6992
2026-09-18,ODINE,462.25,462.25,12586605.0,13284.42,48.6992
2026-09-18,OFSYM,60.9,60.4686,65027817.0,13284.42,48.6992
2026-09-18,ONCSM,115.6,115.6,9788314.0,13284.42,48.6992
2026-09-18,ONRYT,11.8,11.8,37002008.0,13284.42,48.6992
2026-09-18,ORGE,22.2,22.2,101481798.0,13284.42,48.6992
2026-09-18,ORZAX,73.0,73.0,190626318.0,13284.42,48.6992
2026-09-18,OSMEN,5.79,5.79,14237518.0,13284.42,48.6992
2026-09-18,OSTIM,1.41,1.41,33120765.0,13284.42,48.6992
2026-09-18,OTKAR,304.75,304.75,147360692.0,13284.42,48.6992
2026-09-18,OYAKC,20.2,20.2,284133168.0,13284.42,48.6992
2026-09-18,OYLUM,6.22,6.22,4019901.0,13284.42,48.6992
2026-09-18,OYYAT,28.04,28.04,23061309.0,13284.42,48.6992
2026-09-18,OZATD,3632.5,3632.5,1078853.0,13284.42,48.6992
2026-09-18,OZGYO,1.82,1.82,29083619.0,13284.42,48.6992
2026-09-18,OZKGY,11.99,11.99,62612495.0,13284.42,48.6992
2026-09-18,OZSUB,37.42,37.42,110250914.0,13284.42,48.6992
2026-09-18,OZYSR,11.04,11.04,37774061.0,13284.42,48.6992
2026-09-18,PAGYO,121.0,121.0,53069342.0,13284.42,48.6992
2026-09-18,PAHOL,1.05,1.05,417556954.0,13284.42,48.6992
2026-09-18,PAPIL,9.68,9.68,66451260.0,13284.42,48.6992
2026-09-18,PARSN,64.85,64.85,31169892.0,13284.42,48.6992
2026-09-18,PASEU,55.45,55.45,96694375.0,13284.42,48.6992
2026-09-18,PATEK,18.49,18.49,272494608.0,13284.42,48.6992
2026-09-18,PCILT,29.76,29.76,45706254.0,13284.42,48.6992
2026-09-18,PEKGY,8.54,8.54,40122457.0,13284.42,48.6992
2026-09-18,PENGD,8.17,8.17,25016365.0,13284.42,48.6992
2026-09-18,PENTA,10.65,10.65,45940859.0,13284.42,48.6992
2026-09-18,PETKM,21.44,21.44,1956848481.0,13284.42,48.6992
2026-09-18,PETUN,10.81,10.565,11714793.0,13284.42,48.6992
2026-09-18,PGSUS,147.6,147.6,1153918196.0,13284.42,48.6992
2026-09-18,PINSU,9.16,9.16,23253697.0,13284.42,48.6992
2026-09-18,PKART,94.0,94.0,30128162.0,13284.42,48.6992
2026-09-18,PLTUR,17.25,17.25,22907727.0,13284.42,48.6992
2026-09-18,PNLSN,35.5,35.5,30624133.0,13284.42,48.6992
2026-09-18,PNSUT,10.44,10.44,26451221.0,13284.42,48.6992
2026-09-18,POLHO,19.5,19.5,41463843.0,13284.42,48.6992
2026-09-18,POLTK,3482.5,3482.5,43817113.0,13284.42,48.6992
2026-09-18,PRZMA,51.0,51.0,527187.0,13284.42,48.6992
2026-09-18,PSGYO,2.23,2.23,523477465.0,13284.42,48.6992
2026-09-18,QNBTR,168.0,168.0,2967209.0,13284.42,48.6992
2026-09-18,QUAGR,2.48,2.48,157070257.0,13284.42,48.6992
2026-09-18,QUICK,50.75,50.75,98198870.0,13284.42,48.6992
2026-09-18,RALYH,198.0,198.0,169709596.0,13284.42,48.6992
2026-09-18,RAYSG,136.1,136.1,13403727.0,13284.42,48.6992
2026-09-18,REEDR,4.61,4.61,76172039.0,13284.42,48.6992
2026-09-18,RGYAS,190.4,190.4,581517813.0,13284.42,48.6992
2026-09-18,RTALB,2.32,2.32,60741997.0,13284.42,48.6992
2026-09-18,RUBNS,23.96,23.96,55991841.0,13284.42,48.6992
2026-09-18,RUZYE,6.17,6.17,30442072.0,13284.42,48.6992
2026-09-18,RYGYO,46.6,46.6,320469381.0,13284.42,48.6992
2026-09-18,RYSAS,24.18,24.18,920362126.0,13284.42,48.6992
2026-09-18,SAFKR,11.7,11.7,71579388.0,13284.42,48.6992
2026-09-18,SAHOL,88.05,88.05,3249357401.0,13284.42,48.6992
2026-09-18,SANFM,6.66,6.66,29751713.0,13284.42,48.6992
2026-09-18,SARAE,57.25,57.25,55802663.0,13284.42,48.6992
2026-09-18,SARKY,21.92,21.92,66269962.0,13284.42,48.6992
2026-09-18,SASA,2.35,2.35,6657196345.0,13284.42,48.6992
2026-09-18,SAYAS,45.94,45.94,64943056.0,13284.42,48.6992
2026-09-18,SDTTR,17.64,17.64,132006744.0,13284.42,48.6992
2026-09-18,SEGMN,33.96,33.96,100800817.0,13284.42,48.6992
2026-09-18,SEGYO,2.82,2.82,14809564.0,13284.42,48.6992
2026-09-18,SEKUR,6.63,6.63,1078588.0,13284.42,48.6992
2026-09-18,SELEC,212.9,212.9,74523516.0,13284.42,48.6992
2026-09-18,SELVA,1.27,1.27,37570416.0,13284.42,48.6992
2026-09-18,SISE,39.62,39.62,1787201065.0,13284.42,48.6992
2026-09-18,SKBNK,6.1,6.1,541090919.0,13284.42,48.6992
2026-09-18,SKTAS,2.81,2.81,21235169.0,13284.42,48.6992
2026-09-18,SKYLP,115.2,115.2,1081267.0,13284.42,48.6992
2026-09-18,SMART,18.82,18.82,13737086.0,13284.42,48.6992
2026-09-18,SMRTG,6.03,6.03,61219252.0,13284.42,48.6992
2026-09-18,SMRVA,7.64,7.64,91492801.0,13284.42,48.6992
2026-09-18,SNGYO,2.75,2.75,204415744.0,13284.42,48.6992
2026-09-18,SNICA,2.68,2.68,27601197.0,13284.42,48.6992
2026-09-18,SOKE,8.49,8.49,22137850.0,13284.42,48.6992
2026-09-18,SOKM,58.8,58.8,234949845.0,13284.42,48.6992
2026-09-18,SRVGY,2.17,2.17,33492902.0,13284.42,48.6992
2026-09-18,SSAAT,27.1,27.1,76054656.0,13284.42,48.6992
2026-09-18,SUNTK,28.68,28.68,24476584.0,13284.42,48.6992
2026-09-18,SURGY,25.2,25.2,56040169.0,13284.42,48.6992
2026-09-18,SUWEN,5.9,5.9,21680914.0,13284.42,48.6992
2026-09-18,SVGYO,11.34,11.34,23180071.0,13284.42,48.6992
2026-09-18,TABGD,230.0,230.0,142762892.0,13284.42,48.6992
2026-09-18,TARKM,449.75,449.75,73080678.0,13284.42,48.6992
2026-09-18,TATEN,5.45,5.45,19639925.0,13284.42,48.6992
2026-09-18,TATGD,16.57,16.57,43268743.0,13284.42,48.6992
2026-09-18,TAVHL,276.25,274.4644,1263968004.0,13284.42,48.6992
2026-09-18,TBORG,129.4,129.4,17477743.0,13284.42,48.6992
2026-09-18,TCELL,97.2,97.2,3060233809.0,13284.42,48.6992
2026-09-18,TCKRC,116.5,116.5,416457091.0,13284.42,48.6992
2026-09-18,TDGYO,14.94,14.94,9489879.0,13284.42,48.6992
2026-09-18,TEHOL,34.88,34.88,263787116.0,13284.42,48.6992
2026-09-18,TEKTU,5.63,5.63,40206539.0,13284.42,48.6992
2026-09-18,TERA,163.4,163.4,271059521.0,13284.42,48.6992
2026-09-18,TEZOL,8.11,8.11,30407494.0,13284.42,48.6992
2026-09-18,TGSAS,144.4,144.4,8118457.0,13284.42,48.6992
2026-09-18,THYAO,285.5,285.5,10316565628.0,13284.42,48.6992
2026-09-18,TKFEN,244.8,244.8,2448917655.0,13284.42,48.6992
2026-09-18,TKNKA,114.3,114.3,3049638.0,13284.42,48.6992
2026-09-18,TKNSA,15.15,15.15,33780027.0,13284.42,48.6992
2026-09-18,TMPOL,210.3,210.3,646673.0,13284.42,48.6992
2026-09-18,TMSN,66.55,66.55,41438533.0,13284.42,48.6992
2026-09-18,TNZTP,27.0,27.0,161488923.0,13284.42,48.6992
2026-09-18,TOASO,284.5,284.5,1074445924.0,13284.42,48.6992
2026-09-18,TRALT,50.2,50.2,4502661869.0,13284.42,48.6992
2026-09-18,TRCAS,46.96,46.96,26910236.0,13284.42,48.6992
2026-09-18,TRENJ,102.4,102.4,168329869.0,13284.42,48.6992
2026-09-18,TRGYO,91.8,91.8,95767662.0,13284.42,48.6992
2026-09-18,TRHOL,3282.5,3282.5,40404293.0,13284.42,48.6992
2026-09-18,TRILC,0.94,0.94,3435330.0,13284.42,48.6992
2026-09-18,TRMET,130.5,130.5,894142604.0,13284.42,48.6992
2026-09-18,TSGYO,5.18,5.18,5316220.0,13284.42,48.6992
2026-09-18,TSKB,10.87,10.87,324189264.0,13284.42,48.6992
2026-09-18,TSPOR,0.88,0.88,296908495.0,13284.42,48.6992
2026-09-18,TTKOM,52.45,52.45,1866273276.0,13284.42,48.6992
2026-09-18,TTRAK,427.25,427.25,53662328.0,13284.42,48.6992
2026-09-18,TUCLK,3.41,3.41,27348388.0,13284.42,48.6992
2026-09-18,TUKAS,1.84,1.84,112968443.0,13284.42,48.6992
2026-09-18,TUPRS,417.25,417.25,10018224721.0,13284.42,48.6992
2026-09-18,TUREX,5.04,5.04,77500766.0,13284.42,48.6992
2026-09-18,TURGG,25.44,25.44,13785123.0,13284.42,48.6992
2026-09-18,TURSG,6.14,6.14,517223792.0,13284.42,48.6992
2026-09-18,UCAYM,18.54,18.54,111114014.0,13284.42,48.6992
2026-09-18,UFUK,1017.0,1017.0,22832667.0,13284.42,48.6992
2026-09-18,ULKER,87.5,87.5,539129196.0,13284.42,48.6992
2026-09-18,ULUFA,1.48,1.48,27366987.0,13284.42,48.6992
2026-09-18,ULUUN,7.0,7.0,30996185.0,13284.42,48.6992
2026-09-18,USAK,1.04,1.04,80603451.0,13284.42,48.6992
2026-09-18,VAKBN,33.1,33.1,2073772285.0,13284.42,48.6992
2026-09-18,VAKFA,10.21,10.21,62893435.0,13284.42,48.6992
2026-09-18,VAKFN,1.03,1.03,45558084.0,13284.42,48.6992
2026-09-18,VAKKO,63.25,63.25,7186011.0,13284.42,48.6992
2026-09-18,VANGD,68.45,68.45,1292336.0,13284.42,48.6992
2026-09-18,VBTYZ,28.8,28.8,54026139.0,13284.42,48.6992
2026-09-18,VERUS,496.0,496.0,38857620.0,13284.42,48.6992
2026-09-18,VESBE,5.14,5.14,57073056.0,13284.42,48.6992
2026-09-18,VESTL,23.32,23.32,196401926.0,13284.42,48.6992
2026-09-18,VEYAS,87.05,87.05,258500767.0,13284.42,48.6992
2026-09-18,VKGYO,1.73,1.73,35124137.0,13284.42,48.6992
2026-09-18,VRGYO,1.45,1.45,22575372.0,13284.42,48.6992
2026-09-18,VSNMD,35.02,35.02,39365137.0,13284.42,48.6992
2026-09-18,YAPRK,9.71,9.71,58942380.0,13284.42,48.6992
2026-09-18,YATAS,26.64,26.64,46674607.0,13284.42,48.6992
2026-09-18,YEOTK,29.94,29.94,422335940.0,13284.42,48.6992
2026-09-18,YGGYO,221.4,221.4,69444492.0,13284.42,48.6992
2026-09-18,YIGIT,19.04,19.04,48319887.0,13284.42,48.6992
2026-09-18,YKBNK,36.24,36.24,9448778582.0,13284.42,48.6992
2026-09-18,YKSLN,3.72,3.72,1109657.0,13284.42,48.6992
2026-09-18,YUNSA,6.59,6.59,34127419.0,13284.42,48.6992
2026-09-18,YYLGD,8.6,8.6,65037559.0,13284.42,48.6992
2026-09-18,ZERGY,8.57,8.57,83993376.0,13284.42,48.6992
2026-09-18,ZGYO,16.53,16.53,12980074.0,13284.42,48.6992
2026-09-18,ZOREN,2.29,2.29,163091531.0,13284.42,48.6992
2026-09-18,ZRGYO,18.97,18.97,169507829.0,13284.42,48.6992
2026-09-21,AAGYO,8.47,8.47,73292171.0,13337.69,48.8009
2026-09-21,ADEL,27.58,27.58,62735134.0,13337.69,48.8009
2026-09-21,ADESE,0.72,0.72,103226400.0,13337.69,48.8009
2026-09-21,ADGYO,49.38,49.38,132814284.0,13337.69,48.8009
2026-09-21,AEFES,19.2,19.2,720176808.0,13337.69,48.8009
2026-09-21,AFYON,11.3,11.3,14024578.0,13337.69,48.8009
2026-09-21,AGESA,242.0,242.0,50629692.0,13337.69,48.8009
2026-09-21,AGHOL,34.02,34.02,148819179.0,13337.69,48.8009
2026-09-21,AGROT,1.58,1.58,71926007.0,13337.69,48.8009
2026-09-21,AGYO,7.22,7.22,2035617.0,13337.69,48.8009
2026-09-21,AHGAZ,41.6,41.6,322399495.0,13337.69,48.8009
2026-09-21,AHSGY,12.22,12.22,35864750.0,13337.69,48.8009
2026-09-21,AKBNK,72.45,72.45,13809055411.0,13337.69,48.8009
2026-09-21,AKCNS,195.1,195.1,239146206.0,13337.69,48.8009
2026-09-21,AKENR,9.06,9.06,77517365.0,13337.69,48.8009
2026-09-21,AKFGY,2.4,2.4,86520540.0,13337.69,48.8009
2026-09-21,AKFIS,14.3,14.3,320691765.0,13337.69,48.8009
2026-09-21,AKFYE,3.49,3.49,221903284.0,13337.69,48.8009
2026-09-21,AKGRT,5.48,5.48,37321599.0,13337.69,48.8009
2026-09-21,AKHAN,27.18,27.18,59584925.0,13337.69,48.8009
2026-09-21,AKMGY,228.5,228.5,6876578.0,13337.69,48.8009
2026-09-21,AKSA,10.75,10.75,117234364.0,13337.69,48.8009
2026-09-21,AKSEN,67.2,67.2,589402772.0,13337.69,48.8009
2026-09-21,AKSGY,9.49,9.49,55032800.0,13337.69,48.8009
2026-09-21,AKSUE,17.22,17.22,38842085.0,13337.69,48.8009
2026-09-21,ALARK,107.4,107.4,665667647.0,13337.69,48.8009
2026-09-21,ALBRK,8.53,8.53,119092837.0,13337.69,48.8009
2026-09-21,ALCTL,90.05,90.05,55313330.0,13337.69,48.8009
2026-09-21,ALFAS,33.04,33.04,69030351.0,13337.69,48.8009
2026-09-21,ALGYO,3.11,3.11,82412913.0,13337.69,48.8009
2026-09-21,ALKA,6.79,6.79,19637961.0,13337.69,48.8009
2026-09-21,ALKIM,13.24,13.24,24521787.0,13337.69,48.8009
2026-09-21,ALKLC,341.5,341.5,536497.0,13337.69,48.8009
2026-09-21,ALTNY,13.84,13.84,312511440.0,13337.69,48.8009
2026-09-21,ALVES,0.62,0.62,8222097.0,13337.69,48.8009
2026-09-21,ANELE,94.6,94.6,136413.0,13337.69,48.8009
2026-09-21,ANGEN,7.38,7.38,19792113.0,13337.69,48.8009
2026-09-21,ANHYT,103.3,103.3,333962455.0,13337.69,48.8009
2026-09-21,ANSGR,26.98,26.98,134026465.0,13337.69,48.8009
2026-09-21,ARASE,104.6,104.6,41693687.0,13337.69,48.8009
2026-09-21,ARCLK,86.9,86.9,179445958.0,13337.69,48.8009
2026-09-21,ARDYZ,62.0,62.0,384354715.0,13337.69,48.8009
2026-09-21,ARENA,16.42,16.42,11708188.0,13337.69,48.8009
2026-09-21,ARFYE,14.37,14.37,85910393.0,13337.69,48.8009
2026-09-21,ARMGD,149.8,149.8,210649164.0,13337.69,48.8009
2026-09-21,ARSAN,3.43,3.43,70375300.0,13337.69,48.8009
2026-09-21,ARTMS,34.0,34.0,39530397.0,13337.69,48.8009
2026-09-21,ARZUM,1.27,1.27,20386601.0,13337.69,48.8009
2026-09-21,ASELS,378.0,378.0,12509898549.0,13337.69,48.8009
2026-09-21,ASGYO,9.81,9.81,29014260.0,13337.69,48.8009
2026-09-21,ASTOR,261.75,261.75,10530886222.0,13337.69,48.8009
2026-09-21,ASUZU,44.02,44.02,19011702.0,13337.69,48.8009
2026-09-21,ATAGY,8.94,8.94,864400.0,13337.69,48.8009
2026-09-21,ATAKP,34.88,34.88,16912036.0,13337.69,48.8009
2026-09-21,ATATP,244.5,244.5,145162792.0,13337.69,48.8009
2026-09-21,ATATR,8.34,8.34,3009406.0,13337.69,48.8009
2026-09-21,AVGYO,15.18,15.18,20008302.0,13337.69,48.8009
2026-09-21,AVPGY,54.0,54.0,41084900.0,13337.69,48.8009
2026-09-21,AYDEM,22.94,22.94,60614687.0,13337.69,48.8009
2026-09-21,AYEN,27.48,27.48,15870946.0,13337.69,48.8009
2026-09-21,AYGAZ,311.5,311.5,492975507.0,13337.69,48.8009
2026-09-21,AZTEK,4.0,4.0,195811775.0,13337.69,48.8009
2026-09-21,BAGFS,23.56,23.56,22338524.0,13337.69,48.8009
2026-09-21,BAHKM,186.7,186.7,360779241.0,13337.69,48.8009
2026-09-21,BALSU,6.88,6.88,862743326.0,13337.69,48.8009
2026-09-21,BANVT,137.7,137.7,26103942.0,13337.69,48.8009
2026-09-21,BARMA,6.67,6.67,4214043.0,13337.69,48.8009
2026-09-21,BASGZ,41.66,41.66,18866089.0,13337.69,48.8009
2026-09-21,BEGYO,2.73,2.73,16160533.0,13337.69,48.8009
2026-09-21,BERA,11.91,11.91,91398600.0,13337.69,48.8009
2026-09-21,BESLR,11.57,11.57,33150654.0,13337.69,48.8009
2026-09-21,BESTE,24.2,24.2,138046320.0,13337.69,48.8009
2026-09-21,BETAE,61.2,61.2,890330379.0,13337.69,48.8009
2026-09-21,BFREN,113.0,113.0,26671791.0,13337.69,48.8009
2026-09-21,BIENY,16.73,16.73,35336300.0,13337.69,48.8009
2026-09-21,BIGCH,4.13,4.13,15556277.0,13337.69,48.8009
2026-09-21,BIGEN,103.1,103.1,4797243.0,13337.69,48.8009
2026-09-21,BIGTK,201.3,201.3,1487204.0,13337.69,48.8009
2026-09-21,BIMAS,433.0,433.0,6339469521.0,13337.69,48.8009
2026-09-21,BINBN,122.3,122.3,1811508.0,13337.69,48.8009
2026-09-21,BINHO,6.35,6.35,13444563.0,13337.69,48.8009
2026-09-21,BIOEN,12.99,12.99,29627221.0,13337.69,48.8009
2026-09-21,BIZIM,21.04,21.04,5429903.0,13337.69,48.8009
2026-09-21,BJKAS,1.73,1.73,30658958.0,13337.69,48.8009
2026-09-21,BKRGY,6.48,6.48,141007614.0,13337.69,48.8009
2026-09-21,BLCYT,1.66,1.66,30797326.0,13337.69,48.8009
2026-09-21,BLUME,32.42,32.42,86874377.0,13337.69,48.8009
2026-09-21,BMSTL,45.1,45.1,142840192.0,13337.69,48.8009
2026-09-21,BNTAS,5.38,5.38,26006569.0,13337.69,48.8009
2026-09-21,BOBET,16.9,16.9,63338929.0,13337.69,48.8009
2026-09-21,BORLS,2.15,2.15,61420449.0,13337.69,48.8009
2026-09-21,BORSK,5.55,5.55,52816673.0,13337.69,48.8009
2026-09-21,BOSSA,6.96,6.96,59491073.0,13337.69,48.8009
2026-09-21,BRISA,71.25,71.25,19498824.0,13337.69,48.8009
2026-09-21,BRKO,7.49,7.49,1391170.0,13337.69,48.8009
2026-09-21,BRKSN,6.62,6.62,3324913.0,13337.69,48.8009
2026-09-21,BRKVY,61.0,61.0,23113607.0,13337.69,48.8009
2026-09-21,BRLSM,13.66,13.66,105862565.0,13337.69,48.8009
2026-09-21,BRSAN,659.0,659.0,942946623.0,13337.69,48.8009
2026-09-21,BRYAT,1532.0,1532.0,109517148.0,13337.69,48.8009
2026-09-21,BSOKE,12.88,12.88,3696058.0,13337.69,48.8009
2026-09-21,BTCIM,2.62,2.62,242864256.0,13337.69,48.8009
2026-09-21,BUCIM,5.04,5.04,33239451.0,13337.69,48.8009
2026-09-21,BULGS,18.96,18.96,1021679.0,13337.69,48.8009
2026-09-21,BURCE,26.84,26.84,29792496.0,13337.69,48.8009
2026-09-21,BURVA,508.5,508.5,17691612.0,13337.69,48.8009
2026-09-21,BVSAN,85.7,85.7,101525916.0,13337.69,48.8009
2026-09-21,BYDNR,22.98,22.98,9014394.0,13337.69,48.8009
2026-09-21,CANTE,1.11,1.11,602872277.0,13337.69,48.8009
2026-09-21,CATES,41.38,41.38,3346483.0,13337.69,48.8009
2026-09-21,CCOLA,80.1,80.1,370863307.0,13337.69,48.8009
2026-09-21,CELHA,24.4,24.4,55824238.0,13337.69,48.8009
2026-09-21,CEMAS,3.26,3.26,38515389.0,13337.69,48.8009
2026-09-21,CEMTS,7.75,7.75,14527075.0,13337.69,48.8009
2026-09-21,CEMZY,10.37,10.37,4570837.0,13337.69,48.8009
2026-09-21,CEOEM,30.42,30.42,135304018.0,13337.69,48.8009
2026-09-21,CGCAM,23.2,23.2,93034427.0,13337.69,48.8009
2026-09-21,CIMSA,41.72,41.72,340897784.0,13337.69,48.8009
2026-09-21,CITAS,104.4,104.4,25906964.0,13337.69,48.8009
2026-09-21,CLEBI,1418.0,1418.0,55392910.0,13337.69,48.8009
2026-09-21,CMBTN,1400.0,1400.0,27072890.0,13337.69,48.8009
2026-09-21,CONSE,1.83,1.83,44781534.0,13337.69,48.8009
2026-09-21,CRDFA,15.16,15.16,917044.0,13337.69,48.8009
2026-09-21,CRFSA,247.4,247.4,412814877.0,13337.69,48.8009
2026-09-21,CUSAN,19.54,19.54,10218748.0,13337.69,48.8009
2026-09-21,CVKMD,13.3,13.3,476751562.0,13337.69,48.8009
2026-09-21,CWENE,23.4,23.4,658989767.0,13337.69,48.8009
2026-09-21,DAGI,6.06,6.06,13476870.0,13337.69,48.8009
2026-09-21,DAPGM,5.16,5.16,767995515.0,13337.69,48.8009
2026-09-21,DARDL,1.28,1.28,18447298.0,13337.69,48.8009
2026-09-21,DCTTR,4.0,4.0,58603124.0,13337.69,48.8009
2026-09-21,DENGE,2.03,2.03,76600295.0,13337.69,48.8009
2026-09-21,DERHL,1.67,1.67,19474079.0,13337.69,48.8009
2026-09-21,DESA,8.85,8.85,20909459.0,13337.69,48.8009
2026-09-21,DESPC,32.16,32.16,15045923.0,13337.69,48.8009
2026-09-21,DEVA,96.7,96.7,54415265.0,13337.69,48.8009
2026-09-21,DGATE,64.6,64.6,9777715.0,13337.69,48.8009
2026-09-21,DGGYO,27.6,27.6,3239148.0,13337.69,48.8009
2026-09-21,DGNMO,5.29,5.29,6979570.0,13337.69,48.8009
2026-09-21,DITAS,10.99,10.99,710514.0,13337.69,48.8009
2026-09-21,DMRGD,10.03,10.03,244881933.0,13337.69,48.8009
2026-09-21,DMSAS,5.53,5.53,21117058.0,13337.69,48.8009
2026-09-21,DOAS,154.5,154.5,156745313.0,13337.69,48.8009
2026-09-21,DOCO,10630.0,10630.0,79536170.0,13337.69,48.8009
2026-09-21,DOFRB,82.25,82.25,409136699.0,13337.69,48.8009
2026-09-21,DOGUB,39.18,39.18,1246668.0,13337.69,48.8009
2026-09-21,DOHOL,19.84,19.84,305982643.0,13337.69,48.8009
2026-09-21,DOKTA,19.21,19.21,11638228.0,13337.69,48.8009
2026-09-21,DSTKF,1786.0,1786.0,28459910.0,13337.69,48.8009
2026-09-21,DUNYH,67.85,67.85,751167.0,13337.69,48.8009
2026-09-21,DURKN,13.5,13.5,17061857.0,13337.69,48.8009
2026-09-21,DYOBY,11.22,11.22,33117623.0,13337.69,48.8009
2026-09-21,DZGYO,6.71,6.71,55684118.0,13337.69,48.8009
2026-09-21,EBEBK,80.9,80.9,42090359.0,13337.69,48.8009
2026-09-21,ECILC,57.4,57.4,427722352.0,13337.69,48.8009
2026-09-21,ECOGR,30.44,30.44,163862416.0,13337.69,48.8009
2026-09-21,ECZYT,211.5,211.5,76893604.0,13337.69,48.8009
2026-09-21,EDATA,11.22,11.22,4319958.0,13337.69,48.8009
2026-09-21,EFOR,17.59,17.59,1447160777.0,13337.69,48.8009
2026-09-21,EGEEN,4712.5,4712.5,133928128.0,13337.69,48.8009
2026-09-21,EGEGY,14.69,14.69,217422388.0,13337.69,48.8009
2026-09-21,EGEPO,7.16,7.16,34826929.0,13337.69,48.8009
2026-09-21,EGGUB,99.0,99.0,53950761.0,13337.69,48.8009
2026-09-21,EGPRO,33.88,33.88,49623158.0,13337.69,48.8009
2026-09-21,EGSER,2.6,2.6,9220284.0,13337.69,48.8009
2026-09-21,EKDMR,35.34,35.34,295803492.0,13337.69,48.8009
2026-09-21,EKGYO,19.2,19.2,3157169084.0,13337.69,48.8009
2026-09-21,EKIM,14.64,14.64,185096269.0,13337.69,48.8009
2026-09-21,EKOS,3.91,3.91,34646440.0,13337.69,48.8009
2026-09-21,EKSUN,4.41,4.41,20708993.0,13337.69,48.8009
2026-09-21,ELITE,21.3,21.3,34792369.0,13337.69,48.8009
2026-09-21,EMKEL,9.13,9.13,21340122.0,13337.69,48.8009
2026-09-21,EMPAE,51.6,51.6,293054428.0,13337.69,48.8009
2026-09-21,ENDAE,14.63,14.63,57863004.0,13337.69,48.8009
2026-09-21,ENERY,11.84,11.84,1415660021.0,13337.69,48.8009
2026-09-21,ENJSA,109.0,109.0,381835603.0,13337.69,48.8009
2026-09-21,ENKAI,86.3,86.3,1484346666.0,13337.69,48.8009
2026-09-21,ENPRA,43.56,43.56,3466362.0,13337.69,48.8009
2026-09-21,ENSRI,3.47,3.47,48797392.0,13337.69,48.8009
2026-09-21,ENTRA,3.98,3.98,61550167.0,13337.69,48.8009
2026-09-21,ERBOS,123.7,123.7,8605907.0,13337.69,48.8009
2026-09-21,ERCB,38.92,38.92,93868231.0,13337.69,48.8009
2026-09-21,EREGL,37.38,37.38,5936804870.0,13337.69,48.8009
2026-09-21,ERSU,15.72,15.72,7146869.0,13337.69,48.8009
2026-09-21,ESCAR,30.26,30.26,179775.0,13337.69,48.8009
2026-09-21,ESCOM,4.58,4.58,119313759.0,13337.69,48.8009
2026-09-21,ESEN,2.91,2.91,91147316.0,13337.69,48.8009
2026-09-21,EUPWR,64.5,64.5,2057829214.0,13337.69,48.8009
2026-09-21,EUREN,3.13,3.13,104365302.0,13337.69,48.8009
2026-09-21,EYGYO,2.22,2.22,38425947.0,13337.69,48.8009
2026-09-21,FADE,12.11,12.11,22246213.0,13337.69,48.8009
2026-09-21,FENER,2.58,2.58,252082046.0,13337.69,48.8009
2026-09-21,FONET,4.08,4.08,80654614.0,13337.69,48.8009
2026-09-21,FORMT,1.18,1.18,34376366.0,13337.69,48.8009
2026-09-21,FORTE,97.2,97.2,112933136.0,13337.69,48.8009
2026-09-21,FRIGO,1.71,1.71,28313748.0,13337.69,48.8009
2026-09-21,FRMPL,23.9,23.9,80677048.0,13337.69,48.8009
2026-09-21,FROTO,77.85,77.85,1886571814.0,13337.69,48.8009
2026-09-21,FZLGY,7.46,7.46,4357073.0,13337.69,48.8009
2026-09-21,GARAN,133.1,133.1,5220632565.0,13337.69,48.8009
2026-09-21,GEDIK,5.33,5.33,193169710.0,13337.69,48.8009
2026-09-21,GENIL,7.35,7.35,134138728.0,13337.69,48.8009
2026-09-21,GENKM,8.06,8.06,93472348.0,13337.69,48.8009
2026-09-21,GENTS,4.46,4.46,24097990.0,13337.69,48.8009
2026-09-21,GEREL,25.78,25.78,283276567.0,13337.69,48.8009
2026-09-21,GESAN,45.54,45.54,1442809206.0,13337.69,48.8009
2026-09-21,GIPTA,45.0,44.9922,3599910.0,13337.69,48.8009
2026-09-21,GLCVY,46.12,46.12,49754910.0,13337.69,48.8009
2026-09-21,GLRMK,140.4,140.4,1343075186.0,13337.69,48.8009
2026-09-21,GLRYH,1.97,1.97,22389243.0,13337.69,48.8009
2026-09-21,GLYHO,15.52,15.52,79499327.0,13337.69,48.8009
2026-09-21,GMTAS,46.0,46.0,501970875.0,13337.69,48.8009
2026-09-21,GOKNR,15.75,15.75,69643182.0,13337.69,48.8009
2026-09-21,GOLDA,9.83,9.83,103556988.0,13337.69,48.8009
2026-09-21,GOLTS,259.25,259.25,49021254.0,13337.69,48.8009
2026-09-21,GOODY,2.32,2.32,23229157.0,13337.69,48.8009
2026-09-21,GOZDE,19.72,19.72,35032282.0,13337.69,48.8009
2026-09-21,GRSEL,267.75,267.75,175854787.0,13337.69,48.8009
2026-09-21,GRTHO,144.7,144.7,3789114.0,13337.69,48.8009
2026-09-21,GSDDE,12.2,12.2,41228087.0,13337.69,48.8009
2026-09-21,GSDHO,4.07,4.07,45502662.0,13337.69,48.8009
2026-09-21,GSRAY,0.91,0.91,179316121.0,13337.69,48.8009
2026-09-21,GUBRF,443.5,443.5,1833289532.0,13337.69,48.8009
2026-09-21,GUNDG,482.0,482.0,190872.0,13337.69,48.8009
2026-09-21,GWIND,20.8,20.8,70275092.0,13337.69,48.8009
2026-09-21,GZNMI,37.8,37.8,46805050.0,13337.69,48.8009
2026-09-21,HALKB,47.24,47.24,2328947278.0,13337.69,48.8009
2026-09-21,HATSN,39.42,39.42,32304256.0,13337.69,48.8009
2026-09-21,HDFGS,1.38,1.38,2814898.0,13337.69,48.8009
2026-09-21,HEDEF,17.42,17.42,1650510.0,13337.69,48.8009
2026-09-21,HEKTS,2.27,2.27,706221474.0,13337.69,48.8009
2026-09-21,HKTM,10.81,10.81,41058758.0,13337.69,48.8009
2026-09-21,HLGYO,3.97,3.97,120954909.0,13337.69,48.8009
2026-09-21,HOROZ,45.92,45.92,34886692.0,13337.69,48.8009
2026-09-21,HRKET,6.91,6.91,428704702.0,13337.69,48.8009
2026-09-21,HTTBT,30.74,30.74,22840266.0,13337.69,48.8009
2026-09-21,HUNER,3.86,3.86,252295129.0,13337.69,48.8009
2026-09-21,HURGZ,6.49,6.49,51646655.0,13337.69,48.8009
2026-09-21,ICBCT,16.62,16.62,23090242.0,13337.69,48.8009
2026-09-21,ICUGS,2.34,2.34,2287958.0,13337.69,48.8009
2026-09-21,IDGYO,2.45,2.45,2369734.0,13337.69,48.8009
2026-09-21,IEYHO,151.0,151.0,695657.0,13337.69,48.8009
2026-09-21,IHAAS,37.4,37.4,6870665.0,13337.69,48.8009
2026-09-21,IHGZT,1.05,1.05,50432274.0,13337.69,48.8009
2026-09-21,IHLAS,0.97,0.97,169661148.0,13337.69,48.8009
2026-09-21,IHLGM,1.37,1.37,35313000.0,13337.69,48.8009
2026-09-21,IHYAY,1.07,1.07,3291724.0,13337.69,48.8009
2026-09-21,IMASM,1.78,1.78,54100153.0,13337.69,48.8009
2026-09-21,INDES,10.5,10.5,110453054.0,13337.69,48.8009
2026-09-21,INFO,1.61,1.61,1878810.0,13337.69,48.8009
2026-09-21,INGRM,318.5,318.5,20408024.0,13337.69,48.8009
2026-09-21,INTET,51.7,51.7,1210919828.0,13337.69,48.8009
2026-09-21,INVEO,6.36,6.36,98815372.0,13337.69,48.8009
2026-09-21,INVES,748.5,748.5,41057846.0,13337.69,48.8009
2026-09-21,ISCTR,13.56,13.56,8354414892.0,13337.69,48.8009
2026-09-21,ISDMR,62.4,62.4,205704637.0,13337.69,48.8009
2026-09-21,ISFIN,18.85,18.85,51573911.0,13337.69,48.8009
2026-09-21,ISGSY,14.37,14.37,60534535.0,13337.69,48.8009
2026-09-21,ISGYO,24.1,24.1,78805292.0,13337.69,48.8009
2026-09-21,ISKPL,4.27,4.27,12666332.0,13337.69,48.8009
2026-09-21,ISMEN,33.66,33.66,240677142.0,13337.69,48.8009
2026-09-21,ISSEN,5.98,5.98,5118932.0,13337.69,48.8009
2026-09-21,ISVEA,63.8,63.8,617520.0,13337.69,48.8009
2026-09-21,ISYAT,6.84,6.84,5939456.0,13337.69,48.8009
2026-09-21,IZENR,4.34,4.34,14831729.0,13337.69,48.8009
2026-09-21,IZFAS,33.48,33.48,2304629.0,13337.69,48.8009
2026-09-21,IZMDC,7.0,7.0,114353050.0,13337.69,48.8009
2026-09-21,JANTS,14.85,14.85,41146703.0,13337.69,48.8009
2026-09-21,KAPLM,220.0,220.0,1909160.0,13337.69,48.8009
2026-09-21,KARCL,153.0,153.0,5328225.0,13337.69,48.8009
2026-09-21,KAREL,6.08,6.08,133294781.0,13337.69,48.8009
2026-09-21,KARSN,9.15,9.15,572147680.0,13337.69,48.8009
2026-09-21,KARTN,113.1,113.1,27765618.0,13337.69,48.8009
2026-09-21,KATMR,1.58,1.58,130389484.0,13337.69,48.8009
2026-09-21,KAYSE,3.4,3.4,47739996.0,13337.69,48.8009
2026-09-21,KBORU,11.46,11.46,13514067.0,13337.69,48.8009
2026-09-21,KCAER,10.87,10.87,244763195.0,13337.69,48.8009
2026-09-21,KCHOL,222.3,222.3,7249948049.0,13337.69,48.8009
2026-09-21,KFEIN,6.38,6.38,25967466.0,13337.69,48.8009
2026-09-21,KGYO,10.62,10.62,82833000.0,13337.69,48.8009
2026-09-21,KIMMR,11.52,11.52,11148746.0,13337.69,48.8009
2026-09-21,KLGYO,4.05,4.05,41817977.0,13337.69,48.8009
2026-09-21,KLKIM,23.38,23.38,40891620.0,13337.69,48.8009
2026-09-21,KLRHO,38.12,38.12,6417006.0,13337.69,48.8009
2026-09-21,KLSER,20.1,20.1,23170004.0,13337.69,48.8009
2026-09-21,KLSYN,13.4,13.4,22700582.0,13337.69,48.8009
2026-09-21,KLYPV,57.0,57.0,207437689.0,13337.69,48.8009
2026-09-21,KMPUR,15.34,15.34,24528669.0,13337.69,48.8009
2026-09-21,KOCMT,2.78,2.78,5704657.0,13337.69,48.8009
2026-09-21,KONKA,7.65,7.65,23890789.0,13337.69,48.8009
2026-09-21,KONTR,2.56,2.56,14342484.0,13337.69,48.8009
2026-09-21,KONYA,3572.5,3572.5,142937773.0,13337.69,48.8009
2026-09-21,KOPOL,3.66,3.66,82870537.0,13337.69,48.8009
2026-09-21,KORDS,3.07,3.07,80431905.0,13337.69,48.8009
2026-09-21,KOTON,10.92,10.92,20575639.0,13337.69,48.8009
2026-09-21,KPEKS,68.9,68.9,8852754.0,13337.69,48.8009
2026-09-21,KRDMA,43.98,43.98,347793629.0,13337.69,48.8009
2026-09-21,KRDMB,79.5,79.5,103419938.0,13337.69,48.8009
2026-09-21,KRDMD,45.4,45.4,2123094019.0,13337.69,48.8009
2026-09-21,KRGYO,3.22,3.22,80462026.0,13337.69,48.8009
2026-09-21,KRONT,19.01,19.01,28668524.0,13337.69,48.8009
2026-09-21,KRPLS,11.56,11.56,53442518.0,13337.69,48.8009
2026-09-21,KRSTL,7.84,7.84,53346367.0,13337.69,48.8009
2026-09-21,KRTEK,5.2,5.2,3260058.0,13337.69,48.8009
2026-09-21,KRVGD,2.03,2.03,13232338.0,13337.69,48.8009
2026-09-21,KTLEV,20.04,20.04,69996073.0,13337.69,48.8009
2026-09-21,KUTPO,71.65,71.65,10929063.0,13337.69,48.8009
2026-09-21,KUVVA,127.8,127.8,2838949.0,13337.69,48.8009
2026-09-21,KUYAS,45.78,45.78,22694977.0,13337.69,48.8009
2026-09-21,KZBGY,1.42,1.42,101854880.0,13337.69,48.8009
2026-09-21,KZGYO,18.24,18.24,3583649.0,13337.69,48.8009
2026-09-21,LIDER,14.22,14.22,3773064.0,13337.69,48.8009
2026-09-21,LIDFA,1.65,1.65,58170179.0,13337.69,48.8009
2026-09-21,LILAK,26.1,26.1,116776593.0,13337.69,48.8009
2026-09-21,LINK,4.09,4.09,101420270.0,13337.69,48.8009
2026-09-21,LKMNH,12.14,11.9112,23656368.0,13337.69,48.8009
2026-09-21,LMKDC,22.38,22.38,170301907.0,13337.69,48.8009
2026-09-21,LOGO,138.8,138.8,111379532.0,13337.69,48.8009
2026-09-21,LRSHO,2.1,2.1,52927799.0,13337.69,48.8009
2026-09-21,LXGYO,6.8,6.8,54382062.0,13337.69,48.8009
2026-09-21,LYDHO,84.65,84.65,308380.0,13337.69,48.8009
2026-09-21,LYDYE,8405.0,8405.0,1050625.0,13337.69,48.8009
2026-09-21,MAALT,906.5,906.5,34267413.0,13337.69,48.8009
2026-09-21,MACKO,30.7,28.9,27945182.0,13337.69,48.8009
2026-09-21,MAGEN,24.52,24.52,229710054.0,13337.69,48.8009
2026-09-21,MAKIM,12.31,12.31,9148402.0,13337.69,48.8009
2026-09-21,MANAS,21.96,21.96,610466.0,13337.69,48.8009
2026-09-21,MARBL,9.98,9.98,20330043.0,13337.69,48.8009
2026-09-21,MARMR,1.6,1.6,94514162.0,13337.69,48.8009
2026-09-21,MARTI,2.01,2.01,2004161.0,13337.69,48.8009
2026-09-21,MASFN,37.58,37.58,344674695.0,13337.69,48.8009
2026-09-21,MAVI,37.4,37.4,665023631.0,13337.69,48.8009
2026-09-21,MCARD,100.5,100.5,349185086.0,13337.69,48.8009
2026-09-21,MEDTR,19.98,19.98,7420307.0,13337.69,48.8009
2026-09-21,MEGMT,3.59,3.59,221884190.0,13337.69,48.8009
2026-09-21,MERCN,14.2,14.2,125571571.0,13337.69,48.8009
2026-09-21,MERIT,14.46,14.46,32646225.0,13337.69,48.8009
2026-09-21,MERKO,1.02,1.02,31618313.0,13337.69,48.8009
2026-09-21,METEN,17.94,17.94,345191381.0,13337.69,48.8009
2026-09-21,METRO,6.48,6.48,98906768.0,13337.69,48.8009
2026-09-21,MEYSU,8.28,8.28,177839756.0,13337.69,48.8009
2026-09-21,MGROS,538.0,538.0,2073930935.0,13337.69,48.8009
2026-09-21,MHRGY,1.94,1.94,12525755.0,13337.69,48.8009
2026-09-21,MIATK,22.78,22.78,36108669.0,13337.69,48.8009
2026-09-21,MNDRS,9.95,9.95,20011322.0,13337.69,48.8009
2026-09-21,MNDTR,4.46,4.46,12073050.0,13337.69,48.8009
2026-09-21,MOBTL,9.95,9.95,76511455.0,13337.69,48.8009
2026-09-21,MOGAN,8.39,8.39,26523819.0,13337.69,48.8009
2026-09-21,MOPAS,20.74,20.4562,49100769.0,13337.69,48.8009
2026-09-21,MPARK,439.25,439.25,278649852.0,13337.69,48.8009
2026-09-21,MRGYO,1.56,1.56,1764405.0,13337.69,48.8009
2026-09-21,MSGYO,5.07,5.07,8103630.0,13337.69,48.8009
2026-09-21,MTRKS,23.06,23.06,30565449.0,13337.69,48.8009
2026-09-21,NATEN,4.34,4.34,33110882.0,13337.69,48.8009
2026-09-21,NETAS,78.0,78.0,95100710.0,13337.69,48.8009
2026-09-21,NETCD,91.0,91.0,438154074.0,13337.69,48.8009
2026-09-21,NTGAZ,10.6,10.6,41121612.0,13337.69,48.8009
2026-09-21,NTHOL,38.3,38.3,114787609.0,13337.69,48.8009
2026-09-21,NUGYO,7.92,7.92,20700321.0,13337.69,48.8009
2026-09-21,NUHCM,203.6,203.6,14683381.0,13337.69,48.8009
2026-09-21,OBAMS,4.25,4.25,132378413.0,13337.69,48.8009
2026-09-21,OBASE,29.04,29.04,15285120.0,13337.69,48.8009
2026-09-21,ODAS,6.61,6.61,373302419.0,13337.69,48.8009
2026-09-21,ODINE,416.25,416.25,4803941.0,13337.69,48.8009
2026-09-21,OFSYM,59.65,59.2274,52684925.0,13337.69,48.8009
2026-09-21,ONCSM,104.1,104.1,9861497.0,13337.69,48.8009
2026-09-21,ONRYT,11.35,11.35,60220215.0,13337.69,48.8009
2026-09-21,ORGE,22.42,22.42,123855867.0,13337.69,48.8009
2026-09-21,ORZAX,75.35,75.35,320442056.0,13337.69,48.8009
2026-09-21,OSMEN,5.5,5.5,21690555.0,13337.69,48.8009
2026-09-21,OSTIM,1.39,1.39,21077916.0,13337.69,48.8009
2026-09-21,OTKAR,302.0,302.0,88748406.0,13337.69,48.8009
2026-09-21,OYAKC,20.36,20.36,335811781.0,13337.69,48.8009
2026-09-21,OYLUM,6.36,6.36,7641095.0,13337.69,48.8009
2026-09-21,OYYAT,28.1,28.1,26332238.0,13337.69,48.8009
2026-09-21,OZATD,3270.0,3270.0,281220.0,13337.69,48.8009
2026-09-21,OZGYO,1.75,1.75,25835016.0,13337.69,48.8009
2026-09-21,OZKGY,12.06,12.06,50316794.0,13337.69,48.8009
2026-09-21,OZSUB,39.34,39.34,79977616.0,13337.69,48.8009
2026-09-21,OZYSR,10.87,10.87,67121431.0,13337.69,48.8009
2026-09-21,PAGYO,124.3,124.3,16680857.0,13337.69,48.8009
2026-09-21,PAHOL,1.02,1.02,439304192.0,13337.69,48.8009
2026-09-21,PAPIL,9.57,9.57,84397426.0,13337.69,48.8009
2026-09-21,PARSN,62.8,62.8,28674117.0,13337.69,48.8009
2026-09-21,PASEU,49.92,49.92,6359708.0,13337.69,48.8009
2026-09-21,PATEK,16.8,16.8,845259947.0,13337.69,48.8009
2026-09-21,PCILT,29.64,29.64,45507209.0,13337.69,48.8009
2026-09-21,PEKGY,7.69,7.69,3339144.0,13337.69,48.8009
2026-09-21,PENGD,7.94,7.94,22619109.0,13337.69,48.8009
2026-09-21,PENTA,10.75,10.75,30278005.0,13337.69,48.8009
2026-09-21,PETKM,21.3,21.3,1815903537.0,13337.69,48.8009
2026-09-21,PETUN,10.31,10.31,17293421.0,13337.69,48.8009
2026-09-21,PGSUS,151.2,151.2,1763792871.0,13337.69,48.8009
2026-09-21,PINSU,8.98,8.98,33965558.0,13337.69,48.8009
2026-09-21,PKART,89.9,89.9,38720006.0,13337.69,48.8009
2026-09-21,PLTUR,16.71,16.71,32672224.0,13337.69,48.8009
2026-09-21,PNLSN,34.54,34.54,23794715.0,13337.69,48.8009
2026-09-21,PNSUT,10.24,10.24,35083386.0,13337.69,48.8009
2026-09-21,POLHO,17.67,17.67,70453609.0,13337.69,48.8009
2026-09-21,POLTK,3315.0,3315.0,30072323.0,13337.69,48.8009
2026-09-21,PRZMA,45.9,45.9,207743.0,13337.69,48.8009
2026-09-21,PSGYO,2.03,2.03,437935073.0,13337.69,48.8009
2026-09-21,QNBTR,164.4,164.4,2816185.0,13337.69,48.8009
2026-09-21,QUAGR,2.38,2.38,125636775.0,13337.69,48.8009
2026-09-21,QUICK,50.6,50.6,139275203.0,13337.69,48.8009
2026-09-21,RALYH,178.2,178.2,1873595.0,13337.69,48.8009
2026-09-21,RAYSG,132.5,132.5,20461210.0,13337.69,48.8009
2026-09-21,REEDR,4.28,4.28,133713457.0,13337.69,48.8009
2026-09-21,RGYAS,190.4,190.4,262728994.0,13337.69,48.8009
2026-09-21,RTALB,2.16,2.16,56174870.0,13337.69,48.8009
2026-09-21,RUBNS,22.66,22.66,32626823.0,13337.69,48.8009
2026-09-21,RUZYE,5.56,5.56,2822128.0,13337.69,48.8009
2026-09-21,RYGYO,48.0,48.0,173700057.0,13337.69,48.8009
2026-09-21,RYSAS,24.0,24.0,450643212.0,13337.69,48.8009
2026-09-21,SAFKR,11.18,11.18,53091955.0,13337.69,48.8009
2026-09-21,SAHOL,90.55,90.55,4432436831.0,13337.69,48.8009
2026-09-21,SANFM,6.0,6.0,19756103.0,13337.69,48.8009
2026-09-21,SARAE,51.55,51.55,28124082.0,13337.69,48.8009
2026-09-21,SARKY,22.18,22.18,128061624.0,13337.69,48.8009
2026-09-21,SASA,2.31,2.31,7120210105.0,13337.69,48.8009
2026-09-21,SAYAS,46.04,46.04,93806427.0,13337.69,48.8009
2026-09-21,SDTTR,17.45,17.45,130962112.0,13337.69,48.8009
2026-09-21,SEGMN,31.4,31.4,26483509.0,13337.69,48.8009
2026-09-21,SEGYO,2.68,2.68,15689840.0,13337.69,48.8009
2026-09-21,SEKUR,5.97,5.97,489785.0,13337.69,48.8009
2026-09-21,SELEC,191.7,191.7,1435833.0,13337.69,48.8009
2026-09-21,SELVA,1.23,1.23,28281336.0,13337.69,48.8009
2026-09-21,SISE,40.36,40.36,2314589051.0,13337.69,48.8009
2026-09-21,SKBNK,5.91,5.91,700600201.0,13337.69,48.8009
2026-09-21,SKTAS,2.7,2.7,34950629.0,13337.69,48.8009
2026-09-21,SKYLP,103.7,103.7,301871.0,13337.69,48.8009
2026-09-21,SMART,18.17,18.17,14767875.0,13337.69,48.8009
2026-09-21,SMRTG,5.43,5.43,14895120.0,13337.69,48.8009
2026-09-21,SMRVA,7.64,7.64,62995217.0,13337.69,48.8009
2026-09-21,SNGYO,2.69,2.69,71706079.0,13337.69,48.8009
2026-09-21,SNICA,2.58,2.58,34365460.0,13337.69,48.8009
2026-09-21,SOKE,8.06,8.06,32830384.0,13337.69,48.8009
2026-09-21,SOKM,58.6,58.6,165601546.0,13337.69,48.8009
2026-09-21,SRVGY,2.1,2.1,79588594.0,13337.69,48.8009
2026-09-21,SSAAT,27.88,27.88,129687722.0,13337.69,48.8009
2026-09-21,SUNTK,27.2,27.2,14506353.0,13337.69,48.8009
2026-09-21,SURGY,23.86,23.86,108888269.0,13337.69,48.8009
2026-09-21,SUWEN,5.37,5.37,23068543.0,13337.69,48.8009
2026-09-21,SVGYO,10.21,10.21,280938.0,13337.69,48.8009
2026-09-21,TABGD,226.4,226.4,139578732.0,13337.69,48.8009
2026-09-21,TARKM,417.0,417.0,145085279.0,13337.69,48.8009
2026-09-21,TATEN,4.91,4.91,7290314.0,13337.69,48.8009
2026-09-21,TATGD,16.4,16.4,28228858.0,13337.69,48.8009
2026-09-21,TAVHL,279.25,277.445,1540091621.0,13337.69,48.8009
2026-09-21,TBORG,130.5,130.5,21855993.0,13337.69,48.8009
2026-09-21,TCELL,99.9,99.9,2581840981.0,13337.69,48.8009
2026-09-21,TCKRC,112.7,112.7,555587573.0,13337.69,48.8009
2026-09-21,TDGYO,13.45,13.45,1652064.0,13337.69,48.8009
2026-09-21,TEHOL,31.4,31.4,1204724.0,13337.69,48.8009
2026-09-21,TEKTU,5.33,5.33,38390566.0,13337.69,48.8009
2026-09-21,TERA,147.1,147.1,6252338.0,13337.69,48.8009
2026-09-21,TEZOL,7.82,7.82,37305420.0,13337.69,48.8009
2026-09-21,TGSAS,130.0,130.0,634400.0,13337.69,48.8009
2026-09-21,THYAO,293.5,293.5,14954106168.0,13337.69,48.8009
2026-09-21,TKFEN,239.3,239.3,1608419775.0,13337.69,48.8009
2026-09-21,TKNKA,102.9,102.9,793462.0,13337.69,48.8009
2026-09-21,TKNSA,14.85,14.85,40855982.0,13337.69,48.8009
2026-09-21,TMPOL,189.3,189.3,769126.0,13337.69,48.8009
2026-09-21,TMSN,63.95,63.95,60220214.0,13337.69,48.8009
2026-09-21,TNZTP,28.82,28.82,114451072.0,13337.69,48.8009
2026-09-21,TOASO,290.0,290.0,970702517.0,13337.69,48.8009
2026-09-21,TRALT,51.15,51.15,5084635514.0,13337.69,48.8009
2026-09-21,TRCAS,47.9,47.9,47664562.0,13337.69,48.8009
2026-09-21,TRENJ,105.5,105.5,185663327.0,13337.69,48.8009
2026-09-21,TRGYO,92.9,92.9,128078642.0,13337.69,48.8009
2026-09-21,TRHOL,2955.0,2955.0,1146540.0,13337.69,48.8009
2026-09-21,TRILC,0.96,0.96,3174446.0,13337.69,48.8009
2026-09-21,TRMET,129.7,129.7,680884166.0,13337.69,48.8009
2026-09-21,TSGYO,5.12,5.12,7888241.0,13337.69,48.8009
2026-09-21,TSKB,10.85,10.85,221556100.0,13337.69,48.8009
2026-09-21,TSPOR,0.88,0.88,301507055.0,13337.69,48.8009
2026-09-21,TTKOM,53.4,53.4,1791269629.0,13337.69,48.8009
2026-09-21,TTRAK,406.0,406.0,75706957.0,13337.69,48.8009
2026-09-21,TUCLK,3.66,3.66,64801341.0,13337.69,48.8009
2026-09-21,TUKAS,2.02,2.02,512463403.0,13337.69,48.8009
2026-09-21,TUPRS,414.75,414.75,14815801540.0,13337.69,48.8009
2026-09-21,TUREX,4.95,4.95,61681484.0,13337.69,48.8009
2026-09-21,TURGG,24.94,24.94,11479827.0,13337.69,48.8009
2026-09-21,TURSG,6.18,6.18,789254041.0,13337.69,48.8009
2026-09-21,UCAYM,17.6,17.6,81767620.0,13337.69,48.8009
2026-09-21,UFUK,915.5,915.5,639019.0,13337.69,48.8009
2026-09-21,ULKER,87.2,87.2,596442595.0,13337.69,48.8009
2026-09-21,ULUFA,1.5,1.5,48482081.0,13337.69,48.8009
2026-09-21,ULUUN,6.87,6.87,40216489.0,13337.69,48.8009
2026-09-21,USAK,1.0,1.0,216144469.0,13337.69,48.8009
2026-09-21,VAKBN,34.36,34.36,2564906524.0,13337.69,48.8009
2026-09-21,VAKFA,10.09,10.09,100783942.0,13337.69,48.8009
2026-09-21,VAKFN,1.03,1.03,96199232.0,13337.69,48.8009
2026-09-21,VAKKO,63.0,63.0,14211881.0,13337.69,48.8009
2026-09-21,VANGD,61.65,61.65,754719.0,13337.69,48.8009
2026-09-21,VBTYZ,27.72,27.72,43120529.0,13337.69,48.8009
2026-09-21,VERUS,470.0,470.0,32597564.0,13337.69,48.8009
2026-09-21,VESBE,5.01,5.01,58196314.0,13337.69,48.8009
2026-09-21,VESTL,22.3,22.3,222704073.0,13337.69,48.8009
2026-09-21,VEYAS,85.0,85.0,185040980.0,13337.69,48.8009
2026-09-21,VKGYO,1.76,1.76,55232912.0,13337.69,48.8009
2026-09-21,VRGYO,1.31,1.31,5059018.0,13337.69,48.8009
2026-09-21,VSNMD,32.38,32.38,35731203.0,13337.69,48.8009
2026-09-21,YAPRK,9.3,9.3,38142126.0,13337.69,48.8009
2026-09-21,YATAS,26.52,26.52,24477400.0,13337.69,48.8009
2026-09-21,YEOTK,29.52,29.52,804033632.0,13337.69,48.8009
2026-09-21,YGGYO,215.2,215.2,24766806.0,13337.69,48.8009
2026-09-21,YIGIT,18.38,18.38,42601247.0,13337.69,48.8009
2026-09-21,YKBNK,36.58,36.58,11871318757.0,13337.69,48.8009
2026-09-21,YKSLN,3.35,3.35,861667.0,13337.69,48.8009
2026-09-21,YUNSA,6.49,6.49,38414082.0,13337.69,48.8009
2026-09-21,YYLGD,8.5,8.5,65071975.0,13337.69,48.8009
2026-09-21,ZERGY,8.0,8.0,145774453.0,13337.69,48.8009
2026-09-21,ZGYO,14.88,14.88,13827797.0,13337.69,48.8009
2026-09-21,ZOREN,2.23,2.23,143316440.0,13337.69,48.8009
2026-09-21,ZRGYO,19.5,19.5,122762844.0,13337.69,48.8009
2026-09-22,AAGYO,8.7,8.7,65997574.0,13198.84,48.8201
2026-09-22,ADEL,27.92,27.92,31401961.0,13198.84,48.8201
2026-09-22,ADESE,0.73,0.73,37012288.0,13198.84,48.8201
2026-09-22,ADGYO,51.75,51.75,64646353.0,13198.84,48.8201
2026-09-22,AEFES,18.83,18.83,716451095.0,13198.84,48.8201
2026-09-22,AFYON,11.4,11.4,12645519.0,13198.84,48.8201
2026-09-22,AGESA,240.7,240.7,54530603.0,13198.84,48.8201
2026-09-22,AGHOL,34.14,34.14,176843140.0,13198.84,48.8201
2026-09-22,AGROT,1.58,1.58,48533285.0,13198.84,48.8201
2026-09-22,AGYO,7.06,7.06,2933378.0,13198.84,48.8201
2026-09-22,AHGAZ,44.0,44.0,503239048.0,13198.84,48.8201
2026-09-22,AHSGY,12.06,12.06,37562253.0,13198.84,48.8201
2026-09-22,AKBNK,73.1,73.1,11002356376.0,13198.84,48.8201
2026-09-22,AKCNS,190.0,190.0,306890525.0,13198.84,48.8201
2026-09-22,AKENR,9.2,9.2,46138508.0,13198.84,48.8201
2026-09-22,AKFGY,2.51,2.51,62738309.0,13198.84,48.8201
2026-09-22,AKFIS,13.26,13.26,215027401.0,13198.84,48.8201
2026-09-22,AKFYE,3.56,3.56,187816610.0,13198.84,48.8201
2026-09-22,AKGRT,5.57,5.57,45890830.0,13198.84,48.8201
2026-09-22,AKHAN,26.8,26.8,39453172.0,13198.84,48.8201
2026-09-22,AKMGY,229.0,229.0,6328581.0,13198.84,48.8201
2026-09-22,AKSA,10.91,10.91,97787778.0,13198.84,48.8201
2026-09-22,AKSEN,68.6,68.6,439727700.0,13198.84,48.8201
2026-09-22,AKSGY,9.41,9.41,36726198.0,13198.84,48.8201
2026-09-22,AKSUE,17.93,17.93,48907522.0,13198.84,48.8201
2026-09-22,ALARK,108.8,108.8,465363494.0,13198.84,48.8201
2026-09-22,ALBRK,8.6,8.6,116951823.0,13198.84,48.8201
2026-09-22,ALCTL,92.7,92.7,44475521.0,13198.84,48.8201
2026-09-22,ALFAS,33.88,33.88,76941675.0,13198.84,48.8201
2026-09-22,ALGYO,3.14,3.14,77625544.0,13198.84,48.8201
2026-09-22,ALKA,6.8,6.8,10107807.0,13198.84,48.8201
2026-09-22,ALKIM,13.28,13.28,9489883.0,13198.84,48.8201
2026-09-22,ALKLC,307.5,307.5,549195.0,13198.84,48.8201
2026-09-22,ALTNY,13.97,13.97,257715432.0,13198.84,48.8201
2026-09-22,ALVES,0.63,0.63,14576366.0,13198.84,48.8201
2026-09-22,ANELE,85.15,85.15,392627.0,13198.84,48.8201
2026-09-22,ANGEN,7.41,7.41,8597585.0,13198.84,48.8201
2026-09-22,ANHYT,103.5,103.5,101009611.0,13198.84,48.8201
2026-09-22,ANSGR,25.96,25.96,106552902.0,13198.84,48.8201
2026-09-22,ARASE,99.6,99.6,68209949.0,13198.84,48.8201
2026-09-22,ARCLK,88.0,88.0,130074858.0,13198.84,48.8201
2026-09-22,ARDYZ,66.65,66.65,440365240.0,13198.84,48.8201
2026-09-22,ARENA,16.6,16.6,7503085.0,13198.84,48.8201
2026-09-22,ARFYE,14.5,14.5,38235410.0,13198.84,48.8201
2026-09-22,ARMGD,134.9,134.9,292055349.0,13198.84,48.8201
2026-09-22,ARSAN,3.7,3.7,96943325.0,13198.84,48.8201
2026-09-22,ARTMS,33.18,33.18,16446347.0,13198.84,48.8201
2026-09-22,ARZUM,1.25,1.25,8524532.0,13198.84,48.8201
2026-09-22,ASELS,374.5,374.5,7385593550.0,13198.84,48.8201
2026-09-22,ASGYO,9.92,9.92,18635664.0,13198.84,48.8201
2026-09-22,ASTOR,258.25,258.25,7334737483.0,13198.84,48.8201
2026-09-22,ASUZU,45.0,45.0,14372236.0,13198.84,48.8201
2026-09-22,ATAGY,9.03,9.03,280738.0,13198.84,48.8201
2026-09-22,ATAKP,36.08,36.08,23016059.0,13198.84,48.8201
2026-09-22,ATATP,241.8,241.8,140827201.0,13198.84,48.8201
2026-09-22,ATATR,7.51,7.51,5563243.0,13198.84,48.8201
2026-09-22,AVGYO,15.68,15.68,38408137.0,13198.84,48.8201
2026-09-22,AVPGY,54.15,54.15,24332171.0,13198.84,48.8201
2026-09-22,AYDEM,23.8,23.8,39357922.0,13198.84,48.8201
2026-09-22,AYEN,28.0,28.0,10565413.0,13198.84,48.8201
2026-09-22,AYGAZ,301.75,301.75,386660841.0,13198.84,48.8201
2026-09-22,AZTEK,3.6,3.6,88573452.0,13198.84,48.8201
2026-09-22,BAGFS,24.0,24.0,15941355.0,13198.84,48.8201
2026-09-22,BAHKM,190.0,190.0,309423188.0,13198.84,48.8201
2026-09-22,BALSU,6.64,6.64,505908120.0,13198.84,48.8201
2026-09-22,BANVT,136.3,136.3,13690065.0,13198.84,48.8201
2026-09-22,BARMA,6.79,6.79,3402799.0,13198.84,48.8201
2026-09-22,BASGZ,41.2,41.2,14194918.0,13198.84,48.8201
2026-09-22,BEGYO,3.0,3.0,37149588.0,13198.84,48.8201
2026-09-22,BERA,12.09,12.09,97547658.0,13198.84,48.8201
2026-09-22,BESLR,11.64,11.64,29636832.0,13198.84,48.8201
2026-09-22,BESTE,22.98,22.98,228425991.0,13198.84,48.8201
2026-09-22,BETAE,63.95,63.95,1112440658.0,13198.84,48.8201
2026-09-22,BFREN,115.0,115.0,19265528.0,13198.84,48.8201
2026-09-22,BIENY,16.4,16.4,26726764.0,13198.84,48.8201
2026-09-22,BIGCH,4.23,4.23,11498027.0,13198.84,48.8201
2026-09-22,BIGEN,92.8,92.8,8490086.0,13198.84,48.8201
2026-09-22,BIGTK,181.2,181.2,2673425.0,13198.84,48.8201
2026-09-22,BIMAS,430.25,430.25,4061540380.0,13198.84,48.8201
2026-09-22,BINBN,110.1,110.1,6905252.0,13198.84,48.8201
2026-09-22,BINHO,6.59,6.59,345682736.0,13198.84,48.8201
2026-09-22,BIOEN,11.7,11.7,232806449.0,13198.84,48.8201
2026-09-22,BIZIM,21.36,21.36,2730598.0,13198.84,48.8201
2026-09-22,BJKAS,1.85,1.85,1561739629.0,13198.84,48.8201
2026-09-22,BKRGY,6.4,6.4,75150913.0,13198.84,48.8201
2026-09-22,BLCYT,1.65,1.65,19827544.0,13198.84,48.8201
2026-09-22,BLUME,32.74,32.74,90760517.0,13198.84,48.8201
2026-09-22,BMSTL,44.86,44.86,283942490.0,13198.84,48.8201
2026-09-22,BNTAS,5.5,5.5,17306091.0,13198.84,48.8201
2026-09-22,BOBET,17.2,17.2,56038103.0,13198.84,48.8201
2026-09-22,BORLS,2.1,2.1,45647818.0,13198.84,48.8201
2026-09-22,BORSK,5.67,5.67,31493566.0,13198.84,48.8201
2026-09-22,BOSSA,6.44,6.44,37159937.0,13198.84,48.8201
2026-09-22,BRISA,73.3,73.3,16830468.0,13198.84,48.8201
2026-09-22,BRKO,7.49,7.49,25115751.0,13198.84,48.8201
2026-09-22,BRKSN,6.75,6.75,984537.0,13198.84,48.8201
2026-09-22,BRKVY,63.75,63.75,38429349.0,13198.84,48.8201
2026-09-22,BRLSM,13.71,13.71,110775461.0,13198.84,48.8201
2026-09-22,BRSAN,669.0,669.0,1028829193.0,13198.84,48.8201
2026-09-22,BRYAT,1562.0,1562.0,74755866.0,13198.84,48.8201
2026-09-22,BSOKE,11.6,11.6,5735516.0,13198.84,48.8201
2026-09-22,BTCIM,2.36,2.36,612824951.0,13198.84,48.8201
2026-09-22,BUCIM,5.21,5.21,48442341.0,13198.84,48.8201
2026-09-22,BULGS,17.07,17.07,1259698.0,13198.84,48.8201
2026-09-22,BURCE,26.42,26.42,20940450.0,13198.84,48.8201
2026-09-22,BURVA,457.75,457.75,20605405.0,13198.84,48.8201
2026-09-22,BVSAN,86.5,86.5,89928145.0,13198.84,48.8201
2026-09-22,BYDNR,21.34,21.34,23919450.0,13198.84,48.8201
2026-09-22,CANTE,1.17,1.17,495505060.0,13198.84,48.8201
2026-09-22,CATES,37.26,37.26,11053738.0,13198.84,48.8201
2026-09-22,CCOLA,78.6,78.6,375224885.0,13198.84,48.8201
2026-09-22,CELHA,25.8,25.8,116385906.0,13198.84,48.8201
2026-09-22,CEMAS,3.4,3.4,30810685.0,13198.84,48.8201
2026-09-22,CEMTS,8.08,8.08,36433471.0,13198.84,48.8201
2026-09-22,CEMZY,9.34,9.34,103364755.0,13198.84,48.8201
2026-09-22,CEOEM,27.38,27.38,105805925.0,13198.84,48.8201
2026-09-22,CGCAM,23.7,23.7,48831947.0,13198.84,48.8201
2026-09-22,CIMSA,42.92,42.92,292303202.0,13198.84,48.8201
2026-09-22,CITAS,94.0,94.0,3694764.0,13198.84,48.8201
2026-09-22,CLEBI,1429.0,1429.0,37533962.0,13198.84,48.8201
2026-09-22,CMBTN,1410.0,1410.0,12983297.0,13198.84,48.8201
2026-09-22,CONSE,1.84,1.84,30026564.0,13198.84,48.8201
2026-09-22,CRDFA,13.65,13.65,1617020.0,13198.84,48.8201
2026-09-22,CRFSA,272.0,272.0,477800759.0,13198.84,48.8201
2026-09-22,CUSAN,19.75,19.75,6892404.0,13198.84,48.8201
2026-09-22,CVKMD,14.06,14.06,575427400.0,13198.84,48.8201
2026-09-22,CWENE,24.6,24.6,888213517.0,13198.84,48.8201
2026-09-22,DAGI,6.28,6.28,66614968.0,13198.84,48.8201
2026-09-22,DAPGM,4.85,4.85,200987579.0,13198.84,48.8201
2026-09-22,DARDL,1.3,1.3,16548805.0,13198.84,48.8201
2026-09-22,DCTTR,3.91,3.91,36995002.0,13198.84,48.8201
2026-09-22,DENGE,2.0,2.0,34895663.0,13198.84,48.8201
2026-09-22,DERHL,1.7,1.7,13989502.0,13198.84,48.8201
2026-09-22,DESA,8.84,8.84,15081199.0,13198.84,48.8201
2026-09-22,DESPC,32.8,32.8,11362149.0,13198.84,48.8201
2026-09-22,DEVA,102.2,102.2,52771298.0,13198.84,48.8201
2026-09-22,DGATE,63.35,63.35,66605217.0,13198.84,48.8201
2026-09-22,DGGYO,28.9,28.9,2854458.0,13198.84,48.8201
2026-09-22,DGNMO,4.97,4.97,16125982.0,13198.84,48.8201
2026-09-22,DITAS,9.9,9.9,1320353.0,13198.84,48.8201
2026-09-22,DMRGD,9.03,9.03,4322544.0,13198.84,48.8201
2026-09-22,DMSAS,5.35,5.35,40637339.0,13198.84,48.8201
2026-09-22,DOAS,158.5,158.5,202865345.0,13198.84,48.8201
2026-09-22,DOCO,10657.5,10657.5,90509755.0,13198.84,48.8201
2026-09-22,DOFRB,84.5,84.5,342070525.0,13198.84,48.8201
2026-09-22,DOGUB,35.28,35.28,962262.0,13198.84,48.8201
2026-09-22,DOHOL,20.26,20.26,339515895.0,13198.84,48.8201
2026-09-22,DOKTA,19.15,19.15,7837690.0,13198.84,48.8201
2026-09-22,DSTKF,1608.0,1608.0,2855808.0,13198.84,48.8201
2026-09-22,DUNYH,61.1,61.1,21422760.0,13198.84,48.8201
2026-09-22,DURKN,12.71,12.71,104668134.0,13198.84,48.8201
2026-09-22,DYOBY,11.34,11.34,13477756.0,13198.84,48.8201
2026-09-22,DZGYO,6.75,6.75,14497567.0,13198.84,48.8201
2026-09-22,EBEBK,81.1,81.1,76314379.0,13198.84,48.8201
2026-09-22,ECILC,63.1,63.1,542313774.0,13198.84,48.8201
2026-09-22,ECOGR,31.62,31.62,95882599.0,13198.84,48.8201
2026-09-22,ECZYT,232.6,232.6,494001120.0,13198.84,48.8201
2026-09-22,EDATA,10.1,10.1,16667939.0,13198.84,48.8201
2026-09-22,EFOR,15.84,15.84,285018724.0,13198.84,48.8201
2026-09-22,EGEEN,5155.0,5155.0,400375783.0,13198.84,48.8201
2026-09-22,EGEGY,15.29,15.29,141833216.0,13198.84,48.8201
2026-09-22,EGEPO,7.11,7.11,15137282.0,13198.84,48.8201
2026-09-22,EGGUB,104.6,104.6,67917741.0,13198.84,48.8201
2026-09-22,EGPRO,34.76,34.76,45913495.0,13198.84,48.8201
2026-09-22,EGSER,2.68,2.68,3364669.0,13198.84,48.8201
2026-09-22,EKDMR,33.96,33.96,143242033.0,13198.84,48.8201
2026-09-22,EKGYO,19.49,19.49,2685774164.0,13198.84,48.8201
2026-09-22,EKIM,14.52,14.52,108056250.0,13198.84,48.8201
2026-09-22,EKOS,3.97,3.97,38817977.0,13198.84,48.8201
2026-09-22,EKSUN,4.46,4.46,11967195.0,13198.84,48.8201
2026-09-22,ELITE,21.32,21.32,19027239.0,13198.84,48.8201
2026-09-22,EMKEL,8.83,8.83,74266926.0,13198.84,48.8201
2026-09-22,EMPAE,51.8,51.8,249882003.0,13198.84,48.8201
2026-09-22,ENDAE,14.8,14.8,35027517.0,13198.84,48.8201
2026-09-22,ENERY,12.61,12.61,975284140.0,13198.84,48.8201
2026-09-22,ENJSA,109.1,109.1,282897821.0,13198.84,48.8201
2026-09-22,ENKAI,86.75,86.75,1045749723.0,13198.84,48.8201
2026-09-22,ENPRA,42.98,42.98,4053930.0,13198.84,48.8201
2026-09-22,ENSRI,3.42,3.42,37630463.0,13198.84,48.8201
2026-09-22,ENTRA,4.08,4.08,92340983.0,13198.84,48.8201
2026-09-22,ERBOS,124.7,124.7,3066490.0,13198.84,48.8201
2026-09-22,ERCB,39.22,39.22,25218962.0,13198.84,48.8201
2026-09-22,EREGL,37.82,37.82,3082781616.0,13198.84,48.8201
2026-09-22,ERSU,14.15,14.15,15232642.0,13198.84,48.8201
2026-09-22,ESCAR,27.24,27.24,732157.0,13198.84,48.8201
2026-09-22,ESCOM,4.56,4.56,55857547.0,13198.84,48.8201
2026-09-22,ESEN,2.89,2.89,71290984.0,13198.84,48.8201
2026-09-22,EUPWR,68.25,68.25,2314419813.0,13198.84,48.8201
2026-09-22,EUREN,3.19,3.19,63555934.0,13198.84,48.8201
2026-09-22,EYGYO,2.15,2.15,16071825.0,13198.84,48.8201
2026-09-22,FADE,12.17,12.17,14270887.0,13198.84,48.8201
2026-09-22,FENER,2.53,2.53,264777791.0,13198.84,48.8201
2026-09-22,FONET,4.23,4.23,66994171.0,13198.84,48.8201
2026-09-22,FORMT,1.13,1.13,17864832.0,13198.84,48.8201
2026-09-22,FORTE,99.0,99.0,77358676.0,13198.84,48.8201
2026-09-22,FRIGO,1.71,1.71,43953405.0,13198.84,48.8201
2026-09-22,FRMPL,25.08,25.08,68775437.0,13198.84,48.8201
2026-09-22,FROTO,79.2,79.2,1733528601.0,13198.84,48.8201
2026-09-22,FZLGY,7.57,7.57,328546233.0,13198.84,48.8201
2026-09-22,GARAN,133.9,133.9,3520138662.0,13198.84,48.8201
2026-09-22,GEDIK,5.23,5.23,72204164.0,13198.84,48.8201
2026-09-22,GENIL,7.48,7.48,845811213.0,13198.84,48.8201
2026-09-22,GENKM,8.34,8.34,58332669.0,13198.84,48.8201
2026-09-22,GENTS,4.47,4.47,28903124.0,13198.84,48.8201
2026-09-22,GEREL,25.18,25.18,126459764.0,13198.84,48.8201
2026-09-22,GESAN,50.05,50.05,1521907186.0,13198.84,48.8201
2026-09-22,GIPTA,40.5,40.5,4560422.0,13198.84,48.8201
2026-09-22,GLCVY,46.46,46.46,16682007.0,13198.84,48.8201
2026-09-22,GLRMK,145.3,145.3,980539342.0,13198.84,48.8201
2026-09-22,GLRYH,2.04,2.04,46219471.0,13198.84,48.8201
2026-09-22,GLYHO,15.95,15.95,77956582.0,13198.84,48.8201
2026-09-22,GMTAS,48.8,48.8,310932362.0,13198.84,48.8201
2026-09-22,GOKNR,15.5,15.5,146666484.0,13198.84,48.8201
2026-09-22,GOLDA,9.86,9.86,77934164.0,13198.84,48.8201
2026-09-22,GOLTS,265.0,265.0,26923392.0,13198.84,48.8201
2026-09-22,GOODY,2.32,2.32,38557984.0,13198.84,48.8201
2026-09-22,GOZDE,19.95,19.95,41307476.0,13198.84,48.8201
2026-09-22,GRSEL,279.25,279.25,137233000.0,13198.84,48.8201
2026-09-22,GRTHO,130.3,130.3,22118034.0,13198.84,48.8201
2026-09-22,GSDDE,12.4,12.4,35488380.0,13198.84,48.8201
2026-09-22,GSDHO,4.17,4.17,44707749.0,13198.84,48.8201
2026-09-22,GSRAY,0.91,0.91,114817077.0,13198.84,48.8201
2026-09-22,GUBRF,440.0,440.0,1001676998.0,13198.84,48.8201
2026-09-22,GUNDG,434.0,434.0,654472.0,13198.84,48.8201
2026-09-22,GWIND,21.38,21.38,87264905.0,13198.84,48.8201
2026-09-22,GZNMI,36.48,36.48,30521979.0,13198.84,48.8201
2026-09-22,HALKB,46.58,46.58,1230260236.0,13198.84,48.8201
2026-09-22,HATSN,35.48,35.48,17883055.0,13198.84,48.8201
2026-09-22,HDFGS,1.25,1.25,1725188.0,13198.84,48.8201
2026-09-22,HEDEF,15.68,15.68,1195318.0,13198.84,48.8201
2026-09-22,HEKTS,2.29,2.29,518981402.0,13198.84,48.8201
2026-09-22,HKTM,10.89,10.89,22878769.0,13198.84,48.8201
2026-09-22,HLGYO,4.13,4.13,109131261.0,13198.84,48.8201
2026-09-22,HOROZ,47.36,47.36,47693497.0,13198.84,48.8201
2026-09-22,HRKET,7.21,7.21,517965669.0,13198.84,48.8201
2026-09-22,HTTBT,31.16,31.16,15118237.0,13198.84,48.8201
2026-09-22,HUNER,4.17,4.17,312301276.0,13198.84,48.8201
2026-09-22,HURGZ,6.43,6.43,28566872.0,13198.84,48.8201
2026-09-22,ICBCT,16.7,16.7,22694508.0,13198.84,48.8201
2026-09-22,ICUGS,2.11,2.11,2396278.0,13198.84,48.8201
2026-09-22,IDGYO,2.38,2.38,3497174.0,13198.84,48.8201
2026-09-22,IEYHO,135.9,135.9,326160.0,13198.84,48.8201
2026-09-22,IHAAS,34.92,34.92,25512764.0,13198.84,48.8201
2026-09-22,IHGZT,1.05,1.05,36943640.0,13198.84,48.8201
2026-09-22,IHLAS,0.95,0.95,76316517.0,13198.84,48.8201
2026-09-22,IHLGM,1.35,1.35,25396132.0,13198.84,48.8201
2026-09-22,IHYAY,1.04,1.04,2279465.0,13198.84,48.8201
2026-09-22,IMASM,1.79,1.79,47904552.0,13198.84,48.8201
2026-09-22,INDES,10.81,10.81,49827487.0,13198.84,48.8201
2026-09-22,INFO,1.45,1.45,2953477.0,13198.84,48.8201
2026-09-22,INGRM,319.0,319.0,10055920.0,13198.84,48.8201
2026-09-22,INTET,52.8,52.8,1034244431.0,13198.84,48.8201
2026-09-22,INVEO,6.26,6.26,34763401.0,13198.84,48.8201
2026-09-22,INVES,752.0,752.0,29201853.0,13198.84,48.8201
2026-09-22,ISCTR,13.51,13.51,5927493703.0,13198.84,48.8201
2026-09-22,ISDMR,62.4,62.4,132975617.0,13198.84,48.8201
2026-09-22,ISFIN,18.84,18.84,21060145.0,13198.84,48.8201
2026-09-22,ISGSY,14.49,14.49,46764093.0,13198.84,48.8201
2026-09-22,ISGYO,24.88,24.88,42491004.0,13198.84,48.8201
2026-09-22,ISKPL,3.85,3.85,11568145.0,13198.84,48.8201
2026-09-22,ISMEN,33.5,33.5,222964000.0,13198.84,48.8201
2026-09-22,ISSEN,6.02,6.02,3214022.0,13198.84,48.8201
2026-09-22,ISVEA,57.45,57.45,592367.0,13198.84,48.8201
2026-09-22,ISYAT,6.98,6.98,7379678.0,13198.84,48.8201
2026-09-22,IZENR,4.23,4.23,310324929.0,13198.84,48.8201
2026-09-22,IZFAS,30.14,30.14,4322317.0,13198.84,48.8201
2026-09-22,IZMDC,7.5,7.5,110674645.0,13198.84,48.8201
2026-09-22,JANTS,14.91,14.91,33938808.0,13198.84,48.8201
2026-09-22,KAPLM,198.0,198.0,14709420.0,13198.84,48.8201
2026-09-22,KARCL,137.7,137.7,3349553.0,13198.84,48.8201
2026-09-22,KAREL,6.27,6.27,181820441.0,13198.84,48.8201
2026-09-22,KARSN,10.06,10.06,449782017.0,13198.84,48.8201
2026-09-22,KARTN,105.0,105.0,186740710.0,13198.84,48.8201
2026-09-22,KATMR,1.66,1.66,170413340.0,13198.84,48.8201
2026-09-22,KAYSE,3.41,3.41,23180957.0,13198.84,48.8201
2026-09-22,KBORU,12.6,12.6,304159525.0,13198.84,48.8201
2026-09-22,KCAER,11.6,11.6,351671479.0,13198.84,48.8201
2026-09-22,KCHOL,221.1,221.1,4930504121.0,13198.84,48.8201
2026-09-22,KFEIN,6.44,6.44,22956025.0,13198.84,48.8201
2026-09-22,KGYO,9.56,9.56,9644357.0,13198.84,48.8201
2026-09-22,KIMMR,11.46,11.46,8974344.0,13198.84,48.8201
2026-09-22,KLGYO,4.15,4.15,39163391.0,13198.84,48.8201
2026-09-22,KLKIM,23.82,23.82,37117645.0,13198.84,48.8201
2026-09-22,KLRHO,34.32,34.32,6095507.0,13198.84,48.8201
2026-09-22,KLSER,20.42,20.42,17409246.0,13198.84,48.8201
2026-09-22,KLSYN,13.81,13.81,28896572.0,13198.84,48.8201
2026-09-22,KLYPV,56.0,56.0,75711513.0,13198.84,48.8201
2026-09-22,KMPUR,15.8,15.8,23903197.0,13198.84,48.8201
2026-09-22,KOCMT,2.51,2.51,9682317.0,13198.84,48.8201
2026-09-22,KONKA,7.9,7.9,23864399.0,13198.84,48.8201
2026-09-22,KONTR,2.31,2.31,15061510.0,13198.84,48.8201
2026-09-22,KONYA,3705.0,3705.0,81945458.0,13198.84,48.8201
2026-09-22,KOPOL,3.63,3.63,24779238.0,13198.84,48.8201
2026-09-22,KORDS,3.16,3.16,71780809.0,13198.84,48.8201
2026-09-22,KOTON,11.11,11.11,12956317.0,13198.84,48.8201
2026-09-22,KPEKS,62.05,62.05,22800955.0,13198.84,48.8201
2026-09-22,KRDMA,42.22,42.22,302016078.0,13198.84,48.8201
2026-09-22,KRDMB,71.55,71.55,9708333.0,13198.84,48.8201
2026-09-22,KRDMD,45.3,45.3,1467781306.0,13198.84,48.8201
2026-09-22,KRGYO,3.28,3.28,78693441.0,13198.84,48.8201
2026-09-22,KRONT,19.39,19.39,15676438.0,13198.84,48.8201
2026-09-22,KRPLS,11.75,11.75,30963676.0,13198.84,48.8201
2026-09-22,KRSTL,8.03,8.03,45843220.0,13198.84,48.8201
2026-09-22,KRTEK,5.72,5.72,5100054.0,13198.84,48.8201
2026-09-22,KRVGD,2.13,2.13,14428318.0,13198.84,48.8201
2026-09-22,KTLEV,18.04,18.04,52851806.0,13198.84,48.8201
2026-09-22,KUTPO,72.2,72.2,5484377.0,13198.84,48.8201
2026-09-22,KUVVA,115.1,115.1,1490430.0,13198.84,48.8201
2026-09-22,KUYAS,41.22,41.22,4301596.0,13198.84,48.8201
2026-09-22,KZBGY,1.5,1.5,111936232.0,13198.84,48.8201
2026-09-22,KZGYO,16.42,16.42,247566605.0,13198.84,48.8201
2026-09-22,LIDER,12.8,12.8,4424832.0,13198.84,48.8201
2026-09-22,LIDFA,1.63,1.63,34895106.0,13198.84,48.8201
2026-09-22,LILAK,25.84,25.84,78886488.0,13198.84,48.8201
2026-09-22,LINK,4.2,4.2,58946574.0,13198.84,48.8201
2026-09-22,LKMNH,12.25,12.0191,13138346.0,13198.84,48.8201
2026-09-22,LMKDC,22.8,22.8,89534822.0,13198.84,48.8201
2026-09-22,LOGO,145.9,145.9,127368496.0,13198.84,48.8201
2026-09-22,LRSHO,2.06,2.06,52979221.0,13198.84,48.8201
2026-09-22,LXGYO,7.05,7.05,64793921.0,13198.84,48.8201
2026-09-22,LYDHO,76.2,76.2,413918.0,13198.84,48.8201
2026-09-22,LYDYE,7565.0,7565.0,1391960.0,13198.84,48.8201
2026-09-22,MAALT,914.5,914.5,24020945.0,13198.84,48.8201
2026-09-22,MACKO,28.06,28.06,25958616.0,13198.84,48.8201
2026-09-22,MAGEN,22.08,22.08,15398791.0,13198.84,48.8201
2026-09-22,MAKIM,12.45,12.45,6265905.0,13198.84,48.8201
2026-09-22,MANAS,19.77,19.77,754245.0,13198.84,48.8201
2026-09-22,MARBL,10.09,10.09,13309851.0,13198.84,48.8201
2026-09-22,MARMR,1.62,1.62,58132778.0,13198.84,48.8201
2026-09-22,MARTI,1.81,1.81,2587552.0,13198.84,48.8201
2026-09-22,MASFN,39.0,39.0,215536176.0,13198.84,48.8201
2026-09-22,MAVI,38.5,38.5,489824558.0,13198.84,48.8201
2026-09-22,MCARD,101.2,101.2,238397302.0,13198.84,48.8201
2026-09-22,MEDTR,20.06,20.06,4633128.0,13198.84,48.8201
2026-09-22,MEGMT,3.24,3.24,349085705.0,13198.84,48.8201
2026-09-22,MERCN,14.76,14.76,105102136.0,13198.84,48.8201
2026-09-22,MERIT,14.59,14.59,23046271.0,13198.84,48.8201
2026-09-22,MERKO,1.02,1.02,19257733.0,13198.84,48.8201
2026-09-22,METEN,18.34,18.34,230152198.0,13198.84,48.8201
2026-09-22,METRO,6.7,6.7,59841165.0,13198.84,48.8201
2026-09-22,MEYSU,8.45,8.45,127728327.0,13198.84,48.8201
2026-09-22,MGROS,539.0,539.0,1580726710.0,13198.84,48.8201
2026-09-22,MHRGY,1.91,1.91,9038987.0,13198.84,48.8201
2026-09-22,MIATK,20.52,20.52,49358931.0,13198.84,48.8201
2026-09-22,MNDRS,10.09,10.09,18856629.0,13198.84,48.8201
2026-09-22,MNDTR,4.41,4.41,4909770.0,13198.84,48.8201
2026-09-22,MOBTL,9.68,9.68,28456234.0,13198.84,48.8201
2026-09-22,MOGAN,9.13,9.13,453361313.0,13198.84,48.8201
2026-09-22,MOPAS,20.8,20.5154,35790131.0,13198.84,48.8201
2026-09-22,MPARK,437.75,437.75,286243893.0,13198.84,48.8201
2026-09-22,MRGYO,1.41,1.41,3907128.0,13198.84,48.8201
2026-09-22,MSGYO,5.1,5.1,4526648.0,13198.84,48.8201
2026-09-22,MTRKS,23.24,23.24,27307233.0,13198.84,48.8201
2026-09-22,NATEN,4.48,4.48,20377341.0,13198.84,48.8201
2026-09-22,NETAS,75.9,75.9,54370853.0,13198.84,48.8201
2026-09-22,NETCD,91.0,91.0,242386097.0,13198.84,48.8201
2026-09-22,NTGAZ,10.63,10.63,25875522.0,13198.84,48.8201
2026-09-22,NTHOL,39.86,39.86,92670850.0,13198.84,48.8201
2026-09-22,NUGYO,7.94,7.94,9988735.0,13198.84,48.8201
2026-09-22,NUHCM,206.2,206.2,13947877.0,13198.84,48.8201
2026-09-22,OBAMS,4.34,4.34,92205336.0,13198.84,48.8201
2026-09-22,OBASE,29.32,29.32,5126854.0,13198.84,48.8201
2026-09-22,ODAS,6.65,6.65,442736071.0,13198.84,48.8201
2026-09-22,ODINE,374.75,374.75,662558.0,13198.84,48.8201
2026-09-22,OFSYM,59.4,58.9792,45215264.0,13198.84,48.8201
2026-09-22,ONCSM,93.7,93.7,88000714.0,13198.84,48.8201
2026-09-22,ONRYT,11.1,11.1,41499049.0,13198.84,48.8201
2026-09-22,ORGE,22.62,22.62,85630491.0,13198.84,48.8201
2026-09-22,ORZAX,76.1,76.1,186971904.0,13198.84,48.8201
2026-09-22,OSMEN,5.52,5.52,16824709.0,13198.84,48.8201
2026-09-22,OSTIM,1.38,1.38,8978408.0,13198.84,48.8201
2026-09-22,OTKAR,307.75,307.75,131626657.0,13198.84,48.8201
2026-09-22,OYAKC,21.18,21.18,515788339.0,13198.84,48.8201
2026-09-22,OYLUM,6.37,6.37,1621328.0,13198.84,48.8201
2026-09-22,OYYAT,30.9,30.9,49396711.0,13198.84,48.8201
2026-09-22,OZATD,2945.0,2945.0,117800.0,13198.84,48.8201
2026-09-22,OZGYO,1.74,1.74,12728127.0,13198.84,48.8201
2026-09-22,OZKGY,12.35,12.35,34882881.0,13198.84,48.8201
2026-09-22,OZSUB,41.98,41.98,86426239.0,13198.84,48.8201
2026-09-22,OZYSR,11.2,11.2,38851626.0,13198.84,48.8201
2026-09-22,PAGYO,124.5,124.5,9836382.0,13198.84,48.8201
2026-09-22,PAHOL,1.03,1.03,201252694.0,13198.84,48.8201
2026-09-22,PAPIL,9.39,9.39,50512294.0,13198.84,48.8201
2026-09-22,PARSN,63.0,63.0,12294728.0,13198.84,48.8201
2026-09-22,PASEU,44.94,44.94,12973594.0,13198.84,48.8201
2026-09-22,PATEK,16.92,16.92,612375155.0,13198.84,48.8201
2026-09-22,PCILT,31.08,31.08,44443413.0,13198.84,48.8201
2026-09-22,PEKGY,6.93,6.93,9327316.0,13198.84,48.8201
2026-09-22,PENGD,7.92,7.92,16053636.0,13198.84,48.8201
2026-09-22,PENTA,10.74,10.74,15762704.0,13198.84,48.8201
2026-09-22,PETKM,20.92,20.92,1294031649.0,13198.84,48.8201
2026-09-22,PETUN,10.41,10.41,14570745.0,13198.84,48.8201
2026-09-22,PGSUS,151.3,151.3,1433236258.0,13198.84,48.8201
2026-09-22,PINSU,8.98,8.98,44886280.0,13198.84,48.8201
2026-09-22,PKART,91.7,91.7,28218714.0,13198.84,48.8201
2026-09-22,PLTUR,16.88,16.88,18016875.0,13198.84,48.8201
2026-09-22,PNLSN,34.44,34.44,15614435.0,13198.84,48.8201
2026-09-22,PNSUT,10.45,10.45,25918567.0,13198.84,48.8201
2026-09-22,POLHO,17.86,17.86,29868339.0,13198.84,48.8201
2026-09-22,POLTK,3310.0,3310.0,22030123.0,13198.84,48.8201
2026-09-22,PRZMA,41.32,41.32,225401.0,13198.84,48.8201
2026-09-22,PSGYO,2.08,2.08,338867930.0,13198.84,48.8201
2026-09-22,QNBTR,164.4,164.4,1909013.0,13198.84,48.8201
2026-09-22,QUAGR,2.32,2.32,62807479.0,13198.84,48.8201
2026-09-22,QUICK,50.5,50.5,115721562.0,13198.84,48.8201
2026-09-22,RALYH,160.4,160.4,2197320.0,13198.84,48.8201
2026-09-22,RAYSG,134.9,134.9,14779519.0,13198.84,48.8201
2026-09-22,REEDR,4.11,4.11,110442480.0,13198.84,48.8201
2026-09-22,RGYAS,200.0,200.0,773901585.0,13198.84,48.8201
2026-09-22,RTALB,2.15,2.15,73418924.0,13198.84,48.8201
2026-09-22,RUBNS,23.64,23.64,40999260.0,13198.84,48.8201
2026-09-22,RUZYE,5.53,5.53,81540752.0,13198.84,48.8201
2026-09-22,RYGYO,48.58,48.58,134821406.0,13198.84,48.8201
2026-09-22,RYSAS,26.4,26.4,542857157.0,13198.84,48.8201
2026-09-22,SAFKR,11.24,11.24,37666064.0,13198.84,48.8201
2026-09-22,SAHOL,91.15,91.15,2606245707.0,13198.84,48.8201
2026-09-22,SANFM,5.4,5.4,54341614.0,13198.84,48.8201
2026-09-22,SARAE,51.65,51.65,2264797048.0,13198.84,48.8201
2026-09-22,SARKY,22.06,22.06,77924794.0,13198.84,48.8201
2026-09-22,SASA,2.29,2.29,4727902132.0,13198.84,48.8201
2026-09-22,SAYAS,47.44,47.44,82008346.0,13198.84,48.8201
2026-09-22,SDTTR,17.56,17.56,88314064.0,13198.84,48.8201
2026-09-22,SEGMN,28.26,28.26,77183225.0,13198.84,48.8201
2026-09-22,SEGYO,2.94,2.94,38778378.0,13198.84,48.8201
2026-09-22,SEKUR,5.38,5.38,821074.0,13198.84,48.8201
2026-09-22,SELEC,172.6,172.6,757196.0,13198.84,48.8201
2026-09-22,SELVA,1.25,1.25,20498869.0,13198.84,48.8201
2026-09-22,SISE,40.26,40.26,1528513463.0,13198.84,48.8201
2026-09-22,SKBNK,5.61,5.61,1010304888.0,13198.84,48.8201
2026-09-22,SKTAS,2.71,2.71,15463365.0,13198.84,48.8201
2026-09-22,SKYLP,93.35,93.35,585211.0,13198.84,48.8201
2026-09-22,SMART,18.17,18.17,17622936.0,13198.84,48.8201
2026-09-22,SMRTG,5.56,5.56,738726406.0,13198.84,48.8201
2026-09-22,SMRVA,7.82,7.82,49842168.0,13198.84,48.8201
2026-09-22,SNGYO,2.83,2.83,101899340.0,13198.84,48.8201
2026-09-22,SNICA,2.58,2.58,17680903.0,13198.84,48.8201
2026-09-22,SOKE,8.14,8.14,17768573.0,13198.84,48.8201
2026-09-22,SOKM,57.6,57.6,185355795.0,13198.84,48.8201
2026-09-22,SRVGY,2.17,2.17,23509407.0,13198.84,48.8201
2026-09-22,SSAAT,29.36,29.36,93076836.0,13198.84,48.8201
2026-09-22,SUNTK,27.18,27.18,13069689.0,13198.84,48.8201
2026-09-22,SURGY,23.74,23.74,47957902.0,13198.84,48.8201
2026-09-22,SUWEN,5.43,5.43,17667322.0,13198.84,48.8201
2026-09-22,SVGYO,9.19,9.19,181898.0,13198.84,48.8201
2026-09-22,TABGD,227.1,227.1,247270071.0,13198.84,48.8201
2026-09-22,TARKM,410.25,410.25,61627576.0,13198.84,48.8201
2026-09-22,TATEN,5.12,5.12,350594018.0,13198.84,48.8201
2026-09-22,TATGD,16.92,16.92,24743632.0,13198.84,48.8201
2026-09-22,TAVHL,278.0,278.0,1324506288.0,13198.84,48.8201
2026-09-22,TBORG,129.2,129.2,25161543.0,13198.84,48.8201
2026-09-22,TCELL,100.3,100.3,1468782270.0,13198.84,48.8201
2026-09-22,TCKRC,121.4,121.4,349966114.0,13198.84,48.8201
2026-09-22,TDGYO,12.11,12.11,2384374.0,13198.84,48.8201
2026-09-22,TEHOL,28.26,28.26,28679124.0,13198.84,48.8201
2026-09-22,TEKTU,5.2,5.2,20628957.0,13198.84,48.8201
2026-09-22,TERA,132.4,132.4,2098408.0,13198.84,48.8201
2026-09-22,TEZOL,7.83,7.83,14878264.0,13198.84,48.8201
2026-09-22,TGSAS,117.0,117.0,2808000.0,13198.84,48.8201
2026-09-22,THYAO,298.0,298.0,16212514335.0,13198.84,48.8201
2026-09-22,TKFEN,244.7,244.7,2076311623.0,13198.84,48.8201
2026-09-22,TKNKA,92.65,92.65,923165.0,13198.84,48.8201
2026-09-22,TKNSA,15.1,15.1,34556661.0,13198.84,48.8201
2026-09-22,TMPOL,170.4,170.4,665071.0,13198.84,48.8201
2026-09-22,TMSN,64.65,64.65,35354005.0,13198.84,48.8201
2026-09-22,TNZTP,28.82,28.82,83198485.0,13198.84,48.8201
2026-09-22,TOASO,283.75,283.75,731106092.0,13198.84,48.8201
2026-09-22,TRALT,50.05,50.05,5193153086.0,13198.84,48.8201
2026-09-22,TRCAS,46.2,46.2,38355449.0,13198.84,48.8201
2026-09-22,TRENJ,106.3,106.3,319777494.0,13198.84,48.8201
2026-09-22,TRGYO,93.0,93.0,102698710.0,13198.84,48.8201
2026-09-22,TRHOL,2660.0,2660.0,2221100.0,13198.84,48.8201
2026-09-22,TRILC,0.94,0.94,3397440.0,13198.84,48.8201
2026-09-22,TRMET,137.9,137.9,2064930860.0,13198.84,48.8201
2026-09-22,TSGYO,5.15,5.15,3797334.0,13198.84,48.8201
2026-09-22,TSKB,10.87,10.87,223981461.0,13198.84,48.8201
2026-09-22,TSPOR,0.89,0.89,137441973.0,13198.84,48.8201
2026-09-22,TTKOM,54.1,54.1,1369340782.0,13198.84,48.8201
2026-09-22,TTRAK,411.0,411.0,42747702.0,13198.84,48.8201
2026-09-22,TUCLK,3.97,3.97,77326362.0,13198.84,48.8201
2026-09-22,TUKAS,2.13,2.13,379551171.0,13198.84,48.8201
2026-09-22,TUPRS,397.0,397.0,14620579401.0,13198.84,48.8201
2026-09-22,TUREX,5.08,5.08,56490273.0,13198.84,48.8201
2026-09-22,TURGG,24.72,24.72,7149558.0,13198.84,48.8201
2026-09-22,TURSG,6.08,6.08,400940801.0,13198.84,48.8201
2026-09-22,UCAYM,17.86,17.86,56562029.0,13198.84,48.8201
2026-09-22,UFUK,824.0,824.0,207648.0,13198.84,48.8201
2026-09-22,ULKER,88.6,88.6,488233981.0,13198.84,48.8201
2026-09-22,ULUFA,1.5,1.5,33033786.0,13198.84,48.8201
2026-09-22,ULUUN,7.11,7.11,47067149.0,13198.84,48.8201
2026-09-22,USAK,0.9,0.9,200613543.0,13198.84,48.8201
2026-09-22,VAKBN,34.04,34.04,1500354132.0,13198.84,48.8201
2026-09-22,VAKFA,10.02,10.02,60865147.0,13198.84,48.8201
2026-09-22,VAKFN,1.03,1.03,26587516.0,13198.84,48.8201
2026-09-22,VAKKO,64.5,64.5,6647055.0,13198.84,48.8201
2026-09-22,VANGD,64.8,64.8,54628863.0,13198.84,48.8201
2026-09-22,VBTYZ,27.72,27.72,34082006.0,13198.84,48.8201
2026-09-22,VERUS,443.25,443.25,26851813.0,13198.84,48.8201
2026-09-22,VESBE,4.96,4.96,45282411.0,13198.84,48.8201
2026-09-22,VESTL,22.08,22.08,145535126.0,13198.84,48.8201
2026-09-22,VEYAS,87.0,87.0,205930516.0,13198.84,48.8201
2026-09-22,VKGYO,1.74,1.74,35060356.0,13198.84,48.8201
2026-09-22,VRGYO,1.18,1.18,3939069.0,13198.84,48.8201
2026-09-22,VSNMD,32.06,32.06,24759366.0,13198.84,48.8201
2026-09-22,YAPRK,9.39,9.39,30356847.0,13198.84,48.8201
2026-09-22,YATAS,26.96,26.96,25993282.0,13198.84,48.8201
2026-09-22,YEOTK,32.46,32.46,773909119.0,13198.84,48.8201
2026-09-22,YGGYO,217.2,217.2,16766092.0,13198.84,48.8201
2026-09-22,YIGIT,18.7,18.7,55194075.0,13198.84,48.8201
2026-09-22,YKBNK,36.76,36.76,7190179527.0,13198.84,48.8201
2026-09-22,YKSLN,3.02,3.02,67784407.0,13198.84,48.8201
2026-09-22,YUNSA,6.7,6.7,25726221.0,13198.84,48.8201
2026-09-22,YYLGD,8.97,8.97,65517281.0,13198.84,48.8201
2026-09-22,ZERGY,7.64,7.64,77633974.0,13198.84,48.8201
2026-09-22,ZGYO,13.4,13.4,144088365.0,13198.84,48.8201
2026-09-22,ZOREN,2.19,2.19,149012262.0,13198.84,48.8201
2026-09-22,ZRGYO,19.3,19.3,54648332.0,13198.84,48.8201
2026-09-23,AAGYO,8.6,8.6,79938015.0,13251.85,48.8377
2026-09-23,ADEL,27.16,27.16,45788607.0,13251.85,48.8377
2026-09-23,ADESE,0.71,0.71,60133400.0,13251.85,48.8377
2026-09-23,ADGYO,56.9,56.9,100222708.0,13251.85,48.8377
2026-09-23,AEFES,18.82,18.82,954894446.0,13251.85,48.8377
2026-09-23,AFYON,11.25,11.25,13411363.0,13251.85,48.8377
2026-09-23,AGESA,239.1,239.1,27232781.0,13251.85,48.8377
2026-09-23,AGHOL,34.84,34.84,228980976.0,13251.85,48.8377
2026-09-23,AGROT,1.53,1.53,30930099.0,13251.85,48.8377
2026-09-23,AGYO,7.05,7.05,2483880.0,13251.85,48.8377
2026-09-23,AHGAZ,44.2,44.2,410443807.0,13251.85,48.8377
2026-09-23,AHSGY,11.77,11.77,32741177.0,13251.85,48.8377
2026-09-23,AKBNK,72.95,72.95,6763066128.0,13251.85,48.8377
2026-09-23,AKCNS,209.0,209.0,127964838.0,13251.85,48.8377
2026-09-23,AKENR,9.24,9.24,24281075.0,13251.85,48.8377
2026-09-23,AKFGY,2.49,2.49,33806498.0,13251.85,48.8377
2026-09-23,AKFIS,14.46,14.46,214015192.0,13251.85,48.8377
2026-09-23,AKFYE,3.54,3.54,110213510.0,13251.85,48.8377
2026-09-23,AKGRT,5.52,5.52,36635571.0,13251.85,48.8377
2026-09-23,AKHAN,25.86,25.86,32196369.0,13251.85,48.8377
2026-09-23,AKMGY,226.9,226.9,3767579.0,13251.85,48.8377
2026-09-23,AKSA,11.0,11.0,117401115.0,13251.85,48.8377
2026-09-23,AKSEN,70.8,70.8,529708606.0,13251.85,48.8377
2026-09-23,AKSGY,9.47,9.47,14631341.0,13251.85,48.8377
2026-09-23,AKSUE,18.81,18.81,51151529.0,13251.85,48.8377
2026-09-23,ALARK,109.2,109.2,348416971.0,13251.85,48.8377
2026-09-23,ALBRK,8.52,8.52,74806089.0,13251.85,48.8377
2026-09-23,ALCTL,93.0,93.0,23732656.0,13251.85,48.8377
2026-09-23,ALFAS,33.76,33.76,58214106.0,13251.85,48.8377
2026-09-23,ALGYO,3.14,3.14,62399955.0,13251.85,48.8377
2026-09-23,ALKA,6.77,6.77,12285887.0,13251.85,48.8377
2026-09-23,ALKIM,13.09,13.09,12383857.0,13251.85,48.8377
2026-09-23,ALKLC,276.75,276.75,538556.0,13251.85,48.8377
2026-09-23,ALTNY,13.75,13.75,209327236.0,13251.85,48.8377
2026-09-23,ALVES,0.62,0.62,11010527.0,13251.85,48.8377
2026-09-23,ANELE,76.65,76.65,141343.0,13251.85,48.8377
2026-09-23,ANGEN,7.31,7.31,8761565.0,13251.85,48.8377
2026-09-23,ANHYT,102.5,102.5,72901266.0,13251.85,48.8377
2026-09-23,ANSGR,25.82,25.82,48000374.0,13251.85,48.8377
2026-09-23,ARASE,100.0,100.0,31038493.0,13251.85,48.8377
2026-09-23,ARCLK,88.3,88.3,112880999.0,13251.85,48.8377
2026-09-23,ARDYZ,67.0,67.0,558761049.0,13251.85,48.8377
2026-09-23,ARENA,16.42,16.42,8007683.0,13251.85,48.8377
2026-09-23,ARFYE,14.31,14.31,41665209.0,13251.85,48.8377
2026-09-23,ARMGD,121.5,121.5,21727845.0,13251.85,48.8377
2026-09-23,ARSAN,3.85,3.85,65633192.0,13251.85,48.8377
2026-09-23,ARTMS,32.0,32.0,16598013.0,13251.85,48.8377
2026-09-23,ARZUM,1.25,1.25,9630270.0,13251.85,48.8377
2026-09-23,ASELS,381.5,381.5,9840512596.0,13251.85,48.8377
2026-09-23,ASGYO,9.88,9.88,21528246.0,13251.85,48.8377
2026-09-23,ASTOR,266.0,266.0,8072881626.0,13251.85,48.8377
2026-09-23,ASUZU,45.0,45.0,12184631.0,13251.85,48.8377
2026-09-23,ATAGY,9.0,9.0,1584087.0,13251.85,48.8377
2026-09-23,ATAKP,35.98,35.98,20521582.0,13251.85,48.8377
2026-09-23,ATATP,254.75,254.75,162162593.0,13251.85,48.8377
2026-09-23,ATATR,6.76,6.76,28268583.0,13251.85,48.8377
2026-09-23,AVGYO,16.01,16.01,21437422.0,13251.85,48.8377
2026-09-23,AVPGY,54.05,54.05,15400395.0,13251.85,48.8377
2026-09-23,AYDEM,24.0,24.0,72584753.0,13251.85,48.8377
2026-09-23,AYEN,27.78,27.78,9153131.0,13251.85,48.8377
2026-09-23,AYGAZ,309.0,309.0,369878399.0,13251.85,48.8377
2026-09-23,AZTEK,3.48,3.48,46248498.0,13251.85,48.8377
2026-09-23,BAGFS,23.82,23.82,12231566.0,13251.85,48.8377
2026-09-23,BAHKM,192.0,192.0,621179842.0,13251.85,48.8377
2026-09-23,BALSU,6.89,6.89,399333240.0,13251.85,48.8377
2026-09-23,BANVT,135.8,135.8,7987343.0,13251.85,48.8377
2026-09-23,BARMA,7.46,7.46,3892073.0,13251.85,48.8377
2026-09-23,BASGZ,41.5,41.5,11562434.0,13251.85,48.8377
2026-09-23,BEGYO,2.88,2.88,26809989.0,13251.85,48.8377
2026-09-23,BERA,12.11,12.11,58526345.0,13251.85,48.8377
2026-09-23,BESLR,12.05,12.05,46023057.0,13251.85,48.8377
2026-09-23,BESTE,22.76,22.76,105175106.0,13251.85,48.8377
2026-09-23,BETAE,61.25,61.25,571644728.0,13251.85,48.8377
2026-09-23,BFREN,114.4,114.4,31371182.0,13251.85,48.8377
2026-09-23,BIENY,16.63,16.63,30185857.0,13251.85,48.8377
2026-09-23,BIGCH,4.16,4.16,16794201.0,13251.85,48.8377
2026-09-23,BIGEN,83.55,83.55,4245593.0,13251.85,48.8377
2026-09-23,BIGTK,163.1,163.1,120790225.0,13251.85,48.8377
2026-09-23,BIMAS,433.75,433.75,2854686307.0,13251.85,48.8377
2026-09-23,BINBN,99.1,99.1,166520284.0,13251.85,48.8377
2026-09-23,BINHO,7.08,7.08,313874891.0,13251.85,48.8377
2026-09-23,BIOEN,10.57,10.57,199509732.0,13251.85,48.8377
2026-09-23,BIZIM,21.1,21.1,3388372.0,13251.85,48.8377
2026-09-23,BJKAS,1.7,1.7,667742994.0,13251.85,48.8377
2026-09-23,BKRGY,6.12,6.12,137953851.0,13251.85,48.8377
2026-09-23,BLCYT,1.63,1.63,19040016.0,13251.85,48.8377
2026-09-23,BLUME,35.96,35.96,80461613.0,13251.85,48.8377
2026-09-23,BMSTL,42.7,42.7,96401773.0,13251.85,48.8377
2026-09-23,BNTAS,5.48,5.48,12884739.0,13251.85,48.8377
2026-09-23,BOBET,17.02,17.02,59688605.0,13251.85,48.8377
2026-09-23,BORLS,2.07,2.07,37106975.0,13251.85,48.8377
2026-09-23,BORSK,5.66,5.66,26296894.0,13251.85,48.8377
2026-09-23,BOSSA,6.42,6.42,15018106.0,13251.85,48.8377
2026-09-23,BRISA,73.0,73.0,15910935.0,13251.85,48.8377
2026-09-23,BRKO,6.99,6.99,8184263.0,13251.85,48.8377
2026-09-23,BRKSN,6.76,6.76,866892.0,13251.85,48.8377
2026-09-23,BRKVY,61.95,61.95,29270922.0,13251.85,48.8377
2026-09-23,BRLSM,13.25,13.25,93615462.0,13251.85,48.8377
2026-09-23,BRSAN,667.5,667.5,897679852.0,13251.85,48.8377
2026-09-23,BRYAT,1563.0,1563.0,81814687.0,13251.85,48.8377
2026-09-23,BSOKE,10.44,10.44,738734375.0,13251.85,48.8377
2026-09-23,BTCIM,2.37,2.37,1015617229.0,13251.85,48.8377
2026-09-23,BUCIM,5.17,5.17,16003345.0,13251.85,48.8377
2026-09-23,BULGS,15.37,15.37,495853021.0,13251.85,48.8377
2026-09-23,BURCE,27.68,27.68,71378307.0,13251.85,48.8377
2026-09-23,BURVA,503.5,503.5,27214547.0,13251.85,48.8377
2026-09-23,BVSAN,83.85,83.85,93808902.0,13251.85,48.8377
2026-09-23,BYDNR,21.22,21.22,13509741.0,13251.85,48.8377
2026-09-23,CANTE,1.17,1.17,459353568.0,13251.85,48.8377
2026-09-23,CATES,33.54,33.54,511433378.0,13251.85,48.8377
2026-09-23,CCOLA,77.85,77.85,526333871.0,13251.85,48.8377
2026-09-23,CELHA,26.66,26.66,93627020.0,13251.85,48.8377
2026-09-23,CEMAS,3.52,3.52,35471482.0,13251.85,48.8377
2026-09-23,CEMTS,8.1,8.1,12068762.0,13251.85,48.8377
2026-09-23,CEMZY,8.41,8.41,2646358.0,13251.85,48.8377
2026-09-23,CEOEM,24.66,24.66,79781543.0,13251.85,48.8377
2026-09-23,CGCAM,23.62,23.62,84978680.0,13251.85,48.8377
2026-09-23,CIMSA,42.74,42.74,195349086.0,13251.85,48.8377
2026-09-23,CITAS,84.6,84.6,4585574.0,13251.85,48.8377
2026-09-23,CLEBI,1418.0,1418.0,34573139.0,13251.85,48.8377
2026-09-23,CMBTN,1454.0,1454.0,31156194.0,13251.85,48.8377
2026-09-23,CONSE,1.8,1.8,13404854.0,13251.85,48.8377
2026-09-23,CRDFA,12.29,12.29,1349712.0,13251.85,48.8377
2026-09-23,CRFSA,264.25,264.25,467090405.0,13251.85,48.8377
2026-09-23,CUSAN,19.57,19.57,12150729.0,13251.85,48.8377
2026-09-23,CVKMD,13.8,13.8,292324774.0,13251.85,48.8377
2026-09-23,CWENE,25.72,25.72,768178361.0,13251.85,48.8377
2026-09-23,DAGI,6.1,6.1,34013768.0,13251.85,48.8377
2026-09-23,DAPGM,4.37,4.37,286360412.0,13251.85,48.8377
2026-09-23,DARDL,1.27,1.27,17100584.0,13251.85,48.8377
2026-09-23,DCTTR,3.86,3.86,18471003.0,13251.85,48.8377
2026-09-23,DENGE,1.95,1.95,29825818.0,13251.85,48.8377
2026-09-23,DERHL,1.64,1.64,9617722.0,13251.85,48.8377
2026-09-23,DESA,9.0,9.0,19805386.0,13251.85,48.8377
2026-09-23,DESPC,32.24,32.24,11223653.0,13251.85,48.8377
2026-09-23,DEVA,101.4,101.4,45630237.0,13251.85,48.8377
2026-09-23,DGATE,62.5,62.5,14726355.0,13251.85,48.8377
2026-09-23,DGGYO,28.48,28.48,1263722.0,13251.85,48.8377
2026-09-23,DGNMO,4.84,4.84,7733271.0,13251.85,48.8377
2026-09-23,DITAS,10.89,10.89,144026055.0,13251.85,48.8377
2026-09-23,DMRGD,9.12,9.12,1693719753.0,13251.85,48.8377
2026-09-23,DMSAS,5.24,5.24,61949717.0,13251.85,48.8377
2026-09-23,DOAS,158.1,158.1,86945551.0,13251.85,48.8377
2026-09-23,DOCO,10400.0,10400.0,42168635.0,13251.85,48.8377
2026-09-23,DOFRB,85.75,85.75,465878895.0,13251.85,48.8377
2026-09-23,DOGUB,31.76,31.76,33340555.0,13251.85,48.8377
2026-09-23,DOHOL,20.24,20.24,211625718.0,13251.85,48.8377
2026-09-23,DOKTA,19.3,19.3,6135424.0,13251.85,48.8377
2026-09-23,DSTKF,1448.0,1448.0,9885496.0,13251.85,48.8377
2026-09-23,DUNYH,55.0,55.0,178710076.0,13251.85,48.8377
2026-09-23,DURKN,12.71,12.71,41246273.0,13251.85,48.8377
2026-09-23,DYOBY,11.22,11.22,10338600.0,13251.85,48.8377
2026-09-23,DZGYO,6.82,6.82,13130444.0,13251.85,48.8377
2026-09-23,EBEBK,82.7,82.7,41461864.0,13251.85,48.8377
2026-09-23,ECILC,63.75,63.75,597240657.0,13251.85,48.8377
2026-09-23,ECOGR,30.5,30.5,71781274.0,13251.85,48.8377
2026-09-23,ECZYT,231.6,231.6,301712933.0,13251.85,48.8377
2026-09-23,EDATA,9.09,9.09,2701166.0,13251.85,48.8377
2026-09-23,EFOR,14.26,14.26,54651778.0,13251.85,48.8377
2026-09-23,EGEEN,5670.0,5670.0,292653583.0,13251.85,48.8377
2026-09-23,EGEGY,16.26,16.26,284382376.0,13251.85,48.8377
2026-09-23,EGEPO,6.98,6.98,22311121.0,13251.85,48.8377
2026-09-23,EGGUB,102.2,102.2,43198766.0,13251.85,48.8377
2026-09-23,EGPRO,34.5,34.5,30836945.0,13251.85,48.8377
2026-09-23,EGSER,2.71,2.71,3392120.0,13251.85,48.8377
2026-09-23,EKDMR,34.96,34.96,188979291.0,13251.85,48.8377
2026-09-23,EKGYO,19.9,19.9,2710883430.0,13251.85,48.8377
2026-09-23,EKIM,13.92,13.92,133073211.0,13251.85,48.8377
2026-09-23,EKOS,3.86,3.86,29019479.0,13251.85,48.8377
2026-09-23,EKSUN,4.69,4.69,21111592.0,13251.85,48.8377
2026-09-23,ELITE,21.0,21.0,16865495.0,13251.85,48.8377
2026-09-23,EMKEL,8.61,8.61,27469668.0,13251.85,48.8377
2026-09-23,EMPAE,48.84,48.84,184165407.0,13251.85,48.8377
2026-09-23,ENDAE,14.86,14.86,32540693.0,13251.85,48.8377
2026-09-23,ENERY,13.03,13.03,1086494624.0,13251.85,48.8377
2026-09-23,ENJSA,109.1,109.1,311822701.0,13251.85,48.8377
2026-09-23,ENKAI,88.45,88.45,1129952996.0,13251.85,48.8377
2026-09-23,ENPRA,42.74,42.74,2426595.0,13251.85,48.8377
2026-09-23,ENSRI,3.33,3.33,31661331.0,13251.85,48.8377
2026-09-23,ENTRA,4.15,4.15,50692342.0,13251.85,48.8377
2026-09-23,ERBOS,126.5,126.5,6195801.0,13251.85,48.8377
2026-09-23,ERCB,38.48,38.48,25293504.0,13251.85,48.8377
2026-09-23,EREGL,38.54,38.54,3851539460.0,13251.85,48.8377
2026-09-23,ERSU,14.86,14.86,16587602.0,13251.85,48.8377
2026-09-23,ESCAR,24.52,24.52,131649954.0,13251.85,48.8377
2026-09-23,ESCOM,4.71,4.71,71112103.0,13251.85,48.8377
2026-09-23,ESEN,2.81,2.81,80435810.0,13251.85,48.8377
2026-09-23,EUPWR,64.15,64.15,1355106884.0,13251.85,48.8377
2026-09-23,EUREN,3.13,3.13,52992177.0,13251.85,48.8377
2026-09-23,EYGYO,2.09,2.09,17993155.0,13251.85,48.8377
2026-09-23,FADE,12.4,12.4,21011808.0,13251.85,48.8377
2026-09-23,FENER,2.51,2.51,163966652.0,13251.85,48.8377
2026-09-23,FONET,4.24,4.24,51682307.0,13251.85,48.8377
2026-09-23,FORMT,1.08,1.08,34323325.0,13251.85,48.8377
2026-09-23,FORTE,99.4,99.4,75023472.0,13251.85,48.8377
2026-09-23,FRIGO,1.66,1.66,31563300.0,13251.85,48.8377
2026-09-23,FRMPL,24.48,24.48,48345119.0,13251.85,48.8377
2026-09-23,FROTO,78.5,78.5,1371071000.0,13251.85,48.8377
2026-09-23,FZLGY,6.9,6.9,131322605.0,13251.85,48.8377
2026-09-23,GARAN,133.8,133.8,3199335910.0,13251.85,48.8377
2026-09-23,GEDIK,5.22,5.22,70870641.0,13251.85,48.8377
2026-09-23,GENIL,6.74,6.74,327768925.0,13251.85,48.8377
2026-09-23,GENKM,8.11,8.11,68399118.0,13251.85,48.8377
2026-09-23,GENTS,4.49,4.49,15693697.0,13251.85,48.8377
2026-09-23,GEREL,25.32,25.32,122440586.0,13251.85,48.8377
2026-09-23,GESAN,48.02,48.02,948950249.0,13251.85,48.8377
2026-09-23,GIPTA,36.46,36.46,9829835.0,13251.85,48.8377
2026-09-23,GLCVY,45.88,45.88,28104080.0,13251.85,48.8377
2026-09-23,GLRMK,147.2,147.2,793040934.0,13251.85,48.8377
2026-09-23,GLRYH,1.9,1.9,18822768.0,13251.85,48.8377
2026-09-23,GLYHO,15.76,15.76,71626008.0,13251.85,48.8377
2026-09-23,GMTAS,49.02,49.02,148620358.0,13251.85,48.8377
2026-09-23,GOKNR,15.8,15.8,78029739.0,13251.85,48.8377
2026-09-23,GOLDA,9.37,9.37,53667486.0,13251.85,48.8377
2026-09-23,GOLTS,264.5,264.5,26814898.0,13251.85,48.8377
2026-09-23,GOODY,2.26,2.26,24996682.0,13251.85,48.8377
2026-09-23,GOZDE,19.77,19.77,32383928.0,13251.85,48.8377
2026-09-23,GRSEL,275.0,275.0,71275107.0,13251.85,48.8377
2026-09-23,GRTHO,117.3,117.3,10948899.0,13251.85,48.8377
2026-09-23,GSDDE,12.25,12.25,23810167.0,13251.85,48.8377
2026-09-23,GSDHO,4.09,4.09,56197719.0,13251.85,48.8377
2026-09-23,GSRAY,0.9,0.9,69082257.0,13251.85,48.8377
2026-09-23,GUBRF,448.25,448.25,1525300818.0,13251.85,48.8377
2026-09-23,GUNDG,390.75,390.75,389969.0,13251.85,48.8377
2026-09-23,GWIND,21.12,21.12,66117098.0,13251.85,48.8377
2026-09-23,GZNMI,35.0,35.0,26248161.0,13251.85,48.8377
2026-09-23,HALKB,46.06,46.06,1153655278.0,13251.85,48.8377
2026-09-23,HATSN,35.28,35.28,596010776.0,13251.85,48.8377
2026-09-23,HDFGS,1.13,1.13,2811876.0,13251.85,48.8377
2026-09-23,HEDEF,14.12,14.12,2586968.0,13251.85,48.8377
2026-09-23,HEKTS,2.27,2.27,409812549.0,13251.85,48.8377
2026-09-23,HKTM,10.51,10.51,45022386.0,13251.85,48.8377
2026-09-23,HLGYO,4.19,4.19,96358687.0,13251.85,48.8377
2026-09-23,HOROZ,47.14,47.14,52109010.0,13251.85,48.8377
2026-09-23,HRKET,7.93,7.93,637878081.0,13251.85,48.8377
2026-09-23,HTTBT,31.14,31.14,9626628.0,13251.85,48.8377
2026-09-23,HUNER,4.11,4.11,204382001.0,13251.85,48.8377
2026-09-23,HURGZ,6.3,6.3,35587001.0,13251.85,48.8377
2026-09-23,ICBCT,16.93,16.93,17347222.0,13251.85,48.8377
2026-09-23,ICUGS,2.23,2.23,109175474.0,13251.85,48.8377
2026-09-23,IDGYO,2.3,2.3,1628730.0,13251.85,48.8377
2026-09-23,IEYHO,122.4,122.4,137578.0,13251.85,48.8377
2026-09-23,IHAAS,31.72,31.72,100900796.0,13251.85,48.8377
2026-09-23,IHGZT,1.08,1.08,53779109.0,13251.85,48.8377
2026-09-23,IHLAS,0.96,0.96,95633903.0,13251.85,48.8377
2026-09-23,IHLGM,1.34,1.34,23408349.0,13251.85,48.8377
2026-09-23,IHYAY,1.08,1.08,4865655.0,13251.85,48.8377
2026-09-23,IMASM,1.76,1.76,20501988.0,13251.85,48.8377
2026-09-23,INDES,10.73,10.73,48040415.0,13251.85,48.8377
2026-09-23,INFO,1.31,1.31,6201672.0,13251.85,48.8377
2026-09-23,INGRM,321.25,321.25,7005167.0,13251.85,48.8377
2026-09-23,INTET,52.05,52.05,500216829.0,13251.85,48.8377
2026-09-23,INVEO,6.25,6.25,31510916.0,13251.85,48.8377
2026-09-23,INVES,744.0,744.0,15545376.0,13251.85,48.8377
2026-09-23,ISCTR,13.64,13.64,4903584282.0,13251.85,48.8377
2026-09-23,ISDMR,63.1,63.1,98058921.0,13251.85,48.8377
2026-09-23,ISFIN,18.8,18.8,33308465.0,13251.85,48.8377
2026-09-23,ISGSY,13.94,13.94,56890043.0,13251.85,48.8377
2026-09-23,ISGYO,24.26,24.26,33517426.0,13251.85,48.8377
2026-09-23,ISKPL,3.47,3.47,6935767.0,13251.85,48.8377
2026-09-23,ISMEN,33.24,33.24,232324924.0,13251.85,48.8377
2026-09-23,ISSEN,5.93,5.93,6854648.0,13251.85,48.8377
2026-09-23,ISVEA,51.75,51.75,555950.0,13251.85,48.8377
2026-09-23,ISYAT,6.9,6.9,4770219.0,13251.85,48.8377
2026-09-23,IZENR,4.15,4.15,139899518.0,13251.85,48.8377
2026-09-23,IZFAS,27.14,27.14,16936011.0,13251.85,48.8377
2026-09-23,IZMDC,7.33,7.33,57155003.0,13251.85,48.8377
2026-09-23,JANTS,14.9,14.9,36165357.0,13251.85,48.8377
2026-09-23,KAPLM,178.2,178.2,183398391.0,13251.85,48.8377
2026-09-23,KARCL,124.0,124.0,4686952.0,13251.85,48.8377
2026-09-23,KAREL,6.35,6.35,51468835.0,13251.85,48.8377
2026-09-23,KARSN,9.7,9.7,405029730.0,13251.85,48.8377
2026-09-23,KARTN,111.4,111.4,101447438.0,13251.85,48.8377
2026-09-23,KATMR,1.64,1.64,115261357.0,13251.85,48.8377
2026-09-23,KAYSE,3.35,3.35,25491719.0,13251.85,48.8377
2026-09-23,KBORU,13.44,13.44,351335893.0,13251.85,48.8377
2026-09-23,KCAER,11.48,11.48,150083245.0,13251.85,48.8377
2026-09-23,KCHOL,221.1,221.1,5589604635.0,13251.85,48.8377
2026-09-23,KFEIN,6.21,6.21,17169363.0,13251.85,48.8377
2026-09-23,KGYO,8.61,8.61,6544883.0,13251.85,48.8377
2026-09-23,KIMMR,11.51,11.51,6764602.0,13251.85,48.8377
2026-09-23,KLGYO,3.93,3.93,44995131.0,13251.85,48.8377
2026-09-23,KLKIM,23.7,23.7,25444446.0,13251.85,48.8377
2026-09-23,KLRHO,30.9,30.9,9059942.0,13251.85,48.8377
2026-09-23,KLSER,20.0,20.0,17980196.0,13251.85,48.8377
2026-09-23,KLSYN,14.07,14.07,18491484.0,13251.85,48.8377
2026-09-23,KLYPV,55.0,55.0,100394611.0,13251.85,48.8377
2026-09-23,KMPUR,16.4,16.4,35521273.0,13251.85,48.8377
2026-09-23,KOCMT,2.76,2.76,475217672.0,13251.85,48.8377
2026-09-23,KONKA,7.75,7.75,13248546.0,13251.85,48.8377
2026-09-23,KONTR,2.54,2.54,26647668.0,13251.85,48.8377
2026-09-23,KONYA,3925.0,3925.0,109319938.0,13251.85,48.8377
2026-09-23,KOPOL,3.59,3.59,31284923.0,13251.85,48.8377
2026-09-23,KORDS,3.05,3.05,94093639.0,13251.85,48.8377
2026-09-23,KOTON,11.14,11.14,9139430.0,13251.85,48.8377
2026-09-23,KPEKS,63.4,63.4,845878100.0,13251.85,48.8377
2026-09-23,KRDMA,43.3,43.3,475465601.0,13251.85,48.8377
2026-09-23,KRDMB,65.2,65.2,425721506.0,13251.85,48.8377
2026-09-23,KRDMD,46.68,46.68,2267132078.0,13251.85,48.8377
2026-09-23,KRGYO,3.29,3.29,50457936.0,13251.85,48.8377
2026-09-23,KRONT,18.88,18.88,12106746.0,13251.85,48.8377
2026-09-23,KRPLS,12.45,12.45,63094526.0,13251.85,48.8377
2026-09-23,KRSTL,8.01,8.01,21409279.0,13251.85,48.8377
2026-09-23,KRTEK,6.29,6.29,14527102.0,13251.85,48.8377
2026-09-23,KRVGD,2.1,2.1,8731183.0,13251.85,48.8377
2026-09-23,KTLEV,16.24,16.24,41544047.0,13251.85,48.8377
2026-09-23,KUTPO,71.15,71.15,7331822.0,13251.85,48.8377
2026-09-23,KUVVA,120.2,120.2,33257148.0,13251.85,48.8377
2026-09-23,KUYAS,37.1,37.1,18089700.0,13251.85,48.8377
2026-09-23,KZBGY,1.49,1.49,36808294.0,13251.85,48.8377
2026-09-23,KZGYO,16.0,16.0,84942394.0,13251.85,48.8377
2026-09-23,LIDER,11.52,11.52,5771601.0,13251.85,48.8377
2026-09-23,LIDFA,1.64,1.64,24262473.0,13251.85,48.8377
2026-09-23,LILAK,25.52,25.52,65230893.0,13251.85,48.8377
2026-09-23,LINK,4.13,4.13,70148562.0,13251.85,48.8377
2026-09-23,LKMNH,12.11,11.8817,16881877.0,13251.85,48.8377
2026-09-23,LMKDC,22.76,22.76,67439655.0,13251.85,48.8377
2026-09-23,LOGO,143.5,143.5,132025501.0,13251.85,48.8377
2026-09-23,LRSHO,2.03,2.03,26416241.0,13251.85,48.8377
2026-09-23,LXGYO,7.0,7.0,56528791.0,13251.85,48.8377
2026-09-23,LYDHO,68.6,68.6,223515880.0,13251.85,48.8377
2026-09-23,LYDYE,6810.0,6810.0,2724000.0,13251.85,48.8377
2026-09-23,MAALT,930.0,930.0,31042501.0,13251.85,48.8377
2026-09-23,MACKO,27.78,27.78,20019148.0,13251.85,48.8377
2026-09-23,MAGEN,19.88,19.88,27691409.0,13251.85,48.8377
2026-09-23,MAKIM,13.0,13.0,36304602.0,13251.85,48.8377
2026-09-23,MANAS,17.8,17.8,845482.0,13251.85,48.8377
2026-09-23,MARBL,10.0,10.0,10754644.0,13251.85,48.8377
2026-09-23,MARMR,1.59,1.59,71644006.0,13251.85,48.8377
2026-09-23,MARTI,1.63,1.63,5403256.0,13251.85,48.8377
2026-09-23,MASFN,38.56,38.56,159075126.0,13251.85,48.8377
2026-09-23,MAVI,38.78,38.78,269687046.0,13251.85,48.8377
2026-09-23,MCARD,94.4,94.4,253674212.0,13251.85,48.8377
2026-09-23,MEDTR,19.9,19.9,3535045.0,13251.85,48.8377
2026-09-23,MEGMT,3.56,3.56,293164235.0,13251.85,48.8377
2026-09-23,MERCN,15.2,15.2,126879129.0,13251.85,48.8377
2026-09-23,MERIT,14.43,14.43,24011807.0,13251.85,48.8377
2026-09-23,MERKO,1.01,1.01,14355370.0,13251.85,48.8377
2026-09-23,METEN,18.08,18.08,172566786.0,13251.85,48.8377
2026-09-23,METRO,6.8,6.8,49313733.0,13251.85,48.8377
2026-09-23,MEYSU,8.68,8.68,121042413.0,13251.85,48.8377
2026-09-23,MGROS,537.0,537.0,1416133013.0,13251.85,48.8377
2026-09-23,MHRGY,1.86,1.86,11834791.0,13251.85,48.8377
2026-09-23,MIATK,22.56,22.56,1766035110.0,13251.85,48.8377
2026-09-23,MNDRS,10.02,10.02,26264266.0,13251.85,48.8377
2026-09-23,MNDTR,4.31,4.31,3906131.0,13251.85,48.8377
2026-09-23,MOBTL,10.34,10.34,42391436.0,13251.85,48.8377
2026-09-23,MOGAN,9.0,9.0,207113441.0,13251.85,48.8377
2026-09-23,MOPAS,20.64,20.3576,34177674.0,13251.85,48.8377
2026-09-23,MPARK,433.25,433.25,209564271.0,13251.85,48.8377
2026-09-23,MRGYO,1.27,1.27,402590669.0,13251.85,48.8377
2026-09-23,MSGYO,4.95,4.95,6242027.0,13251.85,48.8377
2026-09-23,MTRKS,22.62,22.62,16203812.0,13251.85,48.8377
2026-09-23,NATEN,4.46,4.46,15352194.0,13251.85,48.8377
2026-09-23,NETAS,77.85,77.85,57615485.0,13251.85,48.8377
2026-09-23,NETCD,89.3,89.3,231790282.0,13251.85,48.8377
2026-09-23,NTGAZ,10.63,10.63,30381670.0,13251.85,48.8377
2026-09-23,NTHOL,38.24,38.24,160721244.0,13251.85,48.8377
2026-09-23,NUGYO,7.85,7.85,5364916.0,13251.85,48.8377
2026-09-23,NUHCM,205.3,205.3,7728101.0,13251.85,48.8377
2026-09-23,OBAMS,4.48,4.48,119128001.0,13251.85,48.8377
2026-09-23,OBASE,28.68,28.68,4438645.0,13251.85,48.8377
2026-09-23,ODAS,6.9,6.9,400184780.0,13251.85,48.8377
2026-09-23,ODINE,337.5,337.5,725625.0,13251.85,48.8377
2026-09-23,OFSYM,59.45,59.45,25894775.0,13251.85,48.8377
2026-09-23,ONCSM,84.35,84.35,693223095.0,13251.85,48.8377
2026-09-23,ONRYT,10.68,10.68,43893342.0,13251.85,48.8377
2026-09-23,ORGE,22.9,22.9,72402768.0,13251.85,48.8377
2026-09-23,ORZAX,76.6,76.6,136313123.0,13251.85,48.8377
2026-09-23,OSMEN,5.58,5.58,19457008.0,13251.85,48.8377
2026-09-23,OSTIM,1.4,1.4,14169050.0,13251.85,48.8377
2026-09-23,OTKAR,315.75,315.75,151068419.0,13251.85,48.8377
2026-09-23,OYAKC,21.16,21.16,226126830.0,13251.85,48.8377
2026-09-23,OYLUM,6.28,6.28,2580726.0,13251.85,48.8377
2026-09-23,OYYAT,30.98,30.98,123857826.0,13251.85,48.8377
2026-09-23,OZATD,2652.5,2652.5,1312988.0,13251.85,48.8377
2026-09-23,OZGYO,1.7,1.7,11741014.0,13251.85,48.8377
2026-09-23,OZKGY,12.35,12.35,50127409.0,13251.85,48.8377
2026-09-23,OZSUB,39.04,39.04,158008053.0,13251.85,48.8377
2026-09-23,OZYSR,11.65,11.65,30668552.0,13251.85,48.8377
2026-09-23,PAGYO,124.2,124.2,8545674.0,13251.85,48.8377
2026-09-23,PAHOL,0.99,0.99,294709436.0,13251.85,48.8377
2026-09-23,PAPIL,8.74,8.74,79006159.0,13251.85,48.8377
2026-09-23,PARSN,63.2,63.2,13731707.0,13251.85,48.8377
2026-09-23,PASEU,40.46,40.46,14206356.0,13251.85,48.8377
2026-09-23,PATEK,15.23,15.23,372596437.0,13251.85,48.8377
2026-09-23,PCILT,30.84,30.84,41215673.0,13251.85,48.8377
2026-09-23,PEKGY,6.24,6.24,2135484.0,13251.85,48.8377
2026-09-23,PENGD,7.89,7.89,25748701.0,13251.85,48.8377
2026-09-23,PENTA,10.58,10.58,16418648.0,13251.85,48.8377
2026-09-23,PETKM,23.0,23.0,1761328903.0,13251.85,48.8377
2026-09-23,PETUN,10.86,10.86,21773151.0,13251.85,48.8377
2026-09-23,PGSUS,150.3,150.3,1025339463.0,13251.85,48.8377
2026-09-23,PINSU,9.06,9.06,79019320.0,13251.85,48.8377
2026-09-23,PKART,90.55,90.55,20680469.0,13251.85,48.8377
2026-09-23,PLTUR,16.98,16.98,19306584.0,13251.85,48.8377
2026-09-23,PNLSN,33.96,33.96,16211424.0,13251.85,48.8377
2026-09-23,PNSUT,10.9,10.9,38446463.0,13251.85,48.8377
2026-09-23,POLHO,19.49,19.49,62579074.0,13251.85,48.8377
2026-09-23,POLTK,3325.0,3325.0,34514243.0,13251.85,48.8377
2026-09-23,PRZMA,37.2,37.2,200471.0,13251.85,48.8377
2026-09-23,PSGYO,1.88,1.88,398358852.0,13251.85,48.8377
2026-09-23,QNBTR,164.4,164.4,2740877.0,13251.85,48.8377
2026-09-23,QUAGR,2.28,2.28,58610956.0,13251.85,48.8377
2026-09-23,QUICK,49.04,49.04,148093976.0,13251.85,48.8377
2026-09-23,RALYH,144.4,144.4,3616931.0,13251.85,48.8377
2026-09-23,RAYSG,136.8,136.8,22405987.0,13251.85,48.8377
2026-09-23,REEDR,4.03,4.03,74329189.0,13251.85,48.8377
2026-09-23,RGYAS,197.6,197.6,352021214.0,13251.85,48.8377
2026-09-23,RTALB,2.12,2.12,34359729.0,13251.85,48.8377
2026-09-23,RUBNS,23.94,23.94,51523593.0,13251.85,48.8377
2026-09-23,RUZYE,5.58,5.58,61022526.0,13251.85,48.8377
2026-09-23,RYGYO,49.32,49.32,136771387.0,13251.85,48.8377
2026-09-23,RYSAS,27.02,27.02,767932713.0,13251.85,48.8377
2026-09-23,SAFKR,10.82,10.82,38037885.0,13251.85,48.8377
2026-09-23,SAHOL,91.1,91.1,2696498975.0,13251.85,48.8377
2026-09-23,SANFM,4.86,4.86,116552183.0,13251.85,48.8377
2026-09-23,SARAE,48.1,48.1,1208547285.0,13251.85,48.8377
2026-09-23,SARKY,22.18,22.18,78549153.0,13251.85,48.8377
2026-09-23,SASA,2.26,2.26,5665266988.0,13251.85,48.8377
2026-09-23,SAYAS,46.98,46.98,69963350.0,13251.85,48.8377
2026-09-23,SDTTR,17.34,17.34,93364922.0,13251.85,48.8377
2026-09-23,SEGMN,27.5,27.5,72026939.0,13251.85,48.8377
2026-09-23,SEGYO,2.99,2.99,32520080.0,13251.85,48.8377
2026-09-23,SEKUR,4.85,4.85,2841314.0,13251.85,48.8377
2026-09-23,SELEC,155.4,155.4,1279253.0,13251.85,48.8377
2026-09-23,SELVA,1.24,1.24,10590500.0,13251.85,48.8377
2026-09-23,SISE,40.4,40.4,1575872788.0,13251.85,48.8377
2026-09-23,SKBNK,5.54,5.54,310140302.0,13251.85,48.8377
2026-09-23,SKTAS,2.61,2.61,19647535.0,13251.85,48.8377
2026-09-23,SKYLP,84.05,84.05,1069620.0,13251.85,48.8377
2026-09-23,SMART,17.85,17.85,19141438.0,13251.85,48.8377
2026-09-23,SMRTG,5.44,5.44,182416208.0,13251.85,48.8377
2026-09-23,SMRVA,7.58,7.58,43007689.0,13251.85,48.8377
2026-09-23,SNGYO,2.79,2.79,60131049.0,13251.85,48.8377
2026-09-23,SNICA,2.58,2.58,12836870.0,13251.85,48.8377
2026-09-23,SOKE,8.1,8.1,18481606.0,13251.85,48.8377
2026-09-23,SOKM,58.55,58.55,213097029.0,13251.85,48.8377
2026-09-23,SRVGY,2.21,2.21,76971283.0,13251.85,48.8377
2026-09-23,SSAAT,28.5,28.5,39954348.0,13251.85,48.8377
2026-09-23,SUNTK,26.48,26.48,13470938.0,13251.85,48.8377
2026-09-23,SURGY,23.28,23.28,48537279.0,13251.85,48.8377
2026-09-23,SUWEN,5.16,5.16,21853148.0,13251.85,48.8377
2026-09-23,SVGYO,8.28,8.28,537347.0,13251.85,48.8377
2026-09-23,TABGD,222.5,222.5,225380633.0,13251.85,48.8377
2026-09-23,TARKM,408.0,408.0,65213424.0,13251.85,48.8377
2026-09-23,TATEN,5.01,5.01,73233771.0,13251.85,48.8377
2026-09-23,TATGD,17.02,17.02,21018333.0,13251.85,48.8377
2026-09-23,TAVHL,281.0,281.0,1176532095.0,13251.85,48.8377
2026-09-23,TBORG,128.0,128.0,15606175.0,13251.85,48.8377
2026-09-23,TCELL,100.8,100.8,1439721971.0,13251.85,48.8377
2026-09-23,TCKRC,128.8,128.8,362449352.0,13251.85,48.8377
2026-09-23,TDGYO,12.0,12.0,33018930.0,13251.85,48.8377
2026-09-23,TEHOL,25.44,25.44,1264139.0,13251.85,48.8377
2026-09-23,TEKTU,5.13,5.13,29134474.0,13251.85,48.8377
2026-09-23,TERA,119.2,119.2,1853918.0,13251.85,48.8377
2026-09-23,TEZOL,7.85,7.85,13799544.0,13251.85,48.8377
2026-09-23,TGSAS,110.0,110.0,149216584.0,13251.85,48.8377
2026-09-23,THYAO,298.5,298.5,10261241351.0,13251.85,48.8377
2026-09-23,TKFEN,266.0,266.0,1978376581.0,13251.85,48.8377
2026-09-23,TKNKA,83.4,83.4,2143213.0,13251.85,48.8377
2026-09-23,TKNSA,14.63,14.63,36581491.0,13251.85,48.8377
2026-09-23,TMPOL,153.4,153.4,833269.0,13251.85,48.8377
2026-09-23,TMSN,64.2,64.2,29999003.0,13251.85,48.8377
2026-09-23,TNZTP,28.62,28.62,66626152.0,13251.85,48.8377
2026-09-23,TOASO,279.0,279.0,737893480.0,13251.85,48.8377
2026-09-23,TRALT,50.15,50.15,4043806393.0,13251.85,48.8377
2026-09-23,TRCAS,46.1,46.1,25452469.0,13251.85,48.8377
2026-09-23,TRENJ,105.2,105.2,132017100.0,13251.85,48.8377
2026-09-23,TRGYO,92.6,92.6,94343483.0,13251.85,48.8377
2026-09-23,TRHOL,2394.0,2394.0,45486.0,13251.85,48.8377
2026-09-23,TRILC,0.93,0.93,3456550.0,13251.85,48.8377
2026-09-23,TRMET,142.8,142.8,1186517204.0,13251.85,48.8377
2026-09-23,TSGYO,5.2,5.2,3269304.0,13251.85,48.8377
2026-09-23,TSKB,10.77,10.77,202111468.0,13251.85,48.8377
2026-09-23,TSPOR,0.9,0.9,139002747.0,13251.85,48.8377
2026-09-23,TTKOM,54.5,54.5,1850488062.0,13251.85,48.8377
2026-09-23,TTRAK,413.75,413.75,27218832.0,13251.85,48.8377
2026-09-23,TUCLK,4.09,4.09,79231144.0,13251.85,48.8377
2026-09-23,TUKAS,2.34,2.34,600206242.0,13251.85,48.8377
2026-09-23,TUPRS,411.0,411.0,11822466472.0,13251.85,48.8377
2026-09-23,TUREX,5.58,5.58,137136224.0,13251.85,48.8377
2026-09-23,TURGG,26.5,26.5,35038100.0,13251.85,48.8377
2026-09-23,TURSG,6.02,6.02,563744002.0,13251.85,48.8377
2026-09-23,UCAYM,17.54,17.54,54599911.0,13251.85,48.8377
2026-09-23,UFUK,742.0,742.0,466718.0,13251.85,48.8377
2026-09-23,ULKER,90.15,90.15,472012271.0,13251.85,48.8377
2026-09-23,ULUFA,1.5,1.5,19825981.0,13251.85,48.8377
2026-09-23,ULUUN,7.12,7.12,21675653.0,13251.85,48.8377
2026-09-23,USAK,0.81,0.81,231264294.0,13251.85,48.8377
2026-09-23,VAKBN,34.44,34.44,1467311018.0,13251.85,48.8377
2026-09-23,VAKFA,9.96,9.96,47045181.0,13251.85,48.8377
2026-09-23,VAKFN,1.02,1.02,39112626.0,13251.85,48.8377
2026-09-23,VAKKO,63.85,63.85,6018833.0,13251.85,48.8377
2026-09-23,VANGD,62.75,62.75,21137268.0,13251.85,48.8377
2026-09-23,VBTYZ,28.54,28.54,50528865.0,13251.85,48.8377
2026-09-23,VERUS,423.25,423.25,21589087.0,13251.85,48.8377
2026-09-23,VESBE,4.91,4.91,83844647.0,13251.85,48.8377
2026-09-23,VESTL,22.28,22.28,167459650.0,13251.85,48.8377
2026-09-23,VEYAS,86.7,86.7,209267947.0,13251.85,48.8377
2026-09-23,VKGYO,1.75,1.75,55128135.0,13251.85,48.8377
2026-09-23,VRGYO,1.2,1.2,53969012.0,13251.85,48.8377
2026-09-23,VSNMD,31.76,31.76,26587065.0,13251.85,48.8377
2026-09-23,YAPRK,9.65,9.65,31713125.0,13251.85,48.8377
2026-09-23,YATAS,27.22,27.22,24222781.0,13251.85,48.8377
2026-09-23,YEOTK,32.4,32.4,642832826.0,13251.85,48.8377
2026-09-23,YGGYO,216.8,216.8,10416176.0,13251.85,48.8377
2026-09-23,YIGIT,18.33,18.33,54882729.0,13251.85,48.8377
2026-09-23,YKBNK,36.88,36.88,5501048526.0,13251.85,48.8377
2026-09-23,YKSLN,2.72,2.72,197504774.0,13251.85,48.8377
2026-09-23,YUNSA,6.74,6.74,24818556.0,13251.85,48.8377
2026-09-23,YYLGD,8.91,8.91,43983512.0,13251.85,48.8377
2026-09-23,ZERGY,7.8,7.8,74984132.0,13251.85,48.8377
2026-09-23,ZGYO,14.74,14.74,115910706.0,13251.85,48.8377
2026-09-23,ZOREN,2.19,2.19,109677168.0,13251.85,48.8377
2026-09-23,ZRGYO,18.95,18.95,27506850.0,13251.85,48.8377
2026-09-24,AAGYO,8.26,8.26,36809292.0,12888.33,48.8549
2026-09-24,ADEL,25.9,25.9,54636451.0,12888.33,48.8549
2026-09-24,ADESE,0.69,0.69,47988999.0,12888.33,48.8549
2026-09-24,ADGYO,54.0,54.0,126368300.0,12888.33,48.8549
2026-09-24,AEFES,18.69,18.69,480267741.0,12888.33,48.8549
2026-09-24,AFYON,11.23,11.23,22046434.0,12888.33,48.8549
2026-09-24,AGESA,231.4,231.4,20697575.0,12888.33,48.8549
2026-09-24,AGHOL,34.1,34.1,84991226.0,12888.33,48.8549
2026-09-24,AGROT,1.45,1.45,46280569.0,12888.33,48.8549
2026-09-24,AGYO,7.05,7.05,1249497.0,12888.33,48.8549
2026-09-24,AHGAZ,44.24,44.24,266687344.0,12888.33,48.8549
2026-09-24,AHSGY,10.6,10.6,28944397.0,12888.33,48.8549
2026-09-24,AKBNK,70.65,70.65,6064664312.0,12888.33,48.8549
2026-09-24,AKCNS,211.7,211.7,664872765.0,12888.33,48.8549
2026-09-24,AKENR,8.75,8.75,40907407.0,12888.33,48.8549
2026-09-24,AKFGY,2.44,2.44,26743084.0,12888.33,48.8549
2026-09-24,AKFIS,15.0,15.0,231573932.0,12888.33,48.8549
2026-09-24,AKFYE,3.51,3.51,97998969.0,12888.33,48.8549
2026-09-24,AKGRT,5.32,5.32,33264838.0,12888.33,48.8549
2026-09-24,AKHAN,25.14,25.14,71698636.0,12888.33,48.8549
2026-09-24,AKMGY,223.5,223.5,4759753.0,12888.33,48.8549
2026-09-24,AKSA,10.66,10.66,122760937.0,12888.33,48.8549
2026-09-24,AKSEN,69.0,69.0,472629976.0,12888.33,48.8549
2026-09-24,AKSGY,9.47,9.47,36993044.0,12888.33,48.8549
2026-09-24,AKSUE,18.0,18.0,62788667.0,12888.33,48.8549
2026-09-24,ALARK,105.0,105.0,345427904.0,12888.33,48.8549
2026-09-24,ALBRK,8.35,8.35,102106691.0,12888.33,48.8549
2026-09-24,ALCTL,92.9,92.9,24737259.0,12888.33,48.8549
2026-09-24,ALFAS,32.98,32.98,35463413.0,12888.33,48.8549
2026-09-24,ALGYO,3.05,3.05,40562711.0,12888.33,48.8549
2026-09-24,ALKA,6.57,6.57,7834242.0,12888.33,48.8549
2026-09-24,ALKIM,12.7,12.7,22214831.0,12888.33,48.8549
2026-09-24,ALKLC,249.1,249.1,330805.0,12888.33,48.8549
2026-09-24,ALTNY,13.05,13.05,188733298.0,12888.33,48.8549
2026-09-24,ALVES,0.59,0.59,3956456.0,12888.33,48.8549
2026-09-24,ANELE,69.0,69.0,184506.0,12888.33,48.8549
2026-09-24,ANGEN,6.97,6.97,6483673.0,12888.33,48.8549
2026-09-24,ANHYT,100.5,100.5,95104932.0,12888.33,48.8549
2026-09-24,ANSGR,25.12,25.12,47830281.0,12888.33,48.8549
2026-09-24,ARASE,96.7,96.7,19068755.0,12888.33,48.8549
2026-09-24,ARCLK,86.45,86.45,77964392.0,12888.33,48.8549
2026-09-24,ARDYZ,63.3,63.3,286492154.0,12888.33,48.8549
2026-09-24,ARENA,15.59,15.59,5998285.0,12888.33,48.8549
2026-09-24,ARFYE,13.41,13.41,33080969.0,12888.33,48.8549
2026-09-24,ARMGD,133.6,133.6,505808609.0,12888.33,48.8549
2026-09-24,ARSAN,3.66,3.66,59001119.0,12888.33,48.8549
2026-09-24,ARTMS,34.08,34.08,39742932.0,12888.33,48.8549
2026-09-24,ARZUM,1.19,1.19,8781952.0,12888.33,48.8549
2026-09-24,ASELS,367.75,367.75,7452281467.0,12888.33,48.8549
2026-09-24,ASGYO,10.01,10.01,59699872.0,12888.33,48.8549
2026-09-24,ASTOR,260.5,260.5,4950873037.0,12888.33,48.8549
2026-09-24,ASUZU,44.3,44.3,7672444.0,12888.33,48.8549
2026-09-24,ATAGY,8.84,8.84,608327.0,12888.33,48.8549
2026-09-24,ATAKP,35.3,35.3,11167642.0,12888.33,48.8549
2026-09-24,ATATP,237.7,237.7,131209812.0,12888.33,48.8549
2026-09-24,ATATR,6.09,6.09,924784985.0,12888.33,48.8549
2026-09-24,AVGYO,15.83,15.83,11949201.0,12888.33,48.8549
2026-09-24,AVPGY,53.75,53.75,24219714.0,12888.33,48.8549
2026-09-24,AYDEM,23.52,23.52,50013274.0,12888.33,48.8549
2026-09-24,AYEN,27.14,27.14,7311569.0,12888.33,48.8549
2026-09-24,AYGAZ,305.5,305.5,201971507.0,12888.33,48.8549
2026-09-24,AZTEK,3.36,3.36,13759400.0,12888.33,48.8549
2026-09-24,BAGFS,23.02,23.02,10769546.0,12888.33,48.8549
2026-09-24,BAHKM,172.8,172.8,120489878.0,12888.33,48.8549
2026-09-24,BALSU,6.93,6.93,288262752.0,12888.33,48.8549
2026-09-24,BANVT,133.3,133.3,5500087.0,12888.33,48.8549
2026-09-24,BARMA,7.17,7.17,2876746.0,12888.33,48.8549
2026-09-24,BASGZ,41.12,41.12,6198968.0,12888.33,48.8549
2026-09-24,BEGYO,2.8,2.8,11194427.0,12888.33,48.8549
2026-09-24,BERA,11.52,11.52,86750062.0,12888.33,48.8549
2026-09-24,BESLR,11.6,11.6,20054063.0,12888.33,48.8549
2026-09-24,BESTE,21.4,21.4,83102333.0,12888.33,48.8549
2026-09-24,BETAE,59.3,59.3,371679232.0,12888.33,48.8549
2026-09-24,BFREN,110.4,110.4,16719024.0,12888.33,48.8549
2026-09-24,BIENY,15.85,15.85,18551442.0,12888.33,48.8549
2026-09-24,BIGCH,4.0,4.0,6861608.0,12888.33,48.8549
2026-09-24,BIGEN,75.2,75.2,5017946.0,12888.33,48.8549
2026-09-24,BIGTK,146.8,146.8,44001998.0,12888.33,48.8549
2026-09-24,BIMAS,422.75,422.75,2513157093.0,12888.33,48.8549
2026-09-24,BINBN,89.2,89.2,77965779.0,12888.33,48.8549
2026-09-24,BINHO,6.94,6.94,199419224.0,12888.33,48.8549
2026-09-24,BIOEN,10.01,10.01,122306747.0,12888.33,48.8549
2026-09-24,BIZIM,20.6,20.6,2080268.0,12888.33,48.8549
2026-09-24,BJKAS,1.62,1.62,353671004.0,12888.33,48.8549
2026-09-24,BKRGY,5.8,5.8,73307287.0,12888.33,48.8549
2026-09-24,BLCYT,1.79,1.79,15001480.0,12888.33,48.8549
2026-09-24,BLUME,37.0,37.0,118698385.0,12888.33,48.8549
2026-09-24,BMSTL,42.44,42.44,134166262.0,12888.33,48.8549
2026-09-24,BNTAS,5.29,5.29,10948370.0,12888.33,48.8549
2026-09-24,BOBET,16.45,16.45,44572557.0,12888.33,48.8549
2026-09-24,BORLS,2.03,2.03,40083005.0,12888.33,48.8549
2026-09-24,BORSK,5.68,5.68,41488000.0,12888.33,48.8549
2026-09-24,BOSSA,6.39,6.39,8699310.0,12888.33,48.8549
2026-09-24,BRISA,71.35,71.35,12555757.0,12888.33,48.8549
2026-09-24,BRKO,6.36,6.36,5037994.0,12888.33,48.8549
2026-09-24,BRKSN,6.4,6.4,1490736.0,12888.33,48.8549
2026-09-24,BRKVY,57.35,57.35,24130157.0,12888.33,48.8549
2026-09-24,BRLSM,13.05,13.05,67168352.0,12888.33,48.8549
2026-09-24,BRSAN,647.0,647.0,804851529.0,12888.33,48.8549
2026-09-24,BRYAT,1500.0,1500.0,88969379.0,12888.33,48.8549
2026-09-24,BSOKE,9.4,9.4,112238428.0,12888.33,48.8549
2026-09-24,BTCIM,2.28,2.28,733651123.0,12888.33,48.8549
2026-09-24,BUCIM,5.05,5.05,17713527.0,12888.33,48.8549
2026-09-24,BULGS,13.84,13.84,47842602.0,12888.33,48.8549
2026-09-24,BURCE,26.32,26.32,34918982.0,12888.33,48.8549
2026-09-24,BURVA,459.75,459.75,29209862.0,12888.33,48.8549
2026-09-24,BVSAN,78.6,78.6,57965639.0,12888.33,48.8549
2026-09-24,BYDNR,21.18,21.18,8758811.0,12888.33,48.8549
2026-09-24,CANTE,1.13,1.13,253785917.0,12888.33,48.8549
2026-09-24,CATES,31.0,31.0,132559563.0,12888.33,48.8549
2026-09-24,CCOLA,77.0,77.0,343249798.0,12888.33,48.8549
2026-09-24,CELHA,27.3,27.3,118426156.0,12888.33,48.8549
2026-09-24,CEMAS,3.29,3.29,19454594.0,12888.33,48.8549
2026-09-24,CEMTS,7.95,7.95,18656910.0,12888.33,48.8549
2026-09-24,CEMZY,8.57,8.57,536164258.0,12888.33,48.8549
2026-09-24,CEOEM,22.2,22.2,65243629.0,12888.33,48.8549
2026-09-24,CGCAM,22.24,22.24,42342584.0,12888.33,48.8549
2026-09-24,CIMSA,42.3,42.3,259113177.0,12888.33,48.8549
2026-09-24,CITAS,93.05,93.05,1575003277.0,12888.33,48.8549
2026-09-24,CLEBI,1382.0,1382.0,22646909.0,12888.33,48.8549
2026-09-24,CMBTN,1383.0,1383.0,28170646.0,12888.33,48.8549
2026-09-24,CONSE,1.75,1.75,11795772.0,12888.33,48.8549
2026-09-24,CRDFA,11.07,11.07,1049536.0,12888.33,48.8549
2026-09-24,CRFSA,249.8,249.8,547496664.0,12888.33,48.8549
2026-09-24,CUSAN,18.86,18.86,10668488.0,12888.33,48.8549
2026-09-24,CVKMD,14.27,14.27,1010114926.0,12888.33,48.8549
2026-09-24,CWENE,24.42,24.42,361685771.0,12888.33,48.8549
2026-09-24,DAGI,5.61,5.61,61679388.0,12888.33,48.8549
2026-09-24,DAPGM,4.45,4.45,438549648.0,12888.33,48.8549
2026-09-24,DARDL,1.22,1.22,14218963.0,12888.33,48.8549
2026-09-24,DCTTR,3.56,3.56,28735117.0,12888.33,48.8549
2026-09-24,DENGE,1.86,1.86,25789215.0,12888.33,48.8549
2026-09-24,DERHL,1.55,1.55,14898098.0,12888.33,48.8549
2026-09-24,DESA,8.78,8.78,12908610.0,12888.33,48.8549
2026-09-24,DESPC,30.36,30.36,8828238.0,12888.33,48.8549
2026-09-24,DEVA,96.0,96.0,35040626.0,12888.33,48.8549
2026-09-24,DGATE,64.8,64.8,20704800.0,12888.33,48.8549
2026-09-24,DGGYO,27.52,27.52,1555499.0,12888.33,48.8549
2026-09-24,DGNMO,4.5,4.5,6092112.0,12888.33,48.8549
2026-09-24,DITAS,9.81,9.81,115730641.0,12888.33,48.8549
2026-09-24,DMRGD,9.43,9.43,1100223255.0,12888.33,48.8549
2026-09-24,DMSAS,5.5,5.5,40336500.0,12888.33,48.8549
2026-09-24,DOAS,155.4,155.4,57516761.0,12888.33,48.8549
2026-09-24,DOCO,10375.0,10375.0,41435940.0,12888.33,48.8549
2026-09-24,DOFRB,81.5,81.5,151922094.0,12888.33,48.8549
2026-09-24,DOGUB,28.6,28.6,1866579.0,12888.33,48.8549
2026-09-24,DOHOL,20.08,20.08,185466219.0,12888.33,48.8549
2026-09-24,DOKTA,17.43,17.43,26441310.0,12888.33,48.8549
2026-09-24,DSTKF,1304.0,1304.0,755016.0,12888.33,48.8549
2026-09-24,DUNYH,49.5,49.5,25811627.0,12888.33,48.8549
2026-09-24,DURKN,11.45,11.45,35414989.0,12888.33,48.8549
2026-09-24,DYOBY,10.86,10.86,9733606.0,12888.33,48.8549
2026-09-24,DZGYO,6.7,6.7,12454334.0,12888.33,48.8549
2026-09-24,EBEBK,80.65,80.65,50300059.0,12888.33,48.8549
2026-09-24,ECILC,62.6,62.6,242641244.0,12888.33,48.8549
2026-09-24,ECOGR,30.18,30.18,70121168.0,12888.33,48.8549
2026-09-24,ECZYT,232.9,232.9,94275070.0,12888.33,48.8549
2026-09-24,EDATA,8.19,8.19,1085945.0,12888.33,48.8549
2026-09-24,EFOR,13.2,13.2,2513489264.0,12888.33,48.8549
2026-09-24,EGEEN,5712.5,5712.5,470201400.0,12888.33,48.8549
2026-09-24,EGEGY,16.21,16.21,73641462.0,12888.33,48.8549
2026-09-24,EGEPO,6.94,6.94,15207847.0,12888.33,48.8549
2026-09-24,EGGUB,99.75,99.75,30650836.0,12888.33,48.8549
2026-09-24,EGPRO,33.42,33.42,21048519.0,12888.33,48.8549
2026-09-24,EGSER,2.62,2.62,2882122.0,12888.33,48.8549
2026-09-24,EKDMR,31.6,31.6,158458276.0,12888.33,48.8549
2026-09-24,EKGYO,19.58,19.58,1690679924.0,12888.33,48.8549
2026-09-24,EKIM,12.9,12.9,144342881.0,12888.33,48.8549
2026-09-24,EKOS,3.65,3.65,28185068.0,12888.33,48.8549
2026-09-24,EKSUN,4.6,4.6,5228428.0,12888.33,48.8549
2026-09-24,ELITE,20.66,20.66,11226666.0,12888.33,48.8549
2026-09-24,EMKEL,8.32,8.32,29909048.0,12888.33,48.8549
2026-09-24,EMPAE,47.02,47.02,172062329.0,12888.33,48.8549
2026-09-24,ENDAE,14.87,14.87,47579699.0,12888.33,48.8549
2026-09-24,ENERY,13.04,13.04,790630622.0,12888.33,48.8549
2026-09-24,ENJSA,105.9,105.9,190342814.0,12888.33,48.8549
2026-09-24,ENKAI,86.4,86.4,886842151.0,12888.33,48.8549
2026-09-24,ENPRA,41.88,41.88,1814209.0,12888.33,48.8549
2026-09-24,ENSRI,3.2,3.2,19217820.0,12888.33,48.8549
2026-09-24,ENTRA,4.21,4.21,60961191.0,12888.33,48.8549
2026-09-24,ERBOS,122.2,122.2,6434005.0,12888.33,48.8549
2026-09-24,ERCB,37.12,37.12,15056755.0,12888.33,48.8549
2026-09-24,EREGL,37.94,37.94,3028700145.0,12888.33,48.8549
2026-09-24,ERSU,14.07,14.07,12574159.0,12888.33,48.8549
2026-09-24,ESCAR,22.08,22.08,15798159.0,12888.33,48.8549
2026-09-24,ESCOM,4.39,4.39,60872431.0,12888.33,48.8549
2026-09-24,ESEN,2.7,2.7,51452282.0,12888.33,48.8549
2026-09-24,EUPWR,60.3,60.3,927904875.0,12888.33,48.8549
2026-09-24,EUREN,3.04,3.04,62762973.0,12888.33,48.8549
2026-09-24,EYGYO,2.03,2.03,8813388.0,12888.33,48.8549
2026-09-24,FADE,11.81,11.81,15915151.0,12888.33,48.8549
2026-09-24,FENER,2.43,2.43,145307464.0,12888.33,48.8549
2026-09-24,FONET,4.04,4.04,40161976.0,12888.33,48.8549
2026-09-24,FORMT,1.01,1.01,53542044.0,12888.33,48.8549
2026-09-24,FORTE,94.4,94.4,77458254.0,12888.33,48.8549
2026-09-24,FRIGO,1.59,1.59,27879367.0,12888.33,48.8549
2026-09-24,FRMPL,22.74,22.74,26658465.0,12888.33,48.8549
2026-09-24,FROTO,77.4,77.4,834181704.0,12888.33,48.8549
2026-09-24,FZLGY,6.21,6.21,87292353.0,12888.33,48.8549
2026-09-24,GARAN,129.4,129.4,3780068459.0,12888.33,48.8549
2026-09-24,GEDIK,4.97,4.97,93286340.0,12888.33,48.8549
2026-09-24,GENIL,6.75,6.75,503893247.0,12888.33,48.8549
2026-09-24,GENKM,8.0,8.0,39951956.0,12888.33,48.8549
2026-09-24,GENTS,4.29,4.29,15148456.0,12888.33,48.8549
2026-09-24,GEREL,26.6,26.6,263107210.0,12888.33,48.8549
2026-09-24,GESAN,45.46,45.46,803125657.0,12888.33,48.8549
2026-09-24,GIPTA,32.82,32.82,6205409.0,12888.33,48.8549
2026-09-24,GLCVY,44.0,44.0,14032203.0,12888.33,48.8549
2026-09-24,GLRMK,143.4,143.4,725599967.0,12888.33,48.8549
2026-09-24,GLRYH,1.88,1.88,12115396.0,12888.33,48.8549
2026-09-24,GLYHO,15.65,15.65,55619741.0,12888.33,48.8549
2026-09-24,GMTAS,49.02,49.02,78333429.0,12888.33,48.8549
2026-09-24,GOKNR,15.43,15.43,31329028.0,12888.33,48.8549
2026-09-24,GOLDA,8.73,8.73,97640389.0,12888.33,48.8549
2026-09-24,GOLTS,257.25,257.25,24939530.0,12888.33,48.8549
2026-09-24,GOODY,2.19,2.19,16552437.0,12888.33,48.8549
2026-09-24,GOZDE,19.44,19.44,21527855.0,12888.33,48.8549
2026-09-24,GRSEL,268.75,268.75,42976363.0,12888.33,48.8549
2026-09-24,GRTHO,105.6,105.6,891611235.0,12888.33,48.8549
2026-09-24,GSDDE,12.06,12.06,27626622.0,12888.33,48.8549
2026-09-24,GSDHO,4.04,4.04,80285165.0,12888.33,48.8549
2026-09-24,GSRAY,0.88,0.88,74878476.0,12888.33,48.8549
2026-09-24,GUBRF,430.25,430.25,1110790838.0,12888.33,48.8549
2026-09-24,GUNDG,351.75,351.75,221251.0,12888.33,48.8549
2026-09-24,GWIND,20.6,20.6,46404859.0,12888.33,48.8549
2026-09-24,GZNMI,33.2,33.2,30819861.0,12888.33,48.8549
2026-09-24,HALKB,45.2,45.2,666730168.0,12888.33,48.8549
2026-09-24,HATSN,35.42,35.42,296038413.0,12888.33,48.8549
2026-09-24,HDFGS,1.02,1.02,1142961.0,12888.33,48.8549
2026-09-24,HEDEF,12.71,12.71,1445368.0,12888.33,48.8549
2026-09-24,HEKTS,2.16,2.16,380586289.0,12888.33,48.8549
2026-09-24,HKTM,10.25,10.25,50561451.0,12888.33,48.8549
2026-09-24,HLGYO,4.06,4.06,108419688.0,12888.33,48.8549
2026-09-24,HOROZ,45.76,45.76,31517695.0,12888.33,48.8549
2026-09-24,HRKET,8.08,8.08,1158205327.0,12888.33,48.8549
2026-09-24,HTTBT,30.68,30.68,8313055.0,12888.33,48.8549
2026-09-24,HUNER,4.08,4.08,132301728.0,12888.33,48.8549
2026-09-24,HURGZ,6.16,6.16,25878457.0,12888.33,48.8549
2026-09-24,ICBCT,16.1,16.1,13581920.0,12888.33,48.8549
2026-09-24,ICUGS,2.01,2.01,51117534.0,12888.33,48.8549
2026-09-24,IDGYO,2.25,2.25,2494563.0,12888.33,48.8549
2026-09-24,IEYHO,110.2,110.2,203980.0,12888.33,48.8549
2026-09-24,IHAAS,28.56,28.56,19997601.0,12888.33,48.8549
2026-09-24,IHGZT,1.01,1.01,26208760.0,12888.33,48.8549
2026-09-24,IHLAS,0.93,0.93,64610675.0,12888.33,48.8549
2026-09-24,IHLGM,1.26,1.26,25313752.0,12888.33,48.8549
2026-09-24,IHYAY,1.03,1.03,2841108.0,12888.33,48.8549
2026-09-24,IMASM,1.65,1.65,19970613.0,12888.33,48.8549
2026-09-24,INDES,10.36,10.36,25811692.0,12888.33,48.8549
2026-09-24,INFO,1.18,1.18,1843388.0,12888.33,48.8549
2026-09-24,INGRM,313.75,313.75,5210944.0,12888.33,48.8549
2026-09-24,INTET,50.8,50.8,375661022.0,12888.33,48.8549
2026-09-24,INVEO,6.02,6.02,89358773.0,12888.33,48.8549
2026-09-24,INVES,715.0,715.0,35792473.0,12888.33,48.8549
2026-09-24,ISCTR,13.2,13.2,5100179783.0,12888.33,48.8549
2026-09-24,ISDMR,62.45,62.45,183301114.0,12888.33,48.8549
2026-09-24,ISFIN,18.23,18.23,25396901.0,12888.33,48.8549
2026-09-24,ISGSY,13.42,13.42,41744914.0,12888.33,48.8549
2026-09-24,ISGYO,23.84,23.84,8714188.0,12888.33,48.8549
2026-09-24,ISKPL,3.13,3.13,126944858.0,12888.33,48.8549
2026-09-24,ISMEN,32.3,32.3,101709255.0,12888.33,48.8549
2026-09-24,ISSEN,5.56,5.56,6094989.0,12888.33,48.8549
2026-09-24,ISVEA,46.58,46.58,257820.0,12888.33,48.8549
2026-09-24,ISYAT,7.01,7.01,13650681.0,12888.33,48.8549
2026-09-24,IZENR,4.0,4.0,113936136.0,12888.33,48.8549
2026-09-24,IZFAS,24.44,24.44,5531016.0,12888.33,48.8549
2026-09-24,IZMDC,7.23,7.23,36520520.0,12888.33,48.8549
2026-09-24,JANTS,14.37,14.37,18230062.0,12888.33,48.8549
2026-09-24,KAPLM,160.4,160.4,5823322.0,12888.33,48.8549
2026-09-24,KARCL,111.6,111.6,3526448.0,12888.33,48.8549
2026-09-24,KAREL,6.2,6.2,73033248.0,12888.33,48.8549
2026-09-24,KARSN,9.34,9.34,163009926.0,12888.33,48.8549
2026-09-24,KARTN,107.0,107.0,62088327.0,12888.33,48.8549
2026-09-24,KATMR,1.56,1.56,76437863.0,12888.33,48.8549
2026-09-24,KAYSE,3.33,3.33,42814198.0,12888.33,48.8549
2026-09-24,KBORU,12.87,12.87,450470980.0,12888.33,48.8549
2026-09-24,KCAER,11.01,11.01,95403053.0,12888.33,48.8549
2026-09-24,KCHOL,216.0,216.0,4121492020.0,12888.33,48.8549
2026-09-24,KFEIN,6.09,6.09,16572173.0,12888.33,48.8549
2026-09-24,KGYO,7.75,7.75,18907753.0,12888.33,48.8549
2026-09-24,KIMMR,11.27,11.27,6856991.0,12888.33,48.8549
2026-09-24,KLGYO,3.75,3.75,37026253.0,12888.33,48.8549
2026-09-24,KLKIM,23.02,23.02,22035881.0,12888.33,48.8549
2026-09-24,KLRHO,27.82,27.82,7403208.0,12888.33,48.8549
2026-09-24,KLSER,19.69,19.69,13440791.0,12888.33,48.8549
2026-09-24,KLSYN,14.0,14.0,29772406.0,12888.33,48.8549
2026-09-24,KLYPV,52.6,52.6,111013242.0,12888.33,48.8549
2026-09-24,KMPUR,16.05,16.05,11460526.0,12888.33,48.8549
2026-09-24,KOCMT,3.03,3.03,475484456.0,12888.33,48.8549
2026-09-24,KONKA,7.35,7.35,14564779.0,12888.33,48.8549
2026-09-24,KONTR,2.3,2.3,15718180.0,12888.33,48.8549
2026-09-24,KONYA,3785.0,3785.0,95610008.0,12888.33,48.8549
2026-09-24,KOPOL,3.41,3.41,31646543.0,12888.33,48.8549
2026-09-24,KORDS,2.99,2.99,41927443.0,12888.33,48.8549
2026-09-24,KOTON,10.82,10.82,8010595.0,12888.33,48.8549
2026-09-24,KPEKS,57.4,57.4,1088097222.0,12888.33,48.8549
2026-09-24,KRDMA,43.12,43.12,342673991.0,12888.33,48.8549
2026-09-24,KRDMB,71.7,71.7,478492381.0,12888.33,48.8549
2026-09-24,KRDMD,46.2,46.2,1726513024.0,12888.33,48.8549
2026-09-24,KRGYO,3.01,3.01,40997236.0,12888.33,48.8549
2026-09-24,KRONT,20.28,20.28,27467146.0,12888.33,48.8549
2026-09-24,KRPLS,11.4,11.4,43582035.0,12888.33,48.8549
2026-09-24,KRSTL,7.79,7.79,24332734.0,12888.33,48.8549
2026-09-24,KRTEK,6.58,6.58,11202629.0,12888.33,48.8549
2026-09-24,KRVGD,2.17,2.17,49527313.0,12888.33,48.8549
2026-09-24,KTLEV,14.62,14.62,19723959.0,12888.33,48.8549
2026-09-24,KUTPO,68.65,68.65,19080293.0,12888.33,48.8549
2026-09-24,KUVVA,108.2,108.2,25479066.0,12888.33,48.8549
2026-09-24,KUYAS,33.42,33.42,2611348587.0,12888.33,48.8549
2026-09-24,KZBGY,1.44,1.44,28547072.0,12888.33,48.8549
2026-09-24,KZGYO,15.32,15.32,46958109.0,12888.33,48.8549
2026-09-24,LIDER,10.37,10.37,4629884.0,12888.33,48.8549
2026-09-24,LIDFA,1.59,1.59,16854102.0,12888.33,48.8549
2026-09-24,LILAK,25.42,25.42,126507205.0,12888.33,48.8549
2026-09-24,LINK,3.83,3.83,60167912.0,12888.33,48.8549
2026-09-24,LKMNH,11.69,11.4696,12895396.0,12888.33,48.8549
2026-09-24,LMKDC,22.2,22.2,56554437.0,12888.33,48.8549
2026-09-24,LOGO,139.8,139.8,76887894.0,12888.33,48.8549
2026-09-24,LRSHO,2.02,2.02,14033411.0,12888.33,48.8549
2026-09-24,LXGYO,6.61,6.61,37527452.0,12888.33,48.8549
2026-09-24,LYDHO,61.75,61.75,2254431.0,12888.33,48.8549
2026-09-24,LYDYE,6130.0,6130.0,827550.0,12888.33,48.8549
2026-09-24,MAALT,915.0,915.0,46052128.0,12888.33,48.8549
2026-09-24,MACKO,27.02,27.02,19786013.0,12888.33,48.8549
2026-09-24,MAGEN,17.9,17.9,9144054.0,12888.33,48.8549
2026-09-24,MAKIM,12.75,12.75,7409474.0,12888.33,48.8549
2026-09-24,MANAS,16.02,16.02,466679.0,12888.33,48.8549
2026-09-24,MARBL,9.31,9.31,10346522.0,12888.33,48.8549
2026-09-24,MARMR,1.53,1.53,39307958.0,12888.33,48.8549
2026-09-24,MARTI,1.47,1.47,2840359.0,12888.33,48.8549
2026-09-24,MASFN,38.28,38.28,129682935.0,12888.33,48.8549
2026-09-24,MAVI,37.52,37.52,224574613.0,12888.33,48.8549
2026-09-24,MCARD,88.55,88.55,132613385.0,12888.33,48.8549
2026-09-24,MEDTR,18.99,18.99,3210770.0,12888.33,48.8549
2026-09-24,MEGMT,3.57,3.57,340346324.0,12888.33,48.8549
2026-09-24,MERCN,14.3,14.3,85655013.0,12888.33,48.8549
2026-09-24,MERIT,14.05,14.05,17565831.0,12888.33,48.8549
2026-09-24,MERKO,0.97,0.97,9522535.0,12888.33,48.8549
2026-09-24,METEN,18.05,18.05,161946688.0,12888.33,48.8549
2026-09-24,METRO,6.49,6.49,36187538.0,12888.33,48.8549
2026-09-24,MEYSU,8.4,8.4,71030322.0,12888.33,48.8549
2026-09-24,MGROS,528.5,528.5,1242444867.0,12888.33,48.8549
2026-09-24,MHRGY,1.8,1.8,5197538.0,12888.33,48.8549
2026-09-24,MIATK,24.8,24.8,921064724.0,12888.33,48.8549
2026-09-24,MNDRS,9.71,9.71,27816394.0,12888.33,48.8549
2026-09-24,MNDTR,4.17,4.17,3223999.0,12888.33,48.8549
2026-09-24,MOBTL,10.35,10.35,43095036.0,12888.33,48.8549
2026-09-24,MOGAN,8.83,8.83,101845264.0,12888.33,48.8549
2026-09-24,MOPAS,20.08,19.8053,21796512.0,12888.33,48.8549
2026-09-24,MPARK,426.5,426.5,182239626.0,12888.33,48.8549
2026-09-24,MRGYO,1.15,1.15,88931479.0,12888.33,48.8549
2026-09-24,MSGYO,4.84,4.84,5797112.0,12888.33,48.8549
2026-09-24,MTRKS,22.22,22.22,14330646.0,12888.33,48.8549
2026-09-24,NATEN,4.24,4.24,14426116.0,12888.33,48.8549
2026-09-24,NETAS,78.75,78.75,109302098.0,12888.33,48.8549
2026-09-24,NETCD,86.25,86.25,135280486.0,12888.33,48.8549
2026-09-24,NTGAZ,10.45,10.45,20441129.0,12888.33,48.8549
2026-09-24,NTHOL,36.86,36.86,68632327.0,12888.33,48.8549
2026-09-24,NUGYO,7.63,7.63,6554605.0,12888.33,48.8549
2026-09-24,NUHCM,207.1,207.1,15619634.0,12888.33,48.8549
2026-09-24,OBAMS,4.41,4.41,65061971.0,12888.33,48.8549
2026-09-24,OBASE,26.1,26.1,14955277.0,12888.33,48.8549
2026-09-24,ODAS,6.85,6.85,312455043.0,12888.33,48.8549
2026-09-24,ODINE,303.75,303.75,516375.0,12888.33,48.8549
2026-09-24,OFSYM,58.6,58.6,30273704.0,12888.33,48.8549
2026-09-24,ONCSM,81.0,81.0,271351432.0,12888.33,48.8549
2026-09-24,ONRYT,10.36,10.36,33348631.0,12888.33,48.8549
2026-09-24,ORGE,22.56,22.56,146883674.0,12888.33,48.8549
2026-09-24,ORZAX,74.3,74.3,111909441.0,12888.33,48.8549
2026-09-24,OSMEN,5.24,5.24,13155049.0,12888.33,48.8549
2026-09-24,OSTIM,1.34,1.34,12262295.0,12888.33,48.8549
2026-09-24,OTKAR,306.0,306.0,101449877.0,12888.33,48.8549
2026-09-24,OYAKC,20.9,20.9,298921567.0,12888.33,48.8549
2026-09-24,OYLUM,6.0,6.0,2107257.0,12888.33,48.8549
2026-09-24,OYYAT,30.06,30.06,48639263.0,12888.33,48.8549
2026-09-24,OZATD,2388.0,2388.0,291336.0,12888.33,48.8549
2026-09-24,OZGYO,1.61,1.61,18826687.0,12888.33,48.8549
2026-09-24,OZKGY,12.18,12.18,40735783.0,12888.33,48.8549
2026-09-24,OZSUB,37.92,37.92,66251180.0,12888.33,48.8549
2026-09-24,OZYSR,11.22,11.22,22766488.0,12888.33,48.8549
2026-09-24,PAGYO,116.8,116.8,8817846.0,12888.33,48.8549
2026-09-24,PAHOL,0.96,0.96,166466873.0,12888.33,48.8549
2026-09-24,PAPIL,8.15,8.15,40265999.0,12888.33,48.8549
2026-09-24,PARSN,61.0,61.0,11872620.0,12888.33,48.8549
2026-09-24,PASEU,36.42,36.42,17482474.0,12888.33,48.8549
2026-09-24,PATEK,15.91,15.91,595960546.0,12888.33,48.8549
2026-09-24,PCILT,31.08,31.08,39984076.0,12888.33,48.8549
2026-09-24,PEKGY,5.62,5.62,2730960.0,12888.33,48.8549
2026-09-24,PENGD,7.67,7.67,43510738.0,12888.33,48.8549
2026-09-24,PENTA,10.23,10.23,17809984.0,12888.33,48.8549
2026-09-24,PETKM,22.0,22.0,2862763683.0,12888.33,48.8549
2026-09-24,PETUN,10.5,10.5,34614225.0,12888.33,48.8549
2026-09-24,PGSUS,145.7,145.7,787543473.0,12888.33,48.8549
2026-09-24,PINSU,9.21,9.21,74047871.0,12888.33,48.8549
2026-09-24,PKART,87.5,87.5,18208082.0,12888.33,48.8549
2026-09-24,PLTUR,16.18,16.18,29453154.0,12888.33,48.8549
2026-09-24,PNLSN,33.52,33.52,9197894.0,12888.33,48.8549
2026-09-24,PNSUT,10.5,10.5,51284821.0,12888.33,48.8549
2026-09-24,POLHO,18.8,18.8,17259443.0,12888.33,48.8549
2026-09-24,POLTK,3175.0,3175.0,18194473.0,12888.33,48.8549
2026-09-24,PRZMA,33.48,33.48,92639.0,12888.33,48.8549
2026-09-24,PSGYO,1.89,1.89,206299287.0,12888.33,48.8549
2026-09-24,QNBTR,166.0,166.0,1171019.0,12888.33,48.8549
2026-09-24,QUAGR,2.06,2.06,86647909.0,12888.33,48.8549
2026-09-24,QUICK,44.14,44.14,235045613.0,12888.33,48.8549
2026-09-24,RALYH,130.0,130.0,3795480.0,12888.33,48.8549
2026-09-24,RAYSG,128.6,128.6,17739156.0,12888.33,48.8549
2026-09-24,REEDR,4.03,4.03,148494798.0,12888.33,48.8549
2026-09-24,RGYAS,195.1,195.1,184445062.0,12888.33,48.8549
2026-09-24,RTALB,1.98,1.98,31621719.0,12888.33,48.8549
2026-09-24,RUBNS,22.32,22.32,63209017.0,12888.33,48.8549
2026-09-24,RUZYE,5.22,5.22,21417315.0,12888.33,48.8549
2026-09-24,RYGYO,49.26,49.26,78005868.0,12888.33,48.8549
2026-09-24,RYSAS,27.26,27.26,318332856.0,12888.33,48.8549
2026-09-24,SAFKR,10.93,10.93,33832892.0,12888.33,48.8549
2026-09-24,SAHOL,88.2,88.2,2260077944.0,12888.33,48.8549
2026-09-24,SANFM,4.71,4.71,50114611.0,12888.33,48.8549
2026-09-24,SARAE,43.3,43.3,801096259.0,12888.33,48.8549
2026-09-24,SARKY,21.22,21.22,43576349.0,12888.33,48.8549
2026-09-24,SASA,2.11,2.11,5140891967.0,12888.33,48.8549
2026-09-24,SAYAS,44.54,44.54,54376045.0,12888.33,48.8549
2026-09-24,SDTTR,16.5,16.5,92973364.0,12888.33,48.8549
2026-09-24,SEGMN,26.22,26.22,28972974.0,12888.33,48.8549
2026-09-24,SEGYO,2.81,2.81,6478130.0,12888.33,48.8549
2026-09-24,SEKUR,4.37,4.37,1426962.0,12888.33,48.8549
2026-09-24,SELEC,139.9,139.9,618358.0,12888.33,48.8549
2026-09-24,SELVA,1.18,1.18,15338829.0,12888.33,48.8549
2026-09-24,SISE,39.14,39.14,1304876002.0,12888.33,48.8549
2026-09-24,SKBNK,5.28,5.28,277631220.0,12888.33,48.8549
2026-09-24,SKTAS,2.49,2.49,14692938.0,12888.33,48.8549
2026-09-24,SKYLP,75.65,75.65,596122.0,12888.33,48.8549
2026-09-24,SMART,17.14,17.14,11123068.0,12888.33,48.8549
2026-09-24,SMRTG,4.9,4.9,315890406.0,12888.33,48.8549
2026-09-24,SMRVA,7.29,7.29,24683348.0,12888.33,48.8549
2026-09-24,SNGYO,2.75,2.75,64799423.0,12888.33,48.8549
2026-09-24,SNICA,2.45,2.45,18505962.0,12888.33,48.8549
2026-09-24,SOKE,7.9,7.9,13948160.0,12888.33,48.8549
2026-09-24,SOKM,57.5,57.5,148492445.0,12888.33,48.8549
2026-09-24,SRVGY,2.19,2.19,19927856.0,12888.33,48.8549
2026-09-24,SSAAT,27.64,27.64,32825619.0,12888.33,48.8549
2026-09-24,SUNTK,25.1,25.1,6822926.0,12888.33,48.8549
2026-09-24,SURGY,21.66,21.66,40573258.0,12888.33,48.8549
2026-09-24,SUWEN,5.16,5.16,38193449.0,12888.33,48.8549
2026-09-24,SVGYO,7.46,7.46,190513.0,12888.33,48.8549
2026-09-24,TABGD,215.0,215.0,107954043.0,12888.33,48.8549
2026-09-24,TARKM,396.0,396.0,31945376.0,12888.33,48.8549
2026-09-24,TATEN,4.84,4.84,56779178.0,12888.33,48.8549
2026-09-24,TATGD,16.7,16.7,15999962.0,12888.33,48.8549
2026-09-24,TAVHL,272.0,272.0,675890515.0,12888.33,48.8549
2026-09-24,TBORG,127.9,127.9,16028907.0,12888.33,48.8549
2026-09-24,TCELL,99.45,99.45,1149055275.0,12888.33,48.8549
2026-09-24,TCKRC,123.4,123.4,396104451.0,12888.33,48.8549
2026-09-24,TDGYO,10.8,10.8,33873879.0,12888.33,48.8549
2026-09-24,TEHOL,22.9,22.9,1865663.0,12888.33,48.8549
2026-09-24,TEKTU,4.89,4.89,26755376.0,12888.33,48.8549
2026-09-24,TERA,107.3,107.3,4553061.0,12888.33,48.8549
2026-09-24,TEZOL,7.41,7.41,29938166.0,12888.33,48.8549
2026-09-24,TGSAS,101.6,101.6,188912939.0,12888.33,48.8549
2026-09-24,THYAO,288.5,288.5,7722325844.0,12888.33,48.8549
2026-09-24,TKFEN,274.0,274.0,2354673985.0,12888.33,48.8549
2026-09-24,TKNKA,75.1,75.1,10047554.0,12888.33,48.8549
2026-09-24,TKNSA,14.3,14.3,27536619.0,12888.33,48.8549
2026-09-24,TMPOL,138.1,138.1,709282.0,12888.33,48.8549
2026-09-24,TMSN,63.55,63.55,55942368.0,12888.33,48.8549
2026-09-24,TNZTP,27.44,27.44,62559566.0,12888.33,48.8549
2026-09-24,TOASO,279.5,279.5,728972262.0,12888.33,48.8549
2026-09-24,TRALT,48.4,48.4,3030888945.0,12888.33,48.8549
2026-09-24,TRCAS,46.12,46.12,17076719.0,12888.33,48.8549
2026-09-24,TRENJ,101.3,101.3,118839150.0,12888.33,48.8549
2026-09-24,TRGYO,91.0,91.0,67109659.0,12888.33,48.8549
2026-09-24,TRHOL,2155.0,2155.0,1935190.0,12888.33,48.8549
2026-09-24,TRILC,0.91,0.91,1601412.0,12888.33,48.8549
2026-09-24,TRMET,138.1,138.1,980050627.0,12888.33,48.8549
2026-09-24,TSGYO,5.14,5.14,5303213.0,12888.33,48.8549
2026-09-24,TSKB,10.45,10.45,188681414.0,12888.33,48.8549
2026-09-24,TSPOR,0.9,0.9,110103350.0,12888.33,48.8549
2026-09-24,TTKOM,54.55,54.55,1322209907.0,12888.33,48.8549
2026-09-24,TTRAK,407.5,407.5,23736148.0,12888.33,48.8549
2026-09-24,TUCLK,3.98,3.98,37584380.0,12888.33,48.8549
2026-09-24,TUKAS,2.33,2.33,787999245.0,12888.33,48.8549
2026-09-24,TUPRS,410.75,410.75,6360940705.0,12888.33,48.8549
2026-09-24,TUREX,5.55,5.55,172943797.0,12888.33,48.8549
2026-09-24,TURGG,24.88,24.88,16920776.0,12888.33,48.8549
2026-09-24,TURSG,5.93,5.93,498756930.0,12888.33,48.8549
2026-09-24,UCAYM,16.3,16.3,50262354.0,12888.33,48.8549
2026-09-24,UFUK,668.0,668.0,5400112.0,12888.33,48.8549
2026-09-24,ULKER,87.5,87.5,288537438.0,12888.33,48.8549
2026-09-24,ULUFA,1.51,1.51,21473849.0,12888.33,48.8549
2026-09-24,ULUUN,6.95,6.95,24408608.0,12888.33,48.8549
2026-09-24,USAK,0.73,0.73,42649287.0,12888.33,48.8549
2026-09-24,VAKBN,33.78,33.78,1173389210.0,12888.33,48.8549
2026-09-24,VAKFA,9.67,9.67,34294442.0,12888.33,48.8549
2026-09-24,VAKFN,0.99,0.99,40640294.0,12888.33,48.8549
2026-09-24,VAKKO,62.15,62.15,11081905.0,12888.33,48.8549
2026-09-24,VANGD,60.2,60.2,10321966.0,12888.33,48.8549
2026-09-24,VBTYZ,27.4,27.4,31709001.0,12888.33,48.8549
2026-09-24,VERUS,406.75,406.75,14528490.0,12888.33,48.8549
2026-09-24,VESBE,4.68,4.68,66664676.0,12888.33,48.8549
2026-09-24,VESTL,21.02,21.02,160380190.0,12888.33,48.8549
2026-09-24,VEYAS,84.85,84.85,184501400.0,12888.33,48.8549
2026-09-24,VKGYO,1.7,1.7,22957289.0,12888.33,48.8549
2026-09-24,VRGYO,1.15,1.15,13674482.0,12888.33,48.8549
2026-09-24,VSNMD,30.36,30.36,33417261.0,12888.33,48.8549
2026-09-24,YAPRK,9.25,9.25,41721917.0,12888.33,48.8549
2026-09-24,YATAS,26.3,26.3,22527991.0,12888.33,48.8549
2026-09-24,YEOTK,29.48,29.48,515579338.0,12888.33,48.8549
2026-09-24,YGGYO,204.3,204.3,41086496.0,12888.33,48.8549
2026-09-24,YIGIT,18.42,18.42,47549796.0,12888.33,48.8549
2026-09-24,YKBNK,35.7,35.7,3630671634.0,12888.33,48.8549
2026-09-24,YKSLN,2.55,2.55,104220859.0,12888.33,48.8549
2026-09-24,YUNSA,6.48,6.48,19301283.0,12888.33,48.8549
2026-09-24,YYLGD,8.55,8.55,41786231.0,12888.33,48.8549
2026-09-24,ZERGY,7.4,7.4,36719624.0,12888.33,48.8549
2026-09-24,ZGYO,16.21,16.21,234721887.0,12888.33,48.8549
2026-09-24,ZOREN,2.05,2.05,116676429.0,12888.33,48.8549
2026-09-24,ZRGYO,19.0,19.0,67414184.0,12888.33,48.8549
2026-09-25,AAGYO,8.34,8.34,23807358.0,12899.35,48.878
2026-09-25,ADEL,26.48,26.48,35959979.0,12899.35,48.878
2026-09-25,ADESE,0.7,0.7,49590902.0,12899.35,48.878
2026-09-25,ADGYO,54.0,54.0,94072350.0,12899.35,48.878
2026-09-25,AEFES,18.83,18.83,514102143.0,12899.35,48.878
2026-09-25,AFYON,11.15,11.15,13021395.0,12899.35,48.878
2026-09-25,AGESA,232.5,232.5,18689567.0,12899.35,48.878
2026-09-25,AGHOL,34.0,34.0,62058875.0,12899.35,48.878
2026-09-25,AGROT,1.45,1.45,39753784.0,12899.35,48.878
2026-09-25,AGYO,6.93,6.93,990919.0,12899.35,48.878
2026-09-25,AHGAZ,44.26,44.26,218685764.0,12899.35,48.878
2026-09-25,AHSGY,10.65,10.65,41342892.0,12899.35,48.878
2026-09-25,AKBNK,70.9,70.9,5699772430.0,12899.35,48.878
2026-09-25,AKCNS,212.2,212.2,183427315.0,12899.35,48.878
2026-09-25,AKENR,8.8,8.8,23439232.0,12899.35,48.878
2026-09-25,AKFGY,2.45,2.45,50383400.0,12899.35,48.878
2026-09-25,AKFIS,15.75,15.75,210528379.0,12899.35,48.878
2026-09-25,AKFYE,3.56,3.56,133882542.0,12899.35,48.878
2026-09-25,AKGRT,5.33,5.33,39942860.0,12899.35,48.878
2026-09-25,AKHAN,27.64,27.64,26465267.0,12899.35,48.878
2026-09-25,AKMGY,227.3,227.3,168120784.0,12899.35,48.878
2026-09-25,AKSA,10.81,10.81,69939516.0,12899.35,48.878
2026-09-25,AKSEN,72.0,72.0,456475211.0,12899.35,48.878
2026-09-25,AKSGY,9.41,9.41,84609070.0,12899.35,48.878
2026-09-25,AKSUE,18.0,18.0,16508659.0,12899.35,48.878
2026-09-25,ALARK,107.0,107.0,337642047.0,12899.35,48.878
2026-09-25,ALBRK,8.41,8.41,41467742.0,12899.35,48.878
2026-09-25,ALCTL,93.45,93.45,18382289.0,12899.35,48.878
2026-09-25,ALFAS,32.94,32.94,41639597.0,12899.35,48.878
2026-09-25,ALGYO,3.05,3.05,27234028.0,12899.35,48.878
2026-09-25,ALKA,6.48,6.48,11622613.0,12899.35,48.878
2026-09-25,ALKIM,12.6,12.6,7713528.0,12899.35,48.878
2026-09-25,ALKLC,224.2,224.2,297065.0,12899.35,48.878
2026-09-25,ALTNY,13.08,13.08,143273649.0,12899.35,48.878
2026-09-25,ALVES,0.59,0.59,5534110.0,12899.35,48.878
2026-09-25,ANELE,62.1,62.1,1002170.0,12899.35,48.878
2026-09-25,ANGEN,7.09,7.09,5531935.0,12899.35,48.878
2026-09-25,ANHYT,99.75,99.75,68985176.0,12899.35,48.878
2026-09-25,ANSGR,24.84,24.84,42270656.0,12899.35,48.878
2026-09-25,ARASE,99.25,99.25,41683320.0,12899.35,48.878
2026-09-25,ARCLK,85.8,85.8,80903543.0,12899.35,48.878
2026-09-25,ARDYZ,67.0,67.0,325458628.0,12899.35,48.878
2026-09-25,ARENA,15.64,15.64,4776043.0,12899.35,48.878
2026-09-25,ARFYE,14.3,14.3,26312662.0,12899.35,48.878
2026-09-25,ARMGD,146.9,146.9,334023813.0,12899.35,48.878
2026-09-25,ARSAN,3.68,3.68,31661736.0,12899.35,48.878
2026-09-25,ARTMS,35.0,35.0,35492995.0,12899.35,48.878
2026-09-25,ARZUM,1.24,1.24,9833977.0,12899.35,48.878
2026-09-25,ASELS,372.25,372.25,6710552141.0,12899.35,48.878
2026-09-25,ASGYO,10.33,10.33,34613966.0,12899.35,48.878
2026-09-25,ASTOR,261.25,261.25,6811219773.0,12899.35,48.878
2026-09-25,ASUZU,44.16,44.16,5378536.0,12899.35,48.878
2026-09-25,ATAGY,8.8,8.8,833738.0,12899.35,48.878
2026-09-25,ATAKP,36.5,36.5,17366307.0,12899.35,48.878
2026-09-25,ATATP,244.1,244.1,99396106.0,12899.35,48.878
2026-09-25,ATATR,6.11,6.11,273332317.0,12899.35,48.878
2026-09-25,AVGYO,16.0,16.0,9173878.0,12899.35,48.878
2026-09-25,AVPGY,53.3,53.3,12732327.0,12899.35,48.878
2026-09-25,AYDEM,24.38,24.38,32298854.0,12899.35,48.878
2026-09-25,AYEN,27.64,27.64,12730607.0,12899.35,48.878
2026-09-25,AYGAZ,299.25,299.25,119970989.0,12899.35,48.878
2026-09-25,AZTEK,3.45,3.45,22339735.0,12899.35,48.878
2026-09-25,BAGFS,23.26,23.26,13046847.0,12899.35,48.878
2026-09-25,BAHKM,183.4,183.4,470542400.0,12899.35,48.878
2026-09-25,BALSU,7.4,7.4,335325981.0,12899.35,48.878
2026-09-25,BANVT,132.9,132.9,6131550.0,12899.35,48.878
2026-09-25,BARMA,7.43,7.43,7358988.0,12899.35,48.878
2026-09-25,BASGZ,40.92,40.92,8520270.0,12899.35,48.878
2026-09-25,BEGYO,2.79,2.79,6843097.0,12899.35,48.878
2026-09-25,BERA,11.44,11.44,78261085.0,12899.35,48.878
2026-09-25,BESLR,11.59,11.59,18334515.0,12899.35,48.878
2026-09-25,BESTE,22.64,22.64,111807776.0,12899.35,48.878
2026-09-25,BETAE,61.35,61.35,436089848.0,12899.35,48.878
2026-09-25,BFREN,110.8,110.8,13098512.0,12899.35,48.878
2026-09-25,BIENY,16.19,16.19,20742660.0,12899.35,48.878
2026-09-25,BIGCH,3.89,3.89,22260054.0,12899.35,48.878
2026-09-25,BIGEN,67.7,67.7,3255490.0,12899.35,48.878
2026-09-25,BIGTK,132.2,132.2,73981240.0,12899.35,48.878
2026-09-25,BIMAS,424.75,424.75,2621215715.0,12899.35,48.878
2026-09-25,BINBN,80.3,80.3,7298949.0,12899.35,48.878
2026-09-25,BINHO,6.84,6.84,151009662.0,12899.35,48.878
2026-09-25,BIOEN,10.2,10.2,75901889.0,12899.35,48.878
2026-09-25,BIZIM,20.44,20.44,1757455.0,12899.35,48.878
2026-09-25,BJKAS,1.71,1.71,449834192.0,12899.35,48.878
2026-09-25,BKRGY,5.85,5.85,66079146.0,12899.35,48.878
2026-09-25,BLCYT,1.82,1.82,168323898.0,12899.35,48.878
2026-09-25,BLUME,37.0,37.0,65309387.0,12899.35,48.878
2026-09-25,BMSTL,43.46,43.46,102078709.0,12899.35,48.878
2026-09-25,BNTAS,5.36,5.36,11262282.0,12899.35,48.878
2026-09-25,BOBET,16.7,16.7,26353235.0,12899.35,48.878
2026-09-25,BORLS,1.91,1.91,59805928.0,12899.35,48.878
2026-09-25,BORSK,5.74,5.74,26718805.0,12899.35,48.878
2026-09-25,BOSSA,6.35,6.35,6728087.0,12899.35,48.878
2026-09-25,BRISA,72.4,72.4,6962485.0,12899.35,48.878
2026-09-25,BRKO,6.99,6.99,2624814.0,12899.35,48.878
2026-09-25,BRKSN,6.37,6.37,1303172.0,12899.35,48.878
2026-09-25,BRKVY,55.6,55.6,51342026.0,12899.35,48.878
2026-09-25,BRLSM,13.06,13.06,57094247.0,12899.35,48.878
2026-09-25,BRSAN,672.0,672.0,792417662.0,12899.35,48.878
2026-09-25,BRYAT,1520.0,1520.0,69801829.0,12899.35,48.878
2026-09-25,BSOKE,8.98,8.98,368240453.0,12899.35,48.878
2026-09-25,BTCIM,2.29,2.29,579124203.0,12899.35,48.878
2026-09-25,BUCIM,5.06,5.06,9076864.0,12899.35,48.878
2026-09-25,BULGS,13.69,13.69,284933563.0,12899.35,48.878
2026-09-25,BURCE,26.76,26.76,30597310.0,12899.35,48.878
2026-09-25,BURVA,479.5,479.5,12548085.0,12899.35,48.878
2026-09-25,BVSAN,79.55,79.55,40352653.0,12899.35,48.878
2026-09-25,BYDNR,21.56,21.56,13000999.0,12899.35,48.878
2026-09-25,CANTE,1.14,1.14,248565916.0,12899.35,48.878
2026-09-25,CATES,33.72,33.72,142209341.0,12899.35,48.878
2026-09-25,CCOLA,77.9,77.9,403554400.0,12899.35,48.878
2026-09-25,CELHA,27.56,27.56,47505887.0,12899.35,48.878
2026-09-25,CEMAS,3.34,3.34,13134354.0,12899.35,48.878
2026-09-25,CEMTS,8.0,8.0,10394049.0,12899.35,48.878
2026-09-25,CEMZY,7.72,7.72,370842958.0,12899.35,48.878
2026-09-25,CEOEM,20.24,20.24,233894139.0,12899.35,48.878
2026-09-25,CGCAM,23.1,23.1,41031953.0,12899.35,48.878
2026-09-25,CIMSA,42.8,42.8,179856411.0,12899.35,48.878
2026-09-25,CITAS,102.3,102.3,747800924.0,12899.35,48.878
2026-09-25,CLEBI,1400.0,1400.0,14597045.0,12899.35,48.878
2026-09-25,CMBTN,1303.0,1303.0,44218375.0,12899.35,48.878
2026-09-25,CONSE,1.73,1.73,5673293.0,12899.35,48.878
2026-09-25,CRDFA,9.97,9.97,1423576.0,12899.35,48.878
2026-09-25,CRFSA,234.2,234.2,336555861.0,12899.35,48.878
2026-09-25,CUSAN,19.3,19.3,10640407.0,12899.35,48.878
2026-09-25,CVKMD,14.22,14.22,497556813.0,12899.35,48.878
2026-09-25,CWENE,24.74,24.74,300925962.0,12899.35,48.878
2026-09-25,DAGI,5.58,5.58,48944134.0,12899.35,48.878
2026-09-25,DAPGM,4.01,4.01,177227162.0,12899.35,48.878
2026-09-25,DARDL,1.2,1.2,12662624.0,12899.35,48.878
2026-09-25,DCTTR,3.65,3.65,27737106.0,12899.35,48.878
2026-09-25,DENGE,1.85,1.85,15876748.0,12899.35,48.878
2026-09-25,DERHL,1.59,1.59,11267583.0,12899.35,48.878
2026-09-25,DESA,8.76,8.76,10620030.0,12899.35,48.878
2026-09-25,DESPC,32.22,32.22,12055159.0,12899.35,48.878
2026-09-25,DEVA,97.75,97.75,24375126.0,12899.35,48.878
2026-09-25,DGATE,68.0,68.0,34722790.0,12899.35,48.878
2026-09-25,DGGYO,28.84,28.84,2470743.0,12899.35,48.878
2026-09-25,DGNMO,4.56,4.56,2721824.0,12899.35,48.878
2026-09-25,DITAS,10.4,10.4,62009318.0,12899.35,48.878
2026-09-25,DMRGD,10.28,10.28,987833259.0,12899.35,48.878
2026-09-25,DMSAS,6.05,6.05,31593707.0,12899.35,48.878
2026-09-25,DOAS,154.6,154.6,50183898.0,12899.35,48.878
2026-09-25,DOCO,10640.0,10640.0,34505838.0,12899.35,48.878
2026-09-25,DOFRB,84.5,84.5,171198681.0,12899.35,48.878
2026-09-25,DOGUB,25.74,25.74,3012249.0,12899.35,48.878
2026-09-25,DOHOL,20.14,20.14,142892199.0,12899.35,48.878
2026-09-25,DOKTA,17.19,17.19,11819018.0,12899.35,48.878
2026-09-25,DSTKF,1174.0,1174.0,331068.0,12899.35,48.878
2026-09-25,DUNYH,44.56,44.56,25946263.0,12899.35,48.878
2026-09-25,DURKN,11.62,11.62,17855992.0,12899.35,48.878
2026-09-25,DYOBY,10.9,10.9,7345739.0,12899.35,48.878
2026-09-25,DZGYO,6.79,6.79,11080180.0,12899.35,48.878
2026-09-25,EBEBK,80.65,80.65,45561165.0,12899.35,48.878
2026-09-25,ECILC,68.5,68.5,611314709.0,12899.35,48.878
2026-09-25,ECOGR,31.12,31.12,63760928.0,12899.35,48.878
2026-09-25,ECZYT,241.0,241.0,367005402.0,12899.35,48.878
2026-09-25,EDATA,7.38,7.38,2130791.0,12899.35,48.878
2026-09-25,EFOR,13.92,13.92,1208129006.0,12899.35,48.878
2026-09-25,EGEEN,5657.5,5657.5,164788225.0,12899.35,48.878
2026-09-25,EGEGY,15.98,15.98,57689267.0,12899.35,48.878
2026-09-25,EGEPO,7.48,7.48,52041719.0,12899.35,48.878
2026-09-25,EGGUB,102.0,102.0,29276590.0,12899.35,48.878
2026-09-25,EGPRO,33.8,33.8,16526054.0,12899.35,48.878
2026-09-25,EGSER,2.61,2.61,2788457.0,12899.35,48.878
2026-09-25,EKDMR,33.2,33.2,134332099.0,12899.35,48.878
2026-09-25,EKGYO,19.25,19.25,2052581346.0,12899.35,48.878
2026-09-25,EKIM,13.0,13.0,100194789.0,12899.35,48.878
2026-09-25,EKOS,3.75,3.75,32187956.0,12899.35,48.878
2026-09-25,EKSUN,4.63,4.63,2894554.0,12899.35,48.878
2026-09-25,ELITE,20.96,20.96,10882116.0,12899.35,48.878
2026-09-25,EMKEL,8.36,8.36,24844821.0,12899.35,48.878
2026-09-25,EMPAE,49.98,49.98,344734007.0,12899.35,48.878
2026-09-25,ENDAE,14.83,14.83,29034830.0,12899.35,48.878
2026-09-25,ENERY,13.51,13.51,882119586.0,12899.35,48.878
2026-09-25,ENJSA,107.3,107.3,192472662.0,12899.35,48.878
2026-09-25,ENKAI,86.45,86.45,384449238.0,12899.35,48.878
2026-09-25,ENPRA,42.0,42.0,1305931.0,12899.35,48.878
2026-09-25,ENSRI,3.26,3.26,23969769.0,12899.35,48.878
2026-09-25,ENTRA,4.18,4.18,34083905.0,12899.35,48.878
2026-09-25,ERBOS,117.9,117.9,463607586.0,12899.35,48.878
2026-09-25,ERCB,38.04,38.04,15943213.0,12899.35,48.878
2026-09-25,EREGL,37.74,37.74,2562013343.0,12899.35,48.878
2026-09-25,ERSU,13.9,13.9,5013716.0,12899.35,48.878
2026-09-25,ESCAR,19.88,19.88,2812086.0,12899.35,48.878
2026-09-25,ESCOM,4.52,4.52,55336514.0,12899.35,48.878
2026-09-25,ESEN,2.7,2.7,34698011.0,12899.35,48.878
2026-09-25,EUPWR,61.5,61.5,761817405.0,12899.35,48.878
2026-09-25,EUREN,3.09,3.09,31338127.0,12899.35,48.878
2026-09-25,EYGYO,2.05,2.05,5985651.0,12899.35,48.878
2026-09-25,FADE,11.83,11.83,9344549.0,12899.35,48.878
2026-09-25,FENER,2.45,2.45,132451873.0,12899.35,48.878
2026-09-25,FONET,4.37,4.37,127782297.0,12899.35,48.878
2026-09-25,FORMT,1.03,1.03,20629321.0,12899.35,48.878
2026-09-25,FORTE,95.8,95.8,57722133.0,12899.35,48.878
2026-09-25,FRIGO,1.58,1.58,22237150.0,12899.35,48.878
2026-09-25,FRMPL,24.04,24.04,45924325.0,12899.35,48.878
2026-09-25,FROTO,76.8,76.8,1066597562.0,12899.35,48.878
2026-09-25,FZLGY,5.8,5.8,101691827.0,12899.35,48.878
2026-09-25,GARAN,129.8,129.8,2321977960.0,12899.35,48.878
2026-09-25,GEDIK,5.14,5.14,39249781.0,12899.35,48.878
2026-09-25,GENIL,7.35,7.35,321850357.0,12899.35,48.878
2026-09-25,GENKM,8.15,8.15,36436321.0,12899.35,48.878
2026-09-25,GENTS,4.36,4.36,7685454.0,12899.35,48.878
2026-09-25,GEREL,29.26,29.26,240690972.0,12899.35,48.878
2026-09-25,GESAN,46.52,46.52,693838211.0,12899.35,48.878
2026-09-25,GIPTA,31.5,31.5,632001191.0,12899.35,48.878
2026-09-25,GLCVY,43.36,43.36,18917668.0,12899.35,48.878
2026-09-25,GLRMK,146.8,146.8,472855671.0,12899.35,48.878
2026-09-25,GLRYH,1.82,1.82,21302323.0,12899.35,48.878
2026-09-25,GLYHO,15.62,15.62,79921504.0,12899.35,48.878
2026-09-25,GMTAS,49.6,49.6,311568996.0,12899.35,48.878
2026-09-25,GOKNR,15.85,15.85,71102758.0,12899.35,48.878
2026-09-25,GOLDA,8.65,8.65,244757640.0,12899.35,48.878
2026-09-25,GOLTS,258.5,258.5,14379166.0,12899.35,48.878
2026-09-25,GOODY,2.21,2.21,14014239.0,12899.35,48.878
2026-09-25,GOZDE,19.8,19.8,11873875.0,12899.35,48.878
2026-09-25,GRSEL,271.25,271.25,33952860.0,12899.35,48.878
2026-09-25,GRTHO,116.1,116.1,195730188.0,12899.35,48.878
2026-09-25,GSDDE,12.48,12.48,31997116.0,12899.35,48.878
2026-09-25,GSDHO,4.19,4.19,131765844.0,12899.35,48.878
2026-09-25,GSRAY,0.88,0.88,79209213.0,12899.35,48.878
2026-09-25,GUBRF,458.0,458.0,1383345022.0,12899.35,48.878
2026-09-25,GUNDG,316.75,316.75,5821548.0,12899.35,48.878
2026-09-25,GWIND,21.02,21.02,33028860.0,12899.35,48.878
2026-09-25,GZNMI,32.18,32.18,94255775.0,12899.35,48.878
2026-09-25,HALKB,44.9,44.9,551464678.0,12899.35,48.878
2026-09-25,HATSN,36.2,36.2,216990451.0,12899.35,48.878
2026-09-25,HDFGS,0.99,0.99,211931366.0,12899.35,48.878
2026-09-25,HEDEF,11.44,11.44,4537379.0,12899.35,48.878
2026-09-25,HEKTS,2.18,2.18,438857697.0,12899.35,48.878
2026-09-25,HKTM,10.11,10.11,24240867.0,12899.35,48.878
2026-09-25,HLGYO,4.09,4.09,100505558.0,12899.35,48.878
2026-09-25,HOROZ,47.7,47.7,45640670.0,12899.35,48.878
2026-09-25,HRKET,8.23,8.23,665038731.0,12899.35,48.878
2026-09-25,HTTBT,31.12,31.12,9445344.0,12899.35,48.878
2026-09-25,HUNER,4.36,4.36,285223231.0,12899.35,48.878
2026-09-25,HURGZ,6.0,6.0,22918170.0,12899.35,48.878
2026-09-25,ICBCT,16.44,16.44,9376508.0,12899.35,48.878
2026-09-25,ICUGS,1.81,1.81,111663931.0,12899.35,48.878
2026-09-25,IDGYO,2.4,2.4,5748998.0,12899.35,48.878
2026-09-25,IEYHO,99.2,99.2,375571.0,12899.35,48.878
2026-09-25,IHAAS,25.72,25.72,4079475.0,12899.35,48.878
2026-09-25,IHGZT,1.02,1.02,7926400.0,12899.35,48.878
2026-09-25,IHLAS,0.93,0.93,41318752.0,12899.35,48.878
2026-09-25,IHLGM,1.27,1.27,19093380.0,12899.35,48.878
2026-09-25,IHYAY,1.05,1.05,1508414.0,12899.35,48.878
2026-09-25,IMASM,1.62,1.62,27317839.0,12899.35,48.878
2026-09-25,INDES,10.61,10.61,30795789.0,12899.35,48.878
2026-09-25,INFO,1.07,1.07,4683188.0,12899.35,48.878
2026-09-25,INGRM,315.25,315.25,3933249.0,12899.35,48.878
2026-09-25,INTET,51.05,51.05,222928943.0,12899.35,48.878
2026-09-25,INVEO,6.11,6.11,28876824.0,12899.35,48.878
2026-09-25,INVES,706.0,706.0,63739478.0,12899.35,48.878
2026-09-25,ISCTR,13.07,13.07,5100324520.0,12899.35,48.878
2026-09-25,ISDMR,63.45,63.45,105923890.0,12899.35,48.878
2026-09-25,ISFIN,18.0,18.0,24733408.0,12899.35,48.878
2026-09-25,ISGSY,13.33,13.33,41484761.0,12899.35,48.878
2026-09-25,ISGYO,23.76,23.76,13171149.0,12899.35,48.878
2026-09-25,ISKPL,3.44,3.44,296872817.0,12899.35,48.878
2026-09-25,ISMEN,31.72,31.72,222784269.0,12899.35,48.878
2026-09-25,ISSEN,5.43,5.43,2340510.0,12899.35,48.878
2026-09-25,ISVEA,41.94,41.94,780461.0,12899.35,48.878
2026-09-25,ISYAT,7.05,7.05,6311535.0,12899.35,48.878
2026-09-25,IZENR,4.21,4.21,58979797.0,12899.35,48.878
2026-09-25,IZFAS,22.0,22.0,71111568.0,12899.35,48.878
2026-09-25,IZMDC,6.97,6.97,53967667.0,12899.35,48.878
2026-09-25,JANTS,14.45,14.45,22688633.0,12899.35,48.878
2026-09-25,KAPLM,176.4,176.4,239392519.0,12899.35,48.878
2026-09-25,KARCL,100.5,100.5,3315596.0,12899.35,48.878
2026-09-25,KAREL,6.18,6.18,41104981.0,12899.35,48.878
2026-09-25,KARSN,9.37,9.37,134471662.0,12899.35,48.878
2026-09-25,KARTN,101.9,101.9,73480378.0,12899.35,48.878
2026-09-25,KATMR,1.57,1.57,50165494.0,12899.35,48.878
2026-09-25,KAYSE,3.35,3.35,15421763.0,12899.35,48.878
2026-09-25,KBORU,13.27,13.27,238122596.0,12899.35,48.878
2026-09-25,KCAER,11.2,11.2,97141712.0,12899.35,48.878
2026-09-25,KCHOL,216.5,216.5,2964275631.0,12899.35,48.878
2026-09-25,KFEIN,6.27,6.27,13498264.0,12899.35,48.878
2026-09-25,KGYO,8.52,8.52,245245379.0,12899.35,48.878
2026-09-25,KIMMR,11.33,11.33,4858522.0,12899.35,48.878
2026-09-25,KLGYO,3.77,3.77,35234214.0,12899.35,48.878
2026-09-25,KLKIM,22.94,22.94,24455773.0,12899.35,48.878
2026-09-25,KLRHO,25.04,25.04,91479074.0,12899.35,48.878
2026-09-25,KLSER,19.86,19.86,9221490.0,12899.35,48.878
2026-09-25,KLSYN,14.7,14.7,26769619.0,12899.35,48.878
2026-09-25,KLYPV,53.15,53.15,92880512.0,12899.35,48.878
2026-09-25,KMPUR,15.19,15.19,109627240.0,12899.35,48.878
2026-09-25,KOCMT,2.88,2.88,438520796.0,12899.35,48.878
2026-09-25,KONKA,7.33,7.33,13842791.0,12899.35,48.878
2026-09-25,KONTR,2.28,2.28,7660634.0,12899.35,48.878
2026-09-25,KONYA,3782.5,3782.5,30244723.0,12899.35,48.878
2026-09-25,KOPOL,3.42,3.42,18383397.0,12899.35,48.878
2026-09-25,KORDS,3.07,3.07,43832104.0,12899.35,48.878
2026-09-25,KOTON,10.81,10.81,5871501.0,12899.35,48.878
2026-09-25,KPEKS,56.9,56.9,269582542.0,12899.35,48.878
2026-09-25,KRDMA,43.98,43.98,402036026.0,12899.35,48.878
2026-09-25,KRDMB,78.85,78.85,192971746.0,12899.35,48.878
2026-09-25,KRDMD,46.96,46.96,1542390444.0,12899.35,48.878
2026-09-25,KRGYO,3.11,3.11,33547655.0,12899.35,48.878
2026-09-25,KRONT,19.52,19.52,34326496.0,12899.35,48.878
2026-09-25,KRPLS,11.8,11.8,25142578.0,12899.35,48.878
2026-09-25,KRSTL,7.86,7.86,21966402.0,12899.35,48.878
2026-09-25,KRTEK,6.32,6.32,5102539.0,12899.35,48.878
2026-09-25,KRVGD,2.13,2.13,16947455.0,12899.35,48.878
2026-09-25,KTLEV,13.16,13.16,41312425.0,12899.35,48.878
2026-09-25,KUTPO,68.55,68.55,7626436.0,12899.35,48.878
2026-09-25,KUVVA,111.9,111.9,24911236.0,12899.35,48.878
2026-09-25,KUYAS,36.76,36.76,868934351.0,12899.35,48.878
2026-09-25,KZBGY,1.42,1.42,29444391.0,12899.35,48.878
2026-09-25,KZGYO,15.0,15.0,29782181.0,12899.35,48.878
2026-09-25,LIDER,9.34,9.34,9060818.0,12899.35,48.878
2026-09-25,LIDFA,1.58,1.58,11741635.0,12899.35,48.878
2026-09-25,LILAK,25.2,25.2,59362654.0,12899.35,48.878
2026-09-25,LINK,3.98,3.98,53336317.0,12899.35,48.878
2026-09-25,LKMNH,12.28,12.0485,22746972.0,12899.35,48.878
2026-09-25,LMKDC,23.9,23.9,126969645.0,12899.35,48.878
2026-09-25,LOGO,140.0,140.0,42830611.0,12899.35,48.878
2026-09-25,LRSHO,1.99,1.99,19094861.0,12899.35,48.878
2026-09-25,LXGYO,7.0,7.0,59784586.0,12899.35,48.878
2026-09-25,LYDHO,55.6,55.6,3551728.0,12899.35,48.878
2026-09-25,LYDYE,5517.5,5517.5,811073.0,12899.35,48.878
2026-09-25,MAALT,900.0,900.0,17783964.0,12899.35,48.878
2026-09-25,MACKO,26.9,26.9,16960495.0,12899.35,48.878
2026-09-25,MAGEN,16.11,16.11,3457415.0,12899.35,48.878
2026-09-25,MAKIM,13.96,13.96,71968298.0,12899.35,48.878
2026-09-25,MANAS,14.42,14.42,784203.0,12899.35,48.878
2026-09-25,MARBL,9.52,9.52,8584520.0,12899.35,48.878
2026-09-25,MARMR,1.55,1.55,59181245.0,12899.35,48.878
2026-09-25,MARTI,1.33,1.33,4382444.0,12899.35,48.878
2026-09-25,MASFN,38.14,38.14,70143403.0,12899.35,48.878
2026-09-25,MAVI,38.04,38.04,232721308.0,12899.35,48.878
2026-09-25,MCARD,91.7,91.7,223876471.0,12899.35,48.878
2026-09-25,MEDTR,19.4,19.4,1807409.0,12899.35,48.878
2026-09-25,MEGMT,3.64,3.64,124450282.0,12899.35,48.878
2026-09-25,MERCN,14.41,14.41,64320073.0,12899.35,48.878
2026-09-25,MERIT,14.03,14.03,9987299.0,12899.35,48.878
2026-09-25,MERKO,1.01,1.01,35568842.0,12899.35,48.878
2026-09-25,METEN,18.34,18.34,155710024.0,12899.35,48.878
2026-09-25,METRO,6.83,6.83,32934546.0,12899.35,48.878
2026-09-25,MEYSU,8.53,8.53,50943846.0,12899.35,48.878
2026-09-25,MGROS,523.5,523.5,1444118410.0,12899.35,48.878
2026-09-25,MHRGY,1.84,1.84,3827140.0,12899.35,48.878
2026-09-25,MIATK,27.28,27.28,958759287.0,12899.35,48.878
2026-09-25,MNDRS,9.66,9.66,19065198.0,12899.35,48.878
2026-09-25,MNDTR,4.19,4.19,2678585.0,12899.35,48.878
2026-09-25,MOBTL,10.65,10.65,34315911.0,12899.35,48.878
2026-09-25,MOGAN,9.18,9.18,120665548.0,12899.35,48.878
2026-09-25,MOPAS,19.85,19.85,26050383.0,12899.35,48.878
2026-09-25,MPARK,427.0,427.0,152795503.0,12899.35,48.878
2026-09-25,MRGYO,1.07,1.07,378339813.0,12899.35,48.878
2026-09-25,MSGYO,4.9,4.9,6237991.0,12899.35,48.878
2026-09-25,MTRKS,22.12,22.12,16896890.0,12899.35,48.878
2026-09-25,NATEN,4.2,4.2,10095429.0,12899.35,48.878
2026-09-25,NETAS,79.0,79.0,58061233.0,12899.35,48.878
2026-09-25,NETCD,91.7,91.7,373046372.0,12899.35,48.878
2026-09-25,NTGAZ,10.4,10.4,21931892.0,12899.35,48.878
2026-09-25,NTHOL,37.58,37.58,58230390.0,12899.35,48.878
2026-09-25,NUGYO,7.68,7.68,9310583.0,12899.35,48.878
2026-09-25,NUHCM,206.9,206.9,8115242.0,12899.35,48.878
2026-09-25,OBAMS,4.46,4.46,39066006.0,12899.35,48.878
2026-09-25,OBASE,27.38,27.38,9801232.0,12899.35,48.878
2026-09-25,ODAS,7.05,7.05,407046022.0,12899.35,48.878
2026-09-25,ODINE,273.5,273.5,560402.0,12899.35,48.878
2026-09-25,OFSYM,60.2,60.2,32956414.0,12899.35,48.878
2026-09-25,ONCSM,89.1,89.1,176787180.0,12899.35,48.878
2026-09-25,ONRYT,10.54,10.54,25282979.0,12899.35,48.878
2026-09-25,ORGE,22.84,22.84,52382294.0,12899.35,48.878
2026-09-25,ORZAX,77.55,77.55,96257138.0,12899.35,48.878
2026-09-25,OSMEN,5.37,5.37,11846384.0,12899.35,48.878
2026-09-25,OSTIM,1.31,1.31,9166073.0,12899.35,48.878
2026-09-25,OTKAR,303.25,303.25,42522619.0,12899.35,48.878
2026-09-25,OYAKC,21.1,21.1,132393607.0,12899.35,48.878
2026-09-25,OYLUM,6.18,6.18,1147640.0,12899.35,48.878
2026-09-25,OYYAT,28.7,28.7,36154452.0,12899.35,48.878
2026-09-25,OZATD,2150.0,2150.0,479450.0,12899.35,48.878
2026-09-25,OZGYO,1.67,1.67,9164031.0,12899.35,48.878
2026-09-25,OZKGY,12.17,12.17,29361112.0,12899.35,48.878
2026-09-25,OZSUB,39.24,39.24,33631806.0,12899.35,48.878
2026-09-25,OZYSR,11.08,11.08,12444514.0,12899.35,48.878
2026-09-25,PAGYO,122.5,122.5,7818192.0,12899.35,48.878
2026-09-25,PAHOL,0.96,0.96,163698119.0,12899.35,48.878
2026-09-25,PAPIL,8.26,8.26,34563544.0,12899.35,48.878
2026-09-25,PARSN,61.35,61.35,6630505.0,12899.35,48.878
2026-09-25,PASEU,32.78,32.78,7511439.0,12899.35,48.878
2026-09-25,PATEK,15.95,15.95,211130658.0,12899.35,48.878
2026-09-25,PCILT,30.7,30.7,37963244.0,12899.35,48.878
2026-09-25,PEKGY,5.06,5.06,1975672.0,12899.35,48.878
2026-09-25,PENGD,7.6,7.6,15996219.0,12899.35,48.878
2026-09-25,PENTA,10.25,10.25,10609708.0,12899.35,48.878
2026-09-25,PETKM,21.06,21.06,1609707782.0,12899.35,48.878
2026-09-25,PETUN,10.5,10.5,16185866.0,12899.35,48.878
2026-09-25,PGSUS,146.7,146.7,616817574.0,12899.35,48.878
2026-09-25,PINSU,9.18,9.18,16703516.0,12899.35,48.878
2026-09-25,PKART,88.85,88.85,16895678.0,12899.35,48.878
2026-09-25,PLTUR,16.42,16.42,17378641.0,12899.35,48.878
2026-09-25,PNLSN,33.6,33.6,13334048.0,12899.35,48.878
2026-09-25,PNSUT,10.74,10.74,21995482.0,12899.35,48.878
2026-09-25,POLHO,20.0,20.0,25492402.0,12899.35,48.878
2026-09-25,POLTK,3225.0,3225.0,18811608.0,12899.35,48.878
2026-09-25,PRZMA,30.14,30.14,244013.0,12899.35,48.878
2026-09-25,PSGYO,1.96,1.96,191321910.0,12899.35,48.878
2026-09-25,QNBTR,166.0,166.0,1713452.0,12899.35,48.878
2026-09-25,QUAGR,2.21,2.21,101353283.0,12899.35,48.878
2026-09-25,QUICK,45.2,45.2,150082678.0,12899.35,48.878
2026-09-25,RALYH,117.0,117.0,3627351.0,12899.35,48.878
2026-09-25,RAYSG,130.4,130.4,14326893.0,12899.35,48.878
2026-09-25,REEDR,3.97,3.97,74825311.0,12899.35,48.878
2026-09-25,RGYAS,193.8,193.8,113090393.0,12899.35,48.878
2026-09-25,RTALB,2.01,2.01,23596198.0,12899.35,48.878
2026-09-25,RUBNS,20.1,20.1,61684061.0,12899.35,48.878
2026-09-25,RUZYE,5.18,5.18,19998991.0,12899.35,48.878
2026-09-25,RYGYO,49.9,49.9,77474397.0,12899.35,48.878
2026-09-25,RYSAS,26.24,26.24,151662482.0,12899.35,48.878
2026-09-25,SAFKR,11.18,11.18,36274385.0,12899.35,48.878
2026-09-25,SAHOL,88.25,88.25,1562257815.0,12899.35,48.878
2026-09-25,SANFM,4.82,4.82,85843153.0,12899.35,48.878
2026-09-25,SARAE,45.02,45.02,1113573179.0,12899.35,48.878
2026-09-25,SARKY,21.08,21.08,56205536.0,12899.35,48.878
2026-09-25,SASA,2.08,2.08,7342320867.0,12899.35,48.878
2026-09-25,SAYAS,45.28,45.28,39916623.0,12899.35,48.878
2026-09-25,SDTTR,16.65,16.65,63199976.0,12899.35,48.878
2026-09-25,SEGMN,27.1,27.1,26967700.0,12899.35,48.878
2026-09-25,SEGYO,2.9,2.9,4674670.0,12899.35,48.878
2026-09-25,SEKUR,3.94,3.94,1082807.0,12899.35,48.878
2026-09-25,SELEC,126.0,126.0,846342.0,12899.35,48.878
2026-09-25,SELVA,1.2,1.2,10436451.0,12899.35,48.878
2026-09-25,SISE,39.24,39.24,1002823631.0,12899.35,48.878
2026-09-25,SKBNK,5.45,5.45,274266177.0,12899.35,48.878
2026-09-25,SKTAS,2.5,2.5,11656750.0,12899.35,48.878
2026-09-25,SKYLP,68.1,68.1,894766.0,12899.35,48.878
2026-09-25,SMART,17.27,17.27,8196004.0,12899.35,48.878
2026-09-25,SMRTG,5.39,5.39,341812510.0,12899.35,48.878
2026-09-25,SMRVA,7.4,7.4,31161187.0,12899.35,48.878
2026-09-25,SNGYO,2.73,2.73,41809661.0,12899.35,48.878
2026-09-25,SNICA,2.43,2.43,9826624.0,12899.35,48.878
2026-09-25,SOKE,7.71,7.71,16831201.0,12899.35,48.878
2026-09-25,SOKM,57.25,57.25,109116114.0,12899.35,48.878
2026-09-25,SRVGY,2.18,2.18,31036722.0,12899.35,48.878
2026-09-25,SSAAT,27.84,27.84,22292539.0,12899.35,48.878
2026-09-25,SUNTK,26.9,26.9,13823640.0,12899.35,48.878
2026-09-25,SURGY,21.78,21.78,27016985.0,12899.35,48.878
2026-09-25,SUWEN,5.27,5.27,17271434.0,12899.35,48.878
2026-09-25,SVGYO,6.72,6.72,319281.0,12899.35,48.878
2026-09-25,TABGD,220.2,220.2,149186701.0,12899.35,48.878
2026-09-25,TARKM,409.75,409.75,45824168.0,12899.35,48.878
2026-09-25,TATEN,5.02,5.02,50312122.0,12899.35,48.878
2026-09-25,TATGD,16.76,16.76,20757890.0,12899.35,48.878
2026-09-25,TAVHL,272.75,272.75,487947899.0,12899.35,48.878
2026-09-25,TBORG,127.6,127.6,8336449.0,12899.35,48.878
2026-09-25,TCELL,99.95,99.95,1157488502.0,12899.35,48.878
2026-09-25,TCKRC,131.3,131.3,356592105.0,12899.35,48.878
2026-09-25,TDGYO,9.72,9.72,5472815.0,12899.35,48.878
2026-09-25,TEHOL,20.62,20.62,993348.0,12899.35,48.878
2026-09-25,TEKTU,4.89,4.89,17134428.0,12899.35,48.878
2026-09-25,TERA,96.6,96.6,659005.0,12899.35,48.878
2026-09-25,TEZOL,7.45,7.45,23409748.0,12899.35,48.878
2026-09-25,TGSAS,107.0,107.0,104800927.0,12899.35,48.878
2026-09-25,THYAO,290.75,290.75,6095182799.0,12899.35,48.878
2026-09-25,TKFEN,277.5,277.5,1396049351.0,12899.35,48.878
2026-09-25,TKNKA,67.6,67.6,5200468.0,12899.35,48.878
2026-09-25,TKNSA,13.93,13.93,39413151.0,12899.35,48.878
2026-09-25,TMPOL,124.3,124.3,785825.0,12899.35,48.878
2026-09-25,TMSN,63.6,63.6,16639006.0,12899.35,48.878
2026-09-25,TNZTP,28.9,28.9,80743855.0,12899.35,48.878
2026-09-25,TOASO,290.0,290.0,1075598396.0,12899.35,48.878
2026-09-25,TRALT,49.84,49.84,3073508667.0,12899.35,48.878
2026-09-25,TRCAS,45.5,45.5,15000322.0,12899.35,48.878
2026-09-25,TRENJ,105.0,105.0,87505222.0,12899.35,48.878
2026-09-25,TRGYO,91.2,91.2,41464250.0,12899.35,48.878
2026-09-25,TRHOL,1940.0,1940.0,104760.0,12899.35,48.878
2026-09-25,TRILC,0.9,0.9,2670204.0,12899.35,48.878
2026-09-25,TRMET,140.4,140.4,950077143.0,12899.35,48.878
2026-09-25,TSGYO,5.07,5.07,3161061.0,12899.35,48.878
2026-09-25,TSKB,10.35,10.35,148246667.0,12899.35,48.878
2026-09-25,TSPOR,0.89,0.89,165637919.0,12899.35,48.878
2026-09-25,TTKOM,54.65,54.65,1219332020.0,12899.35,48.878
2026-09-25,TTRAK,407.0,407.0,16758300.0,12899.35,48.878
2026-09-25,TUCLK,4.37,4.37,95400988.0,12899.35,48.878
2026-09-25,TUKAS,2.29,2.29,458004017.0,12899.35,48.878
2026-09-25,TUPRS,406.0,406.0,6788109365.0,12899.35,48.878
2026-09-25,TUREX,6.0,6.0,135699468.0,12899.35,48.878
2026-09-25,TURGG,25.18,25.18,6351891.0,12899.35,48.878
2026-09-25,TURSG,5.89,5.89,390670699.0,12899.35,48.878
2026-09-25,UCAYM,17.0,17.0,30408866.0,12899.35,48.878
2026-09-25,UFUK,601.5,601.5,1812921.0,12899.35,48.878
2026-09-25,ULKER,88.1,88.1,165419844.0,12899.35,48.878
2026-09-25,ULUFA,1.48,1.48,28639701.0,12899.35,48.878
2026-09-25,ULUUN,7.12,7.12,26294726.0,12899.35,48.878
2026-09-25,USAK,0.66,0.66,31169829.0,12899.35,48.878
2026-09-25,VAKBN,33.8,33.8,937864190.0,12899.35,48.878
2026-09-25,VAKFA,9.55,9.55,36792290.0,12899.35,48.878
2026-09-25,VAKFN,1.0,1.0,15336189.0,12899.35,48.878
2026-09-25,VAKKO,62.4,62.4,4593096.0,12899.35,48.878
2026-09-25,VANGD,60.7,60.7,4781418.0,12899.35,48.878
2026-09-25,VBTYZ,27.78,27.78,29158727.0,12899.35,48.878
2026-09-25,VERUS,423.0,423.0,27257597.0,12899.35,48.878
2026-09-25,VESBE,4.6,4.6,66031856.0,12899.35,48.878
2026-09-25,VESTL,20.44,20.44,176520556.0,12899.35,48.878
2026-09-25,VEYAS,88.35,88.35,104545585.0,12899.35,48.878
2026-09-25,VKGYO,1.69,1.69,27002361.0,12899.35,48.878
2026-09-25,VRGYO,1.26,1.26,37843142.0,12899.35,48.878
2026-09-25,VSNMD,30.76,30.76,18603326.0,12899.35,48.878
2026-09-25,YAPRK,9.11,9.11,13097714.0,12899.35,48.878
2026-09-25,YATAS,26.62,26.62,13914950.0,12899.35,48.878
2026-09-25,YEOTK,31.2,31.2,546024957.0,12899.35,48.878
2026-09-25,YGGYO,212.0,212.0,16210329.0,12899.35,48.878
2026-09-25,YIGIT,18.5,18.5,26305315.0,12899.35,48.878
2026-09-25,YKBNK,35.78,35.78,3217382257.0,12899.35,48.878
2026-09-25,YKSLN,2.48,2.48,65808064.0,12899.35,48.878
2026-09-25,YUNSA,6.79,6.79,30252288.0,12899.35,48.878
2026-09-25,YYLGD,8.7,8.7,28820823.0,12899.35,48.878
2026-09-25,ZERGY,7.38,7.38,43491900.0,12899.35,48.878
2026-09-25,ZGYO,17.83,17.83,115073402.0,12899.35,48.878
2026-09-25,ZOREN,2.06,2.06,58491594.0,12899.35,48.878
2026-09-25,ZRGYO,19.41,19.41,24841193.0,12899.35,48.878
