fonKodu,fonAd,kategori,semsiye,kurucu,riskDegeri,g1y,g3y,g5y
AAL,ATA PORTFÖY PARA PİYASASI (TL) FONU,Para Piyasası,Para Piyasası Şemsiye Fonu,ATA PORTFÖY,1.0,0.429986,2.462667,3.980062
AAS,ATA PORTFÖY FON SEPETİ SERBEST FONU,Fon Sepeti,Serbest Şemsiye Fonu,ATA PORTFÖY,5.0,0.3982509999999999,1.330597,2.710831
AAV,ATA PORTFÖY İKİNCİ HİSSE SENEDİ (TL) FONU (HİSSE SENEDİ YOĞUN FON),Hisse Senedi,Hisse Senedi Şemsiye Fonu,ATA PORTFÖY,6.0,0.265637,0.903255,12.14168
ABG,ATLAS PORTFÖY DÖRDÜNCÜ SERBEST (TL) FON,Serbest,,ATLAS PORTFÖY,,,,
ABJ,ALLBATROSS PORTFÖY BENZ HİSSE SENEDİ SERBEST (TL) ÖZEL FON (HİSSE SENEDİ YOĞUN FON),Hisse Senedi,,ALLBATROSS PORTFÖY,,,,
ABU,AK PORTFÖY BİREBİR BANKACILIK DEĞİŞKEN ÖZEL FON,Değişken,,AK PORTFÖY,,,,
AC1,PARDUS PORTFÖY KISA VADELİ KATILIM SERBEST FONU,Kısa Vadeli Borçlanma,Serbest Şemsiye Fonu,PARDUS PORTFÖY,2.0,0.4495519999999999,2.204937,
AC2,PARDUS PORTFÖY İKİNCİ SERBEST FON,Serbest,,PARDUS PORTFÖY,,,,
AC3,PARDUS PORTFÖY ÜÇÜNCÜ SERBEST (DÖVİZ) FON,Serbest,,PARDUS PORTFÖY,,,,
AC4,PARDUS PORTFÖY PARA PİYASASI (TL) FON,Para Piyasası,Para Piyasası Şemsiye Fonu,PARDUS PORTFÖY,1.0,0.501394,2.705935,
AC5,PARDUS PORTFÖY İSTATİSTİKSEL ARBİTRAJ HİSSE SENEDİ SERBEST (TL) FON (HİSSE SENEDİ YOĞUN FON),Hisse Senedi,Serbest Şemsiye Fonu,PARDUS PORTFÖY,3.0,0.349559,1.6930170000000002,
AC6,PARDUS PORTFÖY DÖRDÜNCÜ SERBEST (DÖVİZ) FON,Serbest,Serbest Şemsiye Fonu,PARDUS PORTFÖY,6.0,0.1584259999999999,1.087459,
AC7,PARDUS PORTFÖY BİRİNCİ HİSSE SENEDİ SERBEST (TL) FON (HİSSE SENEDİ YOĞUN FON),Hisse Senedi,,PARDUS PORTFÖY,,,,
AC8,PARDUS PORTFÖY İKİNCİ HİSSE SENEDİ SERBEST (TL) FON (HİSSE SENEDİ YOĞUN FON),Hisse Senedi,,PARDUS PORTFÖY,,,,
ACC,İSTANBUL PORTFÖY DÖRDÜNCÜ HİSSE SENEDİ FONU (HİSSE SENEDİ YOĞUN),Hisse Senedi,Hisse Senedi Şemsiye Fonu,İSTANBUL PORTFÖY,6.0,0.324134,1.357471,13.915217
ACD,İSTANBUL PORTFÖY İKİNCİ DEĞİŞKEN FON,Değişken,Değişken Şemsiye Fonu,İSTANBUL PORTFÖY,5.0,0.373764,1.7559360000000002,12.189229
ACN,İSTANBUL PORTFÖY LİDYA SERBEST (DÖVİZ) FON,Serbest,,İSTANBUL PORTFÖY,,,,
ACU,İSTANBUL PORTFÖY URARTU SERBEST (DÖVİZ) FON,Serbest,Serbest Şemsiye Fonu,İSTANBUL PORTFÖY,5.0,0.244874,1.101983,4.575826
ADE,AK PORTFÖY MUTLAK GETİRİ HEDEFLİ DEĞİŞKEN FON,Değişken,Değişken Şemsiye Fonu,AK PORTFÖY,4.0,0.268924,1.949131,3.319448
ADP,AK PORTFÖY BIST BANKA ENDEKSİ HİSSE SENEDİ (TL) FONU (HİSSE SENEDİ YOĞUN FON),Hisse Senedi,Hisse Senedi Şemsiye Fonu,AK PORTFÖY,,0.158102,1.318577,12.213771
AED,ATA PORTFÖY BİRİNCİ DEĞİŞKEN FON,Değişken,Değişken Şemsiye Fonu,ATA PORTFÖY,5.0,0.422935,1.452037,9.131344
AES,AK PORTFÖY PETROL YABANCI BYF FON SEPETİ FONU,Fon Sepeti,Fon Sepeti Şemsiye Fonu,AK PORTFÖY,7.0,0.916275,1.6150479999999998,10.702924
AEV,ALLBATROSS PORTFÖY SANAYİ ŞİRKETLERİ HİSSE SENEDİ (TL) FONU (HİSSE SENEDİ YOĞUN FON),Hisse Senedi,Hisse Senedi Şemsiye Fonu,ALLBATROSS PORTFÖY,6.0,0.5120439999999999,1.13258,
AFA,AK PORTFÖY AMERİKA YABANCI HİSSE SENEDİ FONU,Hisse Senedi,Hisse Senedi Şemsiye Fonu,AK PORTFÖY,6.0,0.438557,2.10668,8.228062
AFO,AK PORTFÖY ALTIN FONU,Kıymetli Madenler,Kıymetli Madenler Şemsiye Fonu,AK PORTFÖY,6.0,0.442951,2.709804,11.594824
AFS,AK PORTFÖY SAĞLIK SEKTÖRÜ YABANCI HİSSE SENEDİ FONU,Hisse Senedi,Hisse Senedi Şemsiye Fonu,AK PORTFÖY,,0.393695,1.013305,4.718444
AFT,AK PORTFÖY YENİ TEKNOLOJİLER YABANCI HİSSE SENEDİ FONU,Hisse Senedi,Hisse Senedi Şemsiye Fonu,AK PORTFÖY,6.0,0.404398,2.266197,8.36068
AFV,AK PORTFÖY AVRUPA YABANCI HİSSE SENEDİ FONU,Hisse Senedi,Hisse Senedi Şemsiye Fonu,AK PORTFÖY,6.0,0.392364,1.652144,7.581404
AGC,AK PORTFÖY İKİNCİ DEĞİŞKEN FON,Değişken,Değişken Şemsiye Fonu,AK PORTFÖY,2.0,0.276416,1.28269,5.363696999999999
AHH,AZİMUT PORTFÖY DİNAMİK DAĞIMLI SERBEST FON,Serbest,,AZİMUT PORTFÖY,,,,
AHI,ATLAS PORTFÖY BİRİNCİ HİSSE SENEDİ FONU(HİSSE SENEDİ YOĞUN),Hisse Senedi,Hisse Senedi Şemsiye Fonu,ATLAS PORTFÖY,6.0,0.376711,1.255996,14.446583
AHN,ATLAS PORTFÖY SERBEST(DÖVİZ)FON,Serbest,Serbest Şemsiye Fonu,ATLAS PORTFÖY,7.0,0.174195,1.071501,6.043273
AHU,ATLAS PORTFÖY BİRİNCİ ÖZEL SEKTÖR BORÇLANMA ARAÇLARI FONU,Borçlanma Araçları,Borçlanma Araçları Şemsiye Fonu,ATLAS PORTFÖY,1.0,0.433286,2.51626,4.755518
AHV,AZİMUT PORTFÖY DENGELİ FON SEPETİ FONU,Fon Sepeti,Fon Sepeti Şemsiye Fonu,AZİMUT PORTFÖY,4.0,0.468258,1.882362,8.19429
AHZ,AZİMUT PORTFÖY ATAK FON SEPETİ SERBEST FON,Fon Sepeti,,AZİMUT PORTFÖY,,,,
AI1,ATA PORTFÖY BİRİNCİ İSTATİSTİKSEL ARBİTRAJ SERBEST FON,Serbest,,ATA PORTFÖY,,,,
AIH,AK PORTFÖY RTH HİSSE SENEDİ SERBEST ÖZEL FON (HİSSE SENEDİ YOĞUN FON),Hisse Senedi,,AK PORTFÖY,,,,
AII,AZİMUT PORTFÖY ÇINAR SERBEST (DÖVİZ) ÖZEL FON,Serbest,,AZİMUT PORTFÖY,,,,
AIM,AK PORTFÖY MİMKA HİSSE SENEDİ SERBEST ÖZEL FON (HİSSE SENEDİ YOĞUN FON),Hisse Senedi,,AK PORTFÖY,,,,
AIR,AZİMUT PORTFÖY ESİN SERBEST (DÖVİZ) ÖZEL FON,Serbest,,AZİMUT PORTFÖY,,,,
AIS,AK PORTFÖY PARA PİYASASI KATILIM FONU,Para Piyasası,Katılım Şemsiye Fonu,AK PORTFÖY,1.0,0.472331,2.180445,3.763719
AJ1,A1 CAPİTAL PORTFÖY İSTATİSTİKSEL ARBİTRAJ HİSSE SENEDİ SERBEST FON (HİSSE SENEDİ YOĞUN FON),Hisse Senedi,Serbest Şemsiye Fonu,A1 CAPİTAL PORTFÖY,2.0,,,
AJE,AK PORTFÖY ÜÇÜNCÜ SERBEST ( DÖVİZ ) FON,Serbest,,AK PORTFÖY,,,,
AJK,AK PORTFÖY 0-5 YIL VADELİ SERBEST (DÖVİZ) FON,Serbest,Serbest Şemsiye Fonu,AK PORTFÖY,,0.218495,0.8796970000000001,5.316269999999999
AJL,AK PORTFÖY BEŞİNCİ SERBEST (DÖVİZ) FON,Serbest,,AK PORTFÖY,,,,
AJN,AK PORTFÖY DÖRDÜNCÜ SERBEST (DÖVIZ) FON,Serbest,,AK PORTFÖY,,,,
AK2,AK PORTFÖY UZUN VADELİ BORÇLANMA ARAÇLARI FONU,Borçlanma Araçları,Borçlanma Araçları Şemsiye Fonu,AK PORTFÖY,5.0,0.299617,0.7686750000000001,1.321975
AK3,AK PORTFÖY HİSSE SENEDİ (TL) FONU (HİSSE SENEDİ YOĞUN FON),Hisse Senedi,Hisse Senedi Şemsiye Fonu,AK PORTFÖY,6.0,0.409091,1.63648,15.012264
AKE,AK PORTFÖY EUROBOND (AMERİKAN DOLARI) BORÇLANMA ARAÇLARI FONU,Borçlanma Araçları,Borçlanma Araçları Şemsiye Fonu,AK PORTFÖY,5.0,0.2301689999999999,1.251324,6.130879
AKU,AK PORTFÖY BIST 30 ENDEKSİ HİSSE SENEDİ (TL) FONU (HİSSE SENEDİ YOĞUN FON),Hisse Senedi,Hisse Senedi Şemsiye Fonu,AK PORTFÖY,6.0,0.432089,1.056206,9.780534
AL4,ALBARAKA PORTFÖY ALBARAKA TÜRK KISA VADELİ KATILIM SERBEST (TL) FON,Kısa Vadeli Borçlanma,,ALBARAKA PORTFÖY,,,,
AL5,ALBARAKA PORTFÖY KATILIM SERBEST (DÖVİZ) FON,Katılım,,ALBARAKA PORTFÖY,,,,
AL6,ALBARAKA PORTFÖY VAKIF KATILIM KISA VADELİ KATILIM SERBEST (TL) FON,Kısa Vadeli Borçlanma,,ALBARAKA PORTFÖY,,,,
AL7,ALBARAKA PORTFÖY İKİNCİ KISA VADELİ KATILIM SERBEST (TL) FON,Kısa Vadeli Borçlanma,,ALBARAKA PORTFÖY,,,,
ALC,AK PORTFÖY KAR PAYI ÖDEYEN ŞİRKETLER HİSSE SENEDİ (TL) FONU (HİSSE SENEDİ YOĞUN FON),Hisse Senedi,Hisse Senedi Şemsiye Fonu,AK PORTFÖY,6.0,0.423892,1.6197229999999998,10.003192
ALE,AK PORTFÖY PARA PİYASASI (TL) FONU,Para Piyasası,,AK PORTFÖY,,,,
AN1,STRATEJİ PORTFÖY BİRİNCİ DEĞİŞKEN FON,Değişken,Değişken Şemsiye Fonu,STRATEJİ PORTFÖY,,0.428019,2.092237,10.757204
ANL,AK PORTFÖY ALTERNATİF BANK PARA PİYASASI (TL)FONU,Para Piyasası,,AK PORTFÖY,,,,
ANZ,ATA PORTFÖY DÖRDÜNCÜ SERBEST (DÖVİZ) FON,Serbest,Serbest Şemsiye Fonu,ATA PORTFÖY,,0.220767,1.17794,6.344075
AOJ,ALLBATROSS PORTFÖY İNŞAAT SEKTÖRÜ HİSSE SENEDİ SERBEST (TL) FON (HİSSE SENEDİ YOĞUN FON),Hisse Senedi,Serbest Şemsiye Fonu,ALLBATROSS PORTFÖY,6.0,0.0948199999999999,0.657911,
AOY,AK PORTFÖY ALTERNATİF ENERJİ YABANCI HİSSE SENEDİ FONU,Hisse Senedi,Hisse Senedi Şemsiye Fonu,AK PORTFÖY,7.0,0.443739,0.666316,2.333374
AP2,ATLAS PORTFÖY BEŞİNCİ SERBEST (TL) FON,Serbest,,ATLAS PORTFÖY,,,,
AP4,ATLAS PORTFÖY DÖRDÜNCÜ HİSSE SENEDİ SERBEST FON (HİSSE SENEDİ YOĞUN FON),Hisse Senedi,,ATLAS PORTFÖY,,,,
AP5,ATLAS PORTFÖY BEŞİNCİ HİSSE SENEDİ SERBEST FON (HİSSE SENEDİ YOĞUN FON),Hisse Senedi,Serbest Şemsiye Fonu,ATLAS PORTFÖY,6.0,-0.1903979999999999,,
AP6,PARDUS PORTFÖY ALTINCI HİSSE SENEDİ SERBEST (TL) FON (HİSSE SENEDİ YOĞUN FON),Hisse Senedi,,PARDUS PORTFÖY,,,,
AP7,PARDUS PORTFÖY ALGO ETNA İSTATİSTİKSEL ARBİTRAJ SERBEST FON,Serbest,Serbest Şemsiye Fonu,PARDUS PORTFÖY,3.0,0.466727,,
APJ,AK PORTFÖY BIST ŞİRKETLERİ FON SEPETİ FONU,Fon Sepeti,Fon Sepeti Şemsiye Fonu,AK PORTFÖY,6.0,0.246035,0.934903,2.869492
APP,AK PORTFÖY P1 SERBEST ÖZEL FON,Serbest,,AK PORTFÖY,,,,
APT,AK PORTFÖY ORTA VADELI BORÇLANMA ARAÇLARI FONU,Borçlanma Araçları,Borçlanma Araçları Şemsiye Fonu,AK PORTFÖY,3.0,0.349074,1.217675,2.004423
ARE,İSTANBUL PORTFÖY YABANCI HİSSE SENEDİ FONU,Hisse Senedi,Hisse Senedi Şemsiye Fonu,İSTANBUL PORTFÖY,6.0,0.519319,1.284616,4.111061
ARF,AK PORTFÖY ÖPY İKİNCİ SERBEST (TL) ÖZEL FON,Serbest,,AK PORTFÖY,,,,
ARL,AK PORTFÖY BİRİNCİ FON SEPETİ FONU,Fon Sepeti,Fon Sepeti Şemsiye Fonu,AK PORTFÖY,,0.3528,1.998662,5.386472
ARM,AK PORTFÖY İKİNCİ FON SEPETİ FONU,Fon Sepeti,Fon Sepeti Şemsiye Fonu,AK PORTFÖY,,0.3181879999999999,1.779864,5.890016
ARP,AK PORTFÖY ÖPY BİRİNCİ SERBEST ÖZEL FON,Serbest,,AK PORTFÖY,,,,
AS1,ALLBATROSS PORTFÖY BİRİNCİ SERBEST (DÖVİZ) FON,Serbest,Serbest Şemsiye Fonu,ALLBATROSS PORTFÖY,5.0,0.061969,,
AS3,ALLBATROSS PORTFÖY ATLAS SERBEST FON,Serbest,,ALLBATROSS PORTFÖY,,,,
ASJ,AKTİF PORTFÖY HİSSE SENEDİ (TL) FONU (HİSSE SENEDİ YOĞUN FON),Hisse Senedi,Hisse Senedi Şemsiye Fonu,AKTİF PORTFÖY,6.0,0.331242,1.186315,
ATJ,AZİMUT PORTFÖY İKİNCİ DEĞİŞKEN FON,Değişken,Değişken Şemsiye Fonu,AZİMUT PORTFÖY,6.0,0.378423,1.271407,14.850185
AU1,A1 CAPİTAL PORTFÖY ALTIN FONU,Kıymetli Madenler,Kıymetli Madenler Şemsiye Fonu,A1 CAPİTAL PORTFÖY,6.0,,,
AUV,AK PORTFÖY UZUN VADELİ SERBEST (DÖVİZ) FON,Serbest,Serbest Şemsiye Fonu,AK PORTFÖY,,0.2354329999999999,,
AVC,ATA PORTFÖY İKİNCİ SERBEST (TL) FON,Serbest,,ATA PORTFÖY,,,,
AVT,AK PORTFÖY KISA VADELİ BORÇLANMA ARAÇLARI (TL) FONU,Kısa Vadeli Borçlanma,,AK PORTFÖY,,,,
AVZ,AK PORTFÖY EMS SERBEST ( DÖVİZ ) ÖZEL FON,Serbest,,AK PORTFÖY,,,,
AY6,AZİMUT PORTFÖY 26.0 SERBEST FON,Serbest,,AZİMUT PORTFÖY,,,,
AY7,AZİMUT PORTFÖY 27.0 SERBEST FON,Serbest,,AZİMUT PORTFÖY,,,,
AYA,ATA PORTFÖY KAR PAYI ÖDEYEN HİSSE SENEDİ (TL) FONU (HİSSE SENEDİ YOĞUN FON),Hisse Senedi,Hisse Senedi Şemsiye Fonu,ATA PORTFÖY,6.0,0.223933,0.716117,6.273002
AYR,AK PORTFÖY ÖZEL SEKTÖR BORÇLANMA ARAÇLARI (TL) FONU,Borçlanma Araçları,Borçlanma Araçları Şemsiye Fonu,AK PORTFÖY,1.0,0.459825,2.373604,4.090394
AZF,AK PORTFÖY PY ÖZEL SEKTÖR BORÇLANMA ARAÇLARI (TL) ÖZEL FONU,Borçlanma Araçları,,AK PORTFÖY,,,,
AZJ,AZİMUT PYŞ STRATEJİ-1 SERBEST FON,Serbest,,AZİMUT PORTFÖY,,,,
AZV,AZİMUT PORTFÖY BKS SERBEST (DÖVİZ) ÖZEL FON,Serbest,,AZİMUT PORTFÖY,,,,
AZZ,AK PORTFÖY ÖPY MUTLAK GETİRİ HEDEFLİ SERBEST (DÖVİZ) ÖZEL FON,Serbest,,AK PORTFÖY,,,,
BA1,GLOBAL MD PORTFÖY BİRİNCİ SERBEST FON,Serbest,,GLOBAL MD PORTFÖY,,,,
BAC,ATLAS PORTFÖY BİRİNCİ HİSSE SENEDİ SERBEST FON (HİSSE SENEDİ YOĞUN FON),Hisse Senedi,,ATLAS PORTFÖY,,,,
BAG,BULLS PORTFÖY ATAK DEĞIŞKEN FON,Diğer,Değişken Şemsiye Fonu,BULLS PORTFÖY,4.0,,,
BAI,BV PORTFÖY ALTIN KATILIM FONU,Kıymetli Madenler,Katılım Şemsiye Fonu,BV PORTFÖY,6.0,,,
BAL,QNB PORTFÖY BALY SERBEST (DÖVİZ) ÖZEL FON,Serbest,,QNB PORTFÖY,,,,
BAO,AZİMUT PORTFÖY BARKIN SERBEST (TL) ÖZEL FON,Serbest,,AZİMUT PORTFÖY,,,,
BAS,İŞ PORTFÖY BAŞAK SERBEST (DÖVİZ) ÖZEL FON,Serbest,,İŞ PORTFÖY,,,,
BBF,PARDUS PORTFÖY BİRİNCİ BORÇLANMA ARAÇLARI (TL) FONU,Borçlanma Araçları,Borçlanma Araçları Şemsiye Fonu,PARDUS PORTFÖY,2.0,0.547975,,
BBI,ALLBATROSS PORTFÖY BİANCO SERBEST (TL) FON,Serbest,,ALLBATROSS PORTFÖY,,,,
BBN,BULLS PORTFÖY BİRİNCİ HİSSE SENEDİ SERBEST (TL) FON (HİSSE SENEDİ YOĞUN FON),Hisse Senedi,,BULLS PORTFÖY,,,,
BBO,BULLS PORTFÖY BANKACILIK SEKTÖRÜ DIŞI ŞİRKETLER HİSSE SENEDİ SERBEST FON (HİSSE SENEDİ YOĞUN FON),Hisse Senedi,,BULLS PORTFÖY,,,,
BBP,ALLBATROSS PORTFÖY BİRİNCİ BORÇLANMA ARAÇLARI FONU,Borçlanma Araçları,Borçlanma Araçları Şemsiye Fonu,ALLBATROSS PORTFÖY,4.0,0.580963,,
BBS,BULLS PORTFÖY BİRİNCİ SERBEST (TL) FON,Serbest,Serbest Şemsiye Fonu,BULLS PORTFÖY,2.0,0.628397,,
BCC,ASTRA PORTFÖY BCC SERBEST (DÖVİZ) ÖZEL FON,Serbest,,ASTRA PORTFÖY,,,,
BCK,DENİZ PORTFÖY BLOCKCHAİN VE FINTECH TEKNOLOJİLERİ DEĞİŞKEN FON,Değişken,Değişken Şemsiye Fonu,DENİZ PORTFÖY,6.0,0.4996,,
BCO,BULLS PORTFÖY ÇOKLU VARLIK KATILIM FONU,Katılım,Katılım Şemsiye Fonu,BULLS PORTFÖY,6.0,0.712965,,
BDA,YAPI KREDİ PORTFÖY BİRİNCİ KATILIM SERBEST (DÖVİZ-AVRO) FON,Katılım,Serbest Şemsiye Fonu,YAPI KREDİ PORTFÖY,,,,
BDC,AURA PORTFÖY BODRUM SERBEST FON,Serbest,Serbest Şemsiye Fonu,AURA PORTFÖY,5.0,0.066869,2.219802,
BDI,PARDUS PORTFÖY BIST 50 DIŞI ŞİRKETLER HİSSE SENEDİ SERBEST (TL) FON (HİSSE SENEDİ YOĞUN FON),Hisse Senedi,,PARDUS PORTFÖY,,,,
BDO,BULLS PORTFÖY DÖRDÜNCÜ HİSSE SENEDİ SERBEST FON (HİSSE SENEDİ YOĞUN FON),Hisse Senedi,,BULLS PORTFÖY,,,,
BDS,PARDUS PORTFÖY BIST 30 DIŞI ŞİRKETLER HİSSE SENEDİ (TL) FONU (HİSSE SENEDİ YOĞUN FON),Hisse Senedi,Hisse Senedi Şemsiye Fonu,PARDUS PORTFÖY,6.0,-0.1600639999999999,,
BDY,AK PORTFÖY BIST 100 DIŞI ŞİRKETLER HİSSE SENEDİ (TL) FONU (HİSSE SENEDİ YOĞUN FON),Hisse Senedi,Hisse Senedi Şemsiye Fonu,AK PORTFÖY,6.0,0.26144,,
BFE,ALLBATROSS PORTFÖY BİRİNCİ FON SEPETİ FONU,Fon Sepeti,Fon Sepeti Şemsiye Fonu,ALLBATROSS PORTFÖY,5.0,0.300776,,
BFO,İŞ PORTFÖY BFO1 SERBEST (DÖVİZ) ÖZEL FON,Serbest,,İŞ PORTFÖY,,,,
BFS,BULLS PORTFÖY EMTİA FON SEPETİ FONU,Fon Sepeti,Fon Sepeti Şemsiye Fonu,BULLS PORTFÖY,6.0,,,
BFT,AZİMUT PORTFÖY BANKA VE FİNANS SEKTÖRÜ HİSSE SENEDİ FONU (HİSSE SENEDİ YOĞUN FON),Hisse Senedi,Hisse Senedi Şemsiye Fonu,AZİMUT PORTFÖY,6.0,0.238205,,
BGH,AZİMUT PORTFÖY BGN HİSSE SENEDİ SERBEST ÖZEL FON (HİSSE SENEDİ YOĞUN FON),Hisse Senedi,,AZİMUT PORTFÖY,,,,
BGP,AK PORTFÖY ÜÇÜNCÜ PARA PİYASASI (TL) FONU,Para Piyasası,Para Piyasası Şemsiye Fonu,AK PORTFÖY,1.0,0.471045,2.636047,4.518576
BGR,AK PORTFÖY BIST GYO ENDEKSİ HİSSE SENEDİ (TL) FONU (HİSSE SENEDİ YOĞUN FON),Hisse Senedi,Hisse Senedi Şemsiye Fonu,AK PORTFÖY,6.0,,,
BHA,BULLS PORTFÖY HİSSE SENEDİ (TL) FONU (HİSSE SENEDİ YOĞUN FON),Hisse Senedi,Hisse Senedi Şemsiye Fonu,BULLS PORTFÖY,6.0,0.535292,,
BHE,AK PORTFÖY BİRİNCİ HİSSE SENEDİ SERBEST FON (HİSSE SENEDİ YOĞUN FON),Hisse Senedi,Serbest Şemsiye Fonu,AK PORTFÖY,,0.299626,,
BHF,PARDUS PORTFÖY BİRİNCİ DEĞİŞKEN FON,Değişken,Değişken Şemsiye Fonu,PARDUS PORTFÖY,5.0,0.4457139999999999,,
BHH,PARDUS PORTFÖY BEŞİNCİ HİSSE SENEDİ SERBEST (TL) FON (HİSSE SENEDİ YOĞUN FON),Hisse Senedi,,PARDUS PORTFÖY,,,,
BHI,BV PORTFÖY MUTLAK GETİRİ HEDEFLİ HİSSE SENEDİ SERBEST (TL) FON (HİSSE SENEDİ YOĞUN FON),Hisse Senedi,Serbest Şemsiye Fonu,BV PORTFÖY,3.0,0.444578,,
BHL,İŞ PORTFÖY BİRİNCİ HİSSE SENEDİ SERBEST FON (HİSSE SENEDİ YOĞUN FON),Hisse Senedi,Serbest Şemsiye Fonu,İŞ PORTFÖY,6.0,0.333579,,
BHN,A1 CAPİTAL PORTFÖY BANKACILIK SEKTÖRÜ DIŞI ŞİRKETLER HİSSE SENEDİ SERBEST (TL) FON (HİSSE SENEDİ YOĞUN FON),Hisse Senedi,,A1 CAPİTAL PORTFÖY,,,,
BHO,AZİMUT PORTFÖY BİRİNCİ PY HİSSE SENEDİ SERBEST ÖZEL FON (HİSSE SENEDİ YOĞUN FON),Hisse Senedi,,AZİMUT PORTFÖY,,,,
BI5,BULLS PORTFÖY BIST 50 DIŞI ŞİRKETLER HİSSE SENEDİ SERBEST FON (HİSSE SENEDİ YOĞUN FON),Hisse Senedi,,BULLS PORTFÖY,,,,
BIA,TRİVE PORTFÖY İSTATİSTİKSEL ARBİTRAJ HİSSE SENEDİ SERBEST FON (HİSSE SENEDİ YOĞUN FON),Hisse Senedi,,TRIVE PORTFÖY,,,,
BID,QNB PORTFÖY BIST 100 DIŞI ŞİRKETLER HİSSE SENEDİ (TL) FONU (HİSSE SENEDİ YOĞUN FON),Hisse Senedi,Hisse Senedi Şemsiye Fonu,QNB PORTFÖY,6.0,0.119387,0.801412,
BIG,YAPI KREDİ PORTFÖY ÜÇÜNCÜ HİSSE SENEDİ FONU (HİSSE SENEDİ YOĞUN FON),Hisse Senedi,Hisse Senedi Şemsiye Fonu,YAPI KREDİ PORTFÖY,6.0,0.321775,,
BIH,PARDUS PORTFÖY BİRİNCİ HİSSE SENEDİ (TL) FONU (HİSSE SENEDİ YOĞUN FON),Hisse Senedi,Hisse Senedi Şemsiye Fonu,PARDUS PORTFÖY,6.0,0.892084,,
BIK,BULLS PORTFÖY İKİNCİ HİSSE SENEDİ SERBEST (TL) FON (HİSSE SENEDİ YOĞUN FON),Hisse Senedi,,BULLS PORTFÖY,,,,
BIO,İŞ PORTFÖY SÜRDÜRÜLEBİLİRLİK HİSSE SENEDİ (TL) FONU (HİSSE SENEDİ YOĞUN FON),Hisse Senedi,Hisse Senedi Şemsiye Fonu,İŞ PORTFÖY,6.0,0.194455,,
BIP,İSTANBUL PORTFÖY BİRİNCİ PARA PİYASASI SERBEST (TL) FON,Para Piyasası,Serbest Şemsiye Fonu,İSTANBUL PORTFÖY,2.0,0.478626,,
BIS,BV PORTFÖY BİRİNCİ SERBEST FON,Serbest,Serbest Şemsiye Fonu,BV PORTFÖY,5.0,0.284338,,
BIY,AZİMUT PORTFÖY BIST 100 DIŞI ŞİRKETLER HİSSE SENEDİ FONU (HİSSE SENEDİ YOĞUN FON),Hisse Senedi,Hisse Senedi Şemsiye Fonu,AZİMUT PORTFÖY,,,,
BJD,AZİMUT PORTFÖY 13.0 SERBEST (DÖVİZ) FON,Serbest,Serbest Şemsiye Fonu,AZİMUT PORTFÖY,,0.208017,0.943447,5.416446
BKO,AZİMUT PORTFÖY BİRİNCİ KATILIM SERBEST ÖZEL FON,Katılım,,AZİMUT PORTFÖY,,,,
BKY,YAPI KREDİ PORTFÖY BİRİNCİ KATILIM SERBEST (DÖVİZ) FON,Katılım,Serbest Şemsiye Fonu,YAPI KREDİ PORTFÖY,,,,
BLA,BULLS PORTFÖY ALGORİTMİK HİSSE SENEDİ SERBEST (TL) FON (HİSSE SENEDİ YOĞUN FON),Hisse Senedi,,BULLS PORTFÖY,,,,
BLD,DENİZ PORTFÖY BALEV EĞİTİME DESTEK SERBEST FON,Serbest,Serbest Şemsiye Fonu,DENİZ PORTFÖY,2.0,0.458542,,
BLT,BULLS PORTFÖY ALTIN FONU,Kıymetli Madenler,Kıymetli Madenler Şemsiye Fonu,BULLS PORTFÖY,6.0,0.6954250000000001,,
BMU,BULLS PORTFÖY MUTLAK GETİRİ HEDEFLİ HİSSE SENEDİ SERBEST FON (HİSSE SENEDİ YOĞUN FON),Hisse Senedi,Serbest Şemsiye Fonu,BULLS PORTFÖY,7.0,1.481376,,
BNC,AK PORTFÖY BEŞİNCİ SERBEST FON,Serbest,Serbest Şemsiye Fonu,AK PORTFÖY,4.0,0.3732,,
BNH,İSTANBUL PORTFÖY BANKACILIK SEKTÖRÜ HİSSE SENEDİ SERBEST (TL) FON (HİSSE SENEDİ YOĞUN FON),Hisse Senedi,Serbest Şemsiye Fonu,İSTANBUL PORTFÖY,7.0,0.118855,,
BOH,BULLS PORTFÖY BIST 30 DIŞI ŞİRKETLER HİSSE SENEDİ SERBEST FON (HİSSE SENEDİ YOĞUN FON),Hisse Senedi,,BULLS PORTFÖY,,,,
BOL,AKTİF PORTFÖY BORÇLANMA ARAÇLARI FONU,Borçlanma Araçları,Borçlanma Araçları Şemsiye Fonu,AKTİF PORTFÖY,3.0,0.39908,,
BON,A1 CAPİTAL PORTFÖY BORÇLANMA ARAÇLARI FONU,Borçlanma Araçları,Borçlanma Araçları Şemsiye Fonu,A1 CAPİTAL PORTFÖY,5.0,,,
BOP,İŞ PORTFÖY ÖPY BİRİNCİ SERBEST (DÖVİZ) ÖZEL FON,Serbest,,İŞ PORTFÖY,,,,
BOS,BULLS PORTFÖY ALTINCI HİSSE SENEDİ SERBEST FON (HİSSE SENEDİ YOĞUN FON),Hisse Senedi,Serbest Şemsiye Fonu,BULLS PORTFÖY,6.0,,,
BP5,BULLS PORTFÖY BEŞİNCİ HİSSE SENEDİ SERBEST FON (HİSSE SENEDİ YOĞUN FON),Hisse Senedi,,BULLS PORTFÖY,,,,
BPD,BULLS PORTFÖY BİRİNCİ SERBEST (DÖVİZ) FON,Serbest,,BULLS PORTFÖY,,,,
BPV,BTCTURK PORTFÖY PARA PİYASASI (TL) FONU,Para Piyasası,,BTCTURK PORTFÖY,,,,
BPZ,BULLS PORTFÖY PARA PİYASASI (TL) FONU,Para Piyasası,Para Piyasası Şemsiye Fonu,BULLS PORTFÖY,2.0,0.513664,,
BRB,BULLS PORTFÖY ARENA SERBEST FON,Serbest,,BULLS PORTFÖY,,,,
BRC,RE-PIE PORTFÖY BİRİNCİ İSTATİSTİKSEL ARBİTRAJ HİSSE SENEDİ SERBEST FON (HİSSE SENEDİ YOĞUN FON),Hisse Senedi,Serbest Şemsiye Fonu,RE-PIE PORTFÖY,6.0,0.345981,,
BRF,DENİZ PORTFÖY BİRİNCİ FON SEPETİ FONU,Fon Sepeti,Fon Sepeti Şemsiye Fonu,DENİZ PORTFÖY,5.0,0.478988,,
BRG,TEB PORTFÖY BURGAN BANK PARA PİYASASI (TL) FONU,Para Piyasası,,TEB PORTFÖY,,,,
BRH,İSTANBUL PORTFÖY BİRİNCİ HİSSE SENEDİ SERBEST FON (HİSSE SENEDİ YOĞUN FON),Hisse Senedi,,İSTANBUL PORTFÖY,,,,
BRR,AK PORTFÖY İKİNCİ KISA VADELİ BORÇLANMA ARAÇLARI (TL) FONU,Kısa Vadeli Borçlanma,Borçlanma Araçları Şemsiye Fonu,AK PORTFÖY,1.0,0.478615,,
BRT,PARDUS PORTFÖY BEREKET HİSSE SENEDİ SERBEST FON (HİSSE SENEDİ YOĞUN FON),Hisse Senedi,Serbest Şemsiye Fonu,PARDUS PORTFÖY,6.0,-0.4071929999999999,,
BRZ,TEB PORTFÖY BURGAZ SERBEST (DÖVİZ) ÖZEL FON,Serbest,,TEB PORTFÖY,,,,
BS1,AHLATCI PORTFÖY BİRİNCİ SERBEST (TL) FON,Serbest,Serbest Şemsiye Fonu,AHLATCI PORTFÖY,4.0,,,
BSA,İŞ PORTFÖY BAŞAK SERBEST ÖZEL FON,Serbest,,İŞ PORTFÖY,,,,
BSC,A1 CAPİTAL PORTFÖY BİRİNCİ SERBEST FON,Serbest,,A1 CAPİTAL PORTFÖY,,,,
BSD,BV PORTFÖY SERBEST (DÖVİZ) FON,Serbest,Serbest Şemsiye Fonu,BV PORTFÖY,,,,
BSE,PARDUS PORTFÖY BIST 30 DIŞI ŞİRKETLER HİSSE SENEDİ SERBEST (TL) FON (HİSSE SENEDİ YOĞUN FON),Hisse Senedi,,PARDUS PORTFÖY,,,,
BSF,İŞ PORTFÖY BİRİNCİ SERBEST ÖZEL FON,Serbest,,İŞ PORTFÖY,,,,
BSH,ATLAS PORTFÖY BANKACILIK SEKTÖRÜ HİSSE SENEDİ SERBEST FON (HİSSE SENEDİ YOĞUN FON),Hisse Senedi,Serbest Şemsiye Fonu,ATLAS PORTFÖY,7.0,0.101781,,
BSM,GLOBAL MD PORTFÖY BERRAK SERBEST FON,Serbest,Serbest Şemsiye Fonu,GLOBAL MD PORTFÖY,7.0,,,
BSN,BULLS PORTFÖY SANAYİ ŞİRKETLERİ HİSSE SENEDİ SERBEST FON (HİSSE SENEDİ YOĞUN FON),Hisse Senedi,,BULLS PORTFÖY,,,,
BST,PARDUS PORTFÖY BANKACILIK SEKTÖRÜ DIŞI ŞİRKETLER HİSSE SENEDİ SERBEST (TL) FON (HİSSE SENEDİ YOĞUN FON),Hisse Senedi,Serbest Şemsiye Fonu,PARDUS PORTFÖY,7.0,0.219712,1.565513,
BTE,BV PORTFÖY OYUN VE TEKNOLOJİ DEĞİŞKEN FON,Değişken,Değişken Şemsiye Fonu,BV PORTFÖY,5.0,0.456265,2.488137,
BTJ,ATLAS PORTFÖY İSTATİSTİKSEL ARBİTRAJ HİSSE SENEDİ SERBEST FON (HİSSE SENEDİ YOĞUN FON),Hisse Senedi,Serbest Şemsiye Fonu,ATLAS PORTFÖY,2.0,0.383613,,
BTK,BV PORTFÖY TEKNOLOJİ KATILIM FONU,Katılım,Katılım Şemsiye Fonu,BV PORTFÖY,6.0,,,
BTP,TRİVE PORTFÖY PARA PİYASASI SERBEST FON,Para Piyasası,,TRIVE PORTFÖY,,,,
BTY,İŞ PORTFÖY BTY SERBEST (DÖVİZ) ÖZEL FON,Serbest,,İŞ PORTFÖY,,,,
BTZ,ATLAS PORTFÖY BIST 30 DIŞI ŞİRKETLER HİSSE SENEDİ FONU (HİSSE SENEDİ YOĞUN FON),Hisse Senedi,Hisse Senedi Şemsiye Fonu,ATLAS PORTFÖY,6.0,0.152519,,
BUB,BULLS PORTFÖY BİRİNCİ FON SEPETİ FONU,Fon Sepeti,Fon Sepeti Şemsiye Fonu,BULLS PORTFÖY,3.0,,,
BUC,BULLS PORTFÖY ÜÇÜNCÜ HİSSE SENEDİ SERBEST (TL) FON (HİSSE SENEDİ YOĞUN FON),Hisse Senedi,,BULLS PORTFÖY,,,,
BUP,AZİMUT PORTFÖY BUPA SERBEST (TL) ÖZEL FON,Serbest,,AZİMUT PORTFÖY,,,,
BUT,AZİMUT PORTFÖY BULUT HİSSE SENEDİ SERBEST ÖZEL FON (HİSSE SENEDİ YOĞUN FON),Hisse Senedi,,AZİMUT PORTFÖY,,,,
BUV,BULLS PORTFÖY VOLTRAN SERBEST (TL) FON,Serbest,Serbest Şemsiye Fonu,BULLS PORTFÖY,6.0,0.090484,,
BUY,AK PORTFÖY BÜYÜYEN ŞİRKETLER HİSSE SENEDİ (TL) FONU (HİSSE SENEDİ YOĞUN FON),Hisse Senedi,Hisse Senedi Şemsiye Fonu,AK PORTFÖY,5.0,0.1810419999999999,0.134605,
BV1,BV PORTFÖY BİRİNCİ HİSSE SENEDİ (TL) FON (HİSSE SENEDİ YOĞUN FON),Hisse Senedi,Hisse Senedi Şemsiye Fonu,BV PORTFÖY,6.0,0.53618,,
BVB,AK PORTFÖY ÖPY YEDİNCİ SERBEST (TL) ÖZEL FON,Serbest,,AK PORTFÖY,,,,
BVC,AK PORTFÖY BİRİNCİ SERBEST (TL) ÖZEL FON,Serbest,,AK PORTFÖY,,,,
BVD,BV PORTFÖY BİRİNCİ DEĞİŞKEN FON,Değişken,Değişken Şemsiye Fonu,BV PORTFÖY,2.0,,,
BVF,BV PORTFÖY PARA PİYASASI (TL) FON,Para Piyasası,Para Piyasası Şemsiye Fonu,BV PORTFÖY,2.0,,,
BVH,BV PORTFÖY BİRİNCİ HİSSE SENEDİ SERBEST (TL) FON (HİSSE SENEDİ YOĞUN FON),Hisse Senedi,,BV PORTFÖY,,,,
BVI,BV PORTFÖY İKİNCİ HİSSE SENEDİ SERBEST FON (HİSSE SENEDİ YOĞUN FON),Hisse Senedi,,BV PORTFÖY,,,,
BVK,BULLS PORTFÖY VOLTRAN KATILIM SERBEST (TL) FON,Katılım,Serbest Şemsiye Fonu,BULLS PORTFÖY,4.0,,,
BVM,ALLBATROSS PORTFÖY BİRİNCİ HİSSE SENEDİ SERBEST (TL) FON (HİSSE SENEDİ YOĞUN FON),Hisse Senedi,Serbest Şemsiye Fonu,ALLBATROSS PORTFÖY,6.0,-0.6344449999999999,-0.561244,
BVT,AZİMUT PORTFÖY GÜNEY SERBEST ÖZEL FON,Serbest,,AZİMUT PORTFÖY,,,,
BVV,BV PORTFÖY TEKNOLOJİ DEĞİŞKEN FON,Değişken,Değişken Şemsiye Fonu,BV PORTFÖY,6.0,0.786569,,
BVZ,BV PORTFÖY İSTATİSTİKSEL ARBİTRAJ SERBEST FON,Serbest,Serbest Şemsiye Fonu,BV PORTFÖY,2.0,0.476291,2.894957,
BYZ,A1 CAPİTAL PORTFÖY BIST 100 DIŞI ŞİRKETLER HİSSE SENEDİ SERBEST (TL) FON (HİSSE SENEDİ YOĞUN FON),Hisse Senedi,,A1 CAPİTAL PORTFÖY,,,,
CAH,A1 CAPİTAL PORTFÖY HİSSE SENEDİ SERBEST FON (HİSSE SENEDİ YOĞUN FON),Hisse Senedi,Serbest Şemsiye Fonu,A1 CAPİTAL PORTFÖY,6.0,,,
CBD,A1 CAPİTAL PORTFÖY BIST 30 DIŞI ŞİRKETLER HİSSE SENEDİ SERBEST FON (HİSSE SENEDİ YOĞUN FON),Hisse Senedi,,A1 CAPİTAL PORTFÖY,,,,
CBN,QNB PORTFÖY CBN SERBEST (DÖVİZ) ÖZEL FON,Serbest,,QNB PORTFÖY,,,,
CBO,AZİMUT PORTFÖY HCBO HİSSE SENEDİ SERBEST ÖZEL FON (HİSSE SENEDİ YOĞUN FON),Hisse Senedi,,AZİMUT PORTFÖY,,,,
CEY,ROTA PORTFÖY CEY SERBEST (DÖVİZ) ÖZEL FON,Serbest,,ROTA PORTFÖY,,,,
CFO,ROTA PORTFÖY İKİNCİ PARA PİYASASI FONU,Para Piyasası,Para Piyasası Şemsiye Fonu,ROTA PORTFÖY,2.0,0.472705,,
CGD,DENİZ PORTFÖY ÇAĞDAŞ SERBEST (DÖVİZ) ÖZEL FON,Serbest,,DENİZ PORTFÖY,,,,
CHY,A1 CAPİTAL PORTFÖY İKİNCİ HİSSE SENEDİ SERBEST (TL) FON (HİSSE SENEDİ YOĞUN FON),Hisse Senedi,,A1 CAPİTAL PORTFÖY,,,,
CIN,AKTİF PORTFÖY BİRİNCİ SERBEST FON,Serbest,Serbest Şemsiye Fonu,AKTİF PORTFÖY,6.0,0.360114,,
CJD,AK PORTFÖY SEKİZİNCİ SERBEST (DÖVİZ) FON,Serbest,,AK PORTFÖY,,,,
CJF,AK PORTFÖY ADOC SERBEST (DÖVİZ) ÖZEL FON,Serbest,,AK PORTFÖY,,,,
CJG,AK PORTFÖY SDSD SERBEST (DÖVİZ) ÖZEL FON,Serbest,,AK PORTFÖY,,,,
CJH,AK PORTFÖY DOKUZUNCU SERBEST (DÖVİZ-AVRO) FON,Serbest,,AK PORTFÖY,,,,
CKF,ALBARAKA PORTFÖY ÇOKLU VARLIK KATILIM FONU,Katılım,Katılım Şemsiye Fonu,ALBARAKA PORTFÖY,5.0,0.58917,,
CKL,YAPI KREDİ PORTFÖY ÇOKLU VARLIK DEĞİŞKEN FON,Değişken,Değişken Şemsiye Fonu,YAPI KREDİ PORTFÖY,5.0,0.501294,,
CKS,İŞ PORTFÖY BİRİNCİ KATILIM SERBEST (DÖVİZ) FON,Katılım,Serbest Şemsiye Fonu,İŞ PORTFÖY,,0.24012,1.206344,
COT,AK PORTFÖY 2030 SERBEST (DÖVİZ-AVRO) FON,Serbest,,AK PORTFÖY,,,,
CPT,ROTA PORTFÖY ÇİP TEKNOLOJİLERİ DEĞİŞKEN FON,Değişken,Değişken Şemsiye Fonu,ROTA PORTFÖY,6.0,1.09475,,
CPU,AKTİF PORTFÖY TEKNOLOJİ KATILIM FONU,Katılım,Katılım Şemsiye Fonu,AKTİF PORTFÖY,5.0,0.8805710000000001,,
CRL,YAPI KREDİ PORTFÖY ACARLAR SERBEST (DÖVİZ) ÖZEL FON,Serbest,,YAPI KREDİ PORTFÖY,,,,
CSD,İŞ PORTFÖY CANO SERBEST (DÖVİZ) ÖZEL FON,Serbest,,İŞ PORTFÖY,,,,
CSH,PARDUS PORTFÖY ÜÇÜNCÜ HİSSE SENEDİ SERBEST FON (HİSSE SENEDİ YOĞUN FON),Hisse Senedi,,PARDUS PORTFÖY,,,,
CTF,İŞ PORTFÖY ASSG SERBEST (DÖVİZ) ÖZEL FON,Serbest,,İŞ PORTFÖY,,,,
CTG,İŞ PORTFÖY FEFON SERBEST ÖZEL FON,Serbest,,İŞ PORTFÖY,,,,
CTM,İŞ PORTFÖY KEFON SERBEST ÖZEL FON,Serbest,,İŞ PORTFÖY,,,,
CTP,İŞ PORTFÖY AAF SERBEST (DÖVİZ) ÖZEL FON,Serbest,,İŞ PORTFÖY,,,,
CTV,İŞ PORTFÖY MHA SERBEST (DÖVİZ) ÖZEL FON,Serbest,,İŞ PORTFÖY,,,,
CVA,AK PORTFÖY ÜÇÜNCÜ KAMU BORÇLANMA ARAÇLARI (TL) ÖZEL FONU,Borçlanma Araçları,,AK PORTFÖY,,,,
CVB,AK PORTFÖY İKİNCİ SERBEST (TL) ÖZEL FON,Serbest,,AK PORTFÖY,,,,
CVC,AK PORTFÖY ÖPY KAR PAYI ÖDEYEN SERBEST ÖZEL FON,Serbest,,AK PORTFÖY,,,,
CVD,AK PORTFÖY GİFON SERBEST (DÖVİZ) ÖZEL FON,Serbest,,AK PORTFÖY,,,,
CVE,AK PORTFÖY BİRİNCİ KAMU BORÇLANMA ARAÇLARI (TL) ÖZEL FONU,Borçlanma Araçları,,AK PORTFÖY,,,,
CVF,AK PORTFÖY SÜRDÜRÜLEBİLİRLİK SERBEST (TL) ÖZEL FON,Serbest,,AK PORTFÖY,,,,
CVK,INVEO PORTFÖY ÇOKLU VARLIK KATILIM FONU,Katılım,Katılım Şemsiye Fonu,INVEO PORTFÖY,3.0,0.393861,2.112514,
CVL,A1 CAPİTAL PORTFÖY ÇOKLU VARLIK KATILIM FONU,Katılım,Katılım Şemsiye Fonu,A1 CAPİTAL PORTFÖY,4.0,,,
CYD,AK PORTFÖY 2027 SERBEST (DÖVİZ-AVRO) FON,Serbest,,AK PORTFÖY,,,,
DA1,A1 CAPİTAL PORTFÖY SERBEST (DÖVİZ) FON,Serbest,Serbest Şemsiye Fonu,A1 CAPİTAL PORTFÖY,5.0,,,
DAC,DENİZ PORTFÖY BORİS SERBEST (DÖVİZ) ÖZEL FON,Serbest,,DENİZ PORTFÖY,,,,
DAE,DENİZ PORTFÖY ARBAU HİSSE SENEDİ SERBEST ÖZEL FON (HİSSE SENEDİ YOĞUN FON),Hisse Senedi,,DENİZ PORTFÖY,,,,
DAH,DENİZ PORTFÖY HİSSE SENEDİ FONU (HİSSE SENEDİ YOĞUN FON),Hisse Senedi,Hisse Senedi Şemsiye Fonu,DENİZ PORTFÖY,6.0,0.28479,0.941869,11.045979
DAI,DENİZ PORTFÖY ARTI SERBEST (DÖVİZ) ÖZEL FON,Serbest,,DENİZ PORTFÖY,,,,
DAL,DENİZ PORTFÖY SU SERBEST (DÖVİZ) ÖZEL FON,Serbest,,DENİZ PORTFÖY,,,,
DAP,DESTEK PORTFÖY PARA PİYASASI FONU,Para Piyasası,Para Piyasası Şemsiye Fonu,DESTEK PORTFÖY,2.0,,,
DAS,DENİZ PORTFÖY ONİKİNCİ SERBEST (DÖVİZ) FON,Serbest,Serbest Şemsiye Fonu,DENİZ PORTFÖY,5.0,0.218705,1.04105,
DAT,DENİZ PORTFÖY ARMUT SERBEST (DÖVİZ) ÖZEL FON,Serbest,,DENİZ PORTFÖY,,,,
DAV,DENİZ PORTFÖY 2026 SERBEST (DÖVİZ-AVRO) FON,Serbest,,DENİZ PORTFÖY,,,,
DAZ,DENİZ PORTFÖY TÜRKİZ SERBEST(DÖVİZ) ÖZEL FON,Serbest,,DENİZ PORTFÖY,,,,
DB2,NUROL PORTFÖY İKİNCİ KISA VADELİ SERBEST FON,Kısa Vadeli Borçlanma,,NUROL PORTFÖY,,,,
DBA,DENİZ PORTFÖY ALTIN FONU,Kıymetli Madenler,Kıymetli Madenler Şemsiye Fonu,DENİZ PORTFÖY,6.0,0.470918,2.851276,12.0972
DBB,DENİZ PORTFÖY BORÇLANMA ARAÇLARI FONU,Borçlanma Araçları,Borçlanma Araçları Şemsiye Fonu,DENİZ PORTFÖY,3.0,0.37929,1.654491,3.1189530000000003
DBG,DENİZ PORTFÖY BEYAZ SERBEST ÖZEL FONU,Serbest,,DENİZ PORTFÖY,,,,
DBH,DENİZ PORTFÖY EUROBOND (DÖVİZ) BORÇLANMA ARAÇLARI FONU,Borçlanma Araçları,Borçlanma Araçları Şemsiye Fonu,DENİZ PORTFÖY,6.0,0.246272,1.526606,7.507884000000001
DBK,DENİZ PORTFÖY KISA VADELİ BORÇLANMA ARAÇLARI (TL) FONU,Kısa Vadeli Borçlanma,Borçlanma Araçları Şemsiye Fonu,DENİZ PORTFÖY,1.0,0.456455,2.358338,3.869191
DBP,DENİZ PORTFÖY BİRİNCİ DEĞİŞKEN FON,Değişken,Değişken Şemsiye Fonu,DENİZ PORTFÖY,5.0,0.385706,1.687627,9.4234
DBZ,DENİZ PORTFÖY ÖZEL SEKTÖR BORÇLANMA ARAÇLARI FONU,Borçlanma Araçları,Borçlanma Araçları Şemsiye Fonu,DENİZ PORTFÖY,2.0,0.461541,2.421475,3.983954
DCB,DENİZ PORTFÖY PARA PİYASASI SERBEST (TL) FON,Para Piyasası,Serbest Şemsiye Fonu,DENİZ PORTFÖY,2.0,0.469948,2.646608,
DCD,DENİZ PORTFÖY SKA SERBEST (DÖVİZ) ÖZEL FON,Serbest,,DENİZ PORTFÖY,,,,
DCE,DENİZ PORTFÖY BAKHAM SERBEST (DÖVİZ) ÖZEL FON,Serbest,,DENİZ PORTFÖY,,,,
DCN,DENİZ PORTFÖY ÜÇÜNCÜ PARA PİYASASI (TL) FONU,Para Piyasası,,DENİZ PORTFÖY,,,,
DCP,YAPI KREDİ PORTFÖY CÖMERT SERBEST (DÖVİZ) ÖZEL FON,Serbest,,YAPI KREDİ PORTFÖY,,,,
DCV,DENİZ PORTFÖY KAR PAYI ÖDEYEN SERBEST (DÖVİZ) FON,Serbest,,DENİZ PORTFÖY,,,,
DDA,DENİZ PORTFÖY BANKACILIK SEKTÖRÜ HİSSE SENEDİ SERBEST FON (HİSSE SENEDİ YOĞUN FON),Hisse Senedi,Serbest Şemsiye Fonu,DENİZ PORTFÖY,7.0,0.093419,0.991884,9.140437
DDC,DENİZ PORTFÖY GÜN DOĞUSU HİSSE SENEDİ SERBEST (TL) FON (HİSSE SENEDİ YOĞUN FON),Hisse Senedi,,DENİZ PORTFÖY,,,,
DDE,DENİZ PORTFÖY BADE SERBEST (DÖVİZ) ÖZEL FON,Serbest,,DENİZ PORTFÖY,,,,
DDF,DENİZ PORTFÖY DİNAMO HİSSE SENEDİ SERBEST (TL) FON (HİSSE SENEDİ YOĞUN FON),Hisse Senedi,Serbest Şemsiye Fonu,DENİZ PORTFÖY,6.0,0.4070729999999999,2.931441,7.069194
DDP,DENİZ PORTFÖY SK SERBEST (DÖVİZ) ÖZEL FON,Serbest,,DENİZ PORTFÖY,,,,
DEF,ALLBATROSS PORTFÖY DEFNE SERBEST FON,Serbest,Serbest Şemsiye Fonu,ALLBATROSS PORTFÖY,5.0,0.371321,,
DEH,DESTEK PORTFÖY HİSSE SENEDİ FONU (HİSSE SENEDİ YOĞUN FON),Hisse Senedi,Hisse Senedi Şemsiye Fonu,DESTEK PORTFÖY,6.0,,,
DEI,ALLBATROSS PORTFÖY DEMİR KISA VADELİ KATILIM SERBEST (TL) FON,Kısa Vadeli Borçlanma,,ALLBATROSS PORTFÖY,,,,
DFC,DENİZ PORTFÖY TARIM VE GIDA DEĞİŞKEN FON,Değişken,Değişken Şemsiye Fonu,DENİZ PORTFÖY,6.0,0.311158,0.740751,
DFD,DENİZ PORTFÖY EMTİA SERBEST FON,Serbest,Serbest Şemsiye Fonu,DENİZ PORTFÖY,6.0,0.413354,1.1300020000000002,
DFI,ATLAS PORTFÖY SERBEST FON,Serbest,Serbest Şemsiye Fonu,ATLAS PORTFÖY,7.0,10.256049,22.409331,
DFO,AZİMUT PORTFÖY DLS SERBEST ÖZEL FON,Serbest,,AZİMUT PORTFÖY,,,,
DGF,A1 CAPİTAL PORTFÖY DEĞİŞKEN FON,Değişken,Değişken Şemsiye Fonu,A1 CAPİTAL PORTFÖY,5.0,,,
DGH,ATA PORTFÖY PARA PİYASASI SERBEST (TL) FON,Para Piyasası,Serbest Şemsiye Fonu,ATA PORTFÖY,1.0,0.490242,2.578668,4.606295
DHI,PARDUS PORTFÖY DOKUZUNCU HİSSE SENEDİ SERBEST (TL) FON (HİSSE SENEDİ YOĞUN FON),Hisse Senedi,,PARDUS PORTFÖY,,,,
DHJ,DENİZ PORTFÖY TEKNOLOJİ ŞİRKETLERİ HİSSE SENEDİ FONU (HİSSE SENEDİ YOĞUN FON),Hisse Senedi,Hisse Senedi Şemsiye Fonu,DENİZ PORTFÖY,7.0,0.221174,0.835178,
DHM,DENİZ PORTFÖY ESG-SÜRDÜRÜLEBİLİRLİK FON SEPETİ FONU,Fon Sepeti,Fon Sepeti Şemsiye Fonu,DENİZ PORTFÖY,6.0,0.298087,1.287503,
DHP,DENİZ PORTFÖY PERİFER HİSSE SENEDİ SERBEST ÖZEL FON (HİSSE SENEDİ YOĞUN FON),Hisse Senedi,,DENİZ PORTFÖY,,,,
DHS,DENİZ PORTFÖY CC HİSSE SENEDİ SERBEST ÖZEL FON (HİSSE SENEDİ YOĞUN FON),Hisse Senedi,,DENİZ PORTFÖY,,,,
DHT,DENİZ PORTFÖY HAVACILIK VE SAVUNMA TEKNOLOJİLERİ DEĞİŞKEN FON,Değişken,Değişken Şemsiye Fonu,DENİZ PORTFÖY,6.0,,,
DHV,DENİZ PORTFÖY BİRİNCİ HİSSE SENEDİ SERBEST (TL) FON (HİSSE SENEDİ YOĞUN FON),Hisse Senedi,Serbest Şemsiye Fonu,DENİZ PORTFÖY,7.0,,,
DID,DENİZ PORTFÖY İKİNCİ DEĞİŞKEN FON,Değişken,Değişken Şemsiye Fonu,DENİZ PORTFÖY,5.0,0.317064,,
DIH,DENİZ PORTFÖY İKİNCİ HİSSE SENEDİ SERBEST (TL) FON (HİSSE SENEDİ YOĞUN FON),Hisse Senedi,,DENİZ PORTFÖY,,,,
DIM,DENİZ PORTFÖY İMRAL SERBEST (DÖVİZ) ÖZEL FON,Serbest,,DENİZ PORTFÖY,,,,
DIP,DENİZ PORTFÖY İKİNCİ PARA PİYASASI SERBEST (TL) FON,Para Piyasası,Serbest Şemsiye Fonu,DENİZ PORTFÖY,2.0,0.481759,,
DK1,KUVEYT TÜRK PORTFÖY DÜNYA KATILIM BANKASI KISA VADELİ KATILIM SERBEST FON,Kısa Vadeli Borçlanma,,KUVEYT TÜRK PORTFÖY,,,,
DK8,DENİZ PORTFÖY KAR PAYI ÖDEYEN SEKİZİNCİ SERBEST (DÖVİZ) FON,Serbest,,DENİZ PORTFÖY,,,,
DKA,DENİZ PORTFÖY KAR PAYI ÖDEYEN DOKUZUNCU SERBEST (DÖVİZ) FON,Serbest,,DENİZ PORTFÖY,,,,
DKC,DENİZ PORTFÖY İKİNCİ SERBEST FON,Serbest,Serbest Şemsiye Fonu,DENİZ PORTFÖY,6.0,,,
DKH,DENİZ PORTFÖY KATILIM HİSSE SENEDİ (TL) FONU (HİSSE SENEDİ YOĞUN FON),Hisse Senedi,Hisse Senedi Şemsiye Fonu,DENİZ PORTFÖY,5.0,0.311226,1.194366,
DKL,DENİZ PORTFÖY BİRİNCİ KATILIM SERBEST (DÖVİZ) FON,Katılım,Serbest Şemsiye Fonu,DENİZ PORTFÖY,3.0,0.2157049999999999,,
DKP,QNB PORTFÖY KAR PAYI ÖDEYEN DOKUZUNCU SERBEST (DÖVİZ) FON,Serbest,,QNB PORTFÖY,,,,
DKR,DENİZ PORTFÖY ONDÖRDÜNCÜ SERBEST FON,Serbest,Serbest Şemsiye Fonu,DENİZ PORTFÖY,7.0,0.549316,,
DKS,DENİZ PORTFÖY KUZEYYILDIZI SERBEST (DÖVİZ) ÖZEL FON,Serbest,,DENİZ PORTFÖY,,,,
DL2,DENİZ PORTFÖY İKİNCİ PARA PİYASASI (TL) FONU,Para Piyasası,Para Piyasası Şemsiye Fonu,DENİZ PORTFÖY,1.0,0.469996,,
DLD,DENİZ PORTFÖY SÜRDÜRÜLEBİLİRLİK HİSSE SENEDİ FONU (HİSSE SENEDİ YOĞUN FON),Hisse Senedi,Hisse Senedi Şemsiye Fonu,DENİZ PORTFÖY,6.0,0.305665,1.047374,
DLG,DENİZ PORTFÖY ESG SÜRDÜRÜLEBİLİRLİK SERBEST FON,Serbest,,DENİZ PORTFÖY,,,,
DLN,AURA PORTFÖY DOLUNAY SERBEST FON,Serbest,,AURA PORTFÖY,,,,
DLY,DENİZ PORTFÖY PARA PİYASASI (TL) FONU,Para Piyasası,Para Piyasası Şemsiye Fonu,DENİZ PORTFÖY,1.0,0.463442,2.542115,4.2239960000000005
DLZ,DENİZ PORTFÖY ALİZE HİSSE SENEDİ SERBEST (TL) FON (HİSSE SENEDİ YOĞUN FON),Hisse Senedi,Serbest Şemsiye Fonu,DENİZ PORTFÖY,7.0,-0.8779309999999999,,
DMG,DENİZ PORTFÖY GÜMÜŞ FON SEPETİ FONU,Fon Sepeti,Fon Sepeti Şemsiye Fonu,DENİZ PORTFÖY,7.0,0.831892,3.45665,
DMI,İŞ PORTFÖY DM HİSSE SENEDİ ÖZEL FON (HİSSE SENEDİ YOĞUN FON),Hisse Senedi,,İŞ PORTFÖY,,,,
DMR,ZİRAAT PORTFÖY DEMİRAY SERBEST (DÖVİZ) ÖZEL FON,Serbest,,ZİRAAT PORTFÖY,,,,
DMV,DENİZ PORTFÖY SMART SERBEST (DÖVİZ) ÖZEL FON,Serbest,,DENİZ PORTFÖY,,,,
DMZ,DENİZ PORTFÖY ZEYTİN SERBEST (DÖVİZ) ÖZEL FON,Serbest,,DENİZ PORTFÖY,,,,
DNA,DENİZ PORTFÖY ANATOLİA HİSSE SENEDİ SERBEST ÖZEL FON (HİSSE SENEDİ YOĞUN FON),Hisse Senedi,,DENİZ PORTFÖY,,,,
DNF,A1 CAPİTAL PORTFÖY DİNAMİK FON SEPETİ FONU,Fon Sepeti,Fon Sepeti Şemsiye Fonu,A1 CAPİTAL PORTFÖY,4.0,,,
DNH,DENİZ PORTFÖY İNŞAAT SEKTÖRÜ HİSSE SENEDİ SERBEST (TL) FON (HİSSE SENEDİ YOĞUN FON),Hisse Senedi,Serbest Şemsiye Fonu,DENİZ PORTFÖY,6.0,,,
DNK,TACİRLER PORTFÖY DENGE KATILIM SERBEST FON,Katılım,Serbest Şemsiye Fonu,TACİRLER PORTFÖY,6.0,0.351403,,
DNL,DENİZ PORTFÖY NEKO SERBEST (DÖVİZ) ÖZEL FON,Serbest,,DENİZ PORTFÖY,,,,
DNM,QNB PORTFÖY DİNAMİK DAĞILIMLI SERBEST (DÖVİZ) FON,Serbest,Serbest Şemsiye Fonu,QNB PORTFÖY,,0.25888,,
DNP,DENİZ PORTFÖY PARA PİYASASI KATILIM SERBEST (TL) FON,Para Piyasası,Serbest Şemsiye Fonu,DENİZ PORTFÖY,2.0,,,
DNU,DENİZ PORTFÖY KAR PAYI ÖDEYEN ONBEŞİNCİ SERBEST (DÖVİZ) FON,Serbest,,DENİZ PORTFÖY,,,,
DOC,DENİZ PORTFÖY KAR PAYI ÖDEYEN ONİKİNCİ SERBEST (DÖVIZ) FON,Serbest,,DENİZ PORTFÖY,,,,
DOD,AZİMUT PORTFÖY 14.0 SERBEST (DÖVİZ) FON,Serbest,,AZİMUT PORTFÖY,,,,
DOH,TERA PORTFÖY DÖRDÜNCÜ HİSSE SENEDİ SERBEST (TL) FON (HİSSE SENEDİ YOĞUN FON),Hisse Senedi,Serbest Şemsiye Fonu,TERA PORTFÖY,6.0,0.949876,,
DOL,AKTİF PORTFÖY ÜÇÜNCÜ AKTİF SERBEST (DÖVİZ) FON,Serbest,Serbest Şemsiye Fonu,AKTİF PORTFÖY,,0.2196099999999999,,
DOR,AZİMUT PORTFÖY OKSİJEN SERBEST (DÖVİZ) ÖZEL FON,Serbest,,AZİMUT PORTFÖY,,,,
DOS,DENİZ PORTFÖY OLMİ SERBEST (DÖVİZ) ÖZEL FON,Serbest,,DENİZ PORTFÖY,,,,
DOV,DENİZ PORTFÖY ONÜÇÜNCÜ SERBEST (DÖVİZ-AVRO) FON,Serbest,Serbest Şemsiye Fonu,DENİZ PORTFÖY,6.0,0.1999,1.1011879999999998,
DP1,DENİZ PORTFÖY DELTA SERBEST ÖZEL FON,Serbest,,DENİZ PORTFÖY,,,,
DP2,DENİZ PORTFÖY ÖZER SERBEST (DÖVİZ) ÖZEL FON,Serbest,,DENİZ PORTFÖY,,,,
DP3,DENİZ PORTFÖY DUMAN SERBEST (DÖVİZ) ÖZEL FON,Serbest,,DENİZ PORTFÖY,,,,
DP4,DENİZ PORTFÖY GİZEM SERBEST (DÖVİZ) ÖZEL FON,Serbest,,DENİZ PORTFÖY,,,,
DP5,DENİZ PORTFÖY MER SERBEST (DÖVİZ) ÖZEL FON,Serbest,,DENİZ PORTFÖY,,,,
DP6,DENİZ PORTFÖY KAR PAYI ÖDEYEN BEŞİNCİ SERBEST (DÖVİZ) FON,Serbest,,DENİZ PORTFÖY,,,,
DP7,DENİZ PORTFÖY DEMİR SERBEST (DÖVİZ) ÖZEL FON,Serbest,,DENİZ PORTFÖY,,,,
DP8,DENİZ PORTFÖY KAR PAYI ÖDEYEN ALTINCI SERBEST (DÖVİZ) FON,Kıymetli Madenler,,DENİZ PORTFÖY,,,,
DP9,DENİZ PORTFÖY KAR PAYI ÖDEYEN YEDİNCİ SERBEST (DÖVİZ) FON,Serbest,,DENİZ PORTFÖY,,,,
DPB,DENİZ PORTFÖY SERBEST (DÖVİZ) FON,Serbest,Serbest Şemsiye Fonu,DENİZ PORTFÖY,6.0,0.246583,1.733314,7.963306999999999
DPC,DENİZ PORTFÖY FRS SERBEST (DÖVİZ) ÖZEL FON,Serbest,,DENİZ PORTFÖY,,,,
DPE,DENİZ PORTFÖY EGE SERBEST (DÖVİZ) ÖZEL FON,Serbest,,DENİZ PORTFÖY,,,,
DPG,DENİZ PORTFÖY REYHAN SERBEST (DÖVİZ) ÖZEL FON,Serbest,,DENİZ PORTFÖY,,,,
DPI,DENİZ PORTFÖY İSTATİSTİKSEL ARBİTRAJ HİSSE SENEDİ SERBEST FON (HİSSE SENEDİ YOĞUN FON),Hisse Senedi,Serbest Şemsiye Fonu,DENİZ PORTFÖY,2.0,0.402537,2.420898,5.879476
DPK,DENİZ PORTFÖY KİRA SERTİFİKALARI KATILIM (TL) FONU,Katılım,Katılım Şemsiye Fonu,DENİZ PORTFÖY,1.0,0.4235179999999999,2.122947,3.758466
DPL,DENİZ PORTFÖY NİL SERBEST (DÖVİZ) ÖZEL FON,Serbest,,DENİZ PORTFÖY,,,,
DPN,DENİZ PORTFÖY NEVA SERBEST (DÖVİZ) ÖZEL FON,Serbest,,DENİZ PORTFÖY,,,,
DPP,DENİZ PORTFÖY HLC SERBEST (DÖVİZ) ÖZEL FON,Serbest,,DENİZ PORTFÖY,,,,
DPT,DENİZ PORTFÖY BİST TEMETTÜ 25 ENDEKSİ HİSSE SENEDİ FONU ( HİSSE SENEDİ YOĞUN FON ),Hisse Senedi,Hisse Senedi Şemsiye Fonu,DENİZ PORTFÖY,6.0,0.397552,1.005879,8.434677
DPZ,DENİZ PORTFÖY YAZ SERBEST (DÖVİZ) ÖZEL FON,Serbest,,DENİZ PORTFÖY,,,,
DRA,NEO PORTFÖY DORA SERBEST FON,Serbest,Serbest Şemsiye Fonu,NEO PORTFÖY,7.0,0.230442,,
DRD,DENİZ PORTFÖY KAR PAYI ÖDEYEN ONBİRİNCİ SERBEST (DÖVİZ-AVRO) FON,Serbest,,DENİZ PORTFÖY,,,,
DRH,PARDUS PORTFÖY DÖRDÜNCÜ HİSSE SENEDİ SERBEST (TL) FON (HİSSE SENEDİ YOĞUN FON),Hisse Senedi,,PARDUS PORTFÖY,,,,
DRT,DENİZ PORTFÖY ROBOTİK TEKNOLOJİLERİ DEĞİŞKEN FON,Değişken,Değişken Şemsiye Fonu,DENİZ PORTFÖY,5.0,,,
DSC,DENİZ PORTFÖY RÜ SERBEST (DÖVİZ) ÖZEL FON,Serbest,,DENİZ PORTFÖY,,,,
DSD,DENİZ PORTFÖY İKİNCİ SERBEST (DÖVİZ_AVRO) FON,Serbest,Serbest Şemsiye Fonu,DENİZ PORTFÖY,6.0,0.24114,1.302704,5.706484000000001
DSH,AK PORTFÖY DÖRDÜNCÜ SERBEST FON,Serbest,,AK PORTFÖY,,,,
DSP,DENİZ PORTFÖY DENGELİ FON SEPETİ FONU,Fon Sepeti,Fon Sepeti Şemsiye Fonu,DENİZ PORTFÖY,3.0,0.397578,1.749358,6.629329
DSV,DENİZ PORTFÖY 2028 SERBEST (DÖVİZ) FON,Serbest,,DENİZ PORTFÖY,,,,
DTH,EMAA BLUE PORTFÖY DÖNÜŞÜM TEKNOLOJİLERİ HİSSE SENEDİ (TL) FONU (HİSSE SENEDİ YOĞUN FON),Hisse Senedi,Hisse Senedi Şemsiye Fonu,EMAA BLUE PORTFÖY,6.0,,,
DTL,DENİZ PORTFÖY BIST 100 DIŞI ŞİRKETLER HİSSE SENEDİ (TL) FONU (HİSSE SENEDİ YOĞUN FON),Hisse Senedi,Hisse Senedi Şemsiye Fonu,DENİZ PORTFÖY,6.0,0.242551,0.929838,
DTM,DENİZ PORTFÖY TEMETTÜ ÖDEYEN ŞİRKETLER DEĞİŞKEN FON,Değişken,Değişken Şemsiye Fonu,DENİZ PORTFÖY,6.0,0.3573989999999999,,
DTO,DENİZ PORTFÖY KAR PAYI ÖDEYEN ONDÖRDÜNCÜ SERBEST (DÖVİZ) FON,Serbest,,DENİZ PORTFÖY,,,,
DTP,AZİMUT PORTFÖY ADATEPE SERBEST ÖZEL FON,Serbest,,AZİMUT PORTFÖY,,,,
DTV,DENİZ PORTFÖY CEY SERBEST (DÖVİZ) ÖZEL FON,Serbest,,DENİZ PORTFÖY,,,,
DTZ,AK PORTFÖY ROBOTİK TEKNOLOJİLER DEĞİŞKEN FON,Değişken,Değişken Şemsiye Fonu,AK PORTFÖY,6.0,0.405306,1.743802,
DUC,DENİZ PORTFÖY ÜÇÜNCÜ HİSSE SENEDİ SERBEST (TL) FON (HİSSE SENEDİ YOĞUN FON),Hisse Senedi,,DENİZ PORTFÖY,,,,
DUD,DENİZ PORTFÖY UZUN VADELİ SERBEST (DÖVİZ) FON,Serbest,Serbest Şemsiye Fonu,DENİZ PORTFÖY,6.0,0.286923,,
DUH,HEDEF PORTFÖY UFUK HİSSE SENEDİ SERBEST FON (HİSSE SENEDİ YOĞUN FON),Hisse Senedi,Serbest Şemsiye Fonu,HEDEF PORTFÖY,6.0,-0.173589,,
DUT,DENİZ PORTFÖY KAR PAYI ÖDEYEN DÖRDÜNCÜ SERBEST (DÖVİZ) FON,Serbest,,DENİZ PORTFÖY,,,,
DUV,DENİZ PORTFÖY UZUN VADELİ BORÇLANMA ARAÇLARI FONU,Borçlanma Araçları,Borçlanma Araçları Şemsiye Fonu,DENİZ PORTFÖY,5.0,0.266535,,
DVC,DENİZ PORTFÖY LİYA SERBEST (DÖVİZ) ÖZEL FON,Serbest,,DENİZ PORTFÖY,,,,
DVI,DENİZ PORTFÖY OLBA SERBEST (DÖVİZ) ÖZEL FON,Serbest,,DENİZ PORTFÖY,,,,
DVN,DENİZ PORTFÖY G2B SERBEST (DÖVİZ) ÖZEL FON,Serbest,,DENİZ PORTFÖY,,,,
DVO,DENİZ PORTFÖY BİRİNCİ SERBEST (TL) ÖZEL FON,Serbest,,DENİZ PORTFÖY,,,,
DVS,DENİZ PORTFÖY KISA VADELİ SERBEST (TL) FON,Kısa Vadeli Borçlanma,Serbest Şemsiye Fonu,DENİZ PORTFÖY,2.0,0.465625,,
DVT,DENİZ PORTFÖY METAVERSE VE DİJİTAL YAŞAM TEKNOLOJİLERİ DEĞİŞKEN FON,Değişken,Değişken Şemsiye Fonu,DENİZ PORTFÖY,6.0,0.62663,2.90973,
DVU,AZİMUT PORTFÖY 17.0 SERBEST ÖZEL FON,Serbest,,AZİMUT PORTFÖY,,,,
DVZ,DENİZ PORTFÖY EFES SERBEST (DÖVİZ) ÖZEL FON,Serbest,,DENİZ PORTFÖY,,,,
DXP,DENİZ PORTFÖY İHRACATÇI ŞİRKETLER HİSSE SENEDİ FONU (HİSSE SENEDİ YOĞUN FON),Hisse Senedi,Hisse Senedi Şemsiye Fonu,DENİZ PORTFÖY,6.0,0.254227,,
DYJ,DENİZ PORTFÖY KAR PAYI ÖDEYEN ÜÇÜNCÜ SERBEST (DÖVİZ) FON,Serbest,,DENİZ PORTFÖY,,,,
DYN,DENİZ PORTFÖY ELEKTRİKLİ VE OTONOM ARAÇ TEKNOLOJİLERİ DEĞİŞKEN FON,Değişken,Değişken Şemsiye Fonu,DENİZ PORTFÖY,6.0,0.3981929999999999,1.1663,
DYS,DENİZ PORTFÖY SAM YELİ SERBEST FON,Serbest,,DENİZ PORTFÖY,,,,
DZ2,DENİZ PORTFÖY İKİNCİ SERBEST ÖZEL FON,Serbest,,DENİZ PORTFÖY,,,,
DZE,DENİZ PORTFÖY BIST 100 ENDEKSİ HİSSE SENEDİ FONU(HİSSE SENEDİ YOĞUN FON),Hisse Senedi,Hisse Senedi Şemsiye Fonu,DENİZ PORTFÖY,6.0,0.28281,0.792443,9.148503
DZM,DENİZ PORTFÖY BEŞİNCİ SERBEST (DÖVİZ) FON,Serbest,Serbest Şemsiye Fonu,DENİZ PORTFÖY,3.0,0.2283879999999999,1.680699,8.088093
DZP,AZİMUT PORTFÖY DENİZ SERBEST (DÖVİZ) ÖZEL FON,Serbest,,AZİMUT PORTFÖY,,,,
DZS,AK PORTFÖY DOKUZUNCU SERBEST FON,Serbest,,AK PORTFÖY,,,,
EBD,GLOBAL MD PORTFÖY İKİNCİ DEĞİŞKEN FON,Değişken,Değişken Şemsiye Fonu,GLOBAL MD PORTFÖY,,0.619115,1.883177,7.378674
EBI,EMAA BLUE PORTFÖY İKİNCİ SERBEST (DÖVİZ-AVRO) FON,Serbest,Serbest Şemsiye Fonu,EMAA BLUE PORTFÖY,,,,
EBS,EMAA BLUE PORTFÖY BİRİNCİ SERBEST (DÖVİZ-ABD DOLARI) FON,Serbest,Serbest Şemsiye Fonu,EMAA BLUE PORTFÖY,,,,
EC2,GLOBAL MD PORTFÖY BİRİNCİ HİSSE SENEDİ FONU(HİSSE SENEDİ YOĞUN FON),Hisse Senedi,Hisse Senedi Şemsiye Fonu,GLOBAL MD PORTFÖY,,0.074617,0.886012,11.531134
ECA,GLOBAL MD PORTFÖY BİRİNCİ DEĞİŞKEN FON,Değişken,Değişken Şemsiye Fonu,GLOBAL MD PORTFÖY,6.0,0.724384,1.889465,10.80373
ECB,GLOBAL MD PORTFÖY PARA PİYASASI (TL) FONU,Para Piyasası,,GLOBAL MD PORTFÖY,,,,
ECV,GLOBAL MD PORTFÖY KISA VADELİ BORÇLANMA ARAÇLARI (TL) FONU,Kısa Vadeli Borçlanma,,GLOBAL MD PORTFÖY,,,,
EDD,QNB PORTFÖY ENPARA DENGELİ DEĞİŞKEN ÖZEL FON,Değişken,,QNB PORTFÖY,,,,
EDN,EMAA BLUE PORTFÖY DENGELİ DEĞİŞKEN FON,Değişken,Değişken Şemsiye Fonu,EMAA BLUE PORTFÖY,4.0,,,
EDP,NEO PORTFÖY KORUNCUK EĞİTİME DESTEK PARA PİYASASI SERBEST FON,Para Piyasası,Serbest Şemsiye Fonu,NEO PORTFÖY,2.0,,,
EDT,DENİZ PORTFÖY TED EĞİTİME DESTEK SERBEST FON,Serbest,Serbest Şemsiye Fonu,DENİZ PORTFÖY,2.0,0.458881,,
EDU,İŞ PORTFÖY TEV EĞİTİME DESTEK DEĞİŞKEN FON,Değişken,Değişken Şemsiye Fonu,İŞ PORTFÖY,3.0,0.425818,2.067136,
EES,ROTA PORTFÖY EE SERBEST (DÖVİZ) ÖZEL FON,Serbest,,ROTA PORTFÖY,,,,
EGP,GARANTİ PORTFÖY EKİM 2028 SÜRDÜRÜLEBİLİRLİK SERBEST (DÖVİZ-ABD DOLARI) FON,Serbest,,GARANTİ PORTFÖY,,,,
EGR,EMAA BLUE PORTFÖY AGRESİF DEĞİŞKEN FON,Değişken,Değişken Şemsiye Fonu,EMAA BLUE PORTFÖY,6.0,,,
EHS,AZİMUT PORTFÖY ERCİYES HİSSE SENEDİ SERBEST ÖZEL FON (HİSSE SENEDİ YOĞUN FON),Hisse Senedi,,AZİMUT PORTFÖY,,,,
EIB,ASTRA PORTFÖY DEĞİŞKEN FON,Değişken,Değişken Şemsiye Fonu,ASTRA PORTFÖY,3.0,0.464405,2.406272,7.110335
EID,ASTRA PORTFÖY HİSSE SENEDİ FONU (HİSSE YOĞUN FON),Hisse Senedi,Hisse Senedi Şemsiye Fonu,ASTRA PORTFÖY,6.0,0.266621,1.277881,13.164848
EIL,ASTRA PORTFÖY PARA PİYASASI (TL) FONU,Para Piyasası,Para Piyasası Şemsiye Fonu,ASTRA PORTFÖY,2.0,0.489393,2.645011,4.316204
EJG,AZİMUT PORTFÖY İNAN SERBEST (TL) ÖZEL FON,Serbest,,AZİMUT PORTFÖY,,,,
EKF,ASTRA PORTFÖY KİRA SERTİFİKASI KATILIM (TL) FONU,Katılım,Katılım Şemsiye Fonu,ASTRA PORTFÖY,3.0,0.431258,2.281352,5.430081
EKL,KUVEYT TÜRK PORTFÖY EMLAK KATILIM BANKASI PARA PİYASASI KATILIM FONU,Para Piyasası,,KUVEYT TÜRK PORTFÖY,,,,
ELZ,ASTRA PORTFÖY KATILIM HİSSE SENEDİ FONU (HİSSE SENEDİ YOĞUN FON),Hisse Senedi,Hisse Senedi Şemsiye Fonu,ASTRA PORTFÖY,,0.253368,1.12801,10.024747
EME,STRATEJİ PORTFÖY EMERALD HİSSE SENEDİ SERBEST FON (HİSSE SENEDİ YOĞUN FON),Hisse Senedi,,STRATEJİ PORTFÖY,,,,
EML,AK PORTFÖY EMLAK SEKTÖRÜ DEĞİŞKEN FON,Değişken,Değişken Şemsiye Fonu,AK PORTFÖY,4.0,,,
ENA,QNB PORTFÖY ENPARA ATAK DEĞİŞKEN ÖZEL FON,Değişken,,QNB PORTFÖY,,,,
ENJ,AKTİF PORTFÖY ENERJİ ŞİRKETLERİ HİSSE SENEDİ (TL) FONU (HİSSE SENEDİ YOĞUN FON),Hisse Senedi,Hisse Senedi Şemsiye Fonu,AKTİF PORTFÖY,6.0,0.259955,,
ENO,QNB PORTFÖY ENPARA SERBEST (DÖVİZ) FON,Serbest,,QNB PORTFÖY,,,,
ENR,QNB PORTFÖY ENPARA PARA PİYASASI (TL) FONU,Para Piyasası,,QNB PORTFÖY,,,,
ENS,QNB PORTFÖY ENPARA DEĞİŞKEN ÖZEL FON,Değişken,,QNB PORTFÖY,,,,
EP1,EMLAK KATILIM PORTFÖY PARA PİYASASI KATILIM (TL) FONU,Para Piyasası,Katılım Şemsiye Fonu,EMLAK KATILIM PORTFÖY,1.0,,,
EPA,EMAA BLUE PORTFÖY PARA PİYASASI KATILIM (TL) FONU,Para Piyasası,Katılım Şemsiye Fonu,EMAA BLUE PORTFÖY,1.0,,,
EPI,EMAA BLUE PORTFÖY İNŞAAT SEKTÖRÜ KATILIM FONU,Katılım,Katılım Şemsiye Fonu,EMAA BLUE PORTFÖY,5.0,,,
EPK,EMAA BLUE PORTFÖY KIYMETLİ MADENLER KATILIM FON SEPETİ FONU,Fon Sepeti,Fon Sepeti Şemsiye Fonu,EMAA BLUE PORTFÖY,6.0,,,
EPO,İŞ PORTFÖY EXPLORER SERBEST (DÖVİZ) ÖZEL FON,Serbest,,İŞ PORTFÖY,,,,
EPP,EMAA BLUE PORTFÖY PARA PİYASASI SERBEST FON,Para Piyasası,Serbest Şemsiye Fonu,EMAA BLUE PORTFÖY,2.0,0.481139,,
EPT,EMAA BLUE PORTFÖY PARA PİYASASI (TL) FONU,Para Piyasası,Para Piyasası Şemsiye Fonu,EMAA BLUE PORTFÖY,1.0,,,
ESG,AKTİF PORTFÖY ESG SÜRDÜRÜLEBİLİRLİK SERBEST FON,Serbest,Serbest Şemsiye Fonu,AKTİF PORTFÖY,6.0,0.179008,0.925387,2.430514
ESN,ALLBATROSS PORTFÖY ESİN SERBEST FON,Serbest,,ALLBATROSS PORTFÖY,,,,
ESP,AURA PORTFÖY EMTİA SERBEST FON,Serbest,Serbest Şemsiye Fonu,AURA PORTFÖY,7.0,-0.706322,-0.690446,
ETN,EMAA BLUE PORTFÖY TEMKİNLİ DEĞİŞKEN FON,Değişken,Değişken Şemsiye Fonu,EMAA BLUE PORTFÖY,2.0,,,
EUN,GARANTİ PORTFÖY İKİNCİ SERBEST (DÖVİZ-AVRO) FON,Serbest,Serbest Şemsiye Fonu,GARANTİ PORTFÖY,,0.223194,,
EUZ,GARANTİ PORTFÖY SERBEST (DÖVİZ-AVRO) FON,Serbest,Serbest Şemsiye Fonu,GARANTİ PORTFÖY,,0.196705,1.110514,5.340653
EVM,DENİZ PORTFÖY ENERJİ VE MADENCİLİK SEKTÖRÜ DEĞİŞKEN FON,Değişken,Değişken Şemsiye Fonu,DENİZ PORTFÖY,6.0,,,
EYT,AKTİF PORTFÖY İKİNCİ FON SEPETİ FONU,Fon Sepeti,Fon Sepeti Şemsiye Fonu,AKTİF PORTFÖY,3.0,0.5018739999999999,,
EZM,KUVEYT TÜRK PORTFÖY EZM KATILIM SERBEST (DÖVİZ) ÖZEL FON,Katılım,,KUVEYT TÜRK PORTFÖY,,,,
FAK,FONMAP PORTFÖY ALTIN KATILIM FONU,Kıymetli Madenler,Katılım Şemsiye Fonu,FONMAP PORTFÖY,6.0,0.336574,,
FAL,ONE PORTFÖY ALTIN FONU,Kıymetli Madenler,Kıymetli Madenler Şemsiye Fonu,ONE PORTFÖY,6.0,,,
FBC,ONE PORTFÖY KAR PAYI ÖDEYEN KATILIM FONU,Katılım,Katılım Şemsiye Fonu,ONE PORTFÖY,6.0,0.1173579999999999,0.6329549999999999,
FBI,FİBA PORTFÖY BİRİNCİ SERBEST (DÖVİZ) FON,Serbest,Serbest Şemsiye Fonu,FİBA PORTFÖY,,0.2129599999999999,,
FBN,FİBA PORTFÖY SAFİR SERBEST FON,Serbest,,FİBA PORTFÖY,,,,
FBV,İŞ PORTFÖY MODEL SERBEST FON,Serbest,Serbest Şemsiye Fonu,İŞ PORTFÖY,6.0,0.378861,2.1927950000000003,6.268182
FBZ,FİBA PORTFÖY TEKNOLOJİ SERBEST FON,Serbest,Serbest Şemsiye Fonu,FİBA PORTFÖY,6.0,0.495625,1.821878,3.226072
FCK,ONE PORTFÖY ÇOKLU VARLIK KATILIM FONU,Katılım,Katılım Şemsiye Fonu,ONE PORTFÖY,5.0,0.196289,,
FCS,FİBA PORTFÖY İKİNCİ SERBEST FON,Serbest,,FİBA PORTFÖY,,,,
FD1,ONE PORTFÖY BİRİNCİ DEĞİŞKEN FON,Değişken,Değişken Şemsiye Fonu,ONE PORTFÖY,4.0,0.319383,,
FDE,QNB PORTFÖY KAR PAYI ÖDEYEN BEŞİNCİ SERBEST (DÖVİZ) FON,Serbest,,QNB PORTFÖY,,,,
FDG,FONMAP PORTFÖY BİRİNCİ DEĞİŞKEN FON,Değişken,Değişken Şemsiye Fonu,FONMAP PORTFÖY,4.0,0.331464,,
FDO,QNB PORTFÖY SULTAN SERBEST (DÖVİZ) ÖZEL FON,Serbest,,QNB PORTFÖY,,,,
FDV,AZİMUT PORTFÖY DMR SERBEST FON,Serbest,Serbest Şemsiye Fonu,AZİMUT PORTFÖY,4.0,0.630167,2.771606,
FDZ,AZİMUT PORTFÖY 16.0 HİSSE SENEDİ SERBEST FON (HİSSE SENEDİ YOĞUN FON),Hisse Senedi,,AZİMUT PORTFÖY,,,,
FFD,FİBA PORTFÖY ÜÇÜNCÜ PARA PİYASASI (TL) FONU,Para Piyasası,,FİBA PORTFÖY,,,,
FFF,QNB PORTFÖY BERİL SERBEST (DÖVİZ) ÖZEL FON,Serbest,,QNB PORTFÖY,,,,
FFH,QNB PORTFÖY ÇOKLU VARLIK KATILIM FONU,Katılım,Katılım Şemsiye Fonu,QNB PORTFÖY,4.0,0.494872,1.972942,7.017704999999999
FFO,QNB PORTFÖY SER SERBEST (DÖVİZ) ÖZEL FON,Serbest,,QNB PORTFÖY,,,,
FFP,QNB PORTFÖY FON SEPETİ FONU,Fon Sepeti,Fon Sepeti Şemsiye Fonu,QNB PORTFÖY,4.0,0.393347,1.926205,5.714971
FHI,FONMAP PORTFÖY İKİNCİ HİSSE SENEDİ SERBEST FON (HİSSE SENEDİ YOĞUN FON),Hisse Senedi,,FONMAP PORTFÖY,,,,
FHP,FİBA PORTFÖY ÖPY PARA PİYASASI SERBEST (TL) ÖZEL FON,Para Piyasası,,FİBA PORTFÖY,,,,
FHZ,QNB PORTFÖY HUZUR SERBEST (DÖVİZ) ÖZEL FON,Serbest,,QNB PORTFÖY,,,,
FI3,QNB PORTFÖY BORÇLANMA ARAÇLARI FONU,Borçlanma Araçları,Borçlanma Araçları Şemsiye Fonu,QNB PORTFÖY,4.0,0.365247,1.4772569999999998,3.249105
FI5,QNB PORTFÖY PARA PİYASASI (TL) FONU,Para Piyasası,,QNB PORTFÖY,,,,
FIB,FİBA PORTFÖY ALTIN FONU,Kıymetli Madenler,Kıymetli Madenler Şemsiye Fonu,FİBA PORTFÖY,6.0,0.429222,2.832739,11.888117
FID,FİBA PORTFÖY ÇOKLU VARLIK İKİNCİ DEĞİŞKEN FON,Değişken,Değişken Şemsiye Fonu,FİBA PORTFÖY,6.0,0.243828,0.904626,6.956251999999999
FIL,FİBA PORTFÖY PARA PİYASASI (TL) FONU,Para Piyasası,Para Piyasası Şemsiye Fonu,FİBA PORTFÖY,1.0,0.467627,2.5775810000000003,4.423924
FIT,FİBA PORTFÖY BORÇLANMA ARAÇLARI (TL) FONU,Borçlanma Araçları,Borçlanma Araçları Şemsiye Fonu,FİBA PORTFÖY,4.0,0.266331,0.992537,1.876391
FJB,FİBA PORTFÖY BLOK ZİNCİRİ TEKNOLOJİLERİ SERBEST FON,Serbest,Serbest Şemsiye Fonu,FİBA PORTFÖY,6.0,0.384761,2.620378,6.365652
FJC,FİBA PORTFÖY MELTEM ÜÇÜNCÜ SERBEST (DÖVİZ) FON,Serbest,,FİBA PORTFÖY,,,,
FJM,FİBA PORTFÖY MELTEM SERBEST (DÖVİZ) FON,Serbest,,FİBA PORTFÖY,,,,
FJN,FİBA PORTFÖY MELTEM İKİNCİ SERBEST (DÖVİZ) FON,Serbest,,FİBA PORTFÖY,,,,
FJZ,FİBA PORTFÖY FIRTINA SERBEST (DÖVİZ) FON,Serbest,Serbest Şemsiye Fonu,FİBA PORTFÖY,,0.241231,1.377118,6.944804
FKE,QNB PORTFÖY KRİSTAL SERBEST (DÖVİZ-AVRO) FON,Serbest,Serbest Şemsiye Fonu,QNB PORTFÖY,,0.19393,1.059051,
FKV,QNB PORTFÖY KAR PAYI ÖDEYEN YEDİNCİ SERBEST (DÖVİZ) FON,Serbest,,QNB PORTFÖY,,,,
FLS,YAPI KREDİ PORTFÖY FLORYA SERBEST (DÖVİZ-AVRO) FON,Serbest,Serbest Şemsiye Fonu,YAPI KREDİ PORTFÖY,,0.263603,,
FLY,AKTİF PORTFÖY HAVACILIK VE SAVUNMA TEKNOLOJİLERİ DEĞİŞKEN FON,Değişken,Değişken Şemsiye Fonu,AKTİF PORTFÖY,5.0,0.093209,,
FMG,QNB PORTFÖY GÜMÜŞ SERBEST FON,Kıymetli Madenler,Serbest Şemsiye Fonu,QNB PORTFÖY,6.0,0.8128740000000001,,
FMS,QNB PORTFÖY SABİHA SERBEST (DÖVİZ) ÖZEL FON,Serbest,,QNB PORTFÖY,,,,
FMV,DENİZ PORTFÖY FMV IŞIK ÜNİVERSİTESİ EĞİTİME DESTEK SERBEST FON,Serbest,Serbest Şemsiye Fonu,DENİZ PORTFÖY,2.0,,,
FNN,QNB PORTFÖY KAR PAYI ÖDEYEN ONUNCU SERBEST (DÖVİZ) FON,Serbest,,QNB PORTFÖY,,,,
FNO,QNB PORTFÖY BİRİNCİ DEĞİŞKEN FON,Değişken,Değişken Şemsiye Fonu,QNB PORTFÖY,4.0,0.365714,1.884065,6.291079999999999
FNT,HEDEF PORTFÖY MODEL HİSSE SENEDİ SERBEST (TL) FON (HİSSE SENEDİ YOĞUN FON),Hisse Senedi,Serbest Şemsiye Fonu,HEDEF PORTFÖY,6.0,0.3112399999999999,,
FP4,ONE PORTFÖY DÖRDÜNCÜ HİSSE SENEDİ SERBEST FON (HİSSE SENEDİ YOĞUN FON),Hisse Senedi,Serbest Şemsiye Fonu,ONE PORTFÖY,6.0,,,
FPE,FİBA PORTFÖY EUROBOND BORÇLANMA ARAÇLARI (DÖVİZ) FONU,Borçlanma Araçları,Borçlanma Araçları Şemsiye Fonu,FİBA PORTFÖY,5.0,0.2316939999999999,1.334914,6.741224
FPG,FİBA PORTFÖY GÜMÜŞ SERBEST FON,Kıymetli Madenler,Serbest Şemsiye Fonu,FİBA PORTFÖY,6.0,0.759962,,
FPH,FİBA PORTFÖY HİSSE SENEDİ (TL) FONU (HİSSE SENEDİ YOĞUN FON),Hisse Senedi,Hisse Senedi Şemsiye Fonu,FİBA PORTFÖY,6.0,0.2780519999999999,1.014233,10.202734
FPI,FONMAP PORTFÖY BİRİNCİ PARA PİYASASI (TL) FONU,Para Piyasası,Para Piyasası Şemsiye Fonu,FONMAP PORTFÖY,1.0,0.455528,,
FPK,FİBA PORTFÖY KISA VADELİ BORÇLANMA ARAÇLARI (TL) FONU,Kısa Vadeli Borçlanma,Borçlanma Araçları Şemsiye Fonu,FİBA PORTFÖY,1.0,0.431606,2.253301,3.702678
FPR,STRATEJİ PORTFÖY FOREST HİSSE SENEDİ SERBEST FON (HİSSE SENEDİ YOĞUN FON),Hisse Senedi,Serbest Şemsiye Fonu,STRATEJİ PORTFÖY,6.0,0.306556,1.689786,9.303722
FPZ,QNB PORTFÖY BİRİNCİ SERBEST (DÖVİZ) FON,Serbest,Serbest Şemsiye Fonu,QNB PORTFÖY,,0.215936,1.046873,5.90495
FR1,ONE PORTFÖY BİRİNCİ SERBEST FON,Serbest,,ONE PORTFÖY,,,,
FRA,AZİMUT PORTFÖY MAB SERBEST FON,Serbest,Serbest Şemsiye Fonu,AZİMUT PORTFÖY,6.0,0.194183,0.723363,7.610431
FRC,FONMAP PORTFÖY BİRİNCİ HİSSE SENEDİ SERBEST FON (HİSSE SENEDİ YOĞUN FON),Hisse Senedi,Serbest Şemsiye Fonu,FONMAP PORTFÖY,6.0,0.095379,,
FRZ,AZİMUT PORTFÖY FRZ SERBEST ÖZEL FON,Serbest,,AZİMUT PORTFÖY,,,,
FS1,ONE PORTFÖY BİRİNCİ HİSSE SENEDİ SERBEST FON (HİSSE SENEDİ YOĞUN FON),Hisse Senedi,,ONE PORTFÖY,,,,
FS2,ONE PORTFÖY İKİNCİ HİSSE SENEDİ SERBEST FON (HİSSE SENEDİ YOĞUN FON),Hisse Senedi,,ONE PORTFÖY,,,,
FS3,ONE PORTFÖY KATILIM HİSSE SENEDİ SERBEST FON (HİSSE SENEDİ YOĞUN FON),Hisse Senedi,,ONE PORTFÖY,,,,
FS4,ONE PORTFÖY ÜÇÜNCÜ HİSSE SENEDİ SERBEST FON (HİSSE SENEDİ YOĞUN FON),Hisse Senedi,,ONE PORTFÖY,,,,
FS5,ONE PORTFÖY BİRİNCİ İSTATİSTİKSEL ARBİTRAJ HİSSE SENEDİ SERBEST FON (HİSSE SENEDİ YOĞUN FON),Hisse Senedi,Serbest Şemsiye Fonu,ONE PORTFÖY,6.0,0.084595,,
FS6,ONE PORTFÖY İKİNCİ İSTATİSTİKSEL ARBİTRAJ SERBEST FON,Serbest,Serbest Şemsiye Fonu,ONE PORTFÖY,4.0,0.6557769999999999,,
FSF,FİBA PORTFÖY PARA PİYASASI SERBEST (TL) FON,Para Piyasası,Serbest Şemsiye Fonu,FİBA PORTFÖY,2.0,0.4679999999999999,2.625891,4.605741
FSG,FİBA PORTFÖY BİRİNCİ HİSSE SENEDİ SERBEST FON (HİSSE SENEDİ YOĞUN FON),Hisse Senedi,Serbest Şemsiye Fonu,FİBA PORTFÖY,6.0,0.269864,1.030694,
FSH,FİBA PORTFÖY FON SEPETİ SERBEST FON,Fon Sepeti,Serbest Şemsiye Fonu,FİBA PORTFÖY,6.0,0.5249969999999999,2.338344,
FSK,QNB PORTFÖY İKİNCİ PARA PİYASASI (TL) FONU,Para Piyasası,Para Piyasası Şemsiye Fonu,QNB PORTFÖY,2.0,0.465369,2.542387,4.248566
FSM,ONE PORTFÖY BEŞİNCİ HİSSE SENEDİ SERBEST FON (HİSSE SENEDİ YOĞUN FON),Hisse Senedi,,ONE PORTFÖY,,,,
FSP,FONMAP PORTFÖY SERBEST (DÖVİZ) FON,Serbest,Serbest Şemsiye Fonu,FONMAP PORTFÖY,6.0,,,
FSR,FİBA PORTFÖY İKİNCİ SERBEST (DÖVİZ-AVRO) FON,Serbest,Serbest Şemsiye Fonu,FİBA PORTFÖY,,0.192944,,
FSU,TERA PORTFÖY FON SEPETİ FONU,Fon Sepeti,Fon Sepeti Şemsiye Fonu,TERA PORTFÖY,6.0,,,
FSV,QNB PORTFÖY KAR PAYI ÖDEYEN SEKİZİNCİ SERBEST (DÖVİZ-AVRO) FON,Serbest,,QNB PORTFÖY,,,,
FTL,ONE PORTFÖY PARA PİYASASI KATILIM FONU,Para Piyasası,Katılım Şemsiye Fonu,ONE PORTFÖY,1.0,0.4574669999999999,,
FTY,QNB PORTFÖY KAR PAYI ÖDEYEN SERBEST (DÖVİZ) FON,Serbest,,QNB PORTFÖY,,,,
FUA,AK PORTFÖY İHRACATÇI ŞİRKETLER HİSSE SENEDİ (TL) FONU (HİSSE SENEDİ YOĞUN FON),Hisse Senedi,Hisse Senedi Şemsiye Fonu,AK PORTFÖY,6.0,0.20052,0.4433189999999999,
FUB,QNB PORTFÖY EUROBOND (DÖVİZ) BORÇLANMA ARAÇLARI FONU,Borçlanma Araçları,Borçlanma Araçları Şemsiye Fonu,QNB PORTFÖY,5.0,0.244255,1.363307,6.46592
FUM,AK PORTFÖY ALESTA SERBEST (DÖVİZ) ÖZEL FON,Serbest,,AK PORTFÖY,,,,
FUN,FİBA PORTFÖY ÜÇÜNCÜ SERBEST (DÖVİZ) FON,Serbest,,FİBA PORTFÖY,,,,
FUP,QNB PORTFÖY BAYSAN SERBEST (DÖVİZ) ÖZEL FON,Serbest,,QNB PORTFÖY,,,,
FVL,FİBA PORTFÖY BİRİNCİ SERBEST (TL) FON,Serbest,,FİBA PORTFÖY,,,,
FYA,İSTANBUL PORTFÖY ARK II SERBEST FON,Serbest,,İSTANBUL PORTFÖY,,,,
FYB,AZİMUT PORTFÖY EB SERBEST (DÖVİZ) ÖZEL FON,Serbest,,AZİMUT PORTFÖY,,,,
FYD,QNB PORTFÖY BİRİNCİ HİSSE SENEDİ FONU (HİSSE SENEDİ YOĞUN FON),Hisse Senedi,Hisse Senedi Şemsiye Fonu,QNB PORTFÖY,6.0,0.249567,0.980251,12.672643
FYF,STRATEJİ PORTFÖY MUTLAK GETİRİ HEDEFLİ HİSSE SENEDİ SERBEST FON(HİSSE SENEDİ YOĞUN),Hisse Senedi,,STRATEJİ PORTFÖY,,,,
FYG,AZİMUT PORTFÖY ÖPY SERBEST ( DÖVİZ ) ÖZEL FON,Serbest,,AZİMUT PORTFÖY,,,,
FYH,AZİMUT PYŞ SERBEST ( DÖVİZ ) FON,Serbest,,AZİMUT PORTFÖY,,,,
FYI,AZİMUT PORTFÖY 4.0 SERBEST FON,Serbest,Serbest Şemsiye Fonu,AZİMUT PORTFÖY,7.0,0.569382,1.951742,4.735861
FYM,AZİMUT PORTFÖY ÜÇÜNCÜ SERBEST (DÖVİZ) FON,Serbest,,AZİMUT PORTFÖY,,,,
FYO,QNB PORTFÖY ÖZEL SEKTÖR BORÇLANMA ARAÇLARI FONU,Borçlanma Araçları,Borçlanma Araçları Şemsiye Fonu,QNB PORTFÖY,1.0,0.464541,2.35974,4.011133
FYT,QNB PORTFÖY KISA VADELİ BORÇLANMA ARAÇLARI (TL) FONU,Kısa Vadeli Borçlanma,,QNB PORTFÖY,,,,
FYZ,AZİMUT PORTFÖY AS HİSSE SENEDİ SERBEST ÖZEL FON (HİSSE SENEDİ YOĞUN FON),Hisse Senedi,,AZİMUT PORTFÖY,,,,
FZJ,FİBA PORTFÖY BİRİNCİ FON SEPETİ FONU,Fon Sepeti,Fon Sepeti Şemsiye Fonu,FİBA PORTFÖY,4.0,0.37264,1.862161,
FZP,FİBA PORTFÖY SERBEST FON,Serbest,Serbest Şemsiye Fonu,FİBA PORTFÖY,2.0,0.406593,2.388857,4.675345
GA1,GARANTİ PORTFÖY BORÇLANMA ARAÇLARI FONU,Borçlanma Araçları,Borçlanma Araçları Şemsiye Fonu,GARANTİ PORTFÖY,3.0,0.366159,1.812666,3.542997
GAC,GARANTİ PORTFÖY YİRMİBİRİNCİ SERBEST (DÖVİZ) ÖZEL FON,Serbest,,GARANTİ PORTFÖY,,,,
GAE,GARANTİ PORTFÖY BİST30 ENDEKSİ HİSSE SENEDİ (TL) FONU (HİSSE SENEDİ YOĞUN FON),Hisse Senedi,Hisse Senedi Şemsiye Fonu,GARANTİ PORTFÖY,6.0,0.385266,1.028092,9.473291
GAF,INVEO PORTFÖY BİRİNCİ HİSSE SENEDİ FONU (HİSSE SENEDİ YOĞUN FON),Hisse Senedi,Hisse Senedi Şemsiye Fonu,INVEO PORTFÖY,6.0,0.336473,1.280359,13.071647
GAG,INVEO PORTFÖY BİRİNCİ SERBEST (DÖVIZ)  FON,Serbest,Serbest Şemsiye Fonu,INVEO PORTFÖY,5.0,0.227122,1.060205,5.850177
GAH,GARANTİ PORTFÖY MUTLAK GETİRİ HEDEFLİ DEĞİŞKEN FON,Değişken,Değişken Şemsiye Fonu,GARANTİ PORTFÖY,3.0,0.3971099999999999,2.218285,6.140562
GAJ,GARANTİ PORTFÖY YİRMİÜÇÜNCÜ SERBEST (DÖVİZ) ÖZEL FON,Serbest,,GARANTİ PORTFÖY,,,,
GAL,GARANTİ PORTFÖY İKİNCİ PARA PİYASASI (TL) FONU,Para Piyasası,,GARANTİ PORTFÖY,,,,
GAN,INVEO PORTFÖY ALFON SERBEST FON,Serbest,,INVEO PORTFÖY,,,,
GAS,GARANTİ PORTFÖY ÜÇÜNCÜ SERBEST(DÖVİZ) FON,Serbest,Serbest Şemsiye Fonu,GARANTİ PORTFÖY,,0.2246719999999999,1.129135,6.116774
GAU,GARANTİ PORTFÖY YİRMİNCİ SERBEST (DÖVİZ) ÖZEL FON,Serbest,,GARANTİ PORTFÖY,,,,
GAV,GARANTİ PORTFÖY YİRMİİKİNCİ SERBEST (DÖVİZ) ÖZEL FON,Serbest,,GARANTİ PORTFÖY,,,,
GBC,AZİMUT PORTFÖY YABANCI HİSSE SENEDİ FONU,Hisse Senedi,Hisse Senedi Şemsiye Fonu,AZİMUT PORTFÖY,6.0,0.421233,1.682717,6.103591
GBG,INVEO PORTFÖY G-20 ÜLKELERİ YABANCI HİSSE SENEDİ FONU,Hisse Senedi,Hisse Senedi Şemsiye Fonu,INVEO PORTFÖY,6.0,0.590504,1.873184,7.772614999999999
GBH,GARANTİ PORTFÖY BİRİNCİ HİSSE SENEDİ SERBEST FON (HİSSE SENEDİ YOĞUN FON),Hisse Senedi,Serbest Şemsiye Fonu,GARANTİ PORTFÖY,7.0,0.333237,1.3411179999999998,
GBJ,GARANTİ PORTFÖY BANKACILIK SEKTÖRÜ HİSSE SENEDİ SERBEST FON (HİSSE SENEDİ YOĞUN FON),Hisse Senedi,Serbest Şemsiye Fonu,GARANTİ PORTFÖY,7.0,0.199467,,
GBL,AZİMUT PYŞ KISA VADELİ BORÇLANMA ARAÇLARI FONU,Kısa Vadeli Borçlanma,Borçlanma Araçları Şemsiye Fonu,AZİMUT PORTFÖY,2.0,0.4633919999999999,2.503136,4.469529
GBN,GARANTİ PORTFÖY BEŞİNCİ (TL) SERBEST FON,Serbest,Serbest Şemsiye Fonu,GARANTİ PORTFÖY,2.0,0.453743,2.561176,4.4667840000000005
GBP,GARANTİ PORTFÖY YİRMİALTINCI SERBEST (DÖVİZ-AVRO) ÖZEL FON,Kıymetli Madenler,,GARANTİ PORTFÖY,,,,
GBV,GARANTİ PORTFÖY BLOCKCHAİN TEKNOLOJİLERİ DEĞİŞKEN FON,Değişken,Değişken Şemsiye Fonu,GARANTİ PORTFÖY,6.0,0.594178,3.614214,
GBZ,AZİMUT PORTFÖY EMTİA FON SEPETİ FONU,Fon Sepeti,Fon Sepeti Şemsiye Fonu,AZİMUT PORTFÖY,6.0,0.4953849999999999,1.57748,
GCA,GARANTİ PORTFÖY HM SERBEST (DÖVİZ) ÖZEL FON,Serbest,,GARANTİ PORTFÖY,,,,
GCC,GARANTİ PORTFÖY YİRMİSEKİZİNCİ SERBEST ÖZEL FON,Serbest,,GARANTİ PORTFÖY,,,,
GCD,ATLAS PORTFÖY UFUK HİSSE SENEDİ SERBEST FON (HİSSE SENEDİ YOĞUN FON),Hisse Senedi,,ATLAS PORTFÖY,,,,
GCI,GARANTİ PORTFÖY KARŞIYAKA SERBEST (DÖVİZ) ÖZEL FON,Serbest,,GARANTİ PORTFÖY,,,,
GCZ,GARANTİ PORTFÖY ZM SERBEST (DÖVİZ) ÖZEL FON,Serbest,,GARANTİ PORTFÖY,,,,
GDJ,GARANTİ PORTFÖY DÖRTLÜ SERBEST (DÖVİZ) ÖZEL FON,Serbest,,GARANTİ PORTFÖY,,,,
GDP,GARANTİ PORTFÖY DOKUZUNCU SERBEST (DÖVİZ) ÖZEL FON,Serbest,,GARANTİ PORTFÖY,,,,
GEC,GARANTİ PORTFÖY SOYKAN SERBEST (DÖVİZ) ÖZEL FON,Serbest,,GARANTİ PORTFÖY,,,,
GEI,INVEO PORTFÖY EVEREST SERBEST FON,Serbest,,INVEO PORTFÖY,,,,
GEZ,GARANTİ PORTFÖY ERN SERBEST (DÖVİZ) ÖZEL FON,Serbest,,GARANTİ PORTFÖY,,,,
GFB,GARANTİ PORTFÖY MISIRLI SERBEST (DÖVİZ) ÖZEL FON,Serbest,,GARANTİ PORTFÖY,,,,
GFD,GARANTİ PORTFÖY BAL SERBEST (DÖVİZ) ÖZEL FON,Serbest,,GARANTİ PORTFÖY,,,,
GFI,GARANTİ PORTFÖY YKT SERBEST (DÖVİZ) ÖZEL FON,Serbest,,GARANTİ PORTFÖY,,,,
GFL,GARANTİ PORTFÖY MİA SERBEST ÖZEL FON,Serbest,,GARANTİ PORTFÖY,,,,
GFN,GARANTİ PORTFÖY DAPEİ SERBEST  (DÖVİZ) ÖZEL FON,Serbest,,GARANTİ PORTFÖY,,,,
GFY,GARANTİ PORTFÖY OL SERBEST (DÖVİZ) ÖZEL FON,Serbest,,GARANTİ PORTFÖY,,,,
GGA,GARANTİ PORTFÖY YEDİNCİ SERBEST (DÖVİZ) ÖZEL FON,Serbest,,GARANTİ PORTFÖY,,,,
GGC,AK PORTFÖY KIYI HİSSE SENEDİ SERBEST ÖZEL FON (HİSSE SENEDİ YOĞUN FON),Hisse Senedi,,AK PORTFÖY,,,,
GGD,GARANTİ PORTFÖY SEKİZİNCİ SERBEST (DÖVİZ) ÖZEL FON,Serbest,,GARANTİ PORTFÖY,,,,
GGK,INVEO PORTFÖY ALTIN FON,Kıymetli Madenler,Kıymetli Madenler Şemsiye Fonu,INVEO PORTFÖY,6.0,0.4294409999999999,2.91678,12.921517
GGM,GARANTİ PORTFÖY GMS SERBEST ÖZEL FON,Serbest,,GARANTİ PORTFÖY,,,,
GGN,GARANTİ PORTFÖY AYDOĞAN SERBEST(DÖVİZ) ÖZEL FON,Serbest,,GARANTİ PORTFÖY,,,,
GGP,GARANTİ PORTFÖY ALTINCI SERBEST (DÖVİZ) ÖZEL FON,Kıymetli Madenler,,GARANTİ PORTFÖY,,,,
GGR,GARANTİ PORTFÖY ONİKİNCİ SERBEST (DÖVİZ) ÖZEL FON,Serbest,,GARANTİ PORTFÖY,,,,
GHS,GARANTİ PORTFÖY HİSSE SENEDİ (TL) FONU (HİSSE SENEDİ YOĞUN FON),Hisse Senedi,Hisse Senedi Şemsiye Fonu,GARANTİ PORTFÖY,6.0,0.325111,1.187805,13.429544
GID,GARANTİ PORTFÖY İNŞAAT SEKTÖRÜ HİSSE SENEDİ FONU (HİSSE SENEDİ YOĞUN FON),Hisse Senedi,Hisse Senedi Şemsiye Fonu,GARANTİ PORTFÖY,5.0,0.214527,,
GIE,GARANTİ PORTFÖY GARANTİ BBVA İKLİM ENDEKSİ HİSSE SENEDİ (TL) FONU (HİSSE SENEDİ YOĞUN FON),Hisse Senedi,Hisse Senedi Şemsiye Fonu,GARANTİ PORTFÖY,6.0,0.293935,1.233356,
GIH,ALLBATROSS PORTFÖY GIDA VE İÇECEK SEKTÖRÜ HİSSE SENEDİ FONU (HİSSE SENEDİ YOĞUN FON),Hisse Senedi,Hisse Senedi Şemsiye Fonu,ALLBATROSS PORTFÖY,6.0,0.21568,0.22023,
GJA,GARANTİ PORTFÖY ONYEDİNCİ SERBEST (DÖVİZ) ÖZEL FON,Serbest,,GARANTİ PORTFÖY,,,,
GJB,INVEO PORTFÖY BİRİNCİ FON SEPETİ FONU,Fon Sepeti,Fon Sepeti Şemsiye Fonu,INVEO PORTFÖY,5.0,0.481037,1.676121,9.011122
GJD,GARANTİ PORTFÖY ORTAS SERBEST (DÖVİZ) ÖZEL FON,Serbest,,GARANTİ PORTFÖY,,,,
GJE,GARANTİ PORTFÖY ECZ SERBEST (DÖVİZ) ÖZEL FON,Serbest,,GARANTİ PORTFÖY,,,,
GJF,GARANTİ PORTFÖY BEREKET SERBEST (DÖVİZ) ÖZEL FON,Serbest,,GARANTİ PORTFÖY,,,,
GJH,GARANTİ PORTFÖY PARA PİYASASI SERBEST (TL) FON,Para Piyasası,,GARANTİ PORTFÖY,,,,
GJM,GLOBAL MD PORTFÖY ADA SERBEST FON,Serbest,,GLOBAL MD PORTFÖY,,,,
GJO,GARANTİ PORTFÖY ONALTINCI SERBEST (DÖVİZ) ÖZEL FON,Kıymetli Madenler,,GARANTİ PORTFÖY,,,,
GKE,GARANTİ PORTFÖY KAR PAYI ÖDEYEN EKİM 2025 SERBEST (DÖVİZ) FON,Serbest,,GARANTİ PORTFÖY,,,,
GKF,GLOBAL MD PORTFÖY KATILIM FONU,Katılım,Katılım Şemsiye Fonu,GLOBAL MD PORTFÖY,7.0,0.128256,1.063899,3.368184
GKG,GARANTİ PORTFÖY KAR PAYI ÖDEYEN HİSSE SENEDİ (TL) FONU (HİSSE SENEDİ YOĞUN FON),Hisse Senedi,Hisse Senedi Şemsiye Fonu,GARANTİ PORTFÖY,6.0,0.4197619999999999,,
GKH,GARANTİ PORTFÖY PARA PİYASASI KATILIM SERBEST (TL) FON,Para Piyasası,Serbest Şemsiye Fonu,GARANTİ PORTFÖY,2.0,0.455124,2.397887,
GKK,GARANTİ PORTFÖY ONDÖRDÜNCÜ SERBEST (DÖVİZ) ÖZEL FON,Serbest,,GARANTİ PORTFÖY,,,,
GKL,GARANTİ PORTFÖY YF HİSSE SENEDİ SERBEST ÖZEL FON (HİSSE SENEDİ YOĞUN FON),Hisse Senedi,,GARANTİ PORTFÖY,,,,
GKM,GARANTİ PORTFÖY KAR PAYI ÖDEYEN EKİM 2026 SERBEST (DÖVİZ) FON,Serbest,,GARANTİ PORTFÖY,,,,
GKO,GARANTİ PORTFÖY KAR PAYI ÖDEYEN OCAK 2026 SERBEST (DÖVİZ) FON,Serbest,,GARANTİ PORTFÖY,,,,
GKV,GARANTİ PORTFÖY KATILIM HİSSE SENEDİ (TL) FONU (HİSSE SENEDİ YOĞUN FON),Hisse Senedi,Hisse Senedi Şemsiye Fonu,GARANTİ PORTFÖY,6.0,0.472942,1.195165,
GL1,AZİMUT PYŞ BİRİNCİ HİSSE SENEDİ FONU (HİSSE SENEDİ YOĞUN FON),Hisse Senedi,Hisse Senedi Şemsiye Fonu,AZİMUT PORTFÖY,6.0,0.442209,1.449239,13.135991
GLC,AKTİF PORTFÖY ÜÇÜNCÜ FON SEPETİ FONU,Fon Sepeti,Fon Sepeti Şemsiye Fonu,AKTİF PORTFÖY,5.0,0.199987,1.456078,
GLG,AKTİF PORTFÖY CAPİTAL HİSSE SENEDİ SERBEST FON (HİSSE SENEDİ YOĞUN FON),Hisse Senedi,Serbest Şemsiye Fonu,AKTİF PORTFÖY,6.0,0.385638,1.32994,
GLL,GOLDEN GLOBAL PORTFÖY ALTIN KATILIM FONU,Kıymetli Madenler,Katılım Şemsiye Fonu,GOLDEN GLOBAL PORTFÖY,6.0,,,
GLM,ATLAS PORTFÖY ÜÇÜNCÜ SERBEST (TL) FON,Serbest,,ATLAS PORTFÖY,,,,
GLP,GARANTİ PORTFÖY PRUVA SERBEST (DÖVİZ) ÖZEL FON,Serbest,,GARANTİ PORTFÖY,,,,
GLS,AZİMUT PORTFÖY  KİRA SERTİFİKALARI (SUKUK) KATILIM FONU,Katılım,Katılım Şemsiye Fonu,AZİMUT PORTFÖY,2.0,0.448038,2.153871,3.999942
GLV,GLOBAL MD PORTFÖY NEHİR SERBEST FON,Serbest,,GLOBAL MD PORTFÖY,,,,
GMA,AZİMUT PORTFÖY BİRİNCİ DEĞİŞKEN FON,Değişken,Değişken Şemsiye Fonu,AZİMUT PORTFÖY,5.0,0.466351,1.650005,8.989222
GMC,TEB PORTFÖY GÜMÜŞ FON SEPETİ FONU,Fon Sepeti,Fon Sepeti Şemsiye Fonu,TEB PORTFÖY,7.0,0.8010670000000001,3.360952,
GMD,GLOBAL MD PORTFÖY BİRİNCİ FON SEPETİ FONU,Fon Sepeti,Fon Sepeti Şemsiye Fonu,GLOBAL MD PORTFÖY,5.0,0.341412,0.405467,
GME,İŞ PORTFÖY EGE SERBEST ÖZEL FON,Serbest,,İŞ PORTFÖY,,,,
GMI,AK PORTFÖY GÜMÜŞ SERBEST FON,Kıymetli Madenler,Serbest Şemsiye Fonu,AK PORTFÖY,7.0,,,
GMM,GARANTİ PORTFÖY KAR PAYI ÖDEYEN MART 2027 SERBEST (DÖVİZ) FON,Serbest,,GARANTİ PORTFÖY,,,,
GMN,GLOBAL MD PORTFÖY BİRİNCİ PARA PİYASASI SERBEST (TL) FON,Para Piyasası,Serbest Şemsiye Fonu,GLOBAL MD PORTFÖY,2.0,,,
GMO,AZİMUT PORTFÖY G MOBİLİTE HİSSE SENEDİ SERBEST ÖZEL FON (HİSSE SENEDİ YOĞUN FON),Hisse Senedi,,AZİMUT PORTFÖY,,,,
GMP,GARANTİ PORTFÖY GM SERBEST (DÖVİZ) ÖZEL FON,Serbest,,GARANTİ PORTFÖY,,,,
GMR,INVEO PORTFÖY BIST 30 DIŞI ŞİRKETLER HİSSE SENEDİ FONU (HİSSE SENEDİ YOĞUN FON),Hisse Senedi,Hisse Senedi Şemsiye Fonu,INVEO PORTFÖY,6.0,0.144423,0.60515,9.576473
GMV,GARANTİ PORTFÖY OCAK 2026 SERBEST (DÖVİZ-ABD DOLARI) FON,Serbest,,GARANTİ PORTFÖY,,,,
GMZ,İŞ PORTFÖY MZ SERBEST ÖZEL FON,Serbest,,İŞ PORTFÖY,,,,
GNH,GLOBAL MD PORTFÖY ALGORİTMİK MODEL HİSSE SENEDİ FONU (HİSSE SENEDİ YOĞUN FON),Hisse Senedi,Hisse Senedi Şemsiye Fonu,GLOBAL MD PORTFÖY,7.0,0.123511,,
GNK,AZİMUT PORTFÖY SARPAY SERBEST (DÖVİZ) ÖZEL FON,Serbest,,AZİMUT PORTFÖY,,,,
GNL,GARANTİ PORTFÖY UNL SERBEST (DÖVİZ) ÖZEL FON,Serbest,,GARANTİ PORTFÖY,,,,
GNP,GARANTİ PORTFÖY NEMA PARA PİYASASI (TL) FONU,Para Piyasası,,GARANTİ PORTFÖY,,,,
GNS,GARANTİ PORTFÖY ENERJİ ŞİRKETLERİ HİSSE SENEDİ (TL) FONU (HİSSE SENEDİ YOĞUN FON),Hisse Senedi,Hisse Senedi Şemsiye Fonu,GARANTİ PORTFÖY,6.0,0.2328249999999999,,
GNZ,AK PORTFÖY ING Z KUŞAĞI FON SEPETİ ÖZEL FONU,Fon Sepeti,,AK PORTFÖY,,,,
GO1,ONE PORTFÖY BİRİNCİ FON SEPETİ FONU,Fon Sepeti,Fon Sepeti Şemsiye Fonu,ONE PORTFÖY,3.0,0.519889,2.758934,
GO3,ONE PORTFÖY ÜÇÜNCÜ FON SEPETİ FONU,Fon Sepeti,Fon Sepeti Şemsiye Fonu,ONE PORTFÖY,5.0,0.401215,1.87555,
GO4,ONE PORTFÖY DÖRDÜNCÜ FON SEPETİ FONU,Fon Sepeti,Fon Sepeti Şemsiye Fonu,ONE PORTFÖY,5.0,0.401337,1.87778,
GO6,ONE PORTFÖY PARA PİYASASI (TL) FONU,Para Piyasası,Para Piyasası Şemsiye Fonu,ONE PORTFÖY,1.0,0.5290590000000001,2.7663,
GO9,ONE PORTFÖY BİRİNCİ HİSSE SENEDİ FONU (HİSSE SENEDİ YOĞUN FON),Hisse Senedi,Hisse Senedi Şemsiye Fonu,ONE PORTFÖY,6.0,0.595236,,
GOF,GARANTİ PORTFÖY OTUZİKİNCİ SERBEST (DÖVİZ) FON,Serbest,,GARANTİ PORTFÖY,,,,
GOH,GARANTİ PORTFÖY BIST 100 DIŞI ŞİRKETLER HİSSE SENEDİ (TL) FONU (HİSSE SENEDİ YOĞUN FON),Hisse Senedi,Hisse Senedi Şemsiye Fonu,GARANTİ PORTFÖY,6.0,0.220773,1.017133,14.659205
GOK,GOLDEN GLOBAL PORTFÖY KISA VADELİ KİRA SERTİFİKALARI KATILIM FONU,Kısa Vadeli Borçlanma,Katılım Şemsiye Fonu,GOLDEN GLOBAL PORTFÖY,2.0,,,
GOL,GARANTİ PORTFÖY ALTIN KATILIM FONU,Kıymetli Madenler,Katılım Şemsiye Fonu,GARANTİ PORTFÖY,6.0,0.417462,,
GOP,GOLDEN GLOBAL PORTFÖY PARA PİYASASI KATILIM FONU,Para Piyasası,Katılım Şemsiye Fonu,GOLDEN GLOBAL PORTFÖY,1.0,,,
GP1,AZİMUT PORTFÖY AEB SERBEST (TL) ÖZEL FON,Serbest,,AZİMUT PORTFÖY,,,,
GP3,GARANTİ PORTFÖY ÜÇÜNCÜ SERBEST (DÖVİZ-AVRO) FON,Serbest,,GARANTİ PORTFÖY,,,,
GPA,GARANTİ PORTFÖY EUROBOND BORÇLANMA ARAÇLARI (DÖVİZ) FONU,Borçlanma Araçları,Borçlanma Araçları Şemsiye Fonu,GARANTİ PORTFÖY,5.0,0.25829,1.384586,6.468119000000001
GPB,GARANTİ PORTFÖY BİRİNCİ DEĞİŞKEN FON,Değişken,Değişken Şemsiye Fonu,GARANTİ PORTFÖY,2.0,0.3983,2.101639,3.889474
GPC,GARANTİ PORTFÖY İKİNCİ SERBEST ( DÖVİZ ) FON,Serbest,Serbest Şemsiye Fonu,GARANTİ PORTFÖY,,0.236036,1.33077,6.28459
GPF,GARANTİ PORTFÖY ÇOKLU VARLIK KATILIM FONU,Katılım,Katılım Şemsiye Fonu,GARANTİ PORTFÖY,3.0,0.4044319999999999,1.785517,4.053555
GPG,INVEO PORTFÖY BİRİNCİ DEĞİŞKEN FON,Değişken,Değişken Şemsiye Fonu,INVEO PORTFÖY,6.0,0.450799,1.800588,8.293051
GPH,GARANTİ PORTFÖY ONSEKİZİNCİ SERBEST (DÖVİZ) ÖZEL FON,Serbest,,GARANTİ PORTFÖY,,,,
GPI,GARANTİ PORTFÖY İKİNCİ DEĞİŞKEN FON,Değişken,Değişken Şemsiye Fonu,GARANTİ PORTFÖY,3.0,0.407065,2.187227,6.309253
GPJ,GARANTİ PORTFÖY PORTAKAL SERBEST (DÖVİZ) ÖZEL FON,Serbest,,GARANTİ PORTFÖY,,,,
GPL,GARANTİ PORTFÖY BİRİNCİ SERBEST (DÖVİZ) FON,Serbest,Serbest Şemsiye Fonu,GARANTİ PORTFÖY,,0.2118789999999999,0.971906,
GPM,GARANTİ PORTFÖY MİB SERBEST (DÖVİZ) ÖZEL FON,Serbest,,GARANTİ PORTFÖY,,,,
GPN,GARANTİ PORTFÖY PARA PİYASASI KATILIM (TL) FONU,Para Piyasası,Katılım Şemsiye Fonu,GARANTİ PORTFÖY,1.0,,,
GPT,AKTİF PORTFÖY ROBOTİK TEKNOLOJİLERİ DEĞİŞKEN FON,Değişken,Değişken Şemsiye Fonu,AKTİF PORTFÖY,5.0,0.549557,,
GPU,GARANTİ PORTFÖY ÜÇÜNCÜ DEĞİŞKEN FON,Değişken,Değişken Şemsiye Fonu,GARANTİ PORTFÖY,4.0,0.409643,2.167722,7.081976
GPV,YAPI KREDİ PORTFÖY URLA SERBEST (DÖVİZ-AVRO) ÖZEL FON,Serbest,,YAPI KREDİ PORTFÖY,,,,
GPZ,GARANTİ PORTFÖY ÜÇÜNCÜ PARA PİYASASI FONU,Para Piyasası,Para Piyasası Şemsiye Fonu,GARANTİ PORTFÖY,1.0,0.470524,0.294758,0.948573
GRL,QNB PORTFÖY AGRESİF SERBEST FON,Serbest,Serbest Şemsiye Fonu,QNB PORTFÖY,5.0,0.349112,,
GRO,GARANTİ PORTFÖY OTUZUNCU SERBEST (DÖVİZ) FON,Serbest,Serbest Şemsiye Fonu,GARANTİ PORTFÖY,,0.217058,1.029845,
GRT,GARANTİ PORTFÖY TEKNOLOJİ ŞİRKETLERİ HİSSE SENEDİ (TL) FONU (HİSSE SENEDİ YOĞUN FON),Hisse Senedi,Hisse Senedi Şemsiye Fonu,GARANTİ PORTFÖY,6.0,0.296753,,
GSE,AZİMUT PORTFÖY 7.0 SERBEST (DÖVİZ) FON,Serbest,,AZİMUT PORTFÖY,,,,
GSG,AZİMUT PORTFÖY GÜREL SERBEST (DÖVİZ) ÖZEL FON,Serbest,,AZİMUT PORTFÖY,,,,
GSL,AZİMUT PORTFÖY GIPTA SERBEST ÖZEL FON,Serbest,,AZİMUT PORTFÖY,,,,
GSO,GARANTİ PORTFÖY ÖPY SERBEST ÖZEL FON,Serbest,,GARANTİ PORTFÖY,,,,
GSP,AZİMUT PYŞ KAR PAYI ÖDEYEN HİSSE SENEDİ FONU (HİSSE SENEDİ YOĞUN FON),Hisse Senedi,Hisse Senedi Şemsiye Fonu,AZİMUT PORTFÖY,6.0,0.5257000000000001,1.590676,11.628314
GSR,GARANTİ PORTFÖY EGL SERBEST (DÖVİZ) ÖZEL FON,Serbest,,GARANTİ PORTFÖY,,,,
GSU,GARANTİ PORTFÖY KAR PAYI ÖDEYEN ŞUBAT 2026 SERBEST (DÖVİZ) FON,Serbest,,GARANTİ PORTFÖY,,,,
GTA,GARANTİ PORTFÖY ALTIN FONU,Kıymetli Madenler,Kıymetli Madenler Şemsiye Fonu,GARANTİ PORTFÖY,6.0,0.430573,2.620846,11.211918
GTF,AZİMUT PYŞ BİRİNCİ BORÇLANMA ARAÇLARI FONU,Borçlanma Araçları,Borçlanma Araçları Şemsiye Fonu,AZİMUT PORTFÖY,3.0,0.3897079999999999,1.833983,3.532703
GTH,GARANTİ PORTFÖY İHRACATÇI ŞİRKETLER HİSSE SENEDİ (TL) FONU (HİSSE SENEDİ YOĞUN FON),Hisse Senedi,Hisse Senedi Şemsiye Fonu,GARANTİ PORTFÖY,6.0,0.369117,,
GTK,GARANTİ PORTFÖY KAMU BORÇLANMA ARAÇLARI ÖZEL FONU,Borçlanma Araçları,,GARANTİ PORTFÖY,,,,
GTL,GARANTİ PORTFÖY BİRİNCİ PARA PİYASASI (TL) FONU,Para Piyasası,,GARANTİ PORTFÖY,,,,
GTM,GARANTİ PORTFÖY TEMETTÜ ÖDEYEN ŞİRKETLER HİSSE SENEDİ (TL) FONU (HİSSE SENEDİ YOĞUN FON),Hisse Senedi,Hisse Senedi Şemsiye Fonu,GARANTİ PORTFÖY,6.0,0.416162,1.428626,
GTN,GARANTİ PORTFÖY GTH SERBEST (DÖVİZ) ÖZEL FON,Serbest,,GARANTİ PORTFÖY,,,,
GTY,GARANTİ PORTFÖY TREND SERBEST FON,Serbest,Serbest Şemsiye Fonu,GARANTİ PORTFÖY,6.0,0.388287,1.687253,4.776392
GTZ,GARANTİ PORTFÖY GÜMÜŞ FON SEPETİ FONU,Fon Sepeti,Fon Sepeti Şemsiye Fonu,GARANTİ PORTFÖY,7.0,0.76493,3.4074020000000003,10.892639999999998
GUA,GARANTİ PORTFÖY BİRİNCİ BORÇLANMA ARAÇLARI ÖZEL FON,Borçlanma Araçları,,GARANTİ PORTFÖY,,,,
GUB,GARANTİ PORTFÖY ÖZEL SEKTÖR BORÇLANMA ARAÇLARI FONU,Borçlanma Araçları,Borçlanma Araçları Şemsiye Fonu,GARANTİ PORTFÖY,1.0,0.462246,,
GUC,GARANTİ PORTFÖY ÜÇÜNCÜ PARA PİYASASI SERBEST (TL) ÖZEL FON,Para Piyasası,,GARANTİ PORTFÖY,,,,
GUF,İŞ PORTFÖY GÜMÜŞ FON SEPETİ FONU,Fon Sepeti,Fon Sepeti Şemsiye Fonu,İŞ PORTFÖY,7.0,,,
GUH,GARANTİ PORTFÖY YABANCI TEKNOLOJİ HİSSE SENEDİ FONU,Hisse Senedi,Hisse Senedi Şemsiye Fonu,GARANTİ PORTFÖY,6.0,0.73687,2.409975,7.992451
GUK,GARANTİ PORTFÖY GÜMÜŞ KATILIM SERBEST FON,Kıymetli Madenler,Serbest Şemsiye Fonu,GARANTİ PORTFÖY,7.0,,,
GUM,AK PORTFÖY GÜMÜŞ FON SEPETI FONU,Kıymetli Madenler,Fon Sepeti Şemsiye Fonu,AK PORTFÖY,7.0,0.800557,3.309222,11.417167
GUV,GARANTİ PORTFÖY UZUN VADELİ BORÇLANMA ARAÇLARI FONU,Borçlanma Araçları,Borçlanma Araçları Şemsiye Fonu,GARANTİ PORTFÖY,5.0,0.297681,,
GVA,GARANTİ PORTFÖY ELEKTRİKLİ VE OTONOM ARAÇLAR DEĞİŞKEN FON,Değişken,Değişken Şemsiye Fonu,GARANTİ PORTFÖY,6.0,0.34417,1.145532,
GVB,GARANTİ PORTFÖY ACE SERBEST (DÖVİZ-ABD DOLARI) ÖZEL FON,Serbest,,GARANTİ PORTFÖY,,,,
GVC,GARANTİ PORTFÖY ERG SERBEST (DÖVİZ) ÖZEL FON,Serbest,,GARANTİ PORTFÖY,,,,
GVD,GARANTİ PORTFÖY KARABAĞLI SERBEST (DÖVİZ) ÖZEL FON,Serbest,,GARANTİ PORTFÖY,,,,
GVI,GARANTİ PORTFÖY ÜÇÜNCÜ FON SEPETİ FONU,Fon Sepeti,Fon Sepeti Şemsiye Fonu,GARANTİ PORTFÖY,5.0,0.3151859999999999,1.629099,
GVL,GARANTİ  PORTFÖY ZYT SERBEST (DÖVİZ) ÖZEL FON,Serbest,,GARANTİ PORTFÖY,,,,
GVZ,GARANTİ PORTFÖY ACE SERBEST (DÖVİZ-AVRO) ÖZEL FON,Serbest,,GARANTİ PORTFÖY,,,,
GYC,GARANTİ PORTFÖY YİRMİBEŞİNCİ SERBEST ÖZEL FON,Serbest,,GARANTİ PORTFÖY,,,,
GYG,GARANTİ PORTFÖY TEKOS SERBEST (DÖVİZ-AVRO) ÖZEL FON,Serbest,,GARANTİ PORTFÖY,,,,
GYK,INVEO PORTFÖY BORÇLANMA ARAÇLARI (TL) FONU,Borçlanma Araçları,Borçlanma Araçları Şemsiye Fonu,INVEO PORTFÖY,1.0,0.441049,2.213334,4.281186
GYL,INVEO PORTFÖY KISA VADELİ BORÇLANMA ARAÇLARI (TL) FONU,Kısa Vadeli Borçlanma,,INVEO PORTFÖY,,,,
GYN,GARANTİ PORTFÖY HCR SERBEST (DÖVİZ) ÖZEL FON,Serbest,,GARANTİ PORTFÖY,,,,
GYR,GARANTİ PORTFÖY TEKOS SERBEST (DÖVİZ-ABD DOLARI) ÖZEL FON,Serbest,,GARANTİ PORTFÖY,,,,
GZB,GARANTİ PORTFÖY ÖPY İKİNCİ SERBEST ÖZEL FON,Serbest,,GARANTİ PORTFÖY,,,,
GZD,GARANTİ PORTFÖY ONÜCÜNCÜ SERBEST (DÖVİZ) ÖZEL FON,Serbest,,GARANTİ PORTFÖY,,,,
GZE,GARANTİ PORTFÖY EMTİA SERBEST FON,Serbest,Serbest Şemsiye Fonu,GARANTİ PORTFÖY,6.0,0.559772,1.567298,6.943555
GZG,GARANTİ PORTFÖY SAĞLIK VE GENETİK TEKNOLOJİLERİ DEĞİŞKEN FON,Değişken,Değişken Şemsiye Fonu,GARANTİ PORTFÖY,6.0,0.563501,1.402462,
GZH,GARANTİ PORTFÖY TEMİZ ENERJİ DEĞİŞKEN FON,Değişken,Değişken Şemsiye Fonu,GARANTİ PORTFÖY,5.0,0.421706,0.7565529999999999,4.054460000000001
GZJ,GARANTİ PORTFÖY İKİNCİ FON SEPETİ FONU,Fon Sepeti,Fon Sepeti Şemsiye Fonu,GARANTİ PORTFÖY,4.0,0.353332,1.958783,6.84604
GZL,GARANTİ PORTFÖY TARIM VE GIDA SEKTÖRÜ DEĞİŞKEN FON,Değişken,Değişken Şemsiye Fonu,GARANTİ PORTFÖY,5.0,0.507631,0.896055,
GZM,GLOBAL MD PORTFÖY DURU SERBEST FON,Serbest,Serbest Şemsiye Fonu,GLOBAL MD PORTFÖY,7.0,0.917298,0.497153,7.15874
GZN,GLOBAL MD PORTFÖY BOĞAZİÇİ SERBEST FON,Serbest,Serbest Şemsiye Fonu,GLOBAL MD PORTFÖY,7.0,0.724817,2.204104,29.134208
GZO,GARANTİ PORTFÖY ÖZM SERBEST (DÖVİZ) ÖZEL FON,Serbest,,GARANTİ PORTFÖY,,,,
GZP,GARANTİ PORTFÖY BİRİNCİ FON SEPETİ FONU,Fon Sepeti,Fon Sepeti Şemsiye Fonu,GARANTİ PORTFÖY,3.0,0.396288,2.176708,6.0095920000000005
GZR,GARANTİ PORTFÖY SÜRDÜRÜLEBİLİRLİK HİSSE SENEDİ (TL) FONU (HİSSE SENEDİ YOĞUN FON),Hisse Senedi,Hisse Senedi Şemsiye Fonu,GARANTİ PORTFÖY,6.0,0.264609,0.979313,10.21894
GZU,GARANTİ PORTFÖY EKE SERBEST (DÖVİZ) ÖZEL FON,Serbest,,GARANTİ PORTFÖY,,,,
GZV,GARANTİ PORTFÖY ESG SÜRDÜRÜLEBİLİRLİK FON SEPETİ FONU,Fon Sepeti,Fon Sepeti Şemsiye Fonu,GARANTİ PORTFÖY,5.0,0.372836,1.4273330000000002,6.227751
GZY,GARANTİ PORTFÖY TURİZM VE SEYAHAT SEKTÖRÜ DEĞİŞKEN FON,Değişken,Değişken Şemsiye Fonu,GARANTİ PORTFÖY,6.0,0.1262889999999999,1.312002,
GZZ,GARANTİ PORTFÖY FİNANSAL TEKNOLOJİLER DEĞİŞKEN FON,Değişken,Değişken Şemsiye Fonu,GARANTİ PORTFÖY,5.0,0.224073,1.679714,
HAE,HSBC PORTFÖY EKİM 2026 SERBEST (DÖVİZ) FON,Serbest,,HSBC PORTFÖY,,,,
HAG,GARANTİ PORTFÖY EKİM 2026 SERBEST (DÖVİZ-ABD DOLARI) FON,Serbest,,GARANTİ PORTFÖY,,,,
HAI,AHLATCI PORTFÖY ALTIN FONU,Kıymetli Madenler,Kıymetli Madenler Şemsiye Fonu,AHLATCI PORTFÖY,6.0,,,
HAM,HEDEF PORTFÖY ALTIN KATILIM FONU,Kıymetli Madenler,Katılım Şemsiye Fonu,HEDEF PORTFÖY,6.0,0.5292439999999999,,
HAR,BV PORTFÖY HARMONY SERBEST FON,Serbest,Serbest Şemsiye Fonu,BV PORTFÖY,7.0,,,
HAT,HEDEF PORTFÖY ATLAS İSTATİSTİKSEL ARBİTRAJ HİSSE SENEDİ SERBEST FON (HİSSE SENEDİ YOĞUN FON),Hisse Senedi,Serbest Şemsiye Fonu,HEDEF PORTFÖY,2.0,0.24058,,
HB1,ZİRAAT PORTFÖY HALKBANK SERBEST (DÖVİZ-AMERİKAN DOLARI) FON,Serbest,,ZİRAAT PORTFÖY,,,,
HB2,ZİRAAT PORTFÖY HALKBANK SERBEST (DÖVİZ-AVRO) FON,Serbest,,ZİRAAT PORTFÖY,,,,
HBF,HSBC PORTFÖY ALTIN FONU,Kıymetli Madenler,Kıymetli Madenler Şemsiye Fonu,HSBC PORTFÖY,,0.4666369999999999,3.008341,11.949136
HBJ,HAS PORTFÖY BİRİNCİ SERBEST FON,Serbest,,HAS PORTFÖY,,,,
HBN,HSBC PORTFÖY BİRİNCİ FON SEPETİ FONU,Fon Sepeti,Fon Sepeti Şemsiye Fonu,HSBC PORTFÖY,,0.330845,1.510199,
HBU,HSBC PORTFÖY BİST 30 ENDEKSİ HİSSE SENEDİ FONU (HİSSE SENEDİ YOĞUN FON),Hisse Senedi,Hisse Senedi Şemsiye Fonu,HSBC PORTFÖY,,0.418103,1.054685,10.435007
HBV,HEDEF PORTFÖY DORUK HİSSE SENEDİ SERBEST (TL) FON (HİSSE SENEDİ YOĞUN FON),Hisse Senedi,,HEDEF PORTFÖY,,,,
HCV,HEDEF PORTFÖY ATAK ÇOKLU VARLIK KATILIM FONU,Katılım,Katılım Şemsiye Fonu,HEDEF PORTFÖY,5.0,,,
HDA,HEDEF PORTFÖY DÖRDÜNCÜ İSTATİSTİKSEL ARBİTRAJ HİSSE SENEDİ SERBEST (TL) FON (HİSSE SENEDİ YOĞUN FON),Hisse Senedi,Serbest Şemsiye Fonu,HEDEF PORTFÖY,2.0,0.362426,,
HDD,AHLATCI PORTFÖY BİRİNCİ DEĞİŞKEN FON,Değişken,Değişken Şemsiye Fonu,AHLATCI PORTFÖY,5.0,,,
HDE,HSBC PORTFÖY BEŞİNCİ SERBEST (DÖVİZ-AVRO) FON,Serbest,,HSBC PORTFÖY,,,,
HDH,HEDEF PORTFÖY DOĞU HİSSE SENEDİ SERBEST (TL) FON (HİSSE SENEDİ YOĞUN FON),Hisse Senedi,,HEDEF PORTFÖY,,,,
HDJ,HEDEF PORTFÖY ARTI SERBEST (TL) FON,Serbest,,HEDEF PORTFÖY,,,,
HDK,HEDEF PORTFÖY VEGA İSTATİSTİKSEL ARBİTRAJ HİSSE SENEDİ SERBEST FON (HİSSE SENEDİ YOĞUN FON),Hisse Senedi,Serbest Şemsiye Fonu,HEDEF PORTFÖY,2.0,0.265293,1.826303,
HDS,HEDEF PORTFÖY SERBEST (TL) FON,Serbest,,HEDEF PORTFÖY,,,,
HDV,HSBC PORTFÖY YEDİNCİ SERBEST (DÖVİZ-POUND) FON,Serbest,,HSBC PORTFÖY,,,,
HEH,HEDEF PORTFÖY ALGO EVEREST İSTATİSTİKSEL ARBİTRAJ HİSSE SENEDİ SERBEST FON (HİSSE SENEDİ YOĞUN FON),Hisse Senedi,Serbest Şemsiye Fonu,HEDEF PORTFÖY,3.0,0.401551,2.6946480000000004,
HFA,HSBC PORTFÖY ALLİANZ DEĞİŞKEN ÖZEL FON,Değişken,,HSBC PORTFÖY,,,,
HFI,HEDEF PORTFÖY İKİNCİ KATILIM HİSSE SENEDİ SERBEST FON (HİSSE SENEDİ YOĞUN FON),Hisse Senedi,Serbest Şemsiye Fonu,HEDEF PORTFÖY,6.0,0.353483,,
HFO,AHLATCI PORTFÖY KATILIM HİSSE SENEDİ (TL) FONU (HİSSE SENEDİ YOĞUN FON),Hisse Senedi,Hisse Senedi Şemsiye Fonu,AHLATCI PORTFÖY,7.0,,,
HFR,A1 CAPİTAL PORTFÖY HİSSE SENEDİ (TL) FONU (HİSSE SENEDİ YOĞUN FON),Hisse Senedi,Hisse Senedi Şemsiye Fonu,A1 CAPİTAL PORTFÖY,6.0,,,
HFV,HSBC PYŞ ÜÇÜNCÜ SERBEST (DÖVİZ) FON,Serbest,,HSBC PORTFÖY,,,,
HFY,ALBARAKA PORTFÖY HAYAT FİNANS KISA VADELİ KATILIM SERBEST FON,Kısa Vadeli Borçlanma,,ALBARAKA PORTFÖY,,,,
HGC,HSBC PORTFÖY MART 2027 SERBEST (DÖVİZ) FON,Serbest,,HSBC PORTFÖY,,,,
HGH,HEDEF PORTFÖY GÜNEŞ HİSSE SENEDİ SERBEST (TL) FON (HİSSE SENEDİ YOĞUN FON),Hisse Senedi,,HEDEF PORTFÖY,,,,
HGJ,HEDEF PORTFÖY GÜNEY HİSSE SENEDİ SERBEST FON (HİSSE SENEDİ YOĞUN FON),Hisse Senedi,,HEDEF PORTFÖY,,,,
HGM,HEDEF PORTFÖY İKİNCİ HİSSE SENEDİ (TL) FONU (HİSSE SENEDİ YOĞUN FON),Hisse Senedi,Hisse Senedi Şemsiye Fonu,HEDEF PORTFÖY,6.0,0.4713989999999999,1.7003210000000002,
HGR,HEDEF PORTFÖY ALGORİTMİK STRATEJİLER SERBEST FON,Serbest,Serbest Şemsiye Fonu,HEDEF PORTFÖY,5.0,,,
HGT,AZİMUT PORTFÖY 15.0 SERBEST (DÖVİZ) FON,Serbest,,AZİMUT PORTFÖY,,,,
HGU,HSBC PORTFÖY GÜÇLÜ SERBEST ÖZEL FON,Serbest,,HSBC PORTFÖY,,,,
HGV,HEDEF PORTFÖY BİRİNCİ SERBEST FON,Serbest,Serbest Şemsiye Fonu,HEDEF PORTFÖY,7.0,-0.0223249999999999,1.397309,
HIA,HEDEF PORTFÖY İSTATİSTİKSEL ARBİTRAJ SERBEST FON,Serbest,Serbest Şemsiye Fonu,HEDEF PORTFÖY,3.0,0.465421,,
HIF,HEDEF PORTFÖY İKİNCİ SERBEST FON,Serbest,Serbest Şemsiye Fonu,HEDEF PORTFÖY,6.0,,,
HIH,GARANTİ  PORTFÖY HOLDİNGLER VE İŞTİRAKLERİ HİSSE SENEDİ (TL) FONU (HİSSE SENEDİ YOĞUN FON),Hisse Senedi,Hisse Senedi Şemsiye Fonu,GARANTİ PORTFÖY,6.0,0.216737,,
HII,HSBC PYŞ BİRİNCİ SERBEST (DÖVİZ) ÖZEL FON,Serbest,,HSBC PORTFÖY,,,,
HIM,HEDEF PORTFÖY BİRİNCİ İSTATİSTİKSEL ARBİTRAJ HİSSE SENEDİ SERBEST FON (HİSSE SENEDİ YOĞUN FON),Hisse Senedi,Serbest Şemsiye Fonu,HEDEF PORTFÖY,2.0,0.382708,2.528339,
HIP,HSBC PORTFÖY İKİNCİ PARA PİYASASI (TL) FONU,Para Piyasası,,HSBC PORTFÖY,,,,
HIS,HEDEF PORTFÖY ÜÇÜNCÜ SERBEST FON,Serbest,,HEDEF PORTFÖY,,,,
HIZ,AZİMUT PORTFÖY DİNAMİK DEĞİŞKEN FON,Değişken,Değişken Şemsiye Fonu,AZİMUT PORTFÖY,5.0,0.58001,,
HJA,AZİMUT PORTFÖY BİRİNCİ HİSSE SENEDİ SERBEST FON (HİSSE SENEDİ YOĞUN FON),Hisse Senedi,,AZİMUT PORTFÖY,,,,
HJB,HEDEF PORTFÖY BİRİNCİ DEĞİŞKEN FON,Değişken,Değişken Şemsiye Fonu,HEDEF PORTFÖY,6.0,0.4886359999999999,1.860158,
HKG,ZİRAAT PORTFÖY HALK'IN ÜRETEN KADINLARI DEĞİŞKEN FON,Değişken,Değişken Şemsiye Fonu,ZİRAAT PORTFÖY,6.0,0.41459,,
HKH,HEDEF PORTFÖY KATILIM HİSSE SENEDİ (TL) FONU (HİSSE SENEDİ YOĞUN FON),Hisse Senedi,Hisse Senedi Şemsiye Fonu,HEDEF PORTFÖY,6.0,0.082566,0.837487,
HKJ,HEDEF PORTFÖY PARA PİYASASI SERBEST FON,Para Piyasası,Serbest Şemsiye Fonu,HEDEF PORTFÖY,1.0,,,
HKM,HEDEF PORTFÖY BAŞAK HİSSE SENEDİ SERBEST (TL) FON (HİSSE SENEDİ YOĞUN FON),Hisse Senedi,Serbest Şemsiye Fonu,HEDEF PORTFÖY,7.0,-0.06477,0.480106,
HKP,HEDEF PORTFÖY KATILIM HİSSE SENEDİ SERBEST (TL) FON (HİSSE SENEDİ YOĞUN FON),Hisse Senedi,,HEDEF PORTFÖY,,,,
HKR,HSBC PORTFÖY KIRMIZI HİSSE SENEDİ SERBEST (TL) FON (HİSSE SENEDİ YOĞUN FON),Hisse Senedi,Serbest Şemsiye Fonu,HSBC PORTFÖY,,0.218491,0.826619,
HKV,ZİRAAT PORTFÖY HALKBANK KISA VADELİ BORÇLANMA ARAÇLARI (TL) FONU,Kısa Vadeli Borçlanma,,ZİRAAT PORTFÖY,,,,
HLA,NEO PORTFÖY ÜÇÜNCÜ HİSSE SENEDİ SERBEST FON (HİSSE SENEDİ YOĞUN FON),Hisse Senedi,,NEO PORTFÖY,,,,
HLL,ZİRAAT PORTFÖY HALKBANK PARA PİYASASI (TL) FONU,Para Piyasası,,ZİRAAT PORTFÖY,,,,
HLR,HEDEF PORTFÖY ADA HİSSE SENEDİ SERBEST (TL) FON (HİSSE SENEDİ YOĞUN FON),Hisse Senedi,,HEDEF PORTFÖY,,,,
HMC,HEDEF PORTFÖY EKİNOKS SERBEST (TL) FON,Serbest,Serbest Şemsiye Fonu,HEDEF PORTFÖY,5.0,0.157408,0.914859,
HME,HSBC PORTFÖY DÖRDÜNCÜ SERBEST (DÖVİZ) FON,Serbest,,HSBC PORTFÖY,,,,
HMG,HSBC PYŞ MUTLAK GETİRİ HEDEFLİ HİSSE SENEDİ SERBEST (TL) FON(HİSSE SENEDİ YOĞUN FON),Hisse Senedi,Serbest Şemsiye Fonu,HSBC PORTFÖY,,0.298031,1.84359,4.98416
HMK,HEDEF PORTFÖY EGE HİSSE SENEDİ SERBEST (TL) FON (HİSSE SENEDİ YOĞUN FON),Hisse Senedi,,HEDEF PORTFÖY,,,,
HML,HEDEF PORTFÖY KATILIM SERBEST (DÖVİZ) FON,Katılım,Serbest Şemsiye Fonu,HEDEF PORTFÖY,,0.16658,,
HMS,HSBC PORTFÖY SÜRDÜRÜLEBİLİRLİK HİSSE SENEDİ (TL) FONU (HİSSE SENEDİ YOĞUN FON),Hisse Senedi,Hisse Senedi Şemsiye Fonu,HSBC PORTFÖY,,0.163476,0.882114,
HMT,AZİMUT PORTFÖY 12.0 SERBEST FON,Serbest,,AZİMUT PORTFÖY,,,,
HMV,HEDEF PORTFÖY MAVİ HİSSE SENEDİ SERBEST (TL) FON (HİSSE SENEDİ YOĞUN FON),Hisse Senedi,,HEDEF PORTFÖY,,,,
HNS,HSBC PORTFÖY KAR PAYI ÖDEYEN MAYIS 2029 SERBEST (DÖVİZ) FON,Serbest,,HSBC PORTFÖY,,,,
HOA,HSBC PORTFÖY TEKNOLOJİ DEĞİŞKEN FON,Değişken,Değişken Şemsiye Fonu,HSBC PORTFÖY,,0.453476,2.552703,7.893206
HOY,HSBC PORTFÖY YABANCI BYF FON SEPETI,Diğer,Fon Sepeti Şemsiye Fonu,HSBC PORTFÖY,,0.345899,1.523688,6.501851
HP3,HEDEF PORTFÖY LİDYA SERBEST (DÖVİZ) FON,Serbest,Serbest Şemsiye Fonu,HEDEF PORTFÖY,,0.202899,1.15296,
HPC,ZİRAAT PORTFÖY HEDEF SERBEST ÖZEL FON,Serbest,,ZİRAAT PORTFÖY,,,,
HPD,HSBC PORTFÖY İKİNCİ DEĞİŞKEN FON,Değişken,Değişken Şemsiye Fonu,HSBC PORTFÖY,,0.174158,1.094062,5.0793740000000005
HPF,HEDEF PORTFÖY KUZEY HİSSE SENEDİ SERBEST (TL) FON (HİSSE SENEDİ YOĞUN FON),Hisse Senedi,,HEDEF PORTFÖY,,,,
HPH,HEDEF PORTFÖY PARA PİYASASI KATILIM FONU,Para Piyasası,Katılım Şemsiye Fonu,HEDEF PORTFÖY,1.0,0.451714,,
HPI,HEDEF PORTFÖY İDEAL HİSSE SENEDİ SERBEST (TL) FON (HİSSE SENEDİ YOĞUN FON),Hisse Senedi,,HEDEF PORTFÖY,,,,
HPJ,AZİMUT PORTFÖY HP HİSSE SENEDİ SERBEST ÖZEL FON (HİSSE SENEDİ YOĞUN FON),Hisse Senedi,,AZİMUT PORTFÖY,,,,
HPL,HEDEF PORTFÖY ÇINAR HİSSE SENEDİ SERBEST (TL) FON (HİSSE SENEDİ YOĞUN FON),Hisse Senedi,,HEDEF PORTFÖY,,,,
HPO,HSBC PORTFÖY ÇOKLU VARLIK BİRİNCİ DEĞİŞKEN FON,Değişken,Değişken Şemsiye Fonu,HSBC PORTFÖY,,0.4104719999999999,2.044875,4.627567
HPT,HSBC PORTFÖY KISA VADELİ BORÇLANMA ARAÇLARI (TL) FONU,Kısa Vadeli Borçlanma,Borçlanma Araçları Şemsiye Fonu,HSBC PORTFÖY,,0.435494,2.226156,3.519788
HPV,ZİRAAT PORTFÖY HALKBANK KISA VADELİ KİRA SERTİFİKALARI KATILIM (TL) FONU,Kısa Vadeli Borçlanma,,ZİRAAT PORTFÖY,,,,
HPZ,HEDEF PORTFÖY ZEN HİSSE SENEDİ SERBEST (TL) FON (HİSSE SENEDİ YOĞUN),Hisse Senedi,,HEDEF PORTFÖY,,,,
HRZ,AKTİF PORTFÖY BIST HALKA ARZ ŞİRKETLERİ HİSSE SENEDİ (TL) FONU (HİSSE SENEDİ YOĞUN FON),Hisse Senedi,Hisse Senedi Şemsiye Fonu,AKTİF PORTFÖY,6.0,0.4772229999999999,,
HSA,HSBC PORTFÖY DEĞİŞKEN (TL) FON,Değişken,Değişken Şemsiye Fonu,HSBC PORTFÖY,,0.2671989999999999,1.173318,9.242524
HSL,HSBC PORTFÖY PARA PİYASASI (TL) FONU,Para Piyasası,Para Piyasası Şemsiye Fonu,HSBC PORTFÖY,,0.462391,2.538113,3.880565
HSP,HSBC PORTFÖY KAR PAYI ÖDEYEN OCAK 2030 SERBEST (DÖVİZ) FON,Serbest,,HSBC PORTFÖY,,,,
HST,HSBC PORTFÖY  BORÇLANMA ARAÇLARI (TL) FONU,Borçlanma Araçları,Borçlanma Araçları Şemsiye Fonu,HSBC PORTFÖY,,0.323044,1.296069,2.803375
HTF,HSBC PORTFÖY PARA PİYASASI SERBEST (TL) FON,Para Piyasası,Serbest Şemsiye Fonu,HSBC PORTFÖY,,0.462478,,
HTJ,HEDEF PORTFÖY TEKNOLOJİ DEĞİŞKEN FON,Değişken,Değişken Şemsiye Fonu,HEDEF PORTFÖY,4.0,0.442046,,
HTK,QNB PORTFÖY HAVACILIK VE SAVUNMA TEKNOLOJİLERİ FON SEPETİ FONU,Fon Sepeti,Fon Sepeti Şemsiye Fonu,QNB PORTFÖY,6.0,,,
HTS,HSBC PORTFÖY ALTINCI SERBEST (DÖVİZ) FON,Kıymetli Madenler,Serbest Şemsiye Fonu,HSBC PORTFÖY,,0.398447,,
HTZ,HEDEF PORTFÖY TURKUAZ SERBEST FON,Serbest,,HEDEF PORTFÖY,,,,
HUI,AZİMUT PORTFÖY CAN HİSSE SENEDİ SERBEST ÖZEL FON (HİSSE SENEDİ YOĞUN FON),Hisse Senedi,,AZİMUT PORTFÖY,,,,
HUS,HEDEF PORTFÖY UĞUR SERBEST FON,Serbest,,HEDEF PORTFÖY,,,,
HVA,HEDEF PORTFÖY ECE HİSSE SENEDİ SERBEST (TL) FON (HİSSE SENEDİ YOĞUN FON),Hisse Senedi,,HEDEF PORTFÖY,,,,
HVB,HEDEF PORTFÖY PUSULA HİSSE SENEDİ SERBEST (TL) FON (HİSSE SENEDİ YOĞUN FON),Hisse Senedi,,HEDEF PORTFÖY,,,,
HVC,HEDEF PORTFÖY ROTA HİSSE SENEDİ SERBEST (TL) FON (HİSSE SENEDİ YOĞUN FON),Hisse Senedi,,HEDEF PORTFÖY,,,,
HVI,DENİZ PORTFÖY HOLDİNGLER VE İŞTİRAKLERİ HİSSE SENEDİ (TL) FONU (HİSSE SENEDİ YOĞUN FON),Hisse Senedi,Hisse Senedi Şemsiye Fonu,DENİZ PORTFÖY,6.0,,,
HVK,HEDEF PORTFÖY BİRİNCİ BORÇLANMA ARAÇLARI (TL) FONU,Borçlanma Araçları,Borçlanma Araçları Şemsiye Fonu,HEDEF PORTFÖY,2.0,0.251575,2.125508,
HVL,HEDEF PORTFÖY POYRAZ SERBEST FON,Serbest,,HEDEF PORTFÖY,,,,
HVN,HEDEF PORTFÖY DÖRDÜNCÜ SERBEST FON,Serbest,,HEDEF PORTFÖY,,,,
HVS,HSBC PORTFÖY HİSSE SENEDİ (TL) FONU (HİSSE SENEDİ YOĞUN FON),Hisse Senedi,Hisse Senedi Şemsiye Fonu,HSBC PORTFÖY,,0.320497,1.110377,15.125146
HVT,ALLBATROSS PORTFÖY BİRİNCİ PARA PİYASASI (TL) FONU,Para Piyasası,Para Piyasası Şemsiye Fonu,ALLBATROSS PORTFÖY,2.0,0.521917,2.7528710000000003,
HVU,ALLBATROSS PORTFÖY BİRİNCİ DEĞİŞKEN FON,Değişken,Değişken Şemsiye Fonu,ALLBATROSS PORTFÖY,3.0,0.271532,1.341921,
HVV,AK PORTFÖY HERAKLES SERBEST (DÖVİZ) ÖZEL FON,Serbest,,AK PORTFÖY,,,,
HVZ,ALLBATROSS PORTFÖY BİRİNCİ HİSSE SENEDİ (TL) FONU (HİSSE SENEDİ YOĞUN FON),Hisse Senedi,Hisse Senedi Şemsiye Fonu,ALLBATROSS PORTFÖY,6.0,0.149993,0.788811,
HYK,HEDEF PORTFÖY AKDENİZ SERBEST FON,Serbest,,HEDEF PORTFÖY,,,,
HYP,AZİMUT PORTFÖY İVME SERBEST FON,Serbest,Serbest Şemsiye Fonu,AZİMUT PORTFÖY,6.0,0.491957,1.771081,7.754555
HYU,HSBC PORTFÖY KISA VADELİ SERBEST (TL) FON,Kısa Vadeli Borçlanma,Serbest Şemsiye Fonu,HSBC PORTFÖY,,0.456323,,
HYV,HEDEF PORTFÖY PARA PİYASASI (TL) FONU,Para Piyasası,Para Piyasası Şemsiye Fonu,HEDEF PORTFÖY,1.0,0.474401,2.6609160000000003,4.786238
HYY,AK PORTFÖY HERAKLES HİSSE SENEDİ SERBEST ÖZEL FON (HİSSE SENEDİ YOĞUN FON),Hisse Senedi,,AK PORTFÖY,,,,
HZV,AK PORTFÖY HEZ SERBEST ÖZEL FON,Serbest,,AK PORTFÖY,,,,
IAC,İŞ PORTFÖY MZS HİSSE SENEDİ SERBEST ÖZEL FON (HİSSE SENEDİ YOĞUN FON),Hisse Senedi,,İŞ PORTFÖY,,,,
IAE,İSTANBUL PORTFÖY AGRESİF DEĞİŞKEN FON,Değişken,Değişken Şemsiye Fonu,İSTANBUL PORTFÖY,5.0,0.4732699999999999,,
IAI,İŞ PORTFÖY TOROS HİSSE SENEDİ SERBEST ÖZEL FON (HİSSE SENEDİ YOĞUN FON),Hisse Senedi,,İŞ PORTFÖY,,,,
IAJ,INVEO PORTFÖY ALTINCI SERBEST FON,Kıymetli Madenler,,INVEO PORTFÖY,,,,
IAM,İŞ PORTFÖY AGRESİF FON SEPETİ FONU,Fon Sepeti,Fon Sepeti Şemsiye Fonu,İŞ PORTFÖY,5.0,0.35871,,
IAR,İSTANBUL PORTFÖY DÖRDÜNCÜ SERBEST FON,Serbest,Serbest Şemsiye Fonu,İSTANBUL PORTFÖY,6.0,0.088559,0.870132,12.891132
IAS,ASTRA PORTFÖY MUTLAK GETİRİ HEDEFLİ HİSSE SENEDİ SERBEST FON (HİSSE SENEDİ YOĞUN FON),Hisse Senedi,,ASTRA PORTFÖY,,,,
IAT,İŞ PORTFÖY KİRA SERTİFİKALARI KATILIM (TL) FONU,Katılım,Katılım Şemsiye Fonu,İŞ PORTFÖY,1.0,0.40653,1.936939,3.603976
IAU,PARDUS PORTFÖY İKİNCİ İSTATİSTİKSEL ARBİTRAJ HİSSE SENEDİ SERBEST (TL) FON (HİSSE SENEDİ YOĞUN FON),Hisse Senedi,Serbest Şemsiye Fonu,PARDUS PORTFÖY,3.0,0.376818,2.122307,
IAY,INVEO PORTFÖY ALTIN KATILIM FONU,Kıymetli Madenler,Katılım Şemsiye Fonu,INVEO PORTFÖY,6.0,0.418375,,
IBB,İŞ PORTFÖY ATAK DEĞİŞKEN FON,Değişken,Değişken Şemsiye Fonu,İŞ PORTFÖY,5.0,0.379292,1.582521,7.638875
IBC,İŞ PORTFÖY CENOVA SERBEST ÖZEL FON,Serbest,,İŞ PORTFÖY,,,,
IBE,İSTANBUL PORTFÖY BEŞİNCİ SERBEST FON,Serbest,,İSTANBUL PORTFÖY,,,,
IBG,AZİMUT PYŞ BİRİNCİ SERBEST FON,Serbest,,AZİMUT PORTFÖY,,,,
IBJ,AZİMUT PORTFÖY 18.0 SERBEST (DÖVİZ) FON,Serbest,,AZİMUT PORTFÖY,,,,
IBK,İŞ PORTFÖY ÜÇÜNCÜ KISA VADELİ BORÇLANMA ARAÇLARI (TL) FONU,Kısa Vadeli Borçlanma,,İŞ PORTFÖY,,,,
IBM,İSTANBUL PORTFÖY MUTLAK GETİRİ HEDEFLİ SERBEST FON,Serbest,,İSTANBUL PORTFÖY,,,,
IBP,İŞ PORTFÖY GED SERBEST (DÖVİZ) ÖZEL FON,Serbest,,İŞ PORTFÖY,,,,
IBR,AZİMUT PYŞ MUTLAK GETİRİ HEDEFLİ SERBEST FON,Serbest,,AZİMUT PORTFÖY,,,,
ICA,TEB PORTFÖY ICBC TURKEY ALTIN FONU,Kıymetli Madenler,Kıymetli Madenler Şemsiye Fonu,TEB PORTFÖY,6.0,0.4191919999999999,2.771445,11.26272
ICC,TEB PORTFÖY BEŞİNCİ DEĞİŞKEN FON,Değişken,Değişken Şemsiye Fonu,TEB PORTFÖY,4.0,0.3088889999999999,1.702159,8.276471
ICD,TEB PORTFÖY DÖRDÜNCÜ DEĞİŞKEN FON,Değişken,Değişken Şemsiye Fonu,TEB PORTFÖY,2.0,0.385335,2.072674,5.170195
ICE,TEB PORTFÖY ICBC TURKEY PARA PİYASASI (TL) FONU,Para Piyasası,Para Piyasası Şemsiye Fonu,TEB PORTFÖY,1.0,0.460384,2.487797,4.129677
ICF,TEB PORTFÖY BİRİNCİ HİSSE SENEDİ FONU (HİSSE SENEDİ YOĞUN FON),Hisse Senedi,Hisse Senedi Şemsiye Fonu,TEB PORTFÖY,6.0,0.236376,1.020147,13.921515
ICG,İŞ PORTFÖY ARCADİA SERBEST (DÖVİZ) ÖZEL FON,Serbest,,İŞ PORTFÖY,,,,
ICH,PARDUS PORTFÖY İKİNCİ DEĞİŞKEN FON,Değişken,Değişken Şemsiye Fonu,PARDUS PORTFÖY,4.0,0.830061,,
ICM,İNCİR PORTFÖY BİRİNCİ PARA PİYASASI (TL) FONU,Para Piyasası,,İNCİR PORTFÖY,,,,
ICN,İSTANBUL PORTFÖY ÜÇÜNCÜ İSTATİSTİKSEL ARBİTRAJ SERBEST (TL) FON,Serbest,,İSTANBUL PORTFÖY,,,,
ICS,TEB PORTFÖY SERBEST (DÖVİZ) FON,Serbest,Serbest Şemsiye Fonu,TEB PORTFÖY,,0.133381,0.744932,4.411823999999999
ICV,TEB PORTFÖY ONDOKUZUNCU SERBEST FON,Serbest,Serbest Şemsiye Fonu,TEB PORTFÖY,2.0,0.303618,2.067198,4.470991000000001
ICZ,AK PORTFÖY TEKNOLOJİ ŞİRKETLERİ HİSSE SENEDİ (TL) FONU (HİSSE SENEDİ YOĞUN FON),Hisse Senedi,Hisse Senedi Şemsiye Fonu,AK PORTFÖY,6.0,0.4616749999999999,2.104063,8.102575
IDD,LOGOS PORTFÖY DİNAMİK DAĞIMLI SERBEST FON,Serbest,Serbest Şemsiye Fonu,LOGOS PORTFÖY,4.0,0.3345879999999999,1.095593,3.5570350000000004
IDF,İŞ PORTFÖY SERBEST (DÖVİZ) FON,Serbest,Serbest Şemsiye Fonu,İŞ PORTFÖY,,0.243758,1.274253,6.886626
IDH,İŞ PORTFÖY BIST 100 DIŞI ŞİRKETLER HİSSE SENEDİ (TL) FONU (HİSSE SENEDİ YOĞUN FON),Hisse Senedi,Hisse Senedi Şemsiye Fonu,İŞ PORTFÖY,6.0,0.26598,1.298505,11.843563
IDI,AZİMUT PORTFÖY İNŞAAT SEKTÖRÜ HİSSE SENEDİ FONU (HİSSE SENEDİ YOĞUN FON),Hisse Senedi,Hisse Senedi Şemsiye Fonu,AZİMUT PORTFÖY,6.0,0.56909,,
IDL,AKTİF PORTFÖY PARA PİYASASI (TL) FONU,Para Piyasası,Para Piyasası Şemsiye Fonu,AKTİF PORTFÖY,1.0,0.464882,2.560821,4.395918
IDO,İŞ PORTFÖY ONDOKUZUNCU SERBEST (DÖVİZ-AVRO) FON,Serbest,Serbest Şemsiye Fonu,İŞ PORTFÖY,,0.197124,,
IDP,PİRAMİT PORTFÖY SİRİUS HİSSE SENEDİ SERBEST FON (HİSSE SENEDİ YOĞUN FON),Hisse Senedi,,PİRAMİT PORTFÖY,,,,
IDV,İŞ PORTFÖY ACHS SERBEST (DÖVİZ) ÖZEL FON,Serbest,,İŞ PORTFÖY,,,,
IDY,TEB PORTFÖY İKİNCİ DEĞİŞKEN FON,Değişken,Değişken Şemsiye Fonu,TEB PORTFÖY,4.0,0.494161,2.432608,6.041005
IED,İŞ PORTFÖY AGRESİF DEĞİŞKEN FON,Değişken,Değişken Şemsiye Fonu,İŞ PORTFÖY,6.0,,,
IEN,İSTANBUL PORTFÖY İNŞAAT SEKTÖRÜ HİSSE SENEDİ SERBEST (TL) FON (HİSSE SENEDİ YOĞUN FON),Hisse Senedi,Serbest Şemsiye Fonu,İSTANBUL PORTFÖY,6.0,,,
IEV,İŞ PORTFÖY HAVACILIK VE SAVUNMA TEKNOLOJİLERİ DEĞİŞKEN FON,Değişken,Değişken Şemsiye Fonu,İŞ PORTFÖY,6.0,0.277472,1.3325729999999998,
IEZ,INVEO PORTFÖY ELMA HİSSE SENEDİ SERBEST (TL) ÖZEL FON (HİSSE SENEDİ YOĞUN FON),Hisse Senedi,,INVEO PORTFÖY,,,,
IFD,İŞ PORTFÖY FINDIKLI SERBEST (DÖVİZ) ÖZEL FON,Serbest,,İŞ PORTFÖY,,,,
IFN,TEB PORTFÖY SÜRDÜRÜLEBİLİRLİK HİSSE SENEDİ FONU (HİSSE SENEDİ YOĞUN FON),Hisse Senedi,Hisse Senedi Şemsiye Fonu,TEB PORTFÖY,6.0,0.15365,0.859999,
IFV,TEB PORTFÖY BİRİNCİ KISA VADELİ BORÇLANMA ARAÇLARI (TL) FONU,Kısa Vadeli Borçlanma,Borçlanma Araçları Şemsiye Fonu,TEB PORTFÖY,2.0,0.458997,2.3515710000000003,
IFY,İSTANBUL PORTFÖY ÖPY BİRİNCİ SERBEST ÖZEL FON,Serbest,,İSTANBUL PORTFÖY,,,,
IGF,İŞ PORTFÖY GÜZEL SERBEST (DÖVİZ) ÖZEL FON,Serbest,,İŞ PORTFÖY,,,,
IGL,TEB PORTFÖY ING BANK PARA PİYASASI (TL) FONU,Para Piyasası,,TEB PORTFÖY,,,,
IGM,İŞ PORTFÖY ÜNİ SERBEST (DÖVİZ) ÖZEL FON,Serbest,,İŞ PORTFÖY,,,,
IGZ,İŞ PORTFÖY İKİNCİ HİSSE SENEDİ SERBEST FON (HİSSE SENEDİ YOĞUN FON),Hisse Senedi,Serbest Şemsiye Fonu,İŞ PORTFÖY,,0.36319,1.296131,
IH1,İNCİR PORTFÖY BİRİNCİ HİSSE SENEDİ FONU (HİSSE SENEDİ YOĞUN FON),Hisse Senedi,Hisse Senedi Şemsiye Fonu,İNCİR PORTFÖY,6.0,,,
IHA,ALLBATROSS PORTFÖY İKİNCİ HİSSE SENEDİ (TL) FONU (HİSSE SENEDİ YOĞUN FON),Hisse Senedi,Hisse Senedi Şemsiye Fonu,ALLBATROSS PORTFÖY,6.0,0.26149,0.90132,
IHC,INVEO PORTFÖY INTER SERBEST FON,Serbest,Serbest Şemsiye Fonu,INVEO PORTFÖY,6.0,0.497958,1.966966,
IHK,İŞ PORTFÖY İŞ'TE KADIN HİSSE SENEDİ (TL) FONU (HİSSE SENEDİ YOĞUN FON),Hisse Senedi,Hisse Senedi Şemsiye Fonu,İŞ PORTFÖY,6.0,0.194322,1.234382,15.103267
IHP,İSTANBUL PORTFÖY İKİNCİ HİSSE SENEDİ SERBEST (TL) FON (HİSSE SENEDİ YOĞUN FON),Hisse Senedi,Serbest Şemsiye Fonu,İSTANBUL PORTFÖY,6.0,0.24544,,
IHT,İŞ PORTFÖY İHRACATÇI ŞİRKETLER HİSSE SENEDİ (TL) FONU (HİSSE SENEDİ YOĞUN FON),Hisse Senedi,Hisse Senedi Şemsiye Fonu,İŞ PORTFÖY,6.0,0.154353,0.470477,
IHV,INVEO PORTFÖY BEŞİNCİ HİSSE SENEDİ SERBEST FON (HİSSE SENEDİ YOĞUN FON),Hisse Senedi,Serbest Şemsiye Fonu,INVEO PORTFÖY,7.0,0.006395,,
IHY,BULLS PORTFÖY GMS HİSSE SENEDİ SERBEST ÖZEL FON (HİSSE SENEDİ YOĞUN FON),Hisse Senedi,,BULLS PORTFÖY,,,,
IHZ,ALLBATROSS PORTFÖY İKİNCİ HİSSE SENEDİ SERBEST FON (HİSSE SENEDİ YOĞUN FON),Hisse Senedi,Serbest Şemsiye Fonu,ALLBATROSS PORTFÖY,6.0,-0.135111,,
IIA,İSTANBUL PORTFÖY ONBİRİNCİ SERBEST (TL) FON,Serbest,,İSTANBUL PORTFÖY,,,,
IIC,İSTANBUL PORTFÖY ONÜÇÜNCÜ SERBEST (TL) FON,Serbest,,İSTANBUL PORTFÖY,,,,
IIE,BULLS PORTFÖY İKİNCİ SERBEST FON,Serbest,Serbest Şemsiye Fonu,BULLS PORTFÖY,7.0,-0.593594,0.636009,
IIF,İŞ PORTFÖY İSTATİSTİKSEL ARBİTRAJ SERBEST FON,Serbest,,İŞ PORTFÖY,,,,
IIH,İSTANBUL PORTFÖY ÜÇÜNCÜ HİSSE SENEDİ FONU (HİSSE SENEDİ YOĞUN FON),Hisse Senedi,Hisse Senedi Şemsiye Fonu,İSTANBUL PORTFÖY,6.0,0.281244,1.366885,17.832629
IIN,INVEO PORTFÖY PARA PİYASASI SERBEST (TL) FON,Para Piyasası,Serbest Şemsiye Fonu,INVEO PORTFÖY,2.0,,,
IIS,İSTANBUL PORTFÖY İKİNCİ SERBEST FON,Serbest,,İSTANBUL PORTFÖY,,,,
IJA,INVEO PORTFÖY ATAK DEĞİŞKEN FON,Değişken,Değişken Şemsiye Fonu,INVEO PORTFÖY,5.0,0.415993,1.962765,12.854555
IJB,İŞ PORTFÖY DİJİTAL OYUN SEKTÖRÜ KARMA FON,Karma,Karma Şemsiye Fonu,İŞ PORTFÖY,6.0,0.134825,1.655208,5.772136000000001
IJC,İŞ PORTFÖY YARI İLETKEN TEKNOLOJİLERİ DEĞİŞKEN FON,Değişken,Değişken Şemsiye Fonu,İŞ PORTFÖY,6.0,0.753139,2.330918,13.181156
IJE,İŞ PORTFÖY EFON SERBEST (DÖVİZ) ÖZEL FON,Serbest,,İŞ PORTFÖY,,,,
IJF,AZİMUT PORTFÖY EREN HİSSE SENEDİ SERBEST ÖZEL FON (HİSSE SENEDİ YOĞUN FON),Hisse Senedi,,AZİMUT PORTFÖY,,,,
IJH,TEB PORTFÖY ICBC TURKEY FON SEPETİ FONU,Fon Sepeti,Fon Sepeti Şemsiye Fonu,TEB PORTFÖY,3.0,0.340625,1.998736,6.049277
IJI,İSTANBUL PORTFÖY HİSSE SENEDİ SERBEST (TL) FON (HİSSE SENEDİ YOĞUN FON ),Hisse Senedi,Serbest Şemsiye Fonu,İSTANBUL PORTFÖY,7.0,0.8841490000000001,2.355375,
IJK,İSTANBUL PORTFÖY KEREM SERBEST (DÖVİZ) ÖZEL FON,Serbest,,İSTANBUL PORTFÖY,,,,
IJL,İSTANBUL PORTFÖY SPİCA SERBEST (DÖVİZ) FON,Serbest,,İSTANBUL PORTFÖY,,,,
IJP,İŞ PORTFÖY BLOCKCHAİN TEKNOLOJİLERİ KARMA FON,Karma,Karma Şemsiye Fonu,İŞ PORTFÖY,6.0,0.48155,2.550861,8.232527
IJT,İŞ PORTFÖY TARIM SERBEST FON,Serbest,Serbest Şemsiye Fonu,İŞ PORTFÖY,6.0,0.334585,0.827582,7.139085
IJV,İSTANBUL PORTFÖY BİRİNCİ PARA PİYASASI (TL) FONU,Para Piyasası,Para Piyasası Şemsiye Fonu,İSTANBUL PORTFÖY,1.0,0.477112,2.641522,4.43857
IJZ,İŞ PORTFÖY SİBER GÜVENLİK TEKNOLOJİLERİ DEĞİŞKEN FON,Değişken,Değişken Şemsiye Fonu,İŞ PORTFÖY,6.0,0.536578,2.461076,12.044823
IK2,İŞ PORTFÖY KAR PAYI ÖDEYEN İKİNCİ SERBEST (DÖVİZ) FON,Serbest,,İŞ PORTFÖY,,,,
IKL,İŞ PORTFÖY SAĞLIK ŞİRKETLERİ KARMA FON,Karma,Karma Şemsiye Fonu,İŞ PORTFÖY,6.0,0.391355,1.447463,7.136357
IKP,İŞ PORTFÖY YENİLENEBİLİR ENERJİ KARMA FON,Karma,Karma Şemsiye Fonu,İŞ PORTFÖY,6.0,0.53083,2.014115,6.964964999999999
IKV,İŞ PORTFÖY İKİNCİ KISA VADELİ BORÇLANMA ARAÇLARI (TL) FONU,Kısa Vadeli Borçlanma,Borçlanma Araçları Şemsiye Fonu,İŞ PORTFÖY,1.0,0.44339,,
ILC,İŞ PORTFÖY ONÜÇÜNCÜ SERBEST (DÖVİZ) FON,Serbest,,İŞ PORTFÖY,,,,
ILE,İŞ PORTFÖY ANADOLU SİGORTA  SERBEST (TL) ÖZEL FON,Serbest,,İŞ PORTFÖY,,,,
ILH,İŞ PORTFÖY BİRİNCİ PARA PİYASASI SERBEST (TL) FON,Para Piyasası,,İŞ PORTFÖY,,,,
ILI,İŞ PORTFÖY İKİNCİ SERBEST (TL) FON,Serbest,,İŞ PORTFÖY,,,,
ILM,İSTANBUL PORTFÖY ONUNCU SERBEST FON,Serbest,,İSTANBUL PORTFÖY,,,,
ILP,İŞ PORTFÖY POLMİNE SERBEST (DÖVİZ) ÖZEL FON,Serbest,,İŞ PORTFÖY,,,,
ILU,İSTANBUL PORTFÖY ONALTINCI SERBEST FON,Kıymetli Madenler,Serbest Şemsiye Fonu,İSTANBUL PORTFÖY,6.0,0.526572,,
ILZ,İŞ PORTFÖY TEMKİNLİ FON SEPETİ FONU,Fon Sepeti,Fon Sepeti Şemsiye Fonu,İŞ PORTFÖY,2.0,0.379461,2.199155,6.700394999999999
IMB,İSTANBUL PORTFÖY ALGORİTMİK MODEL HİSSE SENEDİ FONU (HİSSE SENEDİ YOĞUN FON),Hisse Senedi,Hisse Senedi Şemsiye Fonu,İSTANBUL PORTFÖY,5.0,0.172909,,
IMF,İSTANBUL PORTFÖY MAESTRO SERBEST FON,Serbest,Serbest Şemsiye Fonu,İSTANBUL PORTFÖY,5.0,0.271733,1.057289,3.316357
IMG,GARANTİ PORTFÖY ING BANK KAR PAYI ÖDEYEN SERBEST (DÖVİZ) FON,Serbest,,GARANTİ PORTFÖY,,,,
IMH,İŞ PORTFÖY ANADOLU HAYAT EMEKLİLİK SERBEST ÖZEL FON,Serbest,,İŞ PORTFÖY,,,,
IML,İŞ PORTFÖY MODEL PORTFÖY HİSSE SENEDİ (TL) FONU (HİSSE SENEDİ YOĞUN FON),Hisse Senedi,Hisse Senedi Şemsiye Fonu,İŞ PORTFÖY,6.0,0.346419,,
IMO,İŞ PORTFÖY ODAK SERBEST ÖZEL FON,Serbest,,İŞ PORTFÖY,,,,
IMS,İŞ PORTFÖY MERMER SERBEST ÖZEL FON,Serbest,,İŞ PORTFÖY,,,,
IMT,İŞ PORTFÖY TOROS SERBEST (DÖVİZ) ÖZEL FON,Serbest,,İŞ PORTFÖY,,,,
IMY,İŞ PORTFÖY SKYLARK SERBEST (DÖVİZ) ÖZEL FON,Serbest,,İŞ PORTFÖY,,,,
IMZ,İŞ PORTFÖY POYRAZ SERBEST (DÖVİZ) ÖZEL FON,Serbest,,İŞ PORTFÖY,,,,
INH,GARANTİ PORTFÖY ING BANK ÖZEL BANKACILIK VE PLATİNUM DEĞİŞKEN ÖZEL FON,Kıymetli Madenler,,GARANTİ PORTFÖY,,,,
INV,INVEO PORTFÖY İSTATİSTİKSEL ARBİTRAJ KAR PAYI ÖDEYEN SERBEST (TL) ÖZEL FON,Serbest,,INVEO PORTFÖY,,,,
INZ,INVEO PORTFÖY İSTATİSTİKSEL ARBİTRAJ SERBEST (TL) FON,Serbest,,INVEO PORTFÖY,,,,
IOG,İŞ PORTFÖY GÜMÜŞ SERBEST FON,Kıymetli Madenler,Serbest Şemsiye Fonu,İŞ PORTFÖY,7.0,0.771539,3.639737,12.666404
IOH,İŞ PORTFÖY ONSEKİZİNCİ SERBEST (DÖVİZ) FON,Serbest,,İŞ PORTFÖY,,,,
IOJ,İŞ PORTFÖY EKİM 2026 SERBEST (DÖVİZ) FON,Serbest,,İŞ PORTFÖY,,,,
IOL,İŞ PORTFÖY OSK SERBEST (DÖVİZ) ÖZEL FON,Serbest,,İŞ PORTFÖY,,,,
IOM,İSTANBUL PORTFÖY ONBEŞİNCİ SERBEST FON,Serbest,,İSTANBUL PORTFÖY,,,,
ION,İSTANBUL PORTFÖY ONİKİNCİ SERBEST FON,Serbest,,İSTANBUL PORTFÖY,,,,
IOO,İŞ PORTFÖY İKİNCİ PARA PİYASASI (TL) FONU,Para Piyasası,Para Piyasası Şemsiye Fonu,İŞ PORTFÖY,2.0,0.464127,2.576834,
IOP,İŞ PORTFÖY ODEABANK PARA PİYASASI (TL) FONU,Para Piyasası,,İŞ PORTFÖY,,,,
IOT,AZİMUT PORTFÖY 216 SERBEST (DÖVİZ) ÖZEL FON,Serbest,,AZİMUT PORTFÖY,,,,
IOV,İSTANBUL PORTFÖY PAPİRUS SERBEST (DÖVİZ) ÖZEL FON,Serbest,,İSTANBUL PORTFÖY,,,,
IPA,İŞ PORTFÖY SÜTAŞ HİSSE SENEDİ SERBEST ÖZEL FON (HİSSE SENEDİ YOĞUN FON),Hisse Senedi,,İŞ PORTFÖY,,,,
IPB,İSTANBUL PORTFÖY BİRİNCİ DEĞİŞKEN FON,Değişken,Değişken Şemsiye Fonu,İSTANBUL PORTFÖY,6.0,0.304852,1.779274,16.175726
IPC,İŞ PORTFÖY CK SERBEST ÖZEL FON,Serbest,,İŞ PORTFÖY,,,,
IPE,İŞ PORTFÖY ANADOLU SİGORTA SERBEST ÖZEL FON,Serbest,,İŞ PORTFÖY,,,,
IPF,PERFORM PORTFÖY İKİNCİ SERBEST FON,Serbest,,PERFORM PORTFÖY,,,,
IPG,İŞ PORTFÖY ATAK FON SEPETİ FONU,Fon Sepeti,Fon Sepeti Şemsiye Fonu,İŞ PORTFÖY,5.0,0.3211699999999999,1.579529,4.865369
IPJ,İŞ PORTFÖY ELEKTRİKLİ ARAÇLAR KARMA FON,Karma,Karma Şemsiye Fonu,İŞ PORTFÖY,6.0,0.5229079999999999,1.5352690000000002,6.055816
IPK,İŞ PORTFÖY KOS SERBEST ÖZEL FON,Serbest,,İŞ PORTFÖY,,,,
IPO,İŞ PORTFÖY ONUR SERBEST ÖZEL FON,Serbest,,İŞ PORTFÖY,,,,
IPP,PERFORM PORTFÖY BIRINCI SERBEST FON,Serbest,,PERFORM PORTFÖY,,,,
IPR,İŞ PORTFÖY ICARUS SERBEST ÖZEL FON,Serbest,,İŞ PORTFÖY,,,,
IPU,İŞ PORTFÖY AS SERBEST ÖZEL FON,Serbest,,İŞ PORTFÖY,,,,
IPV,İŞ PORTFÖY EUROBOND BORÇLANMA ARAÇLARI (DÖVİZ) FONU,Borçlanma Araçları,Borçlanma Araçları Şemsiye Fonu,İŞ PORTFÖY,,0.2437679999999999,1.256285,6.686262
IRB,İSTANBUL PORTFÖY İSTATİSTİKSEL ARBİTRAJ HİSSE SENEDİ SERBEST FON (HİSSE SENEDİ YOĞUN FON),Hisse Senedi,Serbest Şemsiye Fonu,İSTANBUL PORTFÖY,2.0,,,
IRE,İŞ PORTFÖY KAR PAYI ÖDEYEN SERBEST (DÖVİZ) FON,Serbest,,İŞ PORTFÖY,,,,
IRF,İSTANBUL PORTFÖY BİRİNCİ FON SEPETİ FONU,Fon Sepeti,Fon Sepeti Şemsiye Fonu,İSTANBUL PORTFÖY,3.0,0.6089950000000001,2.240641,
IRL,İSTANBUL PORTFÖY KEY SERBEST FON,Serbest,,İSTANBUL PORTFÖY,,,,
IRO,İSTANBUL PORTFÖY ROBOTİK TEKNOLOJİLERİ SERBEST FON,Serbest,Serbest Şemsiye Fonu,İSTANBUL PORTFÖY,6.0,0.308525,,
IRT,INVEO PORTFÖY TEKNOLOJİ DEĞİŞKEN FON,Değişken,Değişken Şemsiye Fonu,INVEO PORTFÖY,6.0,0.7488779999999999,2.779805,
IRV,İSTANBUL PORTFÖY İSTATİSTİKSEL ARBİTRAJ SERBEST FON,Serbest,Serbest Şemsiye Fonu,İSTANBUL PORTFÖY,3.0,0.402811,2.033008,
IRY,INVEO PORTFÖY PARA PİYASASI (TL) FONU,Para Piyasası,Para Piyasası Şemsiye Fonu,INVEO PORTFÖY,1.0,0.486882,2.66373,
ISR,İŞ PORTFÖY BİRİNCİ SERBEST (DÖVİZ) ÖZEL FON,Serbest,,İŞ PORTFÖY,,,,
ISS,İŞ PORTFÖY DEĞER SERBEST ÖZEL FON,Serbest,,İŞ PORTFÖY,,,,
IST,İSTANBUL PORTFÖY KISA VADELİ BORÇLANMA ARAÇLARI (TL) FONU,Kısa Vadeli Borçlanma,Borçlanma Araçları Şemsiye Fonu,İSTANBUL PORTFÖY,1.0,0.482894,2.567736,4.491465
ITA,İŞ PORTFÖY ARSLAN SERBEST (DÖVİZ) ÖZEL FON,Serbest,,İŞ PORTFÖY,,,,
ITC,INVEO PORTFÖY TEMETTÜ ÖDEYEN ŞİRKETLER HİSSE SENEDİ (TL) FONU (HİSSE SENEDİ YOĞUN FON),Hisse Senedi,Hisse Senedi Şemsiye Fonu,INVEO PORTFÖY,6.0,,,
ITD,İŞ PORTFÖY TE2 SERBEST (DÖVİZ) ÖZEL FON,Serbest,,İŞ PORTFÖY,,,,
ITJ,İSTANBUL PORTFÖY SEKİZİNCİ SERBEST FON,Serbest,,İSTANBUL PORTFÖY,,,,
ITL,İŞ PORTFÖY ÖPY DELTA SERBEST (TL) ÖZEL FON,Serbest,,İŞ PORTFÖY,,,,
ITP,İŞ PORTFÖY TEKNOLOJİ KARMA FON,Karma,Karma Şemsiye Fonu,İŞ PORTFÖY,6.0,0.516379,2.609567,10.141107
ITR,İŞ PORTFÖY TE1 SERBEST ÖZEL FON,Serbest,,İŞ PORTFÖY,,,,
ITV,İŞ PORTFÖY ALTINCI SERBEST (DÖVİZ) FON,Kıymetli Madenler,,İŞ PORTFÖY,,,,
ITZ,İŞ PORTFÖY ATLAS SERBEST (DÖVİZ) ÖZEL FON,Serbest,,İŞ PORTFÖY,,,,
IUA,İSTANBUL PORTFÖY KARYA SERBEST (DÖVİZ) FON,Serbest,,İSTANBUL PORTFÖY,,,,
IUB,İŞ PORTFÖY EVREN SERBEST (DÖVİZ) ÖZEL FON,Serbest,,İŞ PORTFÖY,,,,
IUC,INVEO PORTFÖY GEDİK YATIRIM SERBEST (TL) ÖZEL FON,Serbest,,INVEO PORTFÖY,,,,
IUF,İŞ PORTFÖY YEDİNCİ SERBEST (DÖVİZ-AVRO) FON,Serbest,Serbest Şemsiye Fonu,İŞ PORTFÖY,,0.233843,1.3513399999999998,
IUH,INVEO PORTFÖY DÖNÜŞTÜRÜCÜ TEKNOLOJİLER FON SEPETİ FONU,Fon Sepeti,Fon Sepeti Şemsiye Fonu,INVEO PORTFÖY,5.0,0.571916,2.167929,
IUM,İŞ PORTFÖY HK SERBEST (DÖVİZ) ÖZEL FON,Serbest,,İŞ PORTFÖY,,,,
IUN,İŞ PORTFÖY YELKEN SERBEST (DÖVİZ) ÖZEL FON,Serbest,,İŞ PORTFÖY,,,,
IUV,İŞ PORTFÖY BEŞİNCİ SERBEST (DÖVİZ)  FON,Serbest,Serbest Şemsiye Fonu,İŞ PORTFÖY,,0.253821,1.385034,
IUZ,İŞ PORTFÖY ANADOLUBANK PARA PİYASASI (TL) FONU,Para Piyasası,,İŞ PORTFÖY,,,,
IV2,PHİLLİP PORTFÖY ARİSTA SERBEST FON,Serbest,,PHİLLİP PORTFÖY,,,,
IV6,INVEO PORTFÖY TE3 SERBEST (DÖVİZ) ÖZEL FON,Serbest,,INVEO PORTFÖY,,,,
IV7,INVEO PORTFÖY BEŞER SERBEST (TL) ÖZEL FON,Serbest,,INVEO PORTFÖY,,,,
IV8,INVEO PORTFÖY KİRA SERTİFİKALARI KATILIM FONU,Katılım,Katılım Şemsiye Fonu,INVEO PORTFÖY,2.0,0.409275,,
IVF,İSTANBUL PORTFÖY KATILIM HİSSE SENEDİ (TL) FONU (HİSSE SENEDİ YOĞUN FON),Hisse Senedi,Hisse Senedi Şemsiye Fonu,İSTANBUL PORTFÖY,6.0,0.4193439999999999,1.131923,
IVS,İSTANBUL PORTFÖY İKİNCİ İSTATİSTİKSEL ARBİTRAJ SERBEST FON,Serbest,,İSTANBUL PORTFÖY,,,,
IVY,İSTANBUL PORTFÖY BLOCKCHAIN TEKNOLOJİLERİ DEĞİŞKEN FON,Değişken,Değişken Şemsiye Fonu,İSTANBUL PORTFÖY,6.0,0.411623,3.48643,
IYB,AURA PORTFÖY DEĞİŞKEN FONU,Değişken,Değişken Şemsiye Fonu,AURA PORTFÖY,4.0,0.422058,1.85517,6.055218
IYP,İSTANBUL PORTFÖY YILDIZ SERBEST ÖZEL FON,Serbest,,İSTANBUL PORTFÖY,,,,
IYR,İŞ PORTFÖY HEDEF SERBEST FON,Serbest,,İŞ PORTFÖY,,,,
IYS,İŞ PORTFÖY SÜTAŞ SERBEST ÖZEL FON,Serbest,,İŞ PORTFÖY,,,,
IYV,İSTANBUL PORTFÖY AŞİYAN SERBEST FON,Serbest,Serbest Şemsiye Fonu,İSTANBUL PORTFÖY,6.0,,,
IZA,AZİMUT PORTFÖY İNAN2 SERBEST ÖZEL FON,Serbest,,AZİMUT PORTFÖY,,,,
IZB,İSTANBUL PORTFÖY BİRİNCİ FON SEPETİ SERBEST FON,Fon Sepeti,Serbest Şemsiye Fonu,İSTANBUL PORTFÖY,5.0,0.52624,1.7681479999999998,
IZE,İŞ PORTFÖY ÜÇÜNCÜ SERBEST (DÖVİZ) ÖZEL FON,Serbest,,İŞ PORTFÖY,,,,
IZL,İŞ PORTFÖY EYLÜL 2027 SERBEST (DÖVİZ) FON,Serbest,,İŞ PORTFÖY,,,,
IZS,İSTANBUL PORTFÖY ALTINCI SERBEST FON,Kıymetli Madenler,Serbest Şemsiye Fonu,İSTANBUL PORTFÖY,7.0,0.116627,1.42089,6.38216
IZV,İSTANBUL PORTFÖY ATLANTİK SERBEST (TL) ÖZEL FON,Serbest,,İSTANBUL PORTFÖY,,,,
IZY,İŞ PORTFÖY ONYEDİNCİ SERBEST (DÖVİZ) FON,Serbest,,İŞ PORTFÖY,,,,
JET,ATA PORTFÖY HAVACILIK VE SAVUNMA TEKNOLOJİLERİ DEĞİŞKEN FON,Değişken,Değişken Şemsiye Fonu,ATA PORTFÖY,6.0,0.263765,,
JOT,İŞ PORTFÖY JOTANTA SERBEST (DÖVİZ) ÖZEL FON,Serbest,,İŞ PORTFÖY,,,,
JUP,AURA PORTFÖY JÜPİTER SERBEST (DÖVİZ) FON,Serbest,Serbest Şemsiye Fonu,AURA PORTFÖY,6.0,0.1088669999999999,,
KAC,EMLAK KATILIM PORTFÖY KISA VADELİ KATILIM SERBEST (TL) FON,Kısa Vadeli Borçlanma,,EMLAK KATILIM PORTFÖY,,,,
KAN,KUVEYT TÜRK PORTFÖY ALTIN KATILIM SERBEST FON,Kıymetli Madenler,,KUVEYT TÜRK PORTFÖY,,,,
KAV,KUVEYT TÜRK PORTFÖY ALTINCI KATILIM SERBEST (DÖVİZ-AVRO) FON,Kıymetli Madenler,Serbest Şemsiye Fonu,KUVEYT TÜRK PORTFÖY,,0.18151,0.997381,
KBJ,STRATEJİ PORTFÖY KİBELE KAR PAYI ÖDEYEN HİSSE SENEDİ SERBEST FON (HİSSE SENEDİ YOĞUN FON),Hisse Senedi,,STRATEJİ PORTFÖY,,,,
KBP,KUVEYT TÜRK PORTFÖY PY KATILIM HİSSE SENEDİ SERBEST ÖZEL FON (HİSSE SENEDİ YOĞUN FON),Hisse Senedi,,KUVEYT TÜRK PORTFÖY,,,,
KBZ,KUVEYT TÜRK PORTFÖY SBZ KATILIM SERBEST (DÖVİZ) ÖZEL FON,Katılım,,KUVEYT TÜRK PORTFÖY,,,,
KCL,KARE PORTFÖY ÇOKLU VARLIK KATILIM FONU,Katılım,Katılım Şemsiye Fonu,KARE PORTFÖY,6.0,0.408617,,
KCR,AK PORTFÖY KÜLÇE ALTIN KATILIM FONU,Kıymetli Madenler,Katılım Şemsiye Fonu,AK PORTFÖY,6.0,,,
KCV,KUVEYT TÜRK PORTFÖY ÇOKLU VARLIK KATILIM FONU,Katılım,Katılım Şemsiye Fonu,KUVEYT TÜRK PORTFÖY,2.0,0.53695,2.291395,
KDE,KUVEYT TÜRK PORTFÖY DENGELİ KATILIM FONU,Katılım,Katılım Şemsiye Fonu,KUVEYT TÜRK PORTFÖY,3.0,0.543149,,
KDI,KARE PORTFÖY İKİNCİ SERBEST (DÖVİZ) FON,Serbest,,KARE PORTFÖY,,,,
KDK,KUVEYT TÜRK PORTFÖY BİRİNCİ KATILIM SERBEST (DÖVİZ-ABD DOLARI) ÖZEL FON,Katılım,,KUVEYT TÜRK PORTFÖY,,,,
KDL,KUVEYT TÜRK PORTFÖY BEŞİNCİ KATILIM SERBEST (DÖVİZ) FON,Katılım,Serbest Şemsiye Fonu,KUVEYT TÜRK PORTFÖY,,0.1961629999999999,0.928718,
KDO,İŞ PORTFÖY KATILIM SERBEST (DÖVİZ-AVRO) FON,Katılım,Serbest Şemsiye Fonu,İŞ PORTFÖY,,,,
KDS,KUVEYT TÜRK PORTFÖY YEDİNCİ KATILIM SERBEST (DÖVİZ) FON,Katılım,,KUVEYT TÜRK PORTFÖY,,,,
KDT,GARANTİ PORTFÖY KATILIM SERBEST (DÖVİZ) FON,Katılım,Serbest Şemsiye Fonu,GARANTİ PORTFÖY,,0.234151,,
KDV,KUVEYT TÜRK PORTFÖY DOKUZUNCU KATILIM SERBEST (DÖVİZ) FON,Katılım,,KUVEYT TÜRK PORTFÖY,,,,
KDZ,KUVEYT TÜRK PORTFÖY SEKİZINCİ KATILIM SERBEST (DÖVİZ) FON,Katılım,,KUVEYT TÜRK PORTFÖY,,,,
KEI,KUVEYT TÜRK PORTFÖY KATILIM EMEKLİLİK İKİNCİ KATILIM SERBEST ÖZEL FON,Katılım,,KUVEYT TÜRK PORTFÖY,,,,
KEO,KUVEYT TÜRK PORTFÖY KATILIM EMEKLİLİK BİRİNCİ KATILIM SERBEST ÖZEL FON,Katılım,,KUVEYT TÜRK PORTFÖY,,,,
KEU,KUVEYT TÜRK PORTFÖY ONUNCU KATILIM SERBEST (DÖVİZ-AVRO) FON,Katılım,,KUVEYT TÜRK PORTFÖY,,,,
KFZ,KUVEYT TÜRK PORTFÖY KFZ KATILIM SERBEST ÖZEL FON,Katılım,,KUVEYT TÜRK PORTFÖY,,,,
KGM,KUVEYT TÜRK PORTFÖY GÜMÜŞ KATILIM FON SEPETİ FONU,Fon Sepeti,Fon Sepeti Şemsiye Fonu,KUVEYT TÜRK PORTFÖY,6.0,0.810955,,
KH1,AK PORTFÖY KATILIM HİSSE SENEDİ FONU (HİSSE SENEDİ YOĞUN FON),Hisse Senedi,Hisse Senedi Şemsiye Fonu,AK PORTFÖY,6.0,0.374212,,
KHA,PARDUS PORTFÖY İKİNCİ HİSSE SENEDİ (TL) FONU (HİSSE SENEDİ YOĞUN FON),Hisse Senedi,Hisse Senedi Şemsiye Fonu,PARDUS PORTFÖY,6.0,1.316309,,
KHB,KARE PORTFÖY BIST 100 DIŞI ŞİRKETLER HİSSE SENEDİ FONU (HİSSE SENEDİ YOĞUN FON),Hisse Senedi,Hisse Senedi Şemsiye Fonu,KARE PORTFÖY,7.0,0.252133,,
KHC,PARDUS PORTFÖY KATILIM HİSSE SENEDİ (TL) FONU (HİSSE SENEDİ YOĞUN FON),Hisse Senedi,Hisse Senedi Şemsiye Fonu,PARDUS PORTFÖY,6.0,0.292113,,
KHD,ATLAS PORTFÖY İKİNCİ KATILIM HİSSE SENEDİ SERBEST FON (HİSSE SENEDİ YOĞUN FON),Hisse Senedi,,ATLAS PORTFÖY,,,,
KHF,ALLBATROSS PORTFÖY KATILIM HİSSE SENEDİ SERBEST FON (HİSSE SENEDİ YOĞUN FON),Hisse Senedi,,ALLBATROSS PORTFÖY,,,,
KHJ,ATLAS PORTFÖY KATILIM HİSSE SENEDİ FONU (HİSSE SENEDİ YOĞUN FON),Hisse Senedi,Hisse Senedi Şemsiye Fonu,ATLAS PORTFÖY,6.0,0.220021,,
KHP,KUVEYT TÜRK PORTFÖY PAYLAŞIMLI HESAP PARA PİYASASI KATILIM FONU,Para Piyasası,,KUVEYT TÜRK PORTFÖY,,,,
KHT,ALLBATROSS PORTFÖY KARTAL HİSSE SENEDİ SERBEST (TL) FON (HİSSE SENEDİ YOĞUN FON),Hisse Senedi,Serbest Şemsiye Fonu,ALLBATROSS PORTFÖY,6.0,-0.322643,0.289562,
KHU,KUVEYT TÜRK PORTFÖY BİRİNCİ KATILIM SERBEST (DÖVİZ-AVRO) ÖZEL FON,Katılım,,KUVEYT TÜRK PORTFÖY,,,,
KIA,TRIVE PORTFÖY MUTLAK GETİRİ HEDEFLİ DEĞİŞKEN FON,Değişken,Değişken Şemsiye Fonu,TRIVE PORTFÖY,6.0,0.308054,1.38234,
KIB,TRIVE PORTFÖY ROBOTİK TEKNOLOJİLERİ DEĞİŞKEN FON,Değişken,Değişken Şemsiye Fonu,TRIVE PORTFÖY,6.0,0.26611,1.519811,
KIE,TRIVE PORTFÖY PARA PİYASASI (TL) FONU,Para Piyasası,Para Piyasası Şemsiye Fonu,TRIVE PORTFÖY,2.0,0.458788,2.58351,
KIH,KARE PORTFÖY İSTATİSTİKSEL ARBİTRAJ SERBEST FON,Serbest,Serbest Şemsiye Fonu,KARE PORTFÖY,2.0,0.337978,,
KIK,KUVEYT TÜRK PORTFÖY İKİNCİ KATILIM FONU,Katılım,Katılım Şemsiye Fonu,KUVEYT TÜRK PORTFÖY,6.0,0.42545,,
KIS,ASTRA PORTFÖY KİRA SERTİFİKASI KATILIM (DÖVİZ) FONU,Katılım,Katılım Şemsiye Fonu,ASTRA PORTFÖY,6.0,0.201612,1.081228,5.7915980000000005
KJK,KUVEYT TÜRK PORTFÖY KUVEYT TÜRK YABANCI KATILIM SERBEST ÖZEL FON,Katılım,,KUVEYT TÜRK PORTFÖY,,,,
KKB,KUVEYT TÜRK PORTFÖY EKAS KATILIM SERBEST (DÖVİZ) ÖZEL FON,Katılım,,KUVEYT TÜRK PORTFÖY,,,,
KKC,KARE PORTFÖY KATILIM SERBEST (DÖVİZ-AVRO) FON,Katılım,Serbest Şemsiye Fonu,KARE PORTFÖY,4.0,0.1974,,
KKE,KUVEYT TÜRK PORTFÖY USTA KATILIM SERBEST (DÖVİZ) ÖZEL FON,Katılım,,KUVEYT TÜRK PORTFÖY,,,,
KKH,İŞ PORTFÖY DENGELİ FON SEPETİ FONU,Fon Sepeti,Fon Sepeti Şemsiye Fonu,İŞ PORTFÖY,4.0,0.374802,1.7847810000000002,4.928078
KKL,ALLBATROSS PORTFÖY KISA VADELİ KATILIM SERBEST (TL) FON,Kısa Vadeli Borçlanma,Serbest Şemsiye Fonu,ALLBATROSS PORTFÖY,2.0,0.548497,,
KKO,YAPI KREDİ PORTFÖY KASIM 2026 KAR PAYI ÖDEYEN SERBEST (DÖVİZ) FON,Serbest,,YAPI KREDİ PORTFÖY,,,,
KKP,İŞ PORTFÖY 2028 KAPİTAL KAR PAYI ÖDEYEN SERBEST (DÖVİZ) FON,Serbest,,İŞ PORTFÖY,,,,
KKT,KUVEYT TÜRK PORTFÖY İKİNCİ KISA VADELİ KATILIM SERBEST (TL) FON,Kısa Vadeli Borçlanma,,KUVEYT TÜRK PORTFÖY,,,,
KLH,ATLAS PORTFÖY KATILIM HİSSE SENEDİ SERBEST FON (HİSSE SENEDİ YOĞUN FON),Hisse Senedi,Serbest Şemsiye Fonu,ATLAS PORTFÖY,7.0,0.2119279999999999,,
KLI,AK PORTFÖY PARA PİYASASI KATILIM SERBEST FON,Para Piyasası,Serbest Şemsiye Fonu,AK PORTFÖY,1.0,,,
KLL,KUVEYT TÜRK PORTFÖY TLL KATILIM SERBEST (DÖVİZ) ÖZEL FON,Katılım,,KUVEYT TÜRK PORTFÖY,,,,
KLM,İŞ PORTFÖY KALAMIŞ SERBEST (DÖVİZ) ÖZEL FON,Serbest,,İŞ PORTFÖY,,,,
KLS,ALLBATROSS PORTFÖY KATILIM SERBEST (DÖVİZ) FON,Katılım,Serbest Şemsiye Fonu,ALLBATROSS PORTFÖY,6.0,0.022798,,
KLU,KUVEYT TÜRK PORTFÖY PARA PİYASASI KATILIM (TL) FONU,Para Piyasası,Katılım Şemsiye Fonu,KUVEYT TÜRK PORTFÖY,1.0,0.440318,2.17637,3.577797
KMA,KUVEYT TÜRK PORTFÖY KMA KATILIM SERBEST (DÖVİZ) ÖZEL FON,Katılım,,KUVEYT TÜRK PORTFÖY,,,,
KME,KUVEYT TÜRK PORTFÖY TEMKİNLİ KATILIM FONU,Katılım,Katılım Şemsiye Fonu,KUVEYT TÜRK PORTFÖY,2.0,0.440079,,
KMF,AZİMUT PORTFÖY ALTIN KATILIM FONU,Kıymetli Madenler,Katılım Şemsiye Fonu,AZİMUT PORTFÖY,6.0,0.459818,,
KMN,YAPI KREDİ PORTFÖY KIYMETLİ MADENLER KATILIM FONU,Kıymetli Madenler,Kıymetli Madenler Şemsiye Fonu,YAPI KREDİ PORTFÖY,6.0,,,
KMT,KUVEYT TÜRK PORTFÖY KAM KATILIM SERBEST (TL) ÖZEL FON,Katılım,,KUVEYT TÜRK PORTFÖY,,,,
KNC,AK PORTFÖY ÖPY ÜÇÜNCÜ SERBEST (DÖVİZ) ÖZEL FON,Serbest,,AK PORTFÖY,,,,
KNI,AZİMUT PORTFÖY İKİNCİ PARA PİYASASI SERBEST (TL) FON,Para Piyasası,Serbest Şemsiye Fonu,AZİMUT PORTFÖY,2.0,,,
KNJ,KUVEYT TÜRK PORTFÖY ENERJİ KATILIM FONU,Katılım,Katılım Şemsiye Fonu,KUVEYT TÜRK PORTFÖY,5.0,0.724167,,
KNN,İŞ PORTFÖY KANTİTATİF SERBEST (TL) FON,Serbest,,İŞ PORTFÖY,,,,
KNP,AK PORTFÖY KOR SERBEST (DÖVİZ) ÖZEL FON,Serbest,,AK PORTFÖY,,,,
KNS,KUVEYT TÜRK PORTFÖY NKS KATILIM SERBEST (TL) ÖZEL FON,Katılım,,KUVEYT TÜRK PORTFÖY,,,,
KNT,AK PORTFÖY VİRA SERBEST (DÖVİZ) ÖZEL FON,Serbest,,AK PORTFÖY,,,,
KNV,AK PORTFÖY OPERA SERBEST (DÖVİZ) ÖZEL FON,Serbest,,AK PORTFÖY,,,,
KNZ,AK PORTFÖY MNM SERBEST (DÖVİZ) ÖZEL FON,Serbest,,AK PORTFÖY,,,,
KO4,QNB PORTFÖY KAR PAYI ÖDEYEN ONDÖRDÜNCÜ SERBEST (DÖVİZ-AVRO) FON,Serbest,,QNB PORTFÖY,,,,
KOB,KUVEYT TÜRK PORTFÖY KUVEYT TÜRK KATILIM BANKASI ÖZEL BANKACILIK KATILIM SERBEST ÖZEL FON,Katılım,,KUVEYT TÜRK PORTFÖY,,,,
KOD,YAPI KREDİ PORTFÖY KÜÇÜK ÖLÇEKLİ ŞİRKETLER DEĞİŞKEN FON,Değişken,Değişken Şemsiye Fonu,YAPI KREDİ PORTFÖY,5.0,,,
KOP,ASTRA PORTFÖY İKİNCİ SERBEST (DÖVİZ) FON,Serbest,,ASTRA PORTFÖY,,,,
KOT,AZİMUT PORTFÖY KOÇ TOPLULUĞU ŞİRKETLERİ HİSSE SENEDİ FONU (HİSSE SENEDİ YOĞUN FON),Hisse Senedi,Hisse Senedi Şemsiye Fonu,AZİMUT PORTFÖY,6.0,0.316295,,
KOZ,İŞ PORTFÖY KOZA SERBEST (DÖVİZ) ÖZEL FON,Serbest,,İŞ PORTFÖY,,,,
KP3,KARE PORTFÖY ÜÇÜNCÜ SERBEST (DÖVİZ) FON,Serbest,Serbest Şemsiye Fonu,KARE PORTFÖY,6.0,0.131939,,
KPA,KUVEYT TÜRK PORTFÖY KAR PAYI ÖDEYEN KATILIM HİSSE SENEDİ FONU (HİSSE SENEDİ YOĞUN FON),Hisse Senedi,Hisse Senedi Şemsiye Fonu,KUVEYT TÜRK PORTFÖY,6.0,0.38304,,
KPB,ROTA PORTFÖY ÖPY BİRİNCİ SERBEST ÖZEL FON,Serbest,,ROTA PORTFÖY,,,,
KPC,KUVEYT TÜRK PORTFÖY KATILIM HİSSE SENEDİ (TL) FONU (HİSSE SENEDİ YOĞUN FON),Hisse Senedi,Hisse Senedi Şemsiye Fonu,KUVEYT TÜRK PORTFÖY,6.0,0.491323,1.5647030000000002,13.815836999999998
KPD,KUVEYT TÜRK PORTFÖY KAR PAYI ÖDEYEN KATILIM SERBEST (DÖVİZ) FON,Katılım,Serbest Şemsiye Fonu,KUVEYT TÜRK PORTFÖY,,0.171747,,
KPF,NEO PORTFÖY MUTLAK GETİRİ HEDEFLİ HİSSE SENEDİ SERBEST FON (HİSSE SENEDİ YOĞUN FON),Hisse Senedi,Serbest Şemsiye Fonu,NEO PORTFÖY,5.0,0.5178699999999999,,
KPH,İŞ PORTFÖY KAR PAYI ÖDEYEN HİSSE SENEDİ (TL) FONU (HİSSE SENEDİ YOĞUN FON),Hisse Senedi,Hisse Senedi Şemsiye Fonu,İŞ PORTFÖY,6.0,0.1967449999999999,,
KPI,İŞ PORTFÖY PARA PİYASASI KATILIM (TL) FONU,Para Piyasası,Katılım Şemsiye Fonu,İŞ PORTFÖY,1.0,0.454163,,
KPK,İŞ PORTFÖY DURUSU SERBEST (DÖVİZ) ÖZEL FON,Serbest,,İŞ PORTFÖY,,,,
KPM,KARE PORTFÖY SEKİZİNCİ HİSSE SENEDİ SERBEST FON (HİSSE SENEDİ YOĞUN FON),Hisse Senedi,,KARE PORTFÖY,,,,
KPP,KARE PORTFÖY PARA PİYASASI FONU,Para Piyasası,Para Piyasası Şemsiye Fonu,KARE PORTFÖY,1.0,0.476579,,
KPR,KUVEYT TÜRK PORTFÖY PARA PİYASASI KATILIM SERBEST FON,Para Piyasası,,KUVEYT TÜRK PORTFÖY,,,,
KPS,QNB PORTFÖY KAR PAYI ÖDEYEN ONİKİNCİ SERBEST (DÖVİZ) FON,Serbest,,QNB PORTFÖY,,,,
KPU,KUVEYT TÜRK PORTFÖY İKİNCİ KATILIM HİSSE SENEDİ (TL) FONU (HİSSE SENEDİ YOĞUN FON),Hisse Senedi,Hisse Senedi Şemsiye Fonu,KUVEYT TÜRK PORTFÖY,6.0,0.415063,1.057361,
KRC,KARE PORTFÖY BİRİNCİ BORÇLANMA ARAÇLARI FONU,Borçlanma Araçları,Borçlanma Araçları Şemsiye Fonu,KARE PORTFÖY,2.0,0.359114,2.0857490000000003,3.715067
KRF,KARE PORTFÖY BİRİNCİ DEĞİŞKEN FON,Değişken,Değişken Şemsiye Fonu,KARE PORTFÖY,5.0,0.418481,2.14873,10.511115
KRH,PARDUS PORTFÖY KARTAL HİSSE SENEDİ SERBEST FON (HİSSE SENEDİ YOĞUN FON),Hisse Senedi,,PARDUS PORTFÖY,,,,
KRO,DENİZ PORTFÖY KAR PAYI ÖDEYEN ONUNCU SERBEST (DÖVİZ) FON,Serbest,,DENİZ PORTFÖY,,,,
KRR,İŞ PORTFÖY KARMA FON,Karma,Karma Şemsiye Fonu,İŞ PORTFÖY,5.0,,,
KRS,KARE PORTFÖY SERBEST (DÖVİZ) FON,Serbest,Serbest Şemsiye Fonu,KARE PORTFÖY,5.0,0.260209,1.29478,5.711582
KRT,KARE PORTFÖY TÜRKİYE ODAKLI SERBEST (DÖVİZ ) FON,Serbest,Serbest Şemsiye Fonu,KARE PORTFÖY,3.0,0.225658,1.18294,6.480438
KRV,QNB PORTFÖY KAR PAYI ÖDEYEN ALTINCI SERBEST (DÖVİZ) FON,Kıymetli Madenler,,QNB PORTFÖY,,,,
KSA,HEDEF PORTFÖY KISA VADELİ SERBEST (TL) FON,Kısa Vadeli Borçlanma,Serbest Şemsiye Fonu,HEDEF PORTFÖY,2.0,0.513862,2.83985,
KSC,KUVEYT TÜRK PORTFÖY ASC KATILIM SERBEST (DÖVİZ) ÖZEL FON,Katılım,,KUVEYT TÜRK PORTFÖY,,,,
KSK,AZİMUT PORTFÖY İKİNCİ PARA PİYASASI KATILIM FONU,Para Piyasası,Katılım Şemsiye Fonu,AZİMUT PORTFÖY,2.0,0.464459,,
KSL,ALBARAKA PORTFÖY İKİNCİ KATILIM SERBEST (DÖVİZ-AVRO) FON,Katılım,,ALBARAKA PORTFÖY,,,,
KSM,ALBARAKA PORTFÖY İKİNCİ KATILIM SERBEST (DÖVİZ-ABD DOLARI) FON,Katılım,,ALBARAKA PORTFÖY,,,,
KSP,QNB PORTFÖY KAR PAYI ÖDEYEN SERBEST (DÖVİZ-POUND) FON,Serbest,,QNB PORTFÖY,,,,
KSR,KUVEYT TÜRK PORTFÖY SÜRDÜRÜLEBİLİRLİK KATILIM FONU,Katılım,Katılım Şemsiye Fonu,KUVEYT TÜRK PORTFÖY,5.0,0.424577,1.409446,
KST,ALLBATROSS PORTFÖY KATILIM HİSSE SENEDİ (TL) FONU (HİSSE SENEDİ YOĞUN FON),Hisse Senedi,Hisse Senedi Şemsiye Fonu,ALLBATROSS PORTFÖY,6.0,0.2238919999999999,,
KSV,KUVEYT TÜRK PORTFÖY KISA VADELİ KATILIM SERBEST (TL) FON,Kısa Vadeli Borçlanma,Serbest Şemsiye Fonu,KUVEYT TÜRK PORTFÖY,1.0,0.4186209999999999,2.212233,3.781851
KSY,YAPI KREDİ PORTFÖY PY KANDİLLİ SERBEST ÖZEL FON,Serbest,,YAPI KREDİ PORTFÖY,,,,
KTE,KUVEYT TÜRK PORTFÖY CEYLAN KİRA SERTİFİKALARI KATILIM SERBEST (DÖVİZ) ÖZEL FON,Katılım,,KUVEYT TÜRK PORTFÖY,,,,
KTI,AZİMUT PORTFÖY KATILIM HİSSE SENEDİ FONU (HİSSE SENEDİ YOĞUN FON),Hisse Senedi,Hisse Senedi Şemsiye Fonu,AZİMUT PORTFÖY,6.0,0.383819,,
KTJ,KUVEYT TÜRK PORTFÖY TEKNOLOJİ KATILIM FONU,Katılım,Katılım Şemsiye Fonu,KUVEYT TÜRK PORTFÖY,6.0,0.699929,,
KTM,KUVEYT TÜRK PORTFÖY BİRİNCİ KATILIM (TL) FONU,Katılım,Katılım Şemsiye Fonu,KUVEYT TÜRK PORTFÖY,3.0,0.4528999999999999,1.967864,8.172221
KTN,KUVEYT TÜRK PORTFÖY KİRA SERTİFİKALARI KATILIM (TL) FONU,Katılım,Katılım Şemsiye Fonu,KUVEYT TÜRK PORTFÖY,2.0,0.385324,1.65594,3.088834
KTR,KUVEYT TÜRK PORTFÖY BİRİNCİ KATILIM SERBEST (TL) FON,Katılım,Serbest Şemsiye Fonu,KUVEYT TÜRK PORTFÖY,1.0,0.43308,2.311062,4.080875
KTS,KUVEYT TÜRK PORTFÖY KATILIM HİSSE SENEDİ SERBEST FON (HİSSE SENEDİ YOĞUN FON),Hisse Senedi,Serbest Şemsiye Fonu,KUVEYT TÜRK PORTFÖY,5.0,0.517335,1.596739,7.133282
KTT,KUVEYT TÜRK PORTFÖY DÖRDÜNCÜ KATILIM SERBEST (DÖVİZ) FON,Katılım,Serbest Şemsiye Fonu,KUVEYT TÜRK PORTFÖY,,0.233318,1.214141,6.415705
KTU,KUVEYT TÜRK PORTFÖY NEOVA KATILIM SERBEST (TL) ÖZEL FON,Katılım,,KUVEYT TÜRK PORTFÖY,,,,
KTV,KUVEYT TÜRK PORTFÖY KISA VADELİ KİRA SERTİFİKALARI KATILIM (TL) FONU,Kısa Vadeli Borçlanma,Katılım Şemsiye Fonu,KUVEYT TÜRK PORTFÖY,1.0,0.427211,2.101837,3.507578
KU3,KUVEYT TÜRK PORTFÖY ÜÇÜNCÜ KATILIM FONU,Katılım,Katılım Şemsiye Fonu,KUVEYT TÜRK PORTFÖY,5.0,,,
KUA,KUVEYT TÜRK PORTFÖY AGRESİF KATILIM FONU,Katılım,Katılım Şemsiye Fonu,KUVEYT TÜRK PORTFÖY,5.0,0.232842,,
KUB,KARE PORTFÖY DEĞİŞKEN  (DÖVİZ) FONU,Değişken,Değişken Şemsiye Fonu,KARE PORTFÖY,6.0,0.21395,1.516699,6.827116
KUD,KUVEYT TÜRK PORTFÖY DİNAMİK KATILIM FONU,Katılım,Katılım Şemsiye Fonu,KUVEYT TÜRK PORTFÖY,3.0,0.5540120000000001,,
KUP,AK PORTFÖY KAR PAYI ÖDEYEN SERBEST (DÖVİZ) FON,Serbest,,AK PORTFÖY,,,,
KUT,KUVEYT TÜRK PORTFÖY KIYMETLİ MADENLER KATILIM FONU,Kıymetli Madenler,Katılım Şemsiye Fonu,KUVEYT TÜRK PORTFÖY,6.0,0.6472669999999999,3.164626,
KVA,KUVEYT TÜRK PORTFÖY KTYMD KISA VADELİ KATILIM SERBEST ÖZEL FON,Kısa Vadeli Borçlanma,,KUVEYT TÜRK PORTFÖY,,,,
KVK,HEDEF PORTFÖY KATILIM İSTATİSTİKSEL ARBİTRAJ SERBEST FON,Katılım,Serbest Şemsiye Fonu,HEDEF PORTFÖY,2.0,,,
KVR,ATLAS PORTFÖY KISA VADELİ KATILIM SERBEST FON,Kısa Vadeli Borçlanma,Serbest Şemsiye Fonu,ATLAS PORTFÖY,2.0,,,
KVS,AZİMUT PORTFÖY KISA VADELİ SERBEST (TL) FON,Kısa Vadeli Borçlanma,Serbest Şemsiye Fonu,AZİMUT PORTFÖY,2.0,0.491865,2.523132,
KVT,AK PORTFÖY ENERJİ ŞİRKETLERİ HİSSE SENEDİ (TL) FONU (HİSSE SENEDİ YOĞUN FON),Hisse Senedi,Hisse Senedi Şemsiye Fonu,AK PORTFÖY,6.0,0.1957799999999999,,
KYA,KARE PORTFÖY HİSSE SENEDİ FONU(HİSSE SENEDİ YOĞUN FON),Hisse Senedi,Hisse Senedi Şemsiye Fonu,KARE PORTFÖY,6.0,0.174385,1.033156,11.985706
KYR,BV PORTFÖY ÜÇÜNCÜ HİSSE SENEDİ SERBEST FON (HİSSE SENEDİ YOĞUN FON),Hisse Senedi,,BV PORTFÖY,,,,
KYS,KARE PORTFÖY YEDİNCİ SERBEST (DÖVİZ) FON,Serbest,Serbest Şemsiye Fonu,KARE PORTFÖY,3.0,0.280237,,
KZL,KUVEYT TÜRK PORTFÖY ALTIN KATILIM FONU,Kıymetli Madenler,Katılım Şemsiye Fonu,KUVEYT TÜRK PORTFÖY,,0.491204,3.194446,13.718187
KZO,AZİMUT PORTFÖY KOİ HİSSE SENEDİ SERBEST ÖZEL FON (HİSSE SENEDİ YOĞUN FON),Hisse Senedi,,AZİMUT PORTFÖY,,,,
KZU,KUVEYT TÜRK PORTFÖY İKİNCİ ALTIN KATILIM FONU,Kıymetli Madenler,Katılım Şemsiye Fonu,KUVEYT TÜRK PORTFÖY,6.0,0.4089379999999999,,
LAI,ATLAS PORTFÖY İKİNCİ HİSSE SENEDİ SERBEST FON (HİSSE SENEDİ YOĞUN FON),Hisse Senedi,,ATLAS PORTFÖY,,,,
LET,QNB PORTFÖY LETO SERBEST (DÖVİZ) ÖZEL FON,Serbest,,QNB PORTFÖY,,,,
LFD,İŞ PORTFÖY AZİM HİSSE SENEDİ SERBEST ÖZEL FON (HİSSE SENEDİ YOĞUN FON),Hisse Senedi,,İŞ PORTFÖY,,,,
LGK,AZİMUT PORTFÖY İKİNCİ ÖPY SERBEST ÖZEL FON,Serbest,,AZİMUT PORTFÖY,,,,
LGO,ATLAS PORTFÖY ALGO TOROS HİSSE SENEDİ SERBEST (TL) FON (HİSSE SENEDİ YOĞUN FON),Hisse Senedi,,ATLAS PORTFÖY,,,,
LHM,AK PORTFÖY NETA SERBEST (DÖVİZ) ÖZEL FON,Serbest,,AK PORTFÖY,,,,
LHP,AK PORTFÖY YEDİNCİ SERBEST (DÖVİZ) FON,Serbest,,AK PORTFÖY,,,,
LKF,İŞ PORTFÖY ALTIN KATILIM FONU,Kıymetli Madenler,Katılım Şemsiye Fonu,İŞ PORTFÖY,5.0,,,
LKT,AKTİF PORTFÖY İKİNCİ PARA PİYASASI (TL) FONU,Para Piyasası,Para Piyasası Şemsiye Fonu,AKTİF PORTFÖY,2.0,0.441156,,
LLA,ALLBATROSS PORTFÖY AYDIN HİSSE SENEDİ SERBEST (TL) FON (HİSSE SENEDİ YOĞUN FON),Hisse Senedi,Serbest Şemsiye Fonu,ALLBATROSS PORTFÖY,6.0,-0.560379,0.122895,
LPH,STATECH PORTFÖY İSTATİSTİKSEL ARBİTRAJ HİSSE SENEDİ SERBEST (TL) FON (HİSSE SENEDİ YOĞUN FON),Hisse Senedi,Serbest Şemsiye Fonu,STATECH PORTFÖY,,0.65114,,
LRT,ATA PORTFÖY ALGORİTMİK STRATEJİLER SERBEST FON,Serbest,,ATA PORTFÖY,,,,
LTC,AK PORTFÖY BİRİNCİ İSTATİSTİKSEL ARBİTRAJ HİSSE SENEDİ SERBEST FON (HİSSE SENEDİ YOĞUN FON),Hisse Senedi,,AK PORTFÖY,,,,
LTL,AHLATCI PORTFÖY HİSSE SENEDİ (TL) FONU (HİSSE SENEDİ YOĞUN FON),Hisse Senedi,Hisse Senedi Şemsiye Fonu,AHLATCI PORTFÖY,7.0,,,
LTS,HEDEF PORTFÖY LOTUS SERBEST FON,Serbest,,HEDEF PORTFÖY,,,,
LZV,AZİMUT PORTFÖY İLA HİSSE SENEDİ SERBEST (TL) ÖZEL FON (HİSSE SENEDİ YOĞUN FON),Hisse Senedi,,AZİMUT PORTFÖY,,,,
MAC,MARMARA CAPITAL PORTFÖY HİSSE SENEDİ (TL) FONU (HİSSE SENEDİ YOĞUN FON),Hisse Senedi,Hisse Senedi Şemsiye Fonu,MARMARA CAPİTAL PORTFÖY,6.0,0.126392,0.7786109999999999,11.340759
MAD,MEKSA PORTFÖY BİRİNCİ DEĞİŞKEN FON,Değişken,Değişken Şemsiye Fonu,MEKSA PORTFÖY,6.0,0.1247129999999999,1.162063,7.320473
MAS,MARMARA CAPİTAL PORTFÖY HİSSE SENEDİ SERBEST (TL) FON (HİSSE SENEDİ YOĞUN FON),Hisse Senedi,Serbest Şemsiye Fonu,MARMARA CAPİTAL PORTFÖY,7.0,0.298961,1.157679,10.90889
MAV,QNB PORTFÖY ADAMAVİ SERBEST (DÖVİZ) ÖZEL FON,Serbest,,QNB PORTFÖY,,,,
MBL,MEKSA PORTFÖY İKİNCİ DEĞİŞKEN FON,Değişken,Değişken Şemsiye Fonu,MEKSA PORTFÖY,2.0,0.445039,2.358864,3.079191
MBR,MT PORTFÖY BİRİNCİ BORÇLANMA ARAÇLARI FONU,Borçlanma Araçları,Borçlanma Araçları Şemsiye Fonu,MT PORTFÖY,3.0,0.56443,,
MCU,AZİMUT PORTFÖY MUTLAK GETİRİ HEDEFLİ HİSSE SENEDİ SERBEST FON (HİSSE SENEDİ YOĞUN FON),Hisse Senedi,Serbest Şemsiye Fonu,AZİMUT PORTFÖY,2.0,0.341368,,
MD1,MT PORTFÖY BİRİNCİ DEĞİŞKEN FON,Değişken,Değişken Şemsiye Fonu,MT PORTFÖY,5.0,0.722648,,
MD2,MT PORTFÖY İKİNCİ DEĞİŞKEN FON,Değişken,Değişken Şemsiye Fonu,MT PORTFÖY,4.0,0.6618550000000001,,
MDF,FİBA PORTFÖY MODEL EMTİA FON SEPETİ SERBEST FON,Fon Sepeti,Serbest Şemsiye Fonu,FİBA PORTFÖY,6.0,,,
MET,GARANTİ PORTFÖY METAVERSE VE YENİ TEKNOLOJİLER DEĞİŞKEN FON,Değişken,Değişken Şemsiye Fonu,GARANTİ PORTFÖY,6.0,0.422445,2.36314,
MGB,İŞ PORTFÖY MUTLAK GETİRİ HEDEFLİ HİSSE SENEDİ SERBEST FON (HİSSE SENEDİ YOĞUN FON),Hisse Senedi,Serbest Şemsiye Fonu,İŞ PORTFÖY,2.0,0.223997,,
MGD,DENİZ PORTFÖY MGD HİSSE SENEDİ SERBEST ÖZEL FON (HİSSE SENEDİ YOĞUN FON),Hisse Senedi,,DENİZ PORTFÖY,,,,
MGE,PARDUS PORTFÖY MUTLAK GETİRİ HEDEFLİ HİSSE SENEDİ SERBEST (TL) FON (HİSSE SENEDİ YOĞUN FON),Hisse Senedi,,PARDUS PORTFÖY,,,,
MGH,TEB PORTFÖY MUTLAK GETİRİ HEDEFLİ HİSSE SENEDİ SERBEST FON (HİSSE SENEDİ YOĞUN FON),Hisse Senedi,Serbest Şemsiye Fonu,TEB PORTFÖY,2.0,0.339125,,
MHF,MT PORTFÖY BIST HALKA ARZ ŞİRKETLERİ HİSSE SENEDİ FONU (HİSSE SENEDİ YOĞUN FON),Hisse Senedi,Hisse Senedi Şemsiye Fonu,MT PORTFÖY,6.0,0.625144,,
MIK,MT PORTFÖY İKİNCİ SERBEST FON,Serbest,,MT PORTFÖY,,,,
MJB,AKTİF PORTFÖY BİRİNCİ FON SEPETİ FONU,Fon Sepeti,Fon Sepeti Şemsiye Fonu,AKTİF PORTFÖY,6.0,0.425799,1.73953,
MJE,ALBARAKA PORTFÖY KATILIM SERBEST (DÖVİZ-AVRO) FON,Katılım,,ALBARAKA PORTFÖY,,,,
MJG,AKTİF PORTFÖY GÜMÜŞ FON SEPETİ FONU,Fon Sepeti,Fon Sepeti Şemsiye Fonu,AKTİF PORTFÖY,7.0,0.751165,3.528841,11.948534
MJH,AKTİF PORTFÖY FORTUNA SERBEST FON,Serbest,Serbest Şemsiye Fonu,AKTİF PORTFÖY,6.0,-0.079069,0.3618699999999999,3.042924
MJK,MEKSA PORTFÖY KARDELEN SERBEST FON,Serbest,,MEKSA PORTFÖY,,,,
MJL,AKTİF PORTFÖY AKTİF SERBEST (DÖVİZ-AVRO) FON,Serbest,Serbest Şemsiye Fonu,AKTİF PORTFÖY,,0.1936349999999999,1.068376,5.319371
MKA,MARMARA CAPİTAL PORTFÖY KATILIM HİSSE SENEDİ (TL) FONU (HİSSE SENEDİ YOĞUN FON),Hisse Senedi,Hisse Senedi Şemsiye Fonu,MARMARA CAPİTAL PORTFÖY,6.0,0.137436,,
MKG,AKTİF PORTFÖY ALTIN KATILIM FONU,Kıymetli Madenler,Kıymetli Madenler Şemsiye Fonu,AKTİF PORTFÖY,6.0,0.454608,3.156004,13.562994000000002
MKL,İŞ PORTFÖY MKS SERBEST (DÖVİZ) ÖZEL FON,Serbest,,İŞ PORTFÖY,,,,
MLS,AKTİF PORTFÖY SİYAH BEYAZ SERBEST ÖZEL FON,Serbest,,AKTİF PORTFÖY,,,,
MLT,DENİZ PORTFÖY MELTEM HİSSE SENEDİ SERBEST (TL) FON (HİSSE SENEDİ YOĞUN FON),Hisse Senedi,Serbest Şemsiye Fonu,DENİZ PORTFÖY,6.0,,,
MMH,AKTİF PORTFÖY BIST 30 ENDEKSİ HİSSE SENEDİ (TL) FONU (HİSSE SENEDİ YOĞUN FON),Hisse Senedi,Hisse Senedi Şemsiye Fonu,AKTİF PORTFÖY,6.0,0.401935,1.2107,12.183304
MOD,YAPI KREDİ PORTFÖY MODA SERBEST (DÖVİZ) ÖZEL FON,Serbest,,YAPI KREDİ PORTFÖY,,,,
MOZ,EMAA BLUE PORTFÖY MOZAİK SERBEST FON,Serbest,Serbest Şemsiye Fonu,EMAA BLUE PORTFÖY,5.0,,,
MP2,MT PORTFÖY İKİNCİ HİSSE SENEDİ SERBEST FON (HİSSE SENEDİ YOĞUN FON),Hisse Senedi,,MT PORTFÖY,,,,
MP4,MT PORTFÖY DÖRDÜNCÜ HİSSE SENEDİ SERBEST FON (HİSSE SENEDİ YOĞUN FON),Hisse Senedi,,MT PORTFÖY,,,,
MPD,AKTİF PORTFÖY AKTİF SERBEST (DÖVİZ) FON,Serbest,,AKTİF PORTFÖY,,,,
MPE,MT PORTFÖY PARA PİYASASI KATILIM (TL) FONU,Para Piyasası,Katılım Şemsiye Fonu,MT PORTFÖY,1.0,0.390673,,
MPF,AKTİF PORTFÖY KISA VADELİ KİRA SERTİFİKASI KATILIM (TL) FONU,Kısa Vadeli Borçlanma,Katılım Şemsiye Fonu,AKTİF PORTFÖY,1.0,0.4396329999999999,2.195815,3.681212
MPI,MEKSA PORTFÖY İSTATİSTİKSEL ARBİTRAJ SERBEST (TL) FON,Serbest,Serbest Şemsiye Fonu,MEKSA PORTFÖY,1.0,0.434967,,
MPK,AKTİF PORTFÖY KİRA SERTİFİKASI KATILIM (TL) FONU,Katılım,Katılım Şemsiye Fonu,AKTİF PORTFÖY,2.0,0.441546,2.288087,4.389265
MPL,MT PORTFÖY PARA PİYASASI (TL) FONU,Para Piyasası,Para Piyasası Şemsiye Fonu,MT PORTFÖY,2.0,0.483221,,
MPN,AKTİF PORTFÖY İKİNCİ AKTİF SERBEST (DÖVİZ) FON,Serbest,Serbest Şemsiye Fonu,AKTİF PORTFÖY,,0.218519,1.325313,
MPP,MEKSA PORTFÖY PRİME SERBEST FON,Serbest,Serbest Şemsiye Fonu,MEKSA PORTFÖY,7.0,0.172135,1.128165,5.704747
MPS,AKTİF PORTFÖY KATILIM HİSSE SENEDİ (TL) FONU (HİSSE SENEDİ YOĞUN FON),Hisse Senedi,Hisse Senedi Şemsiye Fonu,AKTİF PORTFÖY,6.0,0.31402,1.0053530000000002,8.274234
MRI,TEB PORTFÖY MERİDYEN SERBEST FON,Serbest,Serbest Şemsiye Fonu,TEB PORTFÖY,,0.091509,,
MSK,AZİMUT PORTFÖY MSG SERBEST (TL) ÖZEL FON,Serbest,,AZİMUT PORTFÖY,,,,
MSO,ASTRA PORTFÖY MSK SERBEST (DÖVİZ) ÖZEL FON,Serbest,,ASTRA PORTFÖY,,,,
MSR,MEKSA PORTFÖY ALGORİTMİK STRATEJİLER SERBEST FON,Serbest,,MEKSA PORTFÖY,,,,
MT1,MT PORTFÖY BİRİNCİ SERBEST (DÖVİZ) FON,Serbest,Serbest Şemsiye Fonu,MT PORTFÖY,,0.220905,,
MT2,MT PORTFÖY PARA PİYASASI SERBEST (TL) FON,Para Piyasası,Serbest Şemsiye Fonu,MT PORTFÖY,2.0,,,
MT5,MT PORTFÖY BEŞİNCİ HİSSE SENEDİ SERBEST FON (HİSSE SENEDİ YOĞUN FON),Hisse Senedi,,MT PORTFÖY,,,,
MT6,MT PORTFÖY ALTINCI HİSSE SENEDİ SERBEST FON (HİSSE SENEDİ YOĞUN FON),Hisse Senedi,,MT PORTFÖY,,,,
MT7,MT PORTFÖY YEDİNCİ HİSSE SENEDİ SERBEST FON (HİSSE SENEDİ YOĞUN FON),Hisse Senedi,,MT PORTFÖY,,,,
MT8,MT PORTFÖY SEKİZİNCİ HİSSE SENEDİ SERBEST FON (HİSSE SENEDİ YOĞUN FON),Hisse Senedi,,MT PORTFÖY,,,,
MT9,MT PORTFÖY DOKUZUNCU HİSSE SENEDİ SERBEST FON (HİSSE SENEDİ YOĞUN FON),Hisse Senedi,,MT PORTFÖY,,,,
MTD,BV PORTFÖY MALZEME TEKNOLOJİLERİ DEĞİŞKEN FON,Değişken,Değişken Şemsiye Fonu,BV PORTFÖY,5.0,,,
MTE,MT PORTFÖY BİRİNCİ HİSSE SENEDİ SERBEST FON (HİSSE SENEDİ YOĞUN FON),Hisse Senedi,,MT PORTFÖY,,,,
MTF,MT PORTFÖY BİRİNCİ İSTATİSTİKSEL ARBİTRAJ HİSSE SENEDİ SERBEST (TL) FON (HİSSE SENEDİ YOĞUN FON),Hisse Senedi,Serbest Şemsiye Fonu,MT PORTFÖY,7.0,0.325074,,
MTG,DENİZ PORTFÖY MUTLAK GETİRİ HEDEFLİ HİSSE SENEDİ SERBEST FON (HİSSE SENEDİ YOGUN FON),Hisse Senedi,Serbest Şemsiye Fonu,DENİZ PORTFÖY,3.0,0.394806,,
MTH,MT PORTFÖY BİRİNCİ HİSSE SENEDİ FONU (HİSSE SENEDİ YOĞUN FON),Hisse Senedi,Hisse Senedi Şemsiye Fonu,MT PORTFÖY,6.0,0.776768,,
MTI,AZİMUT PORTFÖY METİS SERBEST ÖZEL FON,Serbest,,AZİMUT PORTFÖY,,,,
MTK,MT PORTFÖY KATILIM HİSSE SENEDİ (TL) FONU (HİSSE SENEDİ YOĞUN FON),Hisse Senedi,Hisse Senedi Şemsiye Fonu,MT PORTFÖY,6.0,0.512757,,
MTL,AURA PORTFÖY MUTLAK GETİRİ HEDEFLİ SERBEST FON,Serbest,,AURA PORTFÖY,,,,
MTS,AKTİF PORTFÖY TARIM VE SÜRDÜRÜLEBİLİRLİK FON SEPETİ FONU,Fon Sepeti,Fon Sepeti Şemsiye Fonu,AKTİF PORTFÖY,5.0,0.290804,1.079326,
MTU,MT PORTFÖY ÜÇÜNCÜ HİSSE SENEDİ SERBEST FON (HİSSE SENEDİ YOĞUN FON),Hisse Senedi,,MT PORTFÖY,,,,
MTV,AK PORTFÖY METAVERSE VE DİJİTAL YAŞAM TEKNOLOJİLERİ DEĞİŞKEN FON,Değişken,Değişken Şemsiye Fonu,AK PORTFÖY,6.0,0.346549,1.950581,
MTX,TEB PORTFÖY ÜÇÜNCÜ DEĞİŞKEN FON,Değişken,Değişken Şemsiye Fonu,TEB PORTFÖY,6.0,0.281244,1.926577,
MUL,MT PORTFÖY BİRİNCİ SERBEST FON,Serbest,,MT PORTFÖY,,,,
MUT,GARANTİ PORTFÖY MUTLAK GETİRİ HEDEFLİ HİSSE SENEDİ SERBEST FON (HİSSE SENEDİ YOĞUN FON),Hisse Senedi,Serbest Şemsiye Fonu,GARANTİ PORTFÖY,2.0,0.3416599999999999,,
NAK,NEO PORTFÖY ALTIN KATILIM FONU,Kıymetli Madenler,Kıymetli Madenler Şemsiye Fonu,NEO PORTFÖY,6.0,,,
NAL,NEO PORTFÖY ALTINCI SERBEST FON,Kıymetli Madenler,,NEO PORTFÖY,,,,
NAU,NEO PORTFÖY ALTIN FONU,Kıymetli Madenler,Kıymetli Madenler Şemsiye Fonu,NEO PORTFÖY,6.0,0.408708,,
NAV,NUROL PORTFÖY NOVA HİSSE SENEDİ SERBEST FON (HİSSE SENEDİ YOĞUN FON),Hisse Senedi,,NUROL PORTFÖY,,,,
NBE,NEO PORTFÖY BEŞİNCİ SERBEST FON,Serbest,,NEO PORTFÖY,,,,
NBH,NEO PORTFÖY ALGORİTMİK STRATEJİLER SERBEST FON,Serbest,Serbest Şemsiye Fonu,NEO PORTFÖY,7.0,0.659708,2.054622,5.893949
NBO,NEO PORTFÖY BORÇLANMA ARACI FONLARI FON SEPETİ FONU,Borçlanma Araçları,Fon Sepeti Şemsiye Fonu,NEO PORTFÖY,5.0,,,
NBZ,NEO PORTFÖY BİRİNCİ SERBEST (DÖVİZ) FON,Serbest,Serbest Şemsiye Fonu,NEO PORTFÖY,6.0,0.224585,1.044013,6.308473
NCS,NUROL PORTFÖY ÜÇÜNCÜ SERBEST (DÖVİZ) FON,Serbest,Serbest Şemsiye Fonu,NUROL PORTFÖY,,0.231411,1.1772239999999998,
NCU,NEO PORTFÖY ÜÇÜNCÜ SERBEST (DÖVİZ) FON,Serbest,,NEO PORTFÖY,,,,
NDL,ALLBATROSS PORTFÖY ANADOLU HİSSE SENEDİ SERBEST (TL) ÖZEL FON (HİSSE SENEDİ YOĞUN FON),Hisse Senedi,,ALLBATROSS PORTFÖY,,,,
NDS,NEO PORTFÖY DÖRDÜNCÜ SERBEST FON,Serbest,,NEO PORTFÖY,,,,
NES,INVEO PORTFÖY DÖRDÜNCÜ SERBEST ÖZEL FON,Serbest,,INVEO PORTFÖY,,,,
NFF,NEO PORTFÖY FON SEPETİ SERBEST FON,Fon Sepeti,Serbest Şemsiye Fonu,NEO PORTFÖY,5.0,0.154695,,
NFH,NEO PORTFÖY HİSSE SENEDİ SERBEST FON (HİSSE SENEDİ YOĞUN FON),Hisse Senedi,,NEO PORTFÖY,,,,
NFK,HEDEF PORTFÖY NEHİR HİSSE SENEDİ SERBEST (TL) FON (HİSSE SENEDİ YOĞUN FON),Hisse Senedi,,HEDEF PORTFÖY,,,,
NHP,NEO PORTFÖY BİRİNCİ FON SEPETİ FONU,Fon Sepeti,Fon Sepeti Şemsiye Fonu,NEO PORTFÖY,3.0,0.3372549999999999,1.727545,
NHT,DENİZ PORTFÖY NH SERBEST (DÖVİZ) ÖZEL FON,Serbest,,DENİZ PORTFÖY,,,,
NHV,NUROL PORTFÖY BİRİNCİ SERBEST (TL) ÖZEL FON,Serbest,,NUROL PORTFÖY,,,,
NHY,NEO PORTFÖY BİRİNCİ HİSSE SENEDİ (TL) FONU (HİSSE SENEDİ YOĞUN FON),Hisse Senedi,Hisse Senedi Şemsiye Fonu,NEO PORTFÖY,7.0,0.226235,0.827329,
NIG,TRIVE PORTFÖY SERBEST FON,Serbest,,TRIVE PORTFÖY,,,,
NIS,NEO PORTFÖY İSTATİSTİKSEL ARBİTRAJ SERBEST FON,Serbest,,NEO PORTFÖY,,,,
NJF,NUROL PORTFÖY ALTIN KATILIM FONU,Kıymetli Madenler,Katılım Şemsiye Fonu,NUROL PORTFÖY,6.0,0.501433,3.2032830000000003,
NJG,NUROL PORTFÖY BİRİNCİ SERBEST FON,Serbest,,NUROL PORTFÖY,,,,
NJR,NUROL PORTFÖY BİRİNCİ BORÇLANMA ARAÇLARI FONU,Borçlanma Araçları,Borçlanma Araçları Şemsiye Fonu,NUROL PORTFÖY,2.0,0.502808,2.742433,
NJY,NUROL PORTFÖY BİRİNCİ KATILIM FONU,Katılım,Katılım Şemsiye Fonu,NUROL PORTFÖY,1.0,0.456356,2.297404,
NKA,NEO PORTFÖY KATILIM SERBEST (DÖVİZ) FON,Katılım,Serbest Şemsiye Fonu,NEO PORTFÖY,3.0,0.2021549999999999,,
NKC,NEO PORTFÖY İKİNCİ HİSSE SENEDİ FONU (HİSSE SENEDİ YOĞUN FON),Hisse Senedi,Hisse Senedi Şemsiye Fonu,NEO PORTFÖY,6.0,0.268792,,
NKH,NEO PORTFÖY İKİNCİ HİSSE SENEDİ SERBEST FON (HİSSE SENEDİ YOĞUN FON),Hisse Senedi,,NEO PORTFÖY,,,,
NKJ,ATA PORTFÖY GIG SİGORTA SERBEST (TL) ÖZEL FON,Serbest,,ATA PORTFÖY,,,,
NKK,ATA PORTFÖY YÖNETİMİ A.Ş. SEKİZİNCİ SERBEST FON,Serbest,,ATA PORTFÖY,,,,
NKL,AKTİF PORTFÖY KISA VADELİ SERBEST (TL) FON,Kısa Vadeli Borçlanma,,AKTİF PORTFÖY,,,,
NKM,NEO PORTFÖY KATILIM HİSSE SENEDİ FONU (HİSSE SENEDİ YOĞUN FON),Hisse Senedi,Hisse Senedi Şemsiye Fonu,NEO PORTFÖY,6.0,,,
NKP,NEO PORTFÖY KAR PAYI ÖDEYEN DEĞİŞKEN FON,Değişken,Değişken Şemsiye Fonu,NEO PORTFÖY,5.0,0.112214,,
NKS,NUROL PORTFÖY GRANADA SERBEST (TL) FON,Serbest,,NUROL PORTFÖY,,,,
NKT,NUROL PORTFÖY BİRİNCİ KATILIM HİSSE SENEDİ FONU (HİSSE SENEDİ YOĞUN FON),Hisse Senedi,Hisse Senedi Şemsiye Fonu,NUROL PORTFÖY,5.0,,,
NKV,KUVEYT TÜRK PORTFÖY NKV KATILIM SERBEST ÖZEL FON,Katılım,,KUVEYT TÜRK PORTFÖY,,,,
NLC,TEB PORTFÖY ONALTINCI SERBEST (DÖVİZ) FON,Kıymetli Madenler,,TEB PORTFÖY,,,,
NLD,AZİMUT PORTFÖY NL-2 SERBEST (DÖVİZ) ÖZEL FON,Serbest,,AZİMUT PORTFÖY,,,,
NLE,NUROL PORTFÖY EMLAK SEKTÖRÜ HİSSE SENEDİ FONU (HİSSE SENEDİ YOĞUN FON),Hisse Senedi,Hisse Senedi Şemsiye Fonu,NUROL PORTFÖY,6.0,0.283771,,
NLK,NUROL PORTFÖY KISA VADELİ SERBEST FON,Kısa Vadeli Borçlanma,Serbest Şemsiye Fonu,NUROL PORTFÖY,1.0,0.495695,,
NLL,GLOBAL MD PORTFÖY NİL SERBEST FON,Serbest,,GLOBAL MD PORTFÖY,,,,
NME,NUROL PORTFÖY MERCAN KATILIM SERBEST (DÖVİZ) FON,Katılım,Serbest Şemsiye Fonu,NUROL PORTFÖY,,0.195384,,
NMG,NEO PORTFÖY İKİNCİ SERBEST FON,Serbest,,NEO PORTFÖY,,,,
NMP,AK PORTFÖY NEMA PARA PİYASASI (TL) FONU,Para Piyasası,,AK PORTFÖY,,,,
NMU,NUROL PORTFÖY MUTLAK GETİRİ HEDEFLİ HİSSE SENEDİ SERBEST FON (HİSSE SENEDİ YOĞUN FON),Hisse Senedi,Serbest Şemsiye Fonu,NUROL PORTFÖY,2.0,,,
NNF,HEDEF PORTFÖY BİRİNCİ HİSSE SENEDİ (TL) FONU (HİSSE SENEDİ YOĞUN FON),Hisse Senedi,Hisse Senedi Şemsiye Fonu,HEDEF PORTFÖY,6.0,0.106652,0.90443,13.103897
NOA,NEO PORTFÖY ALFA SERBEST FON,Serbest,,NEO PORTFÖY,,,,
NOI,TACİRLER PORTFÖY NOVA İSTATİSTİKSEL ARBİTRAJ SERBEST FON,Serbest,Serbest Şemsiye Fonu,TACİRLER PORTFÖY,1.0,0.431025,,
NOV,AZİMUT PORTFÖY INOVA AGRO HİSSE SENEDİ SERBEST ÖZEL FON (HİSSE SENEDİ YOĞUN FON),Hisse Senedi,,AZİMUT PORTFÖY,,,,
NP1,NEO PORTFÖY YASEMİN SERBEST FON,Serbest,,NEO PORTFÖY,,,,
NPH,NUROL PORTFÖY BİRİNCİ HİSSE SENEDİ FONU (HİSSE SENEDİ YOĞUN FON),Hisse Senedi,Hisse Senedi Şemsiye Fonu,NUROL PORTFÖY,6.0,0.064206,,
NPK,NEO PORTFÖY İPEKYOLU SERBEST ÖZEL FON,Serbest,,NEO PORTFÖY,,,,
NRC,NEO PORTFÖY BİRİNCİ DEĞİŞKEN FON,Değişken,Değişken Şemsiye Fonu,NEO PORTFÖY,7.0,0.165065,0.773817,
NRG,NEO PORTFÖY BİRİNCİ PARA PİYASASI FONU,Para Piyasası,Para Piyasası Şemsiye Fonu,NEO PORTFÖY,1.0,0.476773,2.6573110000000004,
NRM,NEO PORTFÖY İKİNCİ SERBEST (DÖVİZ) FON,Serbest,,NEO PORTFÖY,,,,
NSA,NEO PORTFÖY PARA PİYASASI KATILIM SERBEST FON,Para Piyasası,Serbest Şemsiye Fonu,NEO PORTFÖY,2.0,0.4689439999999999,,
NSD,NUROL PORTFÖY DÖRDÜNCÜ SERBEST (DÖVİZ) FON,Serbest,Serbest Şemsiye Fonu,NUROL PORTFÖY,,0.23606,1.140217,
NSH,NUROL PORTFÖY İSTATİSTİKSEL ARBİTRAJ HİSSE SENEDİ SERBEST FON (HİSSE SENEDİ YOĞUN FON),Hisse Senedi,Serbest Şemsiye Fonu,NUROL PORTFÖY,2.0,0.442045,,
NSK,NEO PORTFÖY BİRİNCİ SERBEST FON,Serbest,Serbest Şemsiye Fonu,NEO PORTFÖY,3.0,0.45496,2.613385,5.135522999999999
NSP,NUROL PORTFÖY PARA PİYASASI KATILIM FONU,Para Piyasası,Katılım Şemsiye Fonu,NUROL PORTFÖY,1.0,0.46718,,
NSS,NUROL PORTFÖY SONENBERG KAR PAYI ÖDEYEN SERBEST (DÖVİZ) ÖZEL FON,Serbest,,NUROL PORTFÖY,,,,
NST,İŞ PORTFÖY EMLAK SEKTÖRÜ HİSSE SENEDİ FONU (HİSSE SENEDİ YOĞUN FON),Hisse Senedi,Hisse Senedi Şemsiye Fonu,İŞ PORTFÖY,6.0,0.1958389999999999,,
NSY,NEO PORTFÖY YEDİNCİ SERBEST FON,Serbest,Serbest Şemsiye Fonu,NEO PORTFÖY,3.0,0.440474,,
NTB,AZİMUT PORTFÖY AVŞAR HİSSE SENEDİ SERBEST FON (HİSSE SENEDİ YOĞUN FON),Hisse Senedi,Serbest Şemsiye Fonu,AZİMUT PORTFÖY,6.0,0.277059,0.783642,
NTD,ÜNLÜ PORTFÖY UFT HİSSE SENEDİ SERBEST ÖZEL FON (HİSSE SENEDİ YOĞUN FON),Hisse Senedi,,ÜNLÜ PORTFÖY,,,,
NTF,NEO PORTFÖY TEK SERBEST (TL) FON,Serbest,,NEO PORTFÖY,,,,
NTI,NEO PORTFÖY TEKNOLOJİ VE İNOVASYON DEĞİŞKEN FON,Değişken,Değişken Şemsiye Fonu,NEO PORTFÖY,6.0,0.525608,,
NTO,NUROL PORTFÖY TRADA SERBEST (DÖVİZ) ÖZEL FON,Serbest,,NUROL PORTFÖY,,,,
NTS,NUROL PORTFÖY İKİNCİ SERBEST FON,Serbest,,NUROL PORTFÖY,,,,
NUB,NUROL PORTFÖY BEŞİNCİ SERBEST (DÖVİZ) FON,Serbest,Serbest Şemsiye Fonu,NUROL PORTFÖY,,0.207234,,
NUG,NUROL PORTFÖY ALTINCI SERBEST (DÖVİZ) FON,Kıymetli Madenler,,NUROL PORTFÖY,,,,
NUH,NEO PORTFÖY ÜÇÜNCÜ HİSSE SENEDİ FONU (HİSSE SENEDİ YOĞUN FON),Hisse Senedi,Hisse Senedi Şemsiye Fonu,NEO PORTFÖY,6.0,,,
NVB,NEO PORTFÖY İKİNCİ PARA PİYASASI (TL) FON,Para Piyasası,Para Piyasası Şemsiye Fonu,NEO PORTFÖY,,0.472076,2.634991,
NVC,NEO PORTFÖY VENTO SERBEST FON,Serbest,Serbest Şemsiye Fonu,NEO PORTFÖY,6.0,0.1154299999999999,1.30308,
NVK,INVEO PORTFÖY KATILIM SERBEST (DÖVİZ) FON,Katılım,Serbest Şemsiye Fonu,INVEO PORTFÖY,,0.169873,,
NVP,NUROL PORTFÖY İKİNCİ SERBEST (DÖVİZ) ÖZEL FON,Serbest,,NUROL PORTFÖY,,,,
NVT,NEO PORTFÖY ÜÇÜNCÜ SERBEST (TL) FON,Serbest,Serbest Şemsiye Fonu,NEO PORTFÖY,3.0,0.442602,2.543871,
NVZ,NEO PORTFÖY ORSA SERBEST (DÖVİZ) FON,Serbest,Serbest Şemsiye Fonu,NEO PORTFÖY,5.0,0.2264229999999999,,
NYH,NUROL PORTFÖY İAU SERBEST (DÖVİZ) ÖZEL FON,Serbest,,NUROL PORTFÖY,,,,
NZH,NEO PORTFÖY İKİNCİ DEĞİŞKEN FON,Değişken,Değişken Şemsiye Fonu,NEO PORTFÖY,6.0,0.3603329999999999,1.014402,2.1652240000000003
NZT,NEO PORTFÖY PARA PİYASASI SERBEST FON,Para Piyasası,Serbest Şemsiye Fonu,NEO PORTFÖY,2.0,0.46381,2.602894,3.80702
NZU,NUROL PORTFÖY ZÜMRÜT KATILIM SERBEST (DÖVİZ) FON,Katılım,Serbest Şemsiye Fonu,NUROL PORTFÖY,,0.2195929999999999,,
OAB,QNB PORTFÖY AYDOĞAN SERBEST (DÖVİZ) ÖZEL FON,Serbest,,QNB PORTFÖY,,,,
OAO,TEB PORTFÖY ODEABANK AYRICALIKLI VE ÖZEL BANKACILIK DEĞİŞKEN ÖZEL FON,Değişken,,TEB PORTFÖY,,,,
OBI,OYAK PORTFÖY İKİNCİ BORÇLANMA ARAÇLARI (TL) FONU,Borçlanma Araçları,Borçlanma Araçları Şemsiye Fonu,OYAK PORTFÖY,3.0,0.3946119999999999,1.5313910000000002,
OBN,AK PORTFÖY ONBEŞİNCİ SERBEST (DÖVİZ) FON,Serbest,,AK PORTFÖY,,,,
OBP,OYAK PORTFÖY İKİNCİ DEĞİŞKEN FON,Değişken,Değişken Şemsiye Fonu,OYAK PORTFÖY,4.0,0.386402,1.896448,5.263221
OBR,AK PORTFÖY ONBİRİNCİ SERBEST (DÖVİZ) FON,Serbest,,AK PORTFÖY,,,,
OCM,QNB PORTFÖY SM SERBEST (DÖVİZ) ÖZEL FON,Serbest,,QNB PORTFÖY,,,,
OCN,QNB PORTFÖY SEFA SERBEST (DÖVİZ) ÖZEL FON,Serbest,,QNB PORTFÖY,,,,
OCT,QNB PORTFÖY DENİZ YILDIZI SERBEST (DÖVİZ) ÖZEL FON,Serbest,,QNB PORTFÖY,,,,
ODD,OYAK PORTFÖY DÖRDÜNCÜ SERBEST FON,Serbest,Serbest Şemsiye Fonu,OYAK PORTFÖY,,0.3701959999999999,1.373945,4.844356
ODG,ONE PORTFÖY İKİNCİ DEĞİŞKEN FON,Değişken,Değişken Şemsiye Fonu,ONE PORTFÖY,3.0,,,
ODN,AK PORTFÖY ONDÖRDÜNCÜ SERBEST (DÖVİZ) FON,Serbest,,AK PORTFÖY,,,,
ODP,OSMANLI PORTFÖY BİRİNCİ SERBEST FON,Serbest,Serbest Şemsiye Fonu,OSMANLI PORTFÖY,6.0,0.545968,2.3793360000000003,
ODS,OYAK PORTFÖY İKİNCİ SERBEST(DÖVİZ) FON,Serbest,Serbest Şemsiye Fonu,OYAK PORTFÖY,,0.154955,1.097886,6.031563
ODV,AK PORTFÖY ÜÇÜNCÜ FON SEPETİ FONU,Fon Sepeti,Fon Sepeti Şemsiye Fonu,AK PORTFÖY,5.0,0.263691,1.5260980000000002,6.421105
OFA,OYAK PORTFÖY TÜRKİYE FİNANS KATILIM SERBEST (DÖVİZ-AVRO) FON,Katılım,,OYAK PORTFÖY,,,,
OFB,OYAK PORTFÖY İSTATİSTİKSEL ARBİTRAJ SERBEST (TL) FON,Serbest,,OYAK PORTFÖY,,,,
OFI,OYAK PORTFÖY İKİNCİ FON SEPETİ FONU,Fon Sepeti,Fon Sepeti Şemsiye Fonu,OYAK PORTFÖY,,0.34404,1.441785,
OFK,OYAK PORTFÖY TÜRKİYE FİNANS KATILIM SERBEST (DÖVİZ-ABD DOLARI) FON,Katılım,,OYAK PORTFÖY,,,,
OFO,QNB PORTFÖY JKDK SERBEST (DÖVİZ) ÖZEL FON,Serbest,,QNB PORTFÖY,,,,
OFS,OYAK PORTFÖY BİRİNCİ FON SEPETİ FONU,Fon Sepeti,Fon Sepeti Şemsiye Fonu,OYAK PORTFÖY,4.0,0.3630879999999999,1.727102,6.4910000000000005
OGD,OYAK PORTFÖY ALTIN KATILIM FONU,Kıymetli Madenler,Katılım Şemsiye Fonu,OYAK PORTFÖY,6.0,0.44398,2.744797,10.963739
OGF,OYAK PORTFÖY OYAK ÜYELERI İLE ÇALIŞANLARıNA YÖNELİK BORÇLANMA ARAÇLARI ÖZEL FONU,Borçlanma Araçları,,OYAK PORTFÖY,,,,
OGV,QNB PORTFÖY HUNA SERBEST (DÖVİZ) ÖZEL FON,Serbest,,QNB PORTFÖY,,,,
OHB,OYAK PORTFÖY BİRİNCİ HİSSE SENEDİ (TL) FONU (HİSSE SENEDİ YOĞUN FON),Hisse Senedi,Hisse Senedi Şemsiye Fonu,OYAK PORTFÖY,6.0,0.323791,1.076919,11.668847
OHI,PARDUS PORTFÖY ONUNCU HİSSE SENEDİ SERBEST (TL) FON (HİSSE SENEDİ YOĞUN FON),Hisse Senedi,,PARDUS PORTFÖY,,,,
OHK,OYAK PORTFÖY KATILIM HİSSE SENEDİ (TL) FONU (HİSSE SENEDİ YOĞUN FON),Hisse Senedi,Hisse Senedi Şemsiye Fonu,OYAK PORTFÖY,6.0,0.422973,0.98469,
OIL,OSMANLI PORTFÖY ALTIN FON SEPETİ FONU,Fon Sepeti,Fon Sepeti Şemsiye Fonu,OSMANLI PORTFÖY,6.0,0.241474,0.7359749999999999,
OIR,OSMANLI PORTFÖY DENGELİ FON SEPETİ FONU,Fon Sepeti,Fon Sepeti Şemsiye Fonu,OSMANLI PORTFÖY,3.0,0.432127,2.191101,
OIS,ASTRA PORTFÖY İKİNCİ SERBEST ÖZEL FON,Serbest,,ASTRA PORTFÖY,,,,
OJB,QNB PORTFÖY BEŞİNCİ SERBEST (DÖVİZ) FON,Serbest,Serbest Şemsiye Fonu,QNB PORTFÖY,,0.213175,0.983122,5.353596
OJH,ASTRA PORTFÖY BİRİNCİ HİSSE SENEDİ SERBEST FON (HİSSE SENEDİ YOĞUN FON),Hisse Senedi,,ASTRA PORTFÖY,,,,
OJK,QNB PORTFÖY ALTIN FONU,Kıymetli Madenler,Kıymetli Madenler Şemsiye Fonu,QNB PORTFÖY,6.0,0.482266,3.112277,12.675541
OJT,QNB PORTFÖY TEKNOLOJİ FON SEPETİ FONU,Fon Sepeti,Fon Sepeti Şemsiye Fonu,QNB PORTFÖY,6.0,0.565817,2.5987220000000004,10.441588
OJU,QNB PORTFÖY UFUK SERBEST (DÖVİZ) ÖZEL FON,Serbest,,QNB PORTFÖY,,,,
OJY,QNB PORTFÖY YALÇIN SERBEST (DÖVİZ) ÖZEL FON,Serbest,,QNB PORTFÖY,,,,
OKD,OYAK PORTFÖY BİRİNCİ DEĞİŞKEN FON,Değişken,Değişken Şemsiye Fonu,OYAK PORTFÖY,6.0,0.399859,1.759459,10.59119
OKF,OYAK PORTFÖY KAR PAYI ÖDEYEN BİRİNCİ SERBEST (TL) FON,Serbest,,OYAK PORTFÖY,,,,
OKP,OYAK PORTFÖY BİRİNCİ KISA VADELİ BORÇLANMA ARAÇLARI (TL) FONU,Kısa Vadeli Borçlanma,Borçlanma Araçları Şemsiye Fonu,OYAK PORTFÖY,2.0,0.456175,2.521064,4.057804
OKT,OYAK PORTFÖY BİRİNCİ BORÇLANMA ARAÇLARI FONU,Borçlanma Araçları,Borçlanma Araçları Şemsiye Fonu,OYAK PORTFÖY,3.0,0.457276,2.499905,4.3751940000000005
OLA,OSMANLI PORTFÖY İKİNCİ SERBEST (DÖVİZ- AVRO) FON,Serbest,Serbest Şemsiye Fonu,OSMANLI PORTFÖY,,0.14084,1.000116,
OLD,QNB PORTFÖY TEMİZ ENERJİ VE SU FON SEPETİ FONU,Fon Sepeti,Fon Sepeti Şemsiye Fonu,QNB PORTFÖY,6.0,0.260949,0.654174,
OLE,OSMANLI PORTFÖY BİRİNCİ FON SEPETİ FONU,Fon Sepeti,Fon Sepeti Şemsiye Fonu,OSMANLI PORTFÖY,2.0,0.484989,2.522357,
OMB,ASTRA PORTFÖY MAB SERBEST (DÖVİZ) ÖZEL FON,Serbest,,ASTRA PORTFÖY,,,,
OMC,QNB PORTFÖY ORKİDE SERBEST (DÖVİZ) ÖZEL FON,Serbest,,QNB PORTFÖY,,,,
OME,PARDUS PORTFÖY EVREN SERBEST FON,Serbest,,PARDUS PORTFÖY,,,,
OMG,AZİMUT PORTFÖY İKİNCİ HİSSE SENEDİ FONU (HİSSE SENEDİ YOĞUN FON),Hisse Senedi,Hisse Senedi Şemsiye Fonu,AZİMUT PORTFÖY,6.0,0.474153,,
OMT,OSMANLI PORTFÖY PARA PİYASASI KATILIM (TL) FONU,Para Piyasası,Katılım Şemsiye Fonu,OSMANLI PORTFÖY,1.0,,,
ONB,TEB PORTFÖY ALTERNATİF BANK SERBEST (DÖVİZ) ÖZEL FON,Serbest,,TEB PORTFÖY,,,,
OND,QNB PORTFÖY KAR PAYI ÖDEYEN ONBİRİNCİ SERBEST (DÖVİZ) FON,Serbest,,QNB PORTFÖY,,,,
ONE,AKTİF PORTFÖY BİRİNCİ HİSSE SENEDİ SERBEST (TL) FON (HİSSE SENEDİ YOĞUN FON),Hisse Senedi,Serbest Şemsiye Fonu,AKTİF PORTFÖY,6.0,0.320905,,
ONF,AK PORTFÖY ONALTINCI SERBEST (DÖVİZ-POUND) FON,Kıymetli Madenler,,AK PORTFÖY,,,,
ONK,AK PORTFÖY ONİKİNCİ SERBEST (DÖVİZ-AVRO) FON,Serbest,Serbest Şemsiye Fonu,AK PORTFÖY,,0.196565,1.099262,
ONN,AKTİF PORTFÖY AKTİF ONİKS SERBEST (TL) FON,Serbest,Serbest Şemsiye Fonu,AKTİF PORTFÖY,2.0,0.4664009999999999,2.512166,4.281702
ONS,İŞ PORTFÖY ONİKİNCİ SERBEST (DÖVİZ) FON,Serbest,Serbest Şemsiye Fonu,İŞ PORTFÖY,,0.217391,1.018181,
ONT,TEB PORTFÖY ONDÖRDÜNCÜ SERBEST (DÖVİZ) FON,Serbest,,TEB PORTFÖY,,,,
ONY,TEB PORTFÖY ONYEDİNCİ SERBEST (DÖVİZ-POUND) FON,Serbest,,TEB PORTFÖY,,,,
OPB,OSMANLI PORTFÖY BİRİNCİ DEĞİŞKEN FON,Değişken,Değişken Şemsiye Fonu,OSMANLI PORTFÖY,4.0,0.475419,1.684405,6.747346
OPD,OSMANLI PORTFÖY ANKA SERBEST FON,Serbest,Serbest Şemsiye Fonu,OSMANLI PORTFÖY,2.0,0.451926,2.443976,4.80815
OPF,OSMANLI PORTFÖY AGRESİF DEĞİŞKEN FON,Değişken,Değişken Şemsiye Fonu,OSMANLI PORTFÖY,5.0,0.603093,,
OPH,OSMANLI PORTFÖY BİRİNCİ HİSSE SENEDİ FONU(HİSSE SENEDİ YOĞUN FON),Hisse Senedi,Hisse Senedi Şemsiye Fonu,OSMANLI PORTFÖY,6.0,0.369876,0.808391,10.32662
OPI,OSMANLI PORTFÖY KAR PAYI ÖDEYEN HİSSE SENEDİ (TL) FONU (HİSSE SENEDİ YOĞUN FON),Hisse Senedi,Hisse Senedi Şemsiye Fonu,OSMANLI PORTFÖY,6.0,0.268506,0.6924030000000001,9.536488
OPJ,QNB PORTFÖY QNB PARA PİYASASI (TL) FONU,Para Piyasası,,QNB PORTFÖY,,,,
OPL,OSMANLI PORTFÖY İKİNCİ DEĞİŞKEN FON,Değişken,Değişken Şemsiye Fonu,OSMANLI PORTFÖY,4.0,0.429164,1.918919,7.804201000000001
OPU,ASTRA PORTFÖY ÜÇÜNCÜ KATILIM SERBEST FON,Katılım,,ASTRA PORTFÖY,,,,
OPZ,AK PORTFÖY ÖPY ALTINCI SERBEST ÖZEL FON,Kıymetli Madenler,,AK PORTFÖY,,,,
ORC,ASTRA PORTFÖY ALFA SERBEST FON,Serbest,Serbest Şemsiye Fonu,ASTRA PORTFÖY,7.0,0.26253,,
ORI,AZİMUT PORTFÖY ORGANİK SERBEST (DÖVİZ) ÖZEL FON,Serbest,,AZİMUT PORTFÖY,,,,
OSD,OSMANLI PORTFÖY ÖZEL SEKTÖR BORÇLANMA ARAÇLARI FONU,Borçlanma Araçları,Borçlanma Araçları Şemsiye Fonu,OSMANLI PORTFÖY,1.0,0.490478,2.66391,4.867833999999999
OSF,NEO PORTFÖY BALKAN SERBEST FON,Serbest,,NEO PORTFÖY,,,,
OSH,OSMANLI PORTFÖY MİNERVA SERBEST FON,Serbest,,OSMANLI PORTFÖY,,,,
OSL,OSMANLI PORTFÖY KISA VADELİ BORÇLANMA ARAÇLARI (TL) FONU,Kısa Vadeli Borçlanma,Borçlanma Araçları Şemsiye Fonu,OSMANLI PORTFÖY,2.0,0.463539,2.366103,3.899867
OSN,AK PORTFÖY ONUNCU SERBEST FON,Serbest,,AK PORTFÖY,,,,
OTE,QNB PORTFÖY TAYMER SERBEST (DÖVİZ) ÖZEL FON,Serbest,,QNB PORTFÖY,,,,
OTF,OYAK PORTFÖY TÜRKİYE FİNANS KISA VADELİ KİRA SERTİFİKASI KATILIM (TL) FONU,Kısa Vadeli Borçlanma,,OYAK PORTFÖY,,,,
OTJ,OYAK PORTFÖY KIYMETLİ MADENLER KATILIM FON SEPETİ FONU,Fon Sepeti,Fon Sepeti Şemsiye Fonu,OYAK PORTFÖY,6.0,0.604853,2.771354,
OTK,OYAK PORTFÖY BİRİNCİ KATILIM SERBEST FON,Katılım,Serbest Şemsiye Fonu,OYAK PORTFÖY,,0.4192349999999999,1.6092840000000002,3.743902
OTM,AZİMUT PORTFÖY OTOMOTİV SEKTÖRÜ DEĞİŞKEN FON,Değişken,Değişken Şemsiye Fonu,AZİMUT PORTFÖY,6.0,0.0611069999999999,,
OTZ,QNB PORTFÖY TANER SERBEST (DÖVİZ) ÖZEL FON,Serbest,,QNB PORTFÖY,,,,
OUB,OSMANLI PORTFÖY ÜÇÜNCÜ SERBEST (TL) FON,Serbest,,OSMANLI PORTFÖY,,,,
OUD,OSMANLI PORTFÖY ATLANTİK SERBEST (DÖVİZ) FON,Serbest,Serbest Şemsiye Fonu,OSMANLI PORTFÖY,,0.231492,1.266172,6.773188
OUN,AK PORTFÖY ONÜÇÜNCÜ SERBEST (DÖVİZ) FON,Serbest,,AK PORTFÖY,,,,
OUR,OSMANLI PORTFÖY PASİFİK SERBEST (DÖVİZ) FON,Serbest,,OSMANLI PORTFÖY,,,,
OUY,ASTRA PORTFÖY BİRİNCİ SERBEST (DÖVİZ) ÖZEL FON,Serbest,,ASTRA PORTFÖY,,,,
OVD,QNB PORTFÖY EMTİA FON SEPETİ FONU,Fon Sepeti,Fon Sepeti Şemsiye Fonu,QNB PORTFÖY,6.0,0.596263,1.5982409999999998,
OVR,QNB PORTFÖY FAGİ SERBEST (DÖVİZ) ÖZEL FON,Serbest,,QNB PORTFÖY,,,,
OYL,OYAK PORTFÖY BİRİNCİ PARA PİYASASI (TL) FONU,Para Piyasası,,OYAK PORTFÖY,,,,
OYS,OYAK PORTFÖY ÜÇÜNCÜ SERBEST (TL) FON,Serbest,,OYAK PORTFÖY,,,,
OYT,OYAK PORTFÖY BİRİNCİ SERBEST FON,Serbest,,OYAK PORTFÖY,,,,
OZC,ASTRA PORTFÖY BİRİNCİ HİSSE SENEDİ SERBEST ÖZEL FON (HİSSE SENEDİ YOĞUN FON),Hisse Senedi,,ASTRA PORTFÖY,,,,
P1A,A1 CAPİTAL PORTFÖY PARA PİYASASI (TL) SERBEST FON,Para Piyasası,Serbest Şemsiye Fonu,A1 CAPİTAL PORTFÖY,2.0,0.536508,,
PA2,PUSULA PORTFÖY ALTIN KATILIM FONU,Kıymetli Madenler,Katılım Şemsiye Fonu,PUSULA PORTFÖY,6.0,,,
PAB,A1 CAPİTAL PORTFÖY PARA PİYASASI (TL) FONU,Para Piyasası,Para Piyasası Şemsiye Fonu,A1 CAPİTAL PORTFÖY,2.0,,,
PAC,AZİMUT PORTFÖY AC HİSSE SENEDİ SERBEST ÖZEL FON (HİSSE SENEDİ YOĞUN FON),Hisse Senedi,,AZİMUT PORTFÖY,,,,
PAF,PARDUS PORTFÖY ALTIN FONU,Kıymetli Madenler,Kıymetli Madenler Şemsiye Fonu,PARDUS PORTFÖY,6.0,0.450411,,
PAI,AK PORTFÖY ING ÖZEL BANKACILIK VE PLATINUM MUTLAK GETİRİ HEDEFLİ DEĞİŞKEN ÖZEL FON,Değişken,,AK PORTFÖY,,,,
PAL,AK PORTFÖY ALTINCI SERBEST(DÖVİZ) FON,Kıymetli Madenler,Serbest Şemsiye Fonu,AK PORTFÖY,,0.217859,1.036379,5.849771
PAO,PARDUS PORTFÖY ANADOLU HİSSE SENEDİ SERBEST FON (HİSSE SENEDİ YOĞUN FON),Hisse Senedi,Serbest Şemsiye Fonu,PARDUS PORTFÖY,6.0,-0.071182,,
PAU,GARANTİ PORTFÖY SERBEST (DÖVİZ-POUND) FON,Serbest,,GARANTİ PORTFÖY,,,,
PBE,PUSULA PORTFÖY BATI SERBEST FON,Serbest,,PUSULA PORTFÖY,,,,
PBF,PHİLLİP PORTFÖY BİRİNCİ SERBEST ÖZEL FON,Serbest,,PHİLLİP PORTFÖY,,,,
PBH,PUSULA PORTFÖY BİRİNCİ HİSSE SENEDİ SERBEST (TL) FON (HİSSE SENEDİ YOĞUN FON),Hisse Senedi,,PUSULA PORTFÖY,,,,
PBI,PARDUS PORTFÖY BİRİNCİ FON SEPETİ FONU,Fon Sepeti,Fon Sepeti Şemsiye Fonu,PARDUS PORTFÖY,4.0,0.624023,,
PBK,ASTRA PORTFÖY BİRİNCİ KATILIM SERBEST (DÖVİZ) FON,Katılım,Serbest Şemsiye Fonu,ASTRA PORTFÖY,6.0,0.215196,1.082017,6.134509
PBN,PİRAMİT PORTFÖY BİRİNCİ HİSSE SENEDİ SERBEST FON (HİSSE SENEDİ YOĞUN FON),Hisse Senedi,Serbest Şemsiye Fonu,PİRAMİT PORTFÖY,7.0,0.137092,,
PBR,PUSULA PORTFÖY BİRİNCİ DEĞİŞKEN FON,Değişken,Değişken Şemsiye Fonu,PUSULA PORTFÖY,6.0,0.576622,,
PBS,AZİMUT PORTFÖY BOĞAZİÇİ SERBEST (DÖVİZ) FON,Serbest,,AZİMUT PORTFÖY,,,,
PBY,PARDUS PORTFÖY BIST 100 DIŞI ŞİRKETLER HİSSE SENEDİ SERBEST (TL) FON (HİSSE SENEDİ YOĞUN FON),Hisse Senedi,,PARDUS PORTFÖY,,,,
PCE,PARDUS PORTFÖY İNCİ SERBEST FON,Serbest,Serbest Şemsiye Fonu,PARDUS PORTFÖY,4.0,0.353798,,
PCH,PARDUS PORTFÖY CAPİTAL HİSSE SENEDİ SERBEST FON (HİSSE SENEDİ YOĞUN FON),Hisse Senedi,,PARDUS PORTFÖY,,,,
PCN,PERFORM PORTFÖY ÜÇÜNCÜ SERBEST (DÖVİZ)  FON,Serbest,,PERFORM PORTFÖY,,,,
PCS,PUSULA PORTFÖY ÜÇÜNCÜ HİSSE SENEDİ SERBEST FON (HİSSE SENEDİ YOĞUN FON),Hisse Senedi,,PUSULA PORTFÖY,,,,
PDC,PUSULA PORTFÖY DÖRDÜNCÜ HİSSE SENEDİ SERBEST (TL) FON (HİSSE SENEDİ YOĞUN FON),Hisse Senedi,,PUSULA PORTFÖY,,,,
PDD,ASTRA PORTFÖY KATILIM FONU,Katılım,Katılım Şemsiye Fonu,ASTRA PORTFÖY,3.0,0.3819959999999999,1.7992320000000002,4.418872
PDE,PUSULA PORTFÖY DENGE KATILIM SERBEST FON,Katılım,,PUSULA PORTFÖY,,,,
PDF,ASTRA PORTFÖY BİRİNCİ SERBEST (DÖVİZ) FON,Serbest,Serbest Şemsiye Fonu,ASTRA PORTFÖY,5.0,0.231866,1.120801,5.875744
PDG,PUSULA PORTFÖY DOĞU HİSSE SENEDİ SERBEST (TL) FON (HİSSE SENEDİ YOĞUN FON),Hisse Senedi,,PUSULA PORTFÖY,,,,
PDH,PARDUS PORTFÖY DOĞU HİSSE SENEDİ SERBEST FON (HİSSE SENEDİ YOĞUN FON),Hisse Senedi,,PARDUS PORTFÖY,,,,
PDR,PHİLLİP PORTFÖY SÜRDÜRÜLEBİLİRLİK SERBEST ÖZEL FON,Serbest,,PHİLLİP PORTFÖY,,,,
PDS,PARDUS PORTFÖY DÖRDÜNCÜ SERBEST FON,Serbest,,PARDUS PORTFÖY,,,,
PEA,PERFORM PORTFÖY ALTIN FONU,Kıymetli Madenler,Kıymetli Madenler Şemsiye Fonu,PERFORM PORTFÖY,6.0,0.401759,,
PFO,PHİLLİP PORTFÖY FON SEPETİ FONU,Fon Sepeti,Fon Sepeti Şemsiye Fonu,PHİLLİP PORTFÖY,4.0,0.396968,,
PFS,ATLAS PORTFÖY FON SEPETİ FONU,Fon Sepeti,Fon Sepeti Şemsiye Fonu,ATLAS PORTFÖY,4.0,0.398741,1.878889,
PGD,ASTRA PORTFÖY AGRESİF DEĞİŞKEN FON,Değişken,Değişken Şemsiye Fonu,ASTRA PORTFÖY,2.0,0.398711,,
PGE,PARDUS PORTFÖY GÜNEY HİSSE SENEDİ SERBEST FON (HİSSE SENEDİ YOĞUN FON),Hisse Senedi,,PARDUS PORTFÖY,,,,
PGH,PUSULA PORTFÖY GÜNEY HİSSE SENEDİ SERBEST (TL) FON (HİSSE SENEDİ YOĞUN FON),Hisse Senedi,,PUSULA PORTFÖY,,,,
PGS,AZİMUT PORTFÖY PAY GERİ ALIMI YAPAN ŞİRKETLER HİSSE SENEDİ FONU (HİSSE SENEDİ YOĞUN FON),Hisse Senedi,Hisse Senedi Şemsiye Fonu,AZİMUT PORTFÖY,6.0,0.207271,,
PHB,PUSULA PORTFÖY BEŞİNCİ HİSSE SENEDİ SERBEST (TL) FON (HİSSE SENEDİ YOĞUN FON),Hisse Senedi,,PUSULA PORTFÖY,,,,
PHE,PUSULA PORTFÖY HİSSE SENEDİ FONU (HİSSE SENEDİ YOĞUN FON),Hisse Senedi,Hisse Senedi Şemsiye Fonu,PUSULA PORTFÖY,6.0,1.325669,,
PHF,PİRAMİT PORTFÖY BİST 50 DIŞI ŞİRKETLER HİSSE SENEDİ SERBEST FON (HİSSE SENEDİ YOĞUN FON),Hisse Senedi,,PİRAMİT PORTFÖY,,,,
PHI,PİRAMİT PORTFÖY HİSSE SENEDİ FONU (HİSSE SENEDİ YOĞUN FON),Hisse Senedi,Hisse Senedi Şemsiye Fonu,PİRAMİT PORTFÖY,6.0,0.3424689999999999,,
PHK,PHİLLİP PORTFÖY KATILIM HİSSE SENEDİ FONU (HİSSE SENEDİ YOĞUN FON),Hisse Senedi,Hisse Senedi Şemsiye Fonu,PHİLLİP PORTFÖY,6.0,0.329632,,
PHN,PUSULA PORTFÖY İKİNCİ HİSSE SENEDİ SERBEST FON (HİSSE SENEDİ YOĞUN FON),Hisse Senedi,,PUSULA PORTFÖY,,,,
PHS,PERFORM PORTFÖY İKİNCİ HİSSE SENEDİ SERBEST FON (HİSSE SENEDİ YOĞUN FON),Hisse Senedi,,PERFORM PORTFÖY,,,,
PHY,PARDUS PORTFÖY BATI HİSSE SENEDİ SERBEST FON (HİSSE SENEDİ YOĞUN FON),Hisse Senedi,,PARDUS PORTFÖY,,,,
PID,PİRAMİT PORTFÖY DEĞİŞKEN FON,Değişken,Değişken Şemsiye Fonu,PİRAMİT PORTFÖY,5.0,0.437379,,
PIL,ROTA PORTFÖY PİL TEKNOLOJİLERİ VE ENERJİ FON SEPETİ FONU,Fon Sepeti,Fon Sepeti Şemsiye Fonu,ROTA PORTFÖY,6.0,0.7095999999999999,1.903548,
PIP,GARANTİ PORTFÖY İKİNCİ PARA PİYASASI SERBEST (TL) FON,Para Piyasası,Serbest Şemsiye Fonu,GARANTİ PORTFÖY,2.0,0.4676189999999999,,
PIR,PİRAMİT PORTFÖY ALTIN FONU,Kıymetli Madenler,Kıymetli Madenler Şemsiye Fonu,PİRAMİT PORTFÖY,6.0,0.516509,,
PIS,PARDUS PORTFÖY İKİNCİ KISA VADELİ SERBEST (TL) FON,Kısa Vadeli Borçlanma,Serbest Şemsiye Fonu,PARDUS PORTFÖY,1.0,,,
PJL,PHİLLİP PORTFÖY PARA PİYASASI FONU,Para Piyasası,Para Piyasası Şemsiye Fonu,PHİLLİP PORTFÖY,1.0,0.4626639999999999,2.524282,4.264296
PJP,PERFORM PORTFÖY BİRİNCİ SERBEST (DÖVİZ) FON,Serbest,Serbest Şemsiye Fonu,PERFORM PORTFÖY,6.0,,,
PK1,AHLATCI PORTFÖY PARA PİYASASI KATILIM (TL) FONU,Para Piyasası,Katılım Şemsiye Fonu,AHLATCI PORTFÖY,1.0,,,
PKD,PUSULA PORTFÖY İKİNCİ KATILIM HİSSE SENEDİ SERBEST FON (HİSSE SENEDİ YOĞUN FON),Hisse Senedi,Serbest Şemsiye Fonu,PUSULA PORTFÖY,6.0,0.145608,,
PKF,ATA PORTFÖY ALTIN KATILIM FONU,Kıymetli Madenler,Katılım Şemsiye Fonu,ATA PORTFÖY,6.0,0.449353,2.875283,
PKH,DENİZ PORTFÖY POYRAZ KATILIM HİSSE SENEDİ SERBEST FON (HİSSE SENEDİ YOĞUN FON),Hisse Senedi,,DENİZ PORTFÖY,,,,
PKL,PUSULA PORTFÖY KATILIM SERBEST (TL) FON,Katılım,,PUSULA PORTFÖY,,,,
PKM,PUSULA PORTFÖY PARA PİYASASI KATILIM (TL) FONU,Para Piyasası,Katılım Şemsiye Fonu,PUSULA PORTFÖY,1.0,,,
PKN,PİRAMİT PORTFÖY İKİNCİ HİSSE SENEDİ SERBEST FON (HİSSE SENEDİ YOĞUN FON),Hisse Senedi,,PİRAMİT PORTFÖY,,,,
PKP,ATA PORTFÖY PARA PİYASASI KATILIM SERBEST FON,Para Piyasası,Serbest Şemsiye Fonu,ATA PORTFÖY,1.0,,,
PKR,ROTA PORTFÖY PARA PİYASASI KATILIM FONU,Para Piyasası,Katılım Şemsiye Fonu,ROTA PORTFÖY,1.0,0.429876,,
PKT,YAPI KREDİ PORTFÖY PARA PİYASASI KATILIM SERBEST (TL) FON,Para Piyasası,Serbest Şemsiye Fonu,YAPI KREDİ PORTFÖY,2.0,0.467898,,
PKU,PARDUS PORTFÖY KUZEY HİSSE SENEDİ SERBEST FON (HİSSE SENEDİ YOĞUN FON),Hisse Senedi,,PARDUS PORTFÖY,,,,
PKV,PARDUS PORTFÖY KISA VADELİ SERBEST (TL) FON,Kısa Vadeli Borçlanma,Serbest Şemsiye Fonu,PARDUS PORTFÖY,1.0,0.5587570000000001,,
PKZ,PUSULA PORTFÖY KUZEY HİSSE SENEDİ SERBEST (TL) FON (HİSSE SENEDİ YOĞUN FON),Hisse Senedi,,PUSULA PORTFÖY,,,,
PLA,YAPI KREDİ PORTFÖY PLAY FON SEPETİ ÖZEL FONU,Fon Sepeti,,YAPI KREDİ PORTFÖY,,,,
PLR,OSMANLI PORTFÖY PARA PİYASASI FONU,Para Piyasası,Para Piyasası Şemsiye Fonu,OSMANLI PORTFÖY,2.0,0.48422,,
PLS,DENİZ PORTFÖY LARA SERBEST (DÖVİZ) ÖZEL FON,Serbest,,DENİZ PORTFÖY,,,,
PMG,İŞ PORTFÖY MG HİSSE SENEDİ ÖZEL FONU (HİSSE SENEDİ YOĞUN FON),Hisse Senedi,,İŞ PORTFÖY,,,,
PMH,PARDUS PORTFÖY MARMARA HİSSE SENEDİ SERBEST FON (HİSSE SENEDİ YOĞUN FON),Hisse Senedi,,PARDUS PORTFÖY,,,,
PMP,PARDUS PORTFÖY MODEL PORTFÖY HİSSE SENEDİ SERBEST FON (HİSSE SENEDİ YOĞUN FON),Hisse Senedi,Serbest Şemsiye Fonu,PARDUS PORTFÖY,7.0,-0.471595,,
PNU,PUSULA PORTFÖY İKİNCİ PARA PİYASASI (TL) FONU,Para Piyasası,Para Piyasası Şemsiye Fonu,PUSULA PORTFÖY,2.0,,,
PO7,PARDUS PORTFÖY ONYEDİNCİ HİSSE SENEDİ SERBEST FON (HİSSE SENEDİ YOĞUN FON),Hisse Senedi,,PARDUS PORTFÖY,,,,
PO8,PARDUS PORTFÖY ONSEKİZİNCİ HİSSE SENEDİ SERBEST FON (HİSSE SENEDİ YOĞUN FON),Hisse Senedi,,PARDUS PORTFÖY,,,,
PO9,PARDUS PORTFÖY ONDOKUZUNCU HİSSE SENEDİ SERBEST FON (HİSSE SENEDİ YOĞUN FON),Hisse Senedi,Serbest Şemsiye Fonu,PARDUS PORTFÖY,6.0,-0.511287,,
POB,PARDUS PORTFÖY ONBİRİNCİ HİSSE SENEDİ SERBEST (TL) FON (HİSSE SENEDİ YOĞUN FON),Hisse Senedi,,PARDUS PORTFÖY,,,,
POD,DENİZ PORTFÖY ONBEŞİNCİ SERBEST (DÖVİZ-POUND) FON,Serbest,,DENİZ PORTFÖY,,,,
POF,PARDUS PORTFÖY ONALTINCI HİSSE SENEDİ SERBEST (TL) FON (HİSSE SENEDİ YOĞUN FON),Hisse Senedi,,PARDUS PORTFÖY,,,,
POH,PİRAMİT PORTFÖY ÖZGÜN HİSSE SENEDİ SERBEST ÖZEL FON (HİSSE SENEDİ YOĞUN FON),Hisse Senedi,,PİRAMİT PORTFÖY,,,,
POI,PARDUS PORTFÖY ONİKİNCİ HİSSE SENEDİ SERBEST (TL) FON (HİSSE SENEDİ YOĞUN FON),Hisse Senedi,,PARDUS PORTFÖY,,,,
POS,PARDUS PORTFÖY ONBEŞİNCİ HİSSE SENEDİ SERBEST (TL) FON (HİSSE SENEDİ YOĞUN FON),Hisse Senedi,Serbest Şemsiye Fonu,PARDUS PORTFÖY,6.0,-0.088156,,
POU,PARDUS PORTFÖY ONÜÇÜNCÜ HİSSE SENEDİ SERBEST (TL) FON (HİSSE SENEDİ YOĞUN FON),Hisse Senedi,,PARDUS PORTFÖY,,,,
PP1,PARDUS PORTFÖY BİRİNCİ KATILIM FONU,Katılım,Katılım Şemsiye Fonu,PARDUS PORTFÖY,5.0,0.285872,,
PPB,PHİLLİP PORTFÖY BİRİNCİ HİSSE SENEDİ FONU (HİSSE SENEDİ YOĞUN FON),Hisse Senedi,Hisse Senedi Şemsiye Fonu,PHİLLİP PORTFÖY,7.0,0.228081,1.055032,
PPD,PERFORM PORTFÖY HİSSE SENEDİ SERBEST FON (HİSSE SENEDİ YOĞUN FON),Hisse Senedi,Serbest Şemsiye Fonu,PERFORM PORTFÖY,7.0,0.555586,1.629841,29.647152
PPE,PHİLLİP PORTFÖY SERBEST (DÖVİZ) FON,Serbest,Serbest Şemsiye Fonu,PHİLLİP PORTFÖY,,0.243856,,
PPF,AZİMUT PORTFÖY AKÇE SERBEST FON,Serbest,,AZİMUT PORTFÖY,,,,
PPG,ALBARAKA PORTFÖY PARA PİYASASI KATILIM FONU,Para Piyasası,Katılım Şemsiye Fonu,ALBARAKA PORTFÖY,1.0,0.450357,,
PPH,PARDUS PORTFÖY BIST 100 DIŞI ŞİRKETLER HİSSE SENEDİ (TL) FONU (HİSSE SENEDİ YOĞUN FON),Hisse Senedi,Hisse Senedi Şemsiye Fonu,PARDUS PORTFÖY,6.0,0.087856,,
PPI,YAPI KREDİ PORTFÖY ÜÇÜNCÜ PARA PİYASASI (TL) FONU,Para Piyasası,Para Piyasası Şemsiye Fonu,YAPI KREDİ PORTFÖY,1.0,0.463934,,
PPJ,AK PORTFÖY İKİNCİ PARA PİYASASI SERBEST (TL) FON,Para Piyasası,Serbest Şemsiye Fonu,AK PORTFÖY,1.0,0.478535,,
PPK,QNB PORTFÖY PARA PİYASASI KATILIM (TL) FONU,Para Piyasası,Katılım Şemsiye Fonu,QNB PORTFÖY,1.0,0.460808,,
PPM,PİRAMİT PORTFÖY MUTLAK GETİRİ HEDEFLİ HİSSE SENEDİ SERBEST FON (HİSSE SENEDİ YOĞUN FON),Hisse Senedi,Serbest Şemsiye Fonu,PİRAMİT PORTFÖY,3.0,0.424141,,
PPN,NUROL PORTFÖY PARA PİYASASI (TL) FONU,Para Piyasası,Para Piyasası Şemsiye Fonu,NUROL PORTFÖY,1.0,0.483399,2.703363,4.789835
PPO,PARDUS PORTFÖY ONDÖRDÜNCÜ HİSSE SENEDİ SERBEST (TL) FON (HİSSE SENEDİ YOĞUN FON),Hisse Senedi,,PARDUS PORTFÖY,,,,
PPP,PERFORM PORTFÖY PARA PİYASASI (TL) FONU,Para Piyasası,Para Piyasası Şemsiye Fonu,PERFORM PORTFÖY,2.0,0.468201,,
PPS,PHİLLİP PORTFÖY BİRİNCİ SERBEST FON,Serbest,Serbest Şemsiye Fonu,PHİLLİP PORTFÖY,7.0,0.322804,1.979929,
PPT,ATLAS PORTFÖY PARA PİYASASI (TL) FONU,Para Piyasası,Para Piyasası Şemsiye Fonu,ATLAS PORTFÖY,2.0,0.527532,,
PPU,PARDUS PORTFÖY ÜÇÜNCÜ SERBEST FON,Serbest,,PARDUS PORTFÖY,,,,
PPV,AKTİF PORTFÖY PARA PİYASASI SERBEST (TL) FON,Para Piyasası,Serbest Şemsiye Fonu,AKTİF PORTFÖY,2.0,,,
PPZ,AZİMUT PORTFÖY PARA PİYASASI (TL) FONU,Para Piyasası,Para Piyasası Şemsiye Fonu,AZİMUT PORTFÖY,2.0,0.467697,2.609499,4.6381
PRD,PİRAMİT PORTFÖY PARA PİYASASI (TL) FONU,Para Piyasası,Para Piyasası Şemsiye Fonu,PİRAMİT PORTFÖY,2.0,0.491013,,
PRF,AZİMUT PORTFÖY IRF SERBEST (DÖVİZ) ÖZEL FON,Serbest,,AZİMUT PORTFÖY,,,,
PRH,AURA PORTFÖY PARA PİYASASI (TL) FONU,Para Piyasası,Para Piyasası Şemsiye Fonu,AURA PORTFÖY,1.0,0.4910799999999999,,
PRR,INVEO PORTFÖY PARA PİYASASI KATILIM (TL) FONU,Para Piyasası,Katılım Şemsiye Fonu,INVEO PORTFÖY,1.0,,,
PRU,ALLBATROSS PORTFÖY KISA VADELİ SERBEST (TL) FON,Kısa Vadeli Borçlanma,Serbest Şemsiye Fonu,ALLBATROSS PORTFÖY,2.0,0.5866,2.76645,
PRV,ASTRA PORTFÖY PARA PİYASASI SERBEST FON,Para Piyasası,Serbest Şemsiye Fonu,ASTRA PORTFÖY,2.0,,,
PRY,PUSULA PORTFÖY PARA PİYASASI (TL) FONU,Para Piyasası,Para Piyasası Şemsiye Fonu,PUSULA PORTFÖY,2.0,0.5991599999999999,,
PSD,İŞ PORTFÖY PERAS SERBEST (DÖVİZ) ÖZEL FON,Serbest,,İŞ PORTFÖY,,,,
PSE,ATLAS PORTFÖY PARA PİYASASI SERBEST FON,Para Piyasası,Serbest Şemsiye Fonu,ATLAS PORTFÖY,2.0,0.589432,,
PSG,AZİMUT PORTFÖY 9.0 SERBEST FON,Serbest,,AZİMUT PORTFÖY,,,,
PSH,DENİZ PORTFÖY PERAKENDE SEKTÖRÜ HİSSE SENEDİ (TL) FONU (HİSSE SENEDİ YOĞUN FON),Hisse Senedi,Hisse Senedi Şemsiye Fonu,DENİZ PORTFÖY,6.0,,,
PSL,AZİMUT PORTFÖY 8.0 SERBEST FON,Serbest,Serbest Şemsiye Fonu,AZİMUT PORTFÖY,5.0,0.289436,1.355496,6.556049000000001
PSO,İŞ PORTFÖY PERAS SERBEST ÖZEL FON,Serbest,,İŞ PORTFÖY,,,,
PSR,PARDUS PORTFÖY SANAYİ ŞİRKETLERİ HİSSE SENEDİ SERBEST FON (HİSSE SENEDİ YOĞUN FON),Hisse Senedi,,PARDUS PORTFÖY,,,,
PSS,AZİMUT PORTFÖY SARAY SERBEST FON,Serbest,,AZİMUT PORTFÖY,,,,
PST,PARDUS PORTFÖY SANAYİ SEKTÖRÜ DIŞI ŞİRKETLER HİSSE SENEDİ SERBEST FON (HİSSE SENEDİ YOĞUN FON),Hisse Senedi,,PARDUS PORTFÖY,,,,
PTC,PERFORM PORTFÖY İKİNCİ SERBEST (DÖVİZ) FON,Serbest,,PERFORM PORTFÖY,,,,
PTE,TEB PORTFÖY BİRİNCİ PARA PİYASASI SERBEST (TL) FON,Para Piyasası,Serbest Şemsiye Fonu,TEB PORTFÖY,,0.469132,,
PTF,QNB PORTFÖY TREND SERBEST FON,Serbest,Serbest Şemsiye Fonu,QNB PORTFÖY,2.0,0.424452,,
PTG,AZİMUT PORTFÖY KZY SERBEST (DÖVİZ) ÖZEL FON,Serbest,,AZİMUT PORTFÖY,,,,
PTL,TEB PORTFÖY İKİNCİ PARA PİYASASI (TL) FONU,Para Piyasası,,TEB PORTFÖY,,,,
PTN,PHİLLİP PORTFÖY ALTIN FONU,Kıymetli Madenler,Kıymetli Madenler Şemsiye Fonu,PHİLLİP PORTFÖY,6.0,0.507195,,
PTO,PARDUS PORTFÖY TEMETTÜ ÖDEYEN ŞİRKETLER HİSSE SENEDİ FONU (HİSSE SENEDİ YOĞUN FON),Hisse Senedi,Hisse Senedi Şemsiye Fonu,PARDUS PORTFÖY,6.0,0.752293,,
PTP,AHLATCI PORTFÖY PARA PİYASASI (TL) FONU,Para Piyasası,Para Piyasası Şemsiye Fonu,AHLATCI PORTFÖY,1.0,,,
PTS,QNB PORTFÖY PARA PİYASASI SERBEST (TL) FON,Para Piyasası,Serbest Şemsiye Fonu,QNB PORTFÖY,2.0,0.468174,,
PUA,AZİMUT PORTFÖY ADEMİR SERBEST (TL) ÖZEL FON,Serbest,,AZİMUT PORTFÖY,,,,
PUC,AK PORTFÖY BİRİNCİ KISA VADELİ SERBEST (TL)  FON,Kısa Vadeli Borçlanma,Serbest Şemsiye Fonu,AK PORTFÖY,2.0,0.4776339999999999,2.560445,4.025601
PUH,PERFORM PORTFÖY ÜÇÜNCÜ HİSSE SENEDİ SERBEST (TL) FON (HİSSE SENEDİ YOĞUN FON),Hisse Senedi,Serbest Şemsiye Fonu,PERFORM PORTFÖY,7.0,0.560841,,
PUK,PUSULA PORTFÖY KATILIM HİSSE SENEDİ (TL) FONU (HİSSE SENEDİ YOĞUN FON),Hisse Senedi,Hisse Senedi Şemsiye Fonu,PUSULA PORTFÖY,5.0,,,
PUR,AK PORTFÖY BİRİNCİ PARA PİYASASI SERBEST (TL) FON,Para Piyasası,,AK PORTFÖY,,,,
PUT,AK PORTFÖY ÖPY BEŞİNCİ SERBEST ÖZEL FON,Serbest,,AK PORTFÖY,,,,
PUV,AK PORTFÖY PRUVA SERBEST (DÖVİZ) ÖZEL FON,Serbest,,AK PORTFÖY,,,,
PVK,ALBARAKA PORTFÖY KISA VADELİ KATILIM SERBEST (TL) FON,Kısa Vadeli Borçlanma,Serbest Şemsiye Fonu,ALBARAKA PORTFÖY,1.0,0.4369989999999999,2.318115,3.909196
PYB,TEB PORTFÖY ALTERNATİFBANK PARA PİYASASI (TL) FON,Para Piyasası,,TEB PORTFÖY,,,,
PYD,PARDUS PORTFÖY YİRMİBİRİNCİ HİSSE SENEDİ SERBEST FON (HİSSE SENEDİ YOĞUN FON),Hisse Senedi,,PARDUS PORTFÖY,,,,
PYF,AZİMUT PORTFÖY YONCA SERBEST ÖZEL FON,Serbest,,AZİMUT PORTFÖY,,,,
PYH,AZİMUT PORTFÖY 10.0 KATILIM SERBEST FON,Katılım,,AZİMUT PORTFÖY,,,,
PYI,PARDUS PORTFÖY YİRMİİKİNCİ HİSSE SENEDİ SERBEST FON (HİSSE SENEDİ YOĞUN FON),Hisse Senedi,,PARDUS PORTFÖY,,,,
PYL,AZİMUT PORTFÖY 11.0 SERBEST FON,Serbest,,AZİMUT PORTFÖY,,,,
PYR,PARDUS PORTFÖY YİRMİNCİ HİSSE SENEDİ SERBEST FON (HİSSE SENEDİ YOĞUN FON),Hisse Senedi,Serbest Şemsiye Fonu,PARDUS PORTFÖY,7.0,-0.39484,,
PYS,YAPI KREDİ PORTFÖY PY HARBİYE SERBEST (DÖVİZ) ÖZEL FON,Serbest,,YAPI KREDİ PORTFÖY,,,,
RAF,ROTA PORTFÖY ALTINCI SERBEST FON,Kıymetli Madenler,Serbest Şemsiye Fonu,ROTA PORTFÖY,6.0,0.570131,1.245096,
RAI,ROTA PORTFÖY ABİS HİSSE SENEDİ SERBEST ÖZEL FON (HİSSE SENEDİ YOĞUN FON),Hisse Senedi,,ROTA PORTFÖY,,,,
RAN,İŞ PORTFÖY RANA SERBEST (DÖVİZ) ÖZEL FON,Serbest,,İŞ PORTFÖY,,,,
RAV,ROTA PORTFÖY ALEV SERBEST FON,Serbest,,ROTA PORTFÖY,,,,
RAY,ROTA PORTFÖY RAY SİGORTA SERBEST (TL) ÖZEL FON,Serbest,,ROTA PORTFÖY,,,,
RBA,ALBARAKA PORTFÖY BEREKET VAKFI NA DESTEK ALTIN KATILIM FONU,Kıymetli Madenler,Katılım Şemsiye Fonu,ALBARAKA PORTFÖY,6.0,0.440623,2.910277,10.823359
RBB,RE-PIE PORTFÖY BİRİNCİ BORÇLANMA ARAÇLARI (TL) FONU,Borçlanma Araçları,Borçlanma Araçları Şemsiye Fonu,RE-PIE PORTFÖY,4.0,0.433829,,
RBE,ROTA PORTFÖY BEŞİNCİ SERBEST (TL) FON,Serbest,,ROTA PORTFÖY,,,,
RBF,ROTA PORTFÖY BİRİNCİ BORÇLANMA ARAÇLARI FONU,Borçlanma Araçları,Borçlanma Araçları Şemsiye Fonu,ROTA PORTFÖY,3.0,0.308799,,
RBH,ALBARAKA PORTFÖY KATILIM HİSSE SENEDİ FONU (HİSSE SENEDİ YOĞUN FON),Hisse Senedi,Hisse Senedi Şemsiye Fonu,ALBARAKA PORTFÖY,5.0,0.433208,1.3314340000000002,11.379669
RBI,RE-PIE PORTFÖY BİRİNCİ SERBEST (DÖVİZ) FON,Serbest,Serbest Şemsiye Fonu,RE-PIE PORTFÖY,5.0,0.17884,,
RBK,ALBARAKA PORTFÖY KATILIM FONU,Katılım,Katılım Şemsiye Fonu,ALBARAKA PORTFÖY,4.0,0.2723089999999999,1.3744839999999998,5.034784
RBL,QNB PORTFÖY ROBOTİK VE BLOCKCHAİN TEKNOLOJİLERİ SERBEST FON,Serbest,Serbest Şemsiye Fonu,QNB PORTFÖY,6.0,0.42343,,
RBN,RE-PIE PORTFÖY BEŞİNCİ HİSSE SENEDİ SERBEST (TL) FON (HİSSE SENEDİ YOĞUN FON),Hisse Senedi,Serbest Şemsiye Fonu,RE-PIE PORTFÖY,6.0,0.132904,,
RBP,RE-PIE PORTFÖY BİRİNCİ PARA PİYASASI (TL) FONU,Para Piyasası,Para Piyasası Şemsiye Fonu,RE-PIE PORTFÖY,1.0,0.51026,,
RBR,RE-PIE  PORTFÖY BİRİNCİ KATILIM SERBEST FON,Katılım,Serbest Şemsiye Fonu,RE-PIE PORTFÖY,4.0,0.793759,2.232368,
RBT,ALBARAKA PORTFÖY KİRA SERTİFİKALARI  KATILIM FONU,Katılım,Katılım Şemsiye Fonu,ALBARAKA PORTFÖY,1.0,0.462976,2.193012,3.565387
RBV,ALBARAKA PORTFÖY KISA VADELİ KİRA SERTİFİKALARI KATILIM (TL) FONU,Kısa Vadeli Borçlanma,Katılım Şemsiye Fonu,ALBARAKA PORTFÖY,1.0,0.435402,2.1607320000000003,3.671865
RCL,ROTA PORTFÖY CELO SERBEST (DÖVİZ) ÖZEL FON,Serbest,,ROTA PORTFÖY,,,,
RCS,ROTA PORTFÖY CS SERBEST ÖZEL FON,Serbest,,ROTA PORTFÖY,,,,
RCV,AZİMUT PORTFÖY BİRİNCİ ÇOKLU VARLIK KATILIM FONU,Katılım,Katılım Şemsiye Fonu,AZİMUT PORTFÖY,4.0,0.44461,,
RD1,ROTA PORTFÖY BİRİNCİ DEĞİŞKEN FON,Değişken,Değişken Şemsiye Fonu,ROTA PORTFÖY,3.0,0.328489,,
RDF,ROTA PORTFÖY DOKUZUNCU HİSSE SENEDİ SERBEST FON (HİSSE SENEDİ YOĞUN FON),Hisse Senedi,Serbest Şemsiye Fonu,ROTA PORTFÖY,6.0,0.504109,,
RDH,RE-PIE PORTFÖY DÖRDÜNCÜ HİSSE SENEDİ SERBEST (TL) FON (HİSSE SENEDİ YOĞUN FON),Hisse Senedi,,RE-PIE PORTFÖY,,,,
RDK,ROTA PORTFÖY ESİN HİSSE SENEDİ ÖZEL FON (HİSSE SENEDİ YOĞUN FON),Hisse Senedi,,ROTA PORTFÖY,,,,
RDS,ROTA PORTFÖY DÖRDÜNCÜ SERBEST (DÖVİZ) FON,Serbest,,ROTA PORTFÖY,,,,
RDT,PHİLLİP PORTFÖY RODOSTO SERBEST FON,Serbest,Serbest Şemsiye Fonu,PHİLLİP PORTFÖY,6.0,-0.111131,,
RDZ,ROTA PORTFÖY ONDOKUZUNCU SERBEST (DÖVİZ) FON,Serbest,,ROTA PORTFÖY,,,,
RE6,RE-PIE PORTFÖY ALTINCI HİSSE SENEDİ SERBEST (TL) FON (HİSSE SENEDİ YOĞUN FON),Hisse Senedi,,RE-PIE PORTFÖY,,,,
RE7,RE-PIE PORTFÖY YEDİNCİ HİSSE SENEDİ SERBEST (TL) FON (HİSSE SENEDİ YOĞUN FON),Hisse Senedi,,RE-PIE PORTFÖY,,,,
RE8,RE-PIE PORTFÖY SEKİZİNCİ HİSSE SENEDİ SERBEST (TL) FON (HİSSE SENEDİ YOĞUN FON),Hisse Senedi,,RE-PIE PORTFÖY,,,,
RFM,ROTA PORTFÖY ENERJİ VE METAL FON SEPETİ FONU,Fon Sepeti,Fon Sepeti Şemsiye Fonu,ROTA PORTFÖY,6.0,,,
RGD,RE-PIE PORTFÖY AGRESİF DEĞİŞKEN FON,Değişken,Değişken Şemsiye Fonu,RE-PIE PORTFÖY,5.0,,,
RGH,RE-PIE PORTFÖY MUTLAK GETİRİ HEDEFLİ HİSSE SENEDİ SERBEST FON (HİSSE SENEDİ YOĞUN FON),Hisse Senedi,Serbest Şemsiye Fonu,RE-PIE PORTFÖY,2.0,,,
RHD,ROTA PORTFÖY HEDEF SERBEST FON,Serbest,,ROTA PORTFÖY,,,,
RHI,RE-PIE PORTFÖY BİRİNCİ HİSSE SENEDİ (TL) FONU (HİSSE SENEDİ YOĞUN FON),Hisse Senedi,Hisse Senedi Şemsiye Fonu,RE-PIE PORTFÖY,6.0,0.457043,,
RHS,ROTA PORTFÖY HİSSE SENEDİ (TL) FON (HİSSE SENEDİ YOĞUN FON),Hisse Senedi,Hisse Senedi Şemsiye Fonu,ROTA PORTFÖY,6.0,0.402314,1.4933009999999998,
RIA,ROTA PORTFÖY İSTATİSTİKSEL ARBİTRAJ HİSSE SENEDİ SERBEST FON (HİSSE SENEDİ YOĞUN FON),Hisse Senedi,Serbest Şemsiye Fonu,ROTA PORTFÖY,2.0,0.350407,,
RIH,RE-PIE PORTFÖY İKİNCİ HİSSE SENEDİ SERBEST FON (HİSSE SENEDİ YOĞUN FON),Hisse Senedi,Serbest Şemsiye Fonu,RE-PIE PORTFÖY,7.0,-0.141323,9.243514,
RIK,RE-PIE PORTFÖY İKİNCİ DEĞİŞKEN FON,Değişken,Değişken Şemsiye Fonu,RE-PIE PORTFÖY,5.0,0.357155,2.421445,
RJG,RE-PIE PORTFÖY ALTIN KATILIM FONU,Kıymetli Madenler,Katılım Şemsiye Fonu,RE-PIE PORTFÖY,6.0,0.436262,,
RKC,ROTA PORTFÖY İKİNCİ DEĞİŞKEN FON,Değişken,Değişken Şemsiye Fonu,ROTA PORTFÖY,3.0,0.6060719999999999,,
RKH,RE-PIE PORTFÖY KATILIM HİSSE SENEDİ SERBEST (TL) FON (HİSSE SENEDİ YOĞUN FON),Hisse Senedi,Serbest Şemsiye Fonu,RE-PIE PORTFÖY,6.0,0.254164,,
RKL,AZİMUT PORTFÖY ALARKO YATIRIM BİRİNCİ SERBEST (TL) ÖZEL FON,Serbest,,AZİMUT PORTFÖY,,,,
RKS,ROTA PORTFÖY KİRA SERTİFİKALARI KATILIM FONU,Katılım,Katılım Şemsiye Fonu,ROTA PORTFÖY,2.0,0.379153,,
RKV,RE-PIE PORTFÖY KISA VADELİ KATILIM SERBEST (TL) FON,Kısa Vadeli Borçlanma,Serbest Şemsiye Fonu,RE-PIE PORTFÖY,1.0,0.450335,,
RLH,ROTA PORTFÖY YİRMİNCİ SERBEST FON,Serbest,Serbest Şemsiye Fonu,ROTA PORTFÖY,2.0,0.478259,,
RO1,ROTA PORTFÖY BİRİNCİ PARA PİYASASI SERBEST FON,Para Piyasası,,ROTA PORTFÖY,,,,
ROD,ROTA PORTFÖY ODEABANK BİRİNCİ SERBEST (DÖVİZ) ÖZEL FON,Serbest,,ROTA PORTFÖY,,,,
ROF,ROTA PORTFÖY ONUNCU HİSSE SENEDİ SERBEST FON (HİSSE SENEDİ YOĞUN FON),Hisse Senedi,Serbest Şemsiye Fonu,ROTA PORTFÖY,7.0,0.965313,,
ROY,ROTA PORTFÖY BİRİNCİ KATILIM SERBEST FON,Katılım,,ROTA PORTFÖY,,,,
RPC,ROTA PORTFÖY İKLİM DEĞİŞİKLİĞİ ÇÖZÜMLERİ DEĞİŞKEN FON,Değişken,Değişken Şemsiye Fonu,ROTA PORTFÖY,6.0,0.554889,1.668265,
RPD,RE-PIE PORTFÖY BİRİNCİ DEĞİŞKEN FON,Değişken,Değişken Şemsiye Fonu,RE-PIE PORTFÖY,5.0,0.352179,2.252832,11.671527
RPE,ROTA PORTFÖY EGE SERBEST ÖZEL FON,Serbest,,ROTA PORTFÖY,,,,
RPG,ROTA PORTFÖY ALTIN FONU,Kıymetli Madenler,Kıymetli Madenler Şemsiye Fonu,ROTA PORTFÖY,6.0,0.4906069999999999,2.842223,
RPI,ROTA PORTFÖY KATILIM HİSSE SENEDİ FONU (HİSSE SENEDİ YOĞUN FON),Hisse Senedi,Hisse Senedi Şemsiye Fonu,ROTA PORTFÖY,6.0,0.386834,,
RPK,ROTA PORTFÖY TGK KAR PAYI ÖDEYEN SERBEST (DÖVİZ) ÖZEL FON,Serbest,,ROTA PORTFÖY,,,,
RPL,RE-PIE PORTFÖY ALGORİTMİK STRATEJİLER SERBEST FON,Serbest,Serbest Şemsiye Fonu,RE-PIE PORTFÖY,2.0,0.3682249999999999,,
RPM,ROTA PORTFÖY İLAÇ VE MEDİKAL TEKNOLOJİLERİ DEĞİŞKEN FON,Değişken,Değişken Şemsiye Fonu,ROTA PORTFÖY,6.0,0.675693,1.38325,
RPN,ROTA PORTFÖY NEV SERBEST FON,Serbest,Serbest Şemsiye Fonu,ROTA PORTFÖY,6.0,0.180192,0.4518419999999999,
RPO,ROTA PORTFÖY FORTİS SERBEST (TL) ÖZEL FON,Serbest,,ROTA PORTFÖY,,,,
RPP,ROTA PORTFÖY PARA PİYASASI (TL) FONU,Para Piyasası,Para Piyasası Şemsiye Fonu,ROTA PORTFÖY,2.0,0.471786,2.641573,
RPS,ROTA PORTFÖY BİRİNCİ SERBEST (DÖVİZ) FON,Serbest,Serbest Şemsiye Fonu,ROTA PORTFÖY,,0.215768,1.183188,
RPT,ROTA PORTFÖY İKİNCİ SERBEST (TL) FON,Serbest,Serbest Şemsiye Fonu,ROTA PORTFÖY,1.0,0.461133,2.637529,
RPU,ALBARAKA PORTFÖY ÜÇÜNCÜ KISA VADELİ KATILIM SERBEST (TL) FON,Kısa Vadeli Borçlanma,,ALBARAKA PORTFÖY,,,,
RPX,ROTA PORTFÖY ÜÇÜNCÜ SERBEST (DÖVİZ) FON,Serbest,Serbest Şemsiye Fonu,ROTA PORTFÖY,,0.216395,1.066878,
RRA,ROTA PORTFÖY PARA PİYASASI SERBEST FON,Para Piyasası,Serbest Şemsiye Fonu,ROTA PORTFÖY,2.0,0.4873559999999999,,
RRP,RE-PIE PORTFÖY PARA PİYASASI KATILIM (TL) FON,Para Piyasası,Katılım Şemsiye Fonu,RE-PIE PORTFÖY,2.0,0.446317,,
RS1,ROTA PORTFÖY BİRİNCİ KISA VADELİ SERBEST FON,Kısa Vadeli Borçlanma,Serbest Şemsiye Fonu,ROTA PORTFÖY,2.0,0.488066,,
RSF,ATA PORTFÖY İKİNCİ İSTATİSTİKSEL ARBİTRAJ SERBEST FON,Serbest,,ATA PORTFÖY,,,,
RSK,ROTA PORTFÖY ONSEKİZİNCİ SERBEST FON,Serbest,Serbest Şemsiye Fonu,ROTA PORTFÖY,5.0,0.8224049999999999,,
RSY,TACİRLER PORTFÖY REGULUS SERBEST FON,Serbest,,TACİRLER PORTFÖY,,,,
RSZ,AHLATCI PORTFÖY İKİNCİ HİSSE SENEDİ SERBEST FON (HİSSE SENEDİ YOĞUN FON),Hisse Senedi,,AHLATCI PORTFÖY,,,,
RTA,ROTA PORTFÖY ONİKİNCİ HİSSE SENEDİ SERBEST FON (HİSSE SENEDİ YOĞUN FON),Hisse Senedi,,ROTA PORTFÖY,,,,
RTB,ROTA PORTFÖY ONÜÇÜNCÜ SERBEST FON,Serbest,,ROTA PORTFÖY,,,,
RTD,RE-PIE PORTFÖY TEKNOLOJİ DEĞİŞKEN FON,Değişken,Değişken Şemsiye Fonu,RE-PIE PORTFÖY,6.0,0.517249,,
RTG,ATA PORTFÖY ROBOTİK TEKNOLOJİLERİ DEĞİŞKEN FON,Değişken,Değişken Şemsiye Fonu,ATA PORTFÖY,6.0,0.557871,2.02493,
RTH,RE-PIE PORTFÖY BİRİNCİ HİSSE SENEDİ SERBEST FON (HİSSE SENEDİ YOĞUN FON),Hisse Senedi,Serbest Şemsiye Fonu,RE-PIE PORTFÖY,7.0,0.138879,0.920505,
RTI,ALBARAKA PORTFÖY ALBARAKA TÜRK İKİNCİ KISA VADELİ KATILIM SERBEST (TL) FON,Kısa Vadeli Borçlanma,,ALBARAKA PORTFÖY,,,,
RTP,RE-PIE PORTFÖY BİRİNCİ SERBEST FON,Serbest,Serbest Şemsiye Fonu,RE-PIE PORTFÖY,5.0,0.143641,2.596574,
RUH,RE-PIE PORTFÖY ÜÇÜNCÜ HİSSE SENEDİ SERBEST FON (HİSSE SENEDİ YOĞUN FON),Hisse Senedi,,RE-PIE PORTFÖY,,,,
RUT,BV PORTFÖY ROBOTİK VE UZAY TEKNOLOJİLERİ DEĞİŞKEN FON,Değişken,Değişken Şemsiye Fonu,BV PORTFÖY,5.0,0.487768,,
RVI,ROTA PORTFÖY ONALTINCI SERBEST FON,Kıymetli Madenler,,ROTA PORTFÖY,,,,
RVS,ROTA PORTFÖY ONBEŞİNCİ HİSSE SENEDİ SERBEST FON (HİSSE SENEDİ YOĞUN FON),Hisse Senedi,,ROTA PORTFÖY,,,,
RYA,SPARTA PORTFÖY ARYA HİSSE SENEDİ SERBEST ÖZEL FON (HİSSE SENEDİ YOĞUN FON),Hisse Senedi,,SPARTA PORTFÖY,,,,
RYB,ROTA PORTFÖY YİRMİBİRİNCİ SERBEST (DÖVİZ) FON,Serbest,,ROTA PORTFÖY,,,,
RYD,ROTA PORTFÖY YİRMİDÖRDÜNCÜ SERBEST FON,Serbest,,ROTA PORTFÖY,,,,
RYF,ROTA PORTFÖY YEDİNCİ HİSSE SENEDİ SERBEST (TL) FON (HİSSE SENEDİ YOĞUN FON),Hisse Senedi,Serbest Şemsiye Fonu,ROTA PORTFÖY,7.0,0.347745,6.345952,
RYU,ROTA PORTFÖY YİRMİÜÇÜNCÜ SERBEST (DÖVİZ) FON,Serbest,,ROTA PORTFÖY,,,,
RZR,ROTA PORTFÖY RZR SERBEST ÖZEL FON,Serbest,,ROTA PORTFÖY,,,,
SAP,AK PORTFÖY ŞEKERBANK PARA PİYASASI (TL) FONU,Para Piyasası,,AK PORTFÖY,,,,
SAR,İŞ PORTFÖY SARDUNYA SERBEST (DÖVİZ) ÖZEL FON,Serbest,,İŞ PORTFÖY,,,,
SAS,AK PORTFÖY SABANCI TOPLULUĞU ŞİRKETLERİ ENDEKSİ HİSSE SENEDİ (TL) FONU (HİSSE SENEDİ YOĞUN FON),Hisse Senedi,Hisse Senedi Şemsiye Fonu,AK PORTFÖY,5.0,0.225706,,
SAT,AZİMUT PORTFÖY RASAT HİSSE SENEDİ SERBEST ÖZEL FON (HİSSE SENEDİ YOĞUN FON),Hisse Senedi,,AZİMUT PORTFÖY,,,,
SBH,SPARTA PORTFÖY BİRİNCİ HİSSE SENEDİ SERBEST (TL) FON (HİSSE SENEDİ YOĞUN FON),Hisse Senedi,Serbest Şemsiye Fonu,SPARTA PORTFÖY,6.0,0.334798,,
SBI,STRATEJİ PORTFÖY BİRİNCİ SERBEST (TL) FON,Serbest,,STRATEJİ PORTFÖY,,,,
SBR,STRATEJİ PORTFÖY BİRİNCİ SERBEST FON,Serbest,,STRATEJİ PORTFÖY,,,,
SBS,STRATEJİ PORTFÖY BAŞAK SERBEST (DÖVİZ) ÖZEL FON,Serbest,,STRATEJİ PORTFÖY,,,,
SCZ,AK PORTFÖY SEKİZİNCİ SERBEST FON,Serbest,,AK PORTFÖY,,,,
SD1,SPARTA PORTFÖY BİRİNCİ DEĞİŞKEN FON,Değişken,Değişken Şemsiye Fonu,SPARTA PORTFÖY,5.0,,,
SDA,AK PORTFÖY 2026 SERBEST (DÖVİZ) FON,Serbest,,AK PORTFÖY,,,,
SEH,A1 CAPİTAL PORTFÖY SANAYİ SEKTÖRÜ HİSSE SENEDİ SERBEST (TL) FON (HİSSE SENEDİ YOĞUN FON),Hisse Senedi,,A1 CAPİTAL PORTFÖY,,,,
SER,AK PORTFÖY 2028 SERBEST (DÖVİZ) FON,Serbest,,AK PORTFÖY,,,,
SFA,STATECH PORTFÖY ALPHA HİSSE SENEDİ SERBEST FON (HİSSE SENEDİ YOĞUN FON),Hisse Senedi,,STATECH PORTFÖY,,,,
SFS,AZİMUT PORTFÖY AGRESİF FON SEPETİ FONU,Fon Sepeti,Fon Sepeti Şemsiye Fonu,AZİMUT PORTFÖY,5.0,0.436975,,
SGK,EMAA BLUE PORTFÖY BİYOTEKNOLOJİ VE SAĞLIK SEKTÖRÜ DEĞİŞKEN FON,Değişken,Değişken Şemsiye Fonu,EMAA BLUE PORTFÖY,5.0,,,
SGT,GARANTİ PORTFÖY SİBER GÜVENLİK TEKNOLOJİLERİ DEĞİŞKEN FON,Değişken,Değişken Şemsiye Fonu,GARANTİ PORTFÖY,5.0,0.504838,,
SHC,STRATEJİ PORTFÖY İKİNCİ HİSSE SENEDİ FONU (HİSSE SENEDİ YOĞUN FON),Hisse Senedi,Hisse Senedi Şemsiye Fonu,STRATEJİ PORTFÖY,7.0,,,
SHE,TEB PORTFÖY ÖNCE KADIN DEĞİŞKEN FON,Değişken,Değişken Şemsiye Fonu,TEB PORTFÖY,6.0,0.163524,1.273436,
SHI,PARDUS PORTFÖY SEKİZİNCİ HİSSE SENEDİ SERBEST (TL) FON (HİSSE SENEDİ YOĞUN FON),Hisse Senedi,,PARDUS PORTFÖY,,,,
SHU,SPARTA PORTFÖY ÜÇÜNCÜ HİSSE SENEDİ SERBEST (TL) FON (HİSSE SENEDİ YOĞUN FON),Hisse Senedi,Serbest Şemsiye Fonu,SPARTA PORTFÖY,6.0,,,
SIA,SPARTA PORTFÖY BİRİNCİ İSTATİSTİKSEL ARBİTRAJ HİSSE SENEDİ SERBEST (TL) FON (HİSSE SENEDİ YOĞUN FON),Hisse Senedi,,SPARTA PORTFÖY,,,,
SIS,SPARTA PORTFÖY İKİNCİ HİSSE SENEDİ SERBEST (TL) FON (HİSSE SENEDİ YOĞUN FON),Hisse Senedi,,SPARTA PORTFÖY,,,,
SJP,STRATEJİ PORTFÖY KAR PAYI ÖDEYEN İKİNCİ SERBEST (DÖVİZ) FON,Serbest,,STRATEJİ PORTFÖY,,,,
SKL,TEB PORTFÖY ŞEKERBANK PARA PİYASASI (TL) FONU,Para Piyasası,,TEB PORTFÖY,,,,
SKO,STRATEJİ PORTFÖY KAR PAYI ÖDEYEN HİSSE SENEDİ FONU (HİSSE SENEDİ YOĞUN FON),Hisse Senedi,Hisse Senedi Şemsiye Fonu,STRATEJİ PORTFÖY,6.0,0.5201939999999999,,
SKS,İŞ PORTFÖY ASKA SERBEST (DÖVİZ) ÖZEL FON,Serbest,,İŞ PORTFÖY,,,,
SKT,FİBA PORTFÖY ŞEKERBANK KISA VADELİ BORÇLANMA ARAÇLARI FONU,Kısa Vadeli Borçlanma,,FİBA PORTFÖY,,,,
SKZ,NEO PORTFÖY SEKİZİNCİ SERBEST FON,Serbest,Serbest Şemsiye Fonu,NEO PORTFÖY,7.0,,,
SLF,ROTA PORTFÖY ŞEKERBANK PARA PİYASASI (TL) FONU,Para Piyasası,,ROTA PORTFÖY,,,,
SLG,QNB PORTFÖY ALGORİTMİK STRATEJİLER HİSSE SENEDİ FONU (HİSSE SENEDİ YOĞUN FON),Hisse Senedi,Hisse Senedi Şemsiye Fonu,QNB PORTFÖY,6.0,,,
SLR,QNB PORTFÖY SOLARİS SERBEST ÖZEL FON,Serbest,,QNB PORTFÖY,,,,
SLS,ALLBATROSS PORTFÖY SELEN SERBEST FON,Serbest,,ALLBATROSS PORTFÖY,,,,
SMP,İŞ PORTFÖY SOMPO SİGORTA KAR PAYI ÖDEYEN SERBEST (TL) ÖZEL FON,Serbest,,İŞ PORTFÖY,,,,
SNY,ATLAS PORTFÖY SANAYİ SEKTÖRÜ HİSSE SENEDİ SERBEST FON (HİSSE SENEDİ YOĞUN FON),Hisse Senedi,Serbest Şemsiye Fonu,ATLAS PORTFÖY,7.0,0.331936,,
SOS,HEDEF PORTFÖY SAĞLIK SEKTÖRÜ DEĞİŞKEN FON,Değişken,Değişken Şemsiye Fonu,HEDEF PORTFÖY,3.0,0.468528,,
SPA,AZIMUT PORTFÖY 6.0 SERBEST (DÖVIZ) FON,Serbest,,AZİMUT PORTFÖY,,,,
SPD,AZIMUT PORTFÖY BEG SERBEST (DÖVIZ) ÖZEL FON,Serbest,,AZİMUT PORTFÖY,,,,
SPE,AZIMUT PORTFÖY 5.0 SERBEST (DÖVIZ) FON,Serbest,Serbest Şemsiye Fonu,AZİMUT PORTFÖY,,0.294322,1.619263,8.385902999999999
SPN,AZİMUT PORTFÖY İSTATİSTİKSEL ARBİTRAJ HİSSE SENEDİ SERBEST FON (HİSSE SENEDİ YOĞUN FON),Hisse Senedi,Serbest Şemsiye Fonu,AZİMUT PORTFÖY,2.0,0.3800739999999999,2.137539,5.253991
SPP,SPARTA PORTFÖY BİRİNCİ PARA PİYASASI (TL) FONU,Para Piyasası,Para Piyasası Şemsiye Fonu,SPARTA PORTFÖY,1.0,0.490638,,
SPR,BV PORTFÖY SPOR ENDÜSTRİSİ DEĞİŞKEN FON,Değişken,Değişken Şemsiye Fonu,BV PORTFÖY,5.0,-0.027833,,
SPT,AKTİF PORTFÖY KATILIM FON SEPETİ FONU,Fon Sepeti,Fon Sepeti Şemsiye Fonu,AKTİF PORTFÖY,4.0,0.508526,,
SRA,AZİMUT PORTFÖY ASERVA SERBEST ÖZEL FON,Serbest,,AZİMUT PORTFÖY,,,,
SRE,AZİMUT PORTFÖY SİRİUS SERBEST (DÖVİZ) ÖZEL FON,Serbest,,AZİMUT PORTFÖY,,,,
SRL,PARDUS PORTFÖY SÜRDÜRÜLEBİLİRLİK HİSSE SENEDİ (TL) FONU (HİSSE SENEDİ YOĞUN FON),Hisse Senedi,Hisse Senedi Şemsiye Fonu,PARDUS PORTFÖY,6.0,0.604724,,
SRO,AZİMUT PORTFÖY SKY HİSSE SENEDİ SERBEST ÖZEL FON (HİSSE SENEDİ YOĞUN FON),Hisse Senedi,,AZİMUT PORTFÖY,,,,
SSD,İŞ PORTFÖY SET SERBEST (DÖVİZ) ÖZEL FON,Serbest,,İŞ PORTFÖY,,,,
SSE,ATLAS PORTFÖY İKİNCİ SERBEST FON,Serbest,,ATLAS PORTFÖY,,,,
SSF,INVEO PORTFÖY SEKİZİNCİ SERBEST FON,Serbest,,INVEO PORTFÖY,,,,
SSK,DENİZ PORTFÖY SAĞLIK SEKTÖRÜ DEĞİŞKEN FON,Değişken,Değişken Şemsiye Fonu,DENİZ PORTFÖY,5.0,0.4578,,
SSN,DENİZ PORTFÖY 880 SERBEST (DÖVİZ) ÖZEL FON,Serbest,,DENİZ PORTFÖY,,,,
SSO,AK PORTFÖY AK SANDIK SERBEST ÖZEL FON,Serbest,,AK PORTFÖY,,,,
SSS,YAPI KREDİ PORTFÖY SAVUNMA SANAYİİ ŞİRKETLERİ ENDEKSİ HİSSE SENEDİ FONU (HİSSE SENEDİ YOĞUN FON),Hisse Senedi,Hisse Senedi Şemsiye Fonu,YAPI KREDİ PORTFÖY,6.0,0.1831769999999999,,
SST,STRATEJİ PORTFÖY İSTATİSTİKSEL ARBİTRAJ SERBEST FON,Serbest,,STRATEJİ PORTFÖY,,,,
ST1,STRATEJİ PORTFÖY BİRİNCİ HİSSE SENEDİ FONU (HİSSE SENEDİ YOĞUN FON),Hisse Senedi,Hisse Senedi Şemsiye Fonu,STRATEJİ PORTFÖY,,0.0460179999999999,0.26546,8.830736
STI,ATLAS PORTFÖY SENTİMENT SERBEST FON,Serbest,Serbest Şemsiye Fonu,ATLAS PORTFÖY,6.0,0.093831,,
STM,ALLBATROSS PORTFÖY ALGORİTMİK STRATEJİLER SERBEST FON,Serbest,,ALLBATROSS PORTFÖY,,,,
STS,STRATEJİ PORTFÖY BİRİNCİ SERBEST (DÖVİZ) FON,Serbest,,STRATEJİ PORTFÖY,,,,
STZ,STRATEJİ PORTFÖY HİSSE SENEDİ SERBEST FON (HİSSE SENEDİ YOĞUN FON),Hisse Senedi,,STRATEJİ PORTFÖY,,,,
SUA,ÜNLÜ PORTFÖY BİRİNCİ DEĞİŞKEN FON,Değişken,Değişken Şemsiye Fonu,ÜNLÜ PORTFÖY,3.0,0.50032,2.470756,6.562713
SUB,ÜNLÜ PORTFÖY İKİNCİ DEĞİŞKEN FON,Değişken,Değişken Şemsiye Fonu,ÜNLÜ PORTFÖY,6.0,0.278073,1.115998,7.820938
SUC,ÜNLÜ PORTFÖY ÜÇÜNCÜ DEĞIŞKEN FON,Diğer,Değişken Şemsiye Fonu,ÜNLÜ PORTFÖY,5.0,0.468751,2.188614,7.226380000000001
SUR,EMAA BLUE PORTFÖY SÜRDÜRÜLEBİLİRLİK HİSSE SENEDİ FONU (HİSSE SENEDİ YOĞUN FON),Hisse Senedi,Hisse Senedi Şemsiye Fonu,EMAA BLUE PORTFÖY,6.0,,,
SVB,STRATEJİ PORTFÖY AGRESİF DEĞİŞKEN FON,Değişken,Değişken Şemsiye Fonu,STRATEJİ PORTFÖY,5.0,0.264618,1.717601,
SVS,AZİMUT PORTFÖY SVS SERBEST ÖZEL FON,Serbest,,AZİMUT PORTFÖY,,,,
SVY,DENİZ PORTFÖY TTSVY HİSSE SENEDİ SERBEST ÖZEL FON (HİSSE SENEDİ YOĞUN FON),Hisse Senedi,,DENİZ PORTFÖY,,,,
SYF,AZİMUT PORTFÖY KLM HİSSE SENEDİ SERBEST ÖZEL FON (HİSSE SENEDİ YOĞUN FON),Hisse Senedi,,AZİMUT PORTFÖY,,,,
SYL,AZİMUT PORTFÖY SYH HİSSE SENEDİ SERBEST ÖZEL FON (HİSSE SENEDİ YOĞUN FON),Hisse Senedi,,AZİMUT PORTFÖY,,,,
SYR,AZİMUT PORTFÖY 25.0 SERBEST (DÖVİZ) FON,Serbest,,AZİMUT PORTFÖY,,,,
SYS,YAPI KREDİ PORTFÖY ŞUBAT 2028 KAR PAYI ÖDEYEN SERBEST (DÖVİZ) FON,Serbest,,YAPI KREDİ PORTFÖY,,,,
T3B,TERA PORTFÖY ÜÇÜNCÜ  HİSSE SENEDİ SERBEST (TL) FON (HİSSE SENEDİ YOĞUN),Hisse Senedi,,TERA PORTFÖY,,,,
TAL,ATLAS PORTFÖY ALTIN KATILIM FONU,Kıymetli Madenler,Kıymetli Madenler Şemsiye Fonu,ATLAS PORTFÖY,6.0,0.373765,,
TAO,TEB PORTFÖY ALARKO GRUBU DEĞİŞKEN ÖZEL FON,Değişken,,TEB PORTFÖY,,,,
TAR,AK PORTFÖY TARIM VE GIDA TEKNOLOJİLERİ DEĞİŞKEN FON,Değişken,Değişken Şemsiye Fonu,AK PORTFÖY,5.0,0.25243,0.60788,
TAU,İŞ PORTFÖY BIST BANKA ENDEKSİ HİSSE SENEDİ (TL) FONU (HİSSE SENEDİ YOĞUN FON),Hisse Senedi,Hisse Senedi Şemsiye Fonu,İŞ PORTFÖY,7.0,0.1427,1.3420230000000002,12.151209
TAZ,AZİMUT PORTFÖY TAF HİSSE SENEDİ SERBEST ÖZEL FON (HİSSE SENEDİ YOĞUN FON),Hisse Senedi,,AZİMUT PORTFÖY,,,,
TB9,TEB PORTFÖY DOKUZUNCU SERBEST (DÖVİZ) FON,Serbest,,TEB PORTFÖY,,,,
TBP,İŞ PORTFÖY PRİVİA BANKACILIK FON SEPETİ ÖZEL FONU,Fon Sepeti,,İŞ PORTFÖY,,,,
TBT,TEB PORTFÖY BORÇLANMA ARAÇLARI FONU,Borçlanma Araçları,Borçlanma Araçları Şemsiye Fonu,TEB PORTFÖY,3.0,0.249292,0.789479,1.356664
TBV,İŞ PORTFÖY ÖZEL SEKTÖR BORÇLANMA ARAÇLARI (TL) FONU,Borçlanma Araçları,Borçlanma Araçları Şemsiye Fonu,İŞ PORTFÖY,1.0,0.461053,2.39478,4.024455
TCA,ZİRAAT PORTFÖY ALTIN KATILIM FONU,Kıymetli Madenler,Katılım Şemsiye Fonu,ZİRAAT PORTFÖY,6.0,0.321514,2.580313,11.426038
TCB,TACİRLER PORTFÖY PARA PİYASASI FONU,Para Piyasası,Para Piyasası Şemsiye Fonu,TACİRLER PORTFÖY,2.0,0.4666349999999999,2.561155,3.833269
TCC,TACİRLER PORTFÖY SERBEST ( DÖVİZ ) FON,Serbest,Serbest Şemsiye Fonu,TACİRLER PORTFÖY,6.0,0.249544,1.201138,6.056749
TCD,TACİRLER PORTFÖY DEĞIŞKEN FON,Diğer,Değişken Şemsiye Fonu,TACİRLER PORTFÖY,6.0,0.369412,0.733762,9.071498
TCF,TEB PORTFÖY ÜÇÜNCÜ FON SEPETİ FONU,Fon Sepeti,Fon Sepeti Şemsiye Fonu,TEB PORTFÖY,3.0,0.456933,2.353339,
TCG,TEB PORTFÖY CEMAY HİSSE SENEDİ SERBEST ÖZEL FON (HİSSE SENEDİ YOĞUN FON),Hisse Senedi,,TEB PORTFÖY,,,,
TCH,TACİRLER PORTFÖY TAÇ SERBEST FON,Serbest,,TACİRLER PORTFÖY,,,,
TCI,TACİRLER PORTFÖY İSTATİSTİKSEL ARBİTRAJ SERBEST FON,Serbest,,TACİRLER PORTFÖY,,,,
TCS,TACİRLER PORTFÖY SİRİUS HİSSE SENEDİ SERBEST FON (HİSSE SENEDİ YOĞUN FON),Hisse Senedi,,TACİRLER PORTFÖY,,,,
TDG,İŞ PORTFÖY YABANCI BORÇLANMA ARAÇLARI FONU,Borçlanma Araçları,Borçlanma Araçları Şemsiye Fonu,İŞ PORTFÖY,,0.188093,0.990034,4.684175
TDP,TEB PORTFÖY İKİNCİ SERBEST (DÖVİZ) FON,Serbest,,TEB PORTFÖY,,,,
TE3,TEB PORTFÖY MUTLAK GETİRİ HEDEFLİ DEĞİŞKEN FON,Değişken,Değişken Şemsiye Fonu,TEB PORTFÖY,4.0,0.506166,2.364433,5.441482
TE4,TEB PORTFÖY BİRİNCİ DEĞİŞKEN FON,Değişken,Değişken Şemsiye Fonu,TEB PORTFÖY,3.0,0.4821809999999999,1.958158,5.046631
TEJ,AZİMUT PORTFÖY TEKNOLOJİ FON SEPETİ FONU,Fon Sepeti,Fon Sepeti Şemsiye Fonu,AZİMUT PORTFÖY,6.0,0.653113,,
TFE,AKTİF PORTFÖY TÜRKİYE FİNANS ALA BANKACILIK KATILIM ÖZEL FONU,Katılım,,AKTİF PORTFÖY,,,,
TFF,TEB PORTFÖY AMERİKA TEKNOLOJİ YABANCI BYF FON SEPETİ FONU,Fon Sepeti,Fon Sepeti Şemsiye Fonu,TEB PORTFÖY,6.0,0.504364,2.160622,7.754442
TFU,İŞ PORTFÖY TÜFEYE ENDEKSLİ BORÇLANMA ARAÇLARI (TL) FONU,Borçlanma Araçları,Borçlanma Araçları Şemsiye Fonu,İŞ PORTFÖY,4.0,,,
TGA,GARANTİ PORTFÖY AGRESİF DEĞİŞKEN FON,Değişken,Değişken Şemsiye Fonu,GARANTİ PORTFÖY,5.0,0.264992,1.486856,10.790515
TGE,İŞ PORTFÖY EMTİA YABANCI BYF FON SEPETİ FONU,Fon Sepeti,Fon Sepeti Şemsiye Fonu,İŞ PORTFÖY,6.0,0.6249750000000001,1.600734,7.635232999999999
TGN,TEB PORTFÖY ING BANK PARA PİYASASI SERBEST (TL) ÖZEL FON,Para Piyasası,,TEB PORTFÖY,,,,
TGR,AK PORTFÖY TURİZM VE SEYAHAT SEKTÖRÜ DEĞİŞKEN FON,Değişken,Değişken Şemsiye Fonu,AK PORTFÖY,6.0,0.05779,0.999369,6.431482
TGT,GARANTİ PORTFÖY KISA VADELİ BORÇLANMA ARAÇLARI FONU,Kısa Vadeli Borçlanma,,GARANTİ PORTFÖY,,,,
TGV,TACİRLER PORTFÖY KG SERBEST ÖZEL FON,Serbest,,TACİRLER PORTFÖY,,,,
TGZ,TACİRLER PORTFÖY SPİCA SERBEST (TL) FON,Serbest,,TACİRLER PORTFÖY,,,,
THD,TRIVE PORTFÖY BİRİNCİ HİSSE SENEDİ (TL) FON (HİSSE SENEDİ YOĞUN FON),Hisse Senedi,Hisse Senedi Şemsiye Fonu,TRIVE PORTFÖY,6.0,0.273639,0.968111,
THF,TERA PORTFÖY HİSSE SENEDİ (TL) FONU (HİSSE SENEDİ YOĞUN FON),Hisse Senedi,Hisse Senedi Şemsiye Fonu,TERA PORTFÖY,,1.134093,,
THG,TACİRLER PORTFÖY ODEABANK SERBEST ÖZEL FON,Serbest,,TACİRLER PORTFÖY,,,,
THH,DENİZ PORTFÖY CCO HİSSE SENEDİ SERBEST ÖZEL FON (HİSSE SENEDİ YOĞUN FON),Hisse Senedi,,DENİZ PORTFÖY,,,,
THO,AZİMUT PORTFÖY 20.0 SERBEST (DÖVİZ) FON,Serbest,,AZİMUT PORTFÖY,,,,
THS,AZİMUT PORTFÖY AEB SERBEST (DÖVİZ) ÖZEL FON,Serbest,,AZİMUT PORTFÖY,,,,
THT,TRİVE PORTFÖY HİSSE SENEDİ SERBEST FON (HİSSE SENEDİ YOĞUN FON),Hisse Senedi,Serbest Şemsiye Fonu,TRIVE PORTFÖY,6.0,-0.007577,,
THV,ATA PORTFÖY BARBAROS HİSSE SENEDİ SERBEST (TL) FON (HİSSE SENEDİ YOĞUN FON),Hisse Senedi,Serbest Şemsiye Fonu,ATA PORTFÖY,7.0,1.811869,2.368572,18.004073
TI1,İŞ PORTFÖY PARA PİYASASI (TL) FONU,Para Piyasası,,İŞ PORTFÖY,,,,
TI2,İŞ PORTFÖY HİSSE SENEDİ (TL) FONU (HİSSE SENEDİ YOĞUN FON),Hisse Senedi,Hisse Senedi Şemsiye Fonu,İŞ PORTFÖY,6.0,0.210748,1.287119,14.656728
TI3,İŞ PORTFÖY İŞ BANKASI İŞTİRAKLERİ ENDEKSİ HİSSE SENEDİ (TL) FONU (HİSSE SENEDİ YOĞUN FON),Hisse Senedi,Hisse Senedi Şemsiye Fonu,İŞ PORTFÖY,7.0,0.041863,0.409806,9.60459
TI4,İŞ PORTFÖY TEMKİNLİ DEĞİŞKEN FON,Değişken,Değişken Şemsiye Fonu,İŞ PORTFÖY,2.0,0.391438,2.19484,5.659724
TI6,İŞ PORTFÖY BORÇLANMA ARAÇLARI (TL) FONU,Borçlanma Araçları,Borçlanma Araçları Şemsiye Fonu,İŞ PORTFÖY,4.0,0.3282719999999999,1.46795,3.2381240000000004
TI7,İŞ PORTFÖY DENGELİ DEĞİŞKEN FON,Değişken,Değişken Şemsiye Fonu,İŞ PORTFÖY,4.0,0.323318,1.426307,5.927459
TIE,İŞ PORTFÖY BIST 30 ENDEKSİ HİSSE SENEDİ (TL) FONU (HİSSE SENEDİ YOĞUN FON),Hisse Senedi,Hisse Senedi Şemsiye Fonu,İŞ PORTFÖY,6.0,0.399745,1.055075,9.54382
TIL,İŞ PORTFÖY KATILIM HİSSE SENEDİ (TL) FONU (HİSSE SENEDİ YOĞUN FON),Hisse Senedi,Hisse Senedi Şemsiye Fonu,İŞ PORTFÖY,6.0,0.376627,,
TIP,TEB PORTFÖY ING BANK ÖZEL BANKACILIK VE PLATİNUM SERBEST (DÖVİZ) ÖZEL FON,Kıymetli Madenler,,TEB PORTFÖY,,,,
TIV,İŞ PORTFÖY KISA VADELİ BORÇLANMA ARAÇLARI (TL) FONU,Kısa Vadeli Borçlanma,,İŞ PORTFÖY,,,,
TJB,TACİRLER PORTFÖY BDR SERBEST ÖZEL FON,Serbest,,TACİRLER PORTFÖY,,,,
TJF,TEB PORTFÖY SÜRDÜRÜLEBİLİRLİK FON SEPETİ FONU,Fon Sepeti,Fon Sepeti Şemsiye Fonu,TEB PORTFÖY,6.0,0.323952,1.138311,4.396403
TJI,TEB PORTFÖY İKİNCİ FON SEPETİ FONU,Fon Sepeti,Fon Sepeti Şemsiye Fonu,TEB PORTFÖY,4.0,0.410003,1.698582,
TJL,AZİMUT PORTFÖY TAYD HİSSE SENEDİ SERBEST ÖZEL FON (HİSSE SENEDİ YOĞUN FON),Hisse Senedi,,AZİMUT PORTFÖY,,,,
TJT,TEB PORTFÖY ALTINCI SERBEST (DÖVİZ-AVRO) FON,Kıymetli Madenler,Serbest Şemsiye Fonu,TEB PORTFÖY,,0.223033,1.3071119999999998,
TKF,TACİRLER PORTFÖY HİSSE SENEDİ FONU (HİSSE SENEDİ YOĞUN FON),Hisse Senedi,Hisse Senedi Şemsiye Fonu,TACİRLER PORTFÖY,6.0,0.341978,1.014333,8.691045
TKH,AZIMUT PORTFÖY TKS SERBEST (TL) ÖZEL FON,Serbest,,AZİMUT PORTFÖY,,,,
TKK,İŞ PORTFÖY KUMBARA HESABI FON SEPETİ ÖZEL FON,Fon Sepeti,,İŞ PORTFÖY,,,,
TKM,TEB PORTFÖY PARA PİYASASI (TL) FONU,Para Piyasası,,TEB PORTFÖY,,,,
TLC,TEB PORTFÖY ALTERNATİFBANK DEĞİŞKEN ÖZEL FON,Değişken,,TEB PORTFÖY,,,,
TLE,AURA PORTFÖY YABANCI BORÇLANMA ARAÇLARI FONU,Borçlanma Araçları,Borçlanma Araçları Şemsiye Fonu,AURA PORTFÖY,5.0,0.268062,1.407863,6.484414
TLH,AURA PORTFÖY HİSSE SENEDİ FONU (HİSSE SENEDİ YOĞUN FON),Hisse Senedi,Hisse Senedi Şemsiye Fonu,AURA PORTFÖY,7.0,0.17015,0.7130150000000001,11.083457
TLK,AKTİF PORTFÖY PARA PİYASASI KATILIM (TL) FONU,Para Piyasası,Katılım Şemsiye Fonu,AKTİF PORTFÖY,1.0,0.454766,,
TLT,TEB PORTFÖY YAHŞİ SERBEST (DÖVİZ) ÖZEL FON,Serbest,,TEB PORTFÖY,,,,
TLU,TEB PORTFÖY ONİKİNCİ SERBEST (DÖVİZ) FON,Serbest,,TEB PORTFÖY,,,,
TLV,TERA PORTFÖY PARA PİYASASI KATILIM (TL) FONU,Para Piyasası,Katılım Şemsiye Fonu,TERA PORTFÖY,1.0,,,
TLY,TERA PORTFÖY BİRİNCİ SERBEST FON,Serbest,Serbest Şemsiye Fonu,TERA PORTFÖY,7.0,6.895449,651.801659,6688.942813000001
TLZ,ATA PORTFÖY KATILIM HİSSE SENEDİ (TL) FONU (HİSSE SENEDİ YOĞUN FON),Hisse Senedi,Hisse Senedi Şemsiye Fonu,ATA PORTFÖY,6.0,0.445084,0.975978,11.829206999999998
TMC,İŞ PORTFÖY TEMA DEĞİŞKEN FON,Değişken,Değişken Şemsiye Fonu,İŞ PORTFÖY,4.0,0.309479,1.579122,4.4367790000000005
TMG,İŞ PORTFÖY YABANCI HİSSE SENEDİ FONU,Hisse Senedi,Hisse Senedi Şemsiye Fonu,İŞ PORTFÖY,,0.484869,2.135025,8.857664
TMH,ALLBATROSS PORTFÖY ATMACA HİSSE SENEDİ SERBEST FON (HİSSE SENEDİ YOĞUN FON),Hisse Senedi,,ALLBATROSS PORTFÖY,,,,
TMM,TERA PORTFÖY İKİNCİ SERBEST (DÖVİZ) FON,Serbest,Serbest Şemsiye Fonu,TERA PORTFÖY,6.0,0.316238,2.18066,
TMR,TEB PORTFÖY MAKRO SERBEST ÖZEL FON,Serbest,,TEB PORTFÖY,,,,
TMS,TACİRLER PORTFÖY MARATON SERBEST FON,Serbest,,TACİRLER PORTFÖY,,,,
TMU,AZİMUT PORTFÖY TEMKİNLİ FON SEPETİ FONU,Fon Sepeti,Fon Sepeti Şemsiye Fonu,AZİMUT PORTFÖY,2.0,0.43847,,
TMV,TERA PORTFÖY ALGORİTMİK STRATEJİLER SERBEST FON,Serbest,,TERA PORTFÖY,,,,
TMZ,İŞ PORTFÖY SÜRDÜRÜLEBİLİRLİK VE TARIM FON SEPETİ FONU,Fon Sepeti,Fon Sepeti Şemsiye Fonu,İŞ PORTFÖY,5.0,0.3497249999999999,,
TNB,TEB PORTFÖY ING BANK KAR PAYI ÖDEYEN SERBEST (DÖVİZ) ÖZEL FON,Serbest,,TEB PORTFÖY,,,,
TND,İŞ PORTFÖY TTF TENİSE DESTEK DEĞİŞKEN FON,Değişken,Değişken Şemsiye Fonu,İŞ PORTFÖY,2.0,0.451887,,
TNF,TEB PORTFÖY ONUNCU SERBEST (TL) ÖZEL FON,Serbest,,TEB PORTFÖY,,,,
TNH,TACİRLER PORTFÖY REAL CAPİTAL SERBEST ÖZEL FON,Serbest,,TACİRLER PORTFÖY,,,,
TNI,TEB PORTFÖY ING BANK ÖZEL BANKACILIK VE PLATİNUM DEĞİŞKEN ÖZEL FON,Kıymetli Madenler,,TEB PORTFÖY,,,,
TNK,TEB PORTFÖY KISA VADELİ BORÇLANMA ARAÇLARI (TL) FONU,Kısa Vadeli Borçlanma,,TEB PORTFÖY,,,,
TNS,TACİRLER PORTFÖY NAR SERBEST FON,Serbest,,TACİRLER PORTFÖY,,,,
TO8,TEB PORTFÖY ONSEKİZİNCİ SERBEST (DÖVİZ-AVRO) FON,Serbest,,TEB PORTFÖY,,,,
TOK,TEB PORTFÖY ONBİRİNCİ SERBEST (DÖVİZ - AVRO) FON,Serbest,,TEB PORTFÖY,,,,
TOT,TEB PORTFÖY ÖZEL SEKTÖR BORÇLANMA ARAÇLARI FONU,Borçlanma Araçları,Borçlanma Araçları Şemsiye Fonu,TEB PORTFÖY,1.0,0.454043,2.322946,3.746342
TP1,TEB PORTFÖY UYUM SERBEST (DÖVİZ) ÖZEL FON,Serbest,,TEB PORTFÖY,,,,
TP2,TERA PORTFÖY PARA PİYASASI (TL) FONU,Para Piyasası,Para Piyasası Şemsiye Fonu,TERA PORTFÖY,2.0,0.603463,,
TPC,TEB PORTFÖY KIYMETLİ MADENLER FON SEPETİ FONU,Fon Sepeti,Fon Sepeti Şemsiye Fonu,TEB PORTFÖY,6.0,0.417289,1.849517,6.378171999999999
TPE,İŞ PORTFÖY PY EUROBOND BORÇLANMA ARAÇLARI (DÖVİZ) ÖZEL FONU,Borçlanma Araçları,,İŞ PORTFÖY,,,,
TPF,TACİRLER PORTFÖY BORÇLANMA ARAÇLARI FONU,Borçlanma Araçları,Borçlanma Araçları Şemsiye Fonu,TACİRLER PORTFÖY,3.0,0.463491,1.795009,3.597525
TPJ,TEB PORTFÖY BİRİNCİ SERBEST (DÖVİZ) FON,Serbest,Serbest Şemsiye Fonu,TEB PORTFÖY,,0.244635,1.277201,6.679787
TPL,TEB PORTFÖY EUROBOND (DÖVİZ) BORÇLANMA ARAÇLARI FONU,Borçlanma Araçları,Borçlanma Araçları Şemsiye Fonu,TEB PORTFÖY,6.0,0.21401,1.166821,5.973306
TPO,İŞ PORTFÖY PY ÖZEL SEKTÖR BORÇLANMA ARAÇLARI (TL) ÖZEL FONU,Borçlanma Araçları,,İŞ PORTFÖY,,,,
TPP,TEB PORTFÖY PUSULA SERBEST FON,Serbest,Serbest Şemsiye Fonu,TEB PORTFÖY,,0.627752,2.642897,20.121327
TPR,İŞ PORTFÖY PY HİSSE SENEDİ (TL) ÖZEL FONU (HİSSE SENEDİ YOĞUN FON),Hisse Senedi,,İŞ PORTFÖY,,,,
TPV,AURA PORTFÖY İKİNCİ DEĞİŞKEN FON,Değişken,Değişken Şemsiye Fonu,AURA PORTFÖY,4.0,0.057252,1.056764,3.428294
TPZ,TEB PORTFÖY KİRA SERTİFİKALARI (DÖVİZ) KATILIM FONU,Katılım,Katılım Şemsiye Fonu,TEB PORTFÖY,6.0,0.249628,1.3012780000000002,7.00466
TRJ,TERA PORTFÖY BİRİNCİ BORÇLANMA ARAÇLARI (TL) FONU,Borçlanma Araçları,Borçlanma Araçları Şemsiye Fonu,TERA PORTFÖY,,0.641729,,
TRN,AZİMUT PORTFÖY CO HİSSE SENEDİ SERBEST ÖZEL FON (HİSSE SENEDİ YOĞUN FON),Hisse Senedi,,AZİMUT PORTFÖY,,,,
TRO,TRIVE PORTFÖY ALTIN FONU,Kıymetli Madenler,Kıymetli Madenler Şemsiye Fonu,TRIVE PORTFÖY,6.0,0.489667,,
TRR,TEB PORTFÖY BEŞİNCİ SERBEST (TL) FONU,Serbest,,TEB PORTFÖY,,,,
TRU,TERA PORTFÖY KATILIM SERBEST (DÖVİZ) FON,Katılım,Serbest Şemsiye Fonu,TERA PORTFÖY,,0.234981,,
TSI,İŞ PORTFÖY MAKSİMUM HESAP KISA VADELİ BORÇLANMA ARAÇLARI (TL) FONU,Kısa Vadeli Borçlanma,,İŞ PORTFÖY,,,,
TSP,AZİMUT PORTFÖY TESA SERBEST (DÖVİZ) ÖZEL FON,Serbest,,AZİMUT PORTFÖY,,,,
TTA,İŞ PORTFÖY ALTIN FONU,Kıymetli Madenler,Kıymetli Madenler Şemsiye Fonu,İŞ PORTFÖY,6.0,0.345533,2.527892,11.181673
TTE,İŞ PORTFÖY BIST TEKNOLOJİ AĞIRLIK SINIRLAMALI ENDEKSİ HİSSE SENEDİ (TL) FONU (HİSSE SENEDİ YOĞUN FON),Hisse Senedi,Hisse Senedi Şemsiye Fonu,İŞ PORTFÖY,7.0,0.539129,2.254234,10.377878
TTL,TACİRLER PORTFÖY KARTOPU SERBEST FON,Serbest,Serbest Şemsiye Fonu,TACİRLER PORTFÖY,7.0,0.34648,3.272468,17.274797
TTP,TEB PORTFÖY ÜÇÜNCÜ SERBEST (DÖVİZ) FON,Serbest,,TEB PORTFÖY,,,,
TTS,TEB PORTFÖY DÖRDÜNCÜ SERBEST (DÖVİZ) ÖZEL FON,Serbest,,TEB PORTFÖY,,,,
TTV,TACİRLER PORTFÖY VEGA SERBEST (TL)  FON,Serbest,Serbest Şemsiye Fonu,TACİRLER PORTFÖY,2.0,0.412948,2.456436,5.980925999999999
TTZ,DENİZ PORTFÖY EGE HİSSE SENEDİ SERBEST ÖZEL FON (HİSSE SENEDİ YOĞUN FON),Hisse Senedi,,DENİZ PORTFÖY,,,,
TUA,TEB PORTFÖY ALTIN FONU,Kıymetli Madenler,Kıymetli Madenler Şemsiye Fonu,TEB PORTFÖY,6.0,0.435648,2.970514,12.126234
TVE,EMAA BLUE PORTFÖY TARIM VE GIDA SEKTÖRÜ KATILIM FONU,Katılım,Katılım Şemsiye Fonu,EMAA BLUE PORTFÖY,6.0,,,
TVN,TRIVE PORTFÖY BİRİNCİ FON SEPETİ FONU,Fon Sepeti,Fon Sepeti Şemsiye Fonu,TRIVE PORTFÖY,5.0,0.55683,1.82123,
TYH,TEB PORTFÖY HİSSE SENEDİ FONU (HİSSE SENEDİ YOĞUN FON),Hisse Senedi,Hisse Senedi Şemsiye Fonu,TEB PORTFÖY,6.0,0.241092,0.987573,12.345923
TZC,ZİRAAT PORTFÖY BÜYÜYEN ÇOCUKLARA YÖNELİK DEĞİŞKEN ÖZEL FON,Değişken,,ZİRAAT PORTFÖY,,,,
TZD,ZİRAAT PORTFÖY HİSSE SENEDİ FONU (HİSSE SENEDİ YOĞUN FON),Hisse Senedi,Hisse Senedi Şemsiye Fonu,ZİRAAT PORTFÖY,6.0,0.295073,0.7665099999999999,9.90994
TZH,ZİRAAT PORTFÖY TZH SERBEST ÖZEL FON,Serbest,,ZİRAAT PORTFÖY,,,,
TZL,ZİRAAT PORTFÖY PARA PİYASASI (TL) FONU,Para Piyasası,,ZİRAAT PORTFÖY,,,,
TZP,TACİRLER PORTFÖY RİGEL SERBEST ÖZEL FON,Serbest,,TACİRLER PORTFÖY,,,,
TZT,ZİRAAT PORTFÖY BORÇLANMA ARAÇLARI (TL) FONU,Borçlanma Araçları,Borçlanma Araçları Şemsiye Fonu,ZİRAAT PORTFÖY,3.0,0.368895,1.6563329999999998,3.898466
TZV,ZİRAAT PORTFÖY KISA VADELİ BORÇLANMA ARAÇLARI (TL) FONU,Kısa Vadeli Borçlanma,,ZİRAAT PORTFÖY,,,,
UAB,ÜNLÜ PORTFÖY BONCUK SERBEST (DÖVİZ) ÖZEL FON,Serbest,,ÜNLÜ PORTFÖY,,,,
UAP,ÜNLÜ PORTFÖY ALTINCI SERBEST (DÖVİZ) ÖZEL FON,Kıymetli Madenler,,ÜNLÜ PORTFÖY,,,,
UCN,AK PORTFÖY FNM HİSSE SENEDİ SERBEST ÖZEL FON (HİSSE SENEDİ YOĞUN FON),Hisse Senedi,,AK PORTFÖY,,,,
UCP,AK PORTFÖY ÜÇÜNCÜ PARA PİYASASI SERBEST (TL) FON,Para Piyasası,,AK PORTFÖY,,,,
UFH,AZİMUT PORTFÖY EE SERBEST (DÖVİZ) ÖZEL FON,Serbest,,AZİMUT PORTFÖY,,,,
UHL,AZİMUT PORTFÖY ARUNA SERBEST (DÖVİZ) ÖZEL FON,Serbest,,AZİMUT PORTFÖY,,,,
UHS,ATLAS PORTFÖY ÜÇÜNCÜ HİSSE SENEDİ SERBEST FON (HİSSE SENEDİ YOĞUN FON),Hisse Senedi,,ATLAS PORTFÖY,,,,
ULH,ÜNLÜ PORTFÖY ONUNCU SERBEST FON,Serbest,Serbest Şemsiye Fonu,ÜNLÜ PORTFÖY,7.0,0.279008,1.947294,
ULL,QNB PORTFÖY SEKİZİNCİ SERBEST (DÖVİZ) ÖZEL FON,Serbest,,QNB PORTFÖY,,,,
UNT,İŞ PORTFÖY ÜÇÜNCÜ SERBEST (TL) FON,Serbest,Serbest Şemsiye Fonu,İŞ PORTFÖY,2.0,0.465672,,
UP1,ÜNLÜ PORTFÖY ALTIN FONU,Kıymetli Madenler,Kıymetli Madenler Şemsiye Fonu,ÜNLÜ PORTFÖY,6.0,0.479298,3.0185180000000003,
UP2,ÜNLÜ PORTFÖY PARA PİYASASI SERBEST FON,Para Piyasası,Serbest Şemsiye Fonu,ÜNLÜ PORTFÖY,2.0,0.470544,2.599696,
UPD,ÜNLÜ PORTFÖY DÖRDÜNCÜ SERBEST (DÖVIZ) FON,Serbest,Serbest Şemsiye Fonu,ÜNLÜ PORTFÖY,6.0,0.260749,1.132991,6.1075800000000005
UPH,ÜNLÜ PORTFÖY HİSSE SENEDİ (TL) FONU(HİSSE SENEDİ YOĞUN FON),Hisse Senedi,Hisse Senedi Şemsiye Fonu,ÜNLÜ PORTFÖY,6.0,0.275451,0.954993,10.740351
UPP,ÜNLÜ PORTFÖY PARA PİYASASI (TL) FONU,Para Piyasası,Para Piyasası Şemsiye Fonu,ÜNLÜ PORTFÖY,1.0,0.465187,2.552571,4.353124
UPS,ÜNLÜ PORTFÖY SESA SERBEST ÖZEL FON,Serbest,,ÜNLÜ PORTFÖY,,,,
URA,ATA PORTFÖY ENERJİ DEĞİŞKEN FON,Değişken,Değişken Şemsiye Fonu,ATA PORTFÖY,6.0,0.431423,,
URC,AK PORTFÖY ONUNCU SERBEST (DÖVİZ) FON,Serbest,,AK PORTFÖY,,,,
URD,ALBARAKA PORTFÖY ÜÇÜNCÜ KATILIM SERBEST (DÖVİZ-ABD DOLARI) FON,Katılım,,ALBARAKA PORTFÖY,,,,
URG,AK PORTFÖY BİRİNCİ SERBEST (DÖVİZ) ÖZEL FON,Serbest,,AK PORTFÖY,,,,
URM,AK PORTFÖY ÖPY ALTINCI SERBEST (DÖVİZ) ÖZEL FON,Kıymetli Madenler,,AK PORTFÖY,,,,
URS,AK PORTFÖY ORKİDE SERBEST ÖZEL FON,Serbest,,AK PORTFÖY,,,,
URV,AK PORTFÖY GELİNCİK SERBEST ÖZEL FON,Serbest,,AK PORTFÖY,,,,
USS,AZİMUT PORTFÖY UNİCO SİGORTA SERBEST (TL) ÖZEL FON,Serbest,,AZİMUT PORTFÖY,,,,
UST,İŞ PORTFÖY ÜÇÜNCÜ SERBEST (TL) ÖZEL FON,Serbest,,İŞ PORTFÖY,,,,
USY,ÜNLÜ PORTFÖY DEĞER YATIRIMLARI SERBEST FON,Serbest,Serbest Şemsiye Fonu,ÜNLÜ PORTFÖY,6.0,0.510722,1.657489,9.94142
UYH,ÜNLÜ PORTFÖY DOKUZUNCU SERBEST (TL) FON,Serbest,,ÜNLÜ PORTFÖY,,,,
UZY,ÜNLÜ PORTFÖY İKİNCİ İSTATİSTİKSEL ARBİTRAJ SERBEST FON,Serbest,,ÜNLÜ PORTFÖY,,,,
VAY,AK PORTFÖY DEĞER ODAKLI 100 ŞİRKETLERİ HİSSE SENEDİ (TL) FONU (HİSSE SENEDİ YOĞUN FON),Hisse Senedi,Hisse Senedi Şemsiye Fonu,AK PORTFÖY,5.0,0.150022,,
VCD,AZİMUT PORTFÖY PARA PİYASASI KATILIM SERBEST FON,Serbest,,AZİMUT PORTFÖY,,,,
VCG,AZİMUT PORTFÖY DÖRDÜNCÜ SERBEST (TL) FON,Serbest,,AZİMUT PORTFÖY,,,,
VCY,AK PORTFÖY ELEKTRİKLİ VE OTONOM ARAÇ TEKNOLOJİLERİ DEĞİŞKEN FON,Değişken,Değişken Şemsiye Fonu,AK PORTFÖY,6.0,0.431652,0.949784,
VFK,ZİRAAT PORTFÖY İKİNCİ KISA VADELİ KİRA SERTİFİKALARI KATILIM (TL) FONU,Kısa Vadeli Borçlanma,Katılım Şemsiye Fonu,ZİRAAT PORTFÖY,1.0,0.4368849999999999,2.211308,3.737746
VFO,V PORTFÖY ALTIN KATILIM FONU,Kıymetli Madenler,Katılım Şemsiye Fonu,V PORTFÖY,6.0,,,
VFS,AZİMUT PORTFÖY AVF SERBEST ÖZEL FON,Serbest,,AZİMUT PORTFÖY,,,,
VHK,V PORTFÖY KATILIM HİSSE SENEDİ (TL) FONU (HİSSE SENEDİ YOĞUN FON),Hisse Senedi,Hisse Senedi Şemsiye Fonu,V PORTFÖY,6.0,,,
VHS,VAKIF KATILIM PORTFÖY KATILIM HİSSE SENEDİ FONU (HİSSE SENEDİ YOĞUN FON),Hisse Senedi,Hisse Senedi Şemsiye Fonu,VAKIF KATILIM PORTFÖY,6.0,,,
VK6,V PORTFÖY VAKIFBANK PARA PİYASASI (TL) FONU,Para Piyasası,,V PORTFÖY,,,,
VKI,ALBARAKA PORTFÖY VAKIF KATILIM İKİNCİ KISA VADELİ KATILIM SERBEST (TL) FON,Kısa Vadeli Borçlanma,,ALBARAKA PORTFÖY,,,,
VKK,VAKIF KATILIM PORTFÖY KİRA SERTİFİKALARI KATILIM FONU,Katılım,Katılım Şemsiye Fonu,VAKIF KATILIM PORTFÖY,2.0,,,
VKR,ALBARAKA PORTFÖY İKİNCİ PARA PİYASASI KATILIM FONU,Para Piyasası,,ALBARAKA PORTFÖY,,,,
VKT,V PORTFÖY VAKIFBANK KISA VADELİ BORÇLANMA ARAÇLARI (TL) FONU,Kısa Vadeli Borçlanma,,V PORTFÖY,,,,
VKV,VAKIF KATILIM PORTFÖY KISA VADELİ KİRA SERTİFİKALARI KATILIM FONU,Kısa Vadeli Borçlanma,Katılım Şemsiye Fonu,VAKIF KATILIM PORTFÖY,2.0,,,
VLT,VAKIF KATILIM PORTFÖY ALTIN KATILIM FONU,Kıymetli Madenler,Katılım Şemsiye Fonu,VAKIF KATILIM PORTFÖY,6.0,,,
VMV,VEGA PORTFÖY MAVİ SERBEST FON,Serbest,Serbest Şemsiye Fonu,VEGA PORTFÖY,2.0,0.476876,,
VNK,VEGA PORTFÖY ANKA SERBEST FON,Serbest,Serbest Şemsiye Fonu,VEGA PORTFÖY,3.0,0.404996,,
VPA,VAKIF KATILIM PORTFÖY PARA PİYASASI KATILIM FONU,Para Piyasası,Katılım Şemsiye Fonu,VAKIF KATILIM PORTFÖY,1.0,,,
VPD,V PORTFÖY BİRİNCİ DEĞİŞKEN FON,Değişken,,V PORTFÖY,,,,
VPE,V PORTFÖY İKİNCİ DEĞİŞKEN FON,Değişken,,V PORTFÖY,,,,
VPH,V PORTFÖY HİSSE SENEDİ (TL) FONU (HİSSE SENEDİ YOĞUN FON),Hisse Senedi,Hisse Senedi Şemsiye Fonu,V PORTFÖY,6.0,,,
VPP,VEGA PORTFÖY PARLA SERBEST (DÖVİZ) FON,Serbest,Serbest Şemsiye Fonu,VEGA PORTFÖY,6.0,,,
VPS,VEGA PORTFÖY SALUR HİSSE SENEDİ SERBEST (TL) FON (HİSSE SENEDİ YOĞUN FON),Hisse Senedi,Serbest Şemsiye Fonu,VEGA PORTFÖY,6.0,,,
VRK,DENİZ PORTFÖY ÇOKLU VARLIK KATILIM FONU,Katılım,Katılım Şemsiye Fonu,DENİZ PORTFÖY,4.0,,,
VTF,AZİMUT PORTFÖY VİTA SERBEST ÖZEL FON,Serbest,,AZİMUT PORTFÖY,,,,
VTL,V PORTFÖY KISA VADELİ KİRA SERTİFİKALARI KATILIM (TL) FONU,Kısa Vadeli Borçlanma,,V PORTFÖY,,,,
YA1,YAPI KREDİ PORTFÖY BİRİNCİ SERBEST FON,Serbest,,YAPI KREDİ PORTFÖY,,,,
YAC,YAPI KREDİ PORTFÖY İKİNCİ FON SEPETİ FONU,Fon Sepeti,Fon Sepeti Şemsiye Fonu,YAPI KREDİ PORTFÖY,5.0,0.342699,1.390406,5.923831
YAE,YAPI KREDİ PORTFÖY TLREF'E ENDEKSLİ BORÇLANMA ARAÇLARI (TL) FONU,Borçlanma Araçları,Borçlanma Araçları Şemsiye Fonu,YAPI KREDİ PORTFÖY,2.0,,,
YAK,YAPI KREDİ PORTFÖY KARMA FON,Karma,Karma Şemsiye Fonu,YAPI KREDİ PORTFÖY,5.0,0.373393,1.413338,6.4340150000000005
YAN,YAPI KREDİ PORTFÖY BİRİNCİ FON SEPETİ FONU,Fon Sepeti,Fon Sepeti Şemsiye Fonu,YAPI KREDİ PORTFÖY,4.0,0.368372,1.232944,4.869013
YAR,İŞ PORTFÖY RESAN DEĞİŞKEN ÖZEL FON,Değişken,,İŞ PORTFÖY,,,,
YAS,YAPI KREDİ PORTFÖY KOÇ HOLDİNG İŞTİRAK VE HİSSE SENEDİ FONU(HİSSE SENEDİ YOĞUN FON),Hisse Senedi,Hisse Senedi Şemsiye Fonu,YAPI KREDİ PORTFÖY,6.0,0.136969,0.455734,7.496163
YAY,YAPI KREDİ PORTFÖY YABANCI TEKNOLOJİ SEKTÖRÜ HİSSE SENEDİ FONU,Hisse Senedi,Hisse Senedi Şemsiye Fonu,YAPI KREDİ PORTFÖY,7.0,0.752951,2.577504,9.115531
YBE,YAPI KREDİ PORTFÖY EUROBOND (DOLAR) BORÇLANMA ARAÇLARI FONU,Borçlanma Araçları,Borçlanma Araçları Şemsiye Fonu,YAPI KREDİ PORTFÖY,5.0,0.27042,1.378096,6.411724
YBH,YAPI KREDİ PORTFÖY 5-15 YIL VADELİ SERBEST (DÖVİZ) FON,Serbest,Serbest Şemsiye Fonu,YAPI KREDİ PORTFÖY,,0.25652,,
YBJ,DENİZ PORTFÖY AYBÜKE SERBEST (DÖVİZ) ÖZEL FON,Serbest,,DENİZ PORTFÖY,,,,
YBP,YAPI KREDİ PORTFÖY PY BİRİNCİ DEĞİŞKEN ÖZEL FON,Değişken,,YAPI KREDİ PORTFÖY,,,,
YBR,İŞ PORTFÖY YİRMİBİRİNCİ SERBEST (DÖVİZ) FON,Serbest,Serbest Şemsiye Fonu,İŞ PORTFÖY,,0.267624,,
YBS,YAPI KREDİ PORTFÖY ÖZEL SEKTÖR BORÇLANMA ARAÇLARI FONU,Borçlanma Araçları,Borçlanma Araçları Şemsiye Fonu,YAPI KREDİ PORTFÖY,1.0,0.465848,2.301042,4.041608
YCG,YAPI KREDİ PORTFÖY KARŞIYAKA SERBEST (DÖVİZ) ÖZEL FON,Serbest,,YAPI KREDİ PORTFÖY,,,,
YCH,YAPI KREDİ PORTFÖY ODEABANK AYRICALIKLI VE ÖZEL BANKACILIK FON SEPETİ ÖZEL FONU,Fon Sepeti,,YAPI KREDİ PORTFÖY,,,,
YCK,YAPI KREDİ PORTFÖY CİHANGİR SERBEST FON,Serbest,Serbest Şemsiye Fonu,YAPI KREDİ PORTFÖY,6.0,0.375871,1.469342,3.061875
YCL,ATA PORTFÖY BEŞİNCİ SERBEST FON,Serbest,,ATA PORTFÖY,,,,
YCP,YAPI KREDİ PORTFÖY BANKACILIK SEKTÖRÜ HİSSE SENEDİ SERBEST FON (HİSSE SENEDİ YOĞUN FON),Hisse Senedi,Serbest Şemsiye Fonu,YAPI KREDİ PORTFÖY,7.0,0.126693,1.184794,
YCY,İSTANBUL PORTFÖY KATILIM FON SEPETİ FONU,Fon Sepeti,Fon Sepeti Şemsiye Fonu,İSTANBUL PORTFÖY,2.0,0.428654,1.79377,
YDH,AK PORTFÖY İKİNCİ SERBEST ÖZEL FON,Serbest,,AK PORTFÖY,,,,
YDI,YAPI KREDİ PORTFÖY MODEL PORTFÖY HİSSE SENEDİ FONU (HİSSE SENEDİ YOĞUN FON),Hisse Senedi,Hisse Senedi Şemsiye Fonu,YAPI KREDİ PORTFÖY,6.0,0.296578,0.983236,10.523612
YDK,YAPI KREDİ PORTFÖY ÇALIŞAN HESAP KISA VADELİ BORÇLANMA ARAÇLARI FONU,Kısa Vadeli Borçlanma,,YAPI KREDİ PORTFÖY,,,,
YDL,YAPI KREDİ PORTFÖY ADALAR SERBEST (DÖVİZ) ÖZEL FON,Serbest,,YAPI KREDİ PORTFÖY,,,,
YDM,AZİMUT PORTFÖY 24.0 SERBEST ÖZEL FON,Serbest,,AZİMUT PORTFÖY,,,,
YDP,YAPI KREDİ PORTFÖY BİRİNCİ DEĞİŞKEN FON,Değişken,Değişken Şemsiye Fonu,YAPI KREDİ PORTFÖY,5.0,0.497678,,
YDZ,YAPI KREDİ PORTFÖY ODEABANK DÖRDÜNCÜ SERBEST (DÖVİZ) ÖZEL FON,Serbest,,YAPI KREDİ PORTFÖY,,,,
YEF,YAPI KREDİ PORTFÖY BIST 30 ENDEKSİ HİSSE SENEDİ FONU (HİSSE SENEDİ YOĞUN FON),Hisse Senedi,Hisse Senedi Şemsiye Fonu,YAPI KREDİ PORTFÖY,6.0,0.437263,1.235926,10.672163
YFV,YAPI KREDİ PORTFÖY KİRA SERTİFİKALARI KATILIM FONU,Katılım,Katılım Şemsiye Fonu,YAPI KREDİ PORTFÖY,2.0,0.3910499999999999,1.920489,4.02437
YGM,YAPI KREDİ PORTFÖY EMTİA SERBEST FON,Serbest,Serbest Şemsiye Fonu,YAPI KREDİ PORTFÖY,6.0,0.420541,1.405443,
YHB,YAPI KREDİ PORTFÖY BIST 100 DIŞI ŞİRKETLER HİSSE SENEDİ FONU (HİSSE SENEDİ YOĞUN FON),Hisse Senedi,Hisse Senedi Şemsiye Fonu,YAPI KREDİ PORTFÖY,6.0,0.29271,,
YHI,YAPI KREDİ PORTFÖY İNŞAAT SEKTÖRÜ HİSSE SENEDİ SERBEST (TL) FON (HİSSE SENEDİ YOĞUN FON),Hisse Senedi,Serbest Şemsiye Fonu,YAPI KREDİ PORTFÖY,6.0,0.251366,,
YHK,YAPI KREDİ PORTFÖY KATILIM HİSSE SENEDİ FONU (HİSSE SENEDİ YOĞUN FON),Hisse Senedi,Hisse Senedi Şemsiye Fonu,YAPI KREDİ PORTFÖY,6.0,0.6024889999999999,,
YHP,YAPI KREDİ PORTFÖY KADIKÖY SERBEST FON,Serbest,Serbest Şemsiye Fonu,YAPI KREDİ PORTFÖY,5.0,0.5285730000000001,1.994346,3.306139
YHS,YAPI KREDİ PORTFÖY BİRİNCİ HİSSE SENEDİ FONU (HİSSE SENEDİ YOĞUN FON),Hisse Senedi,Hisse Senedi Şemsiye Fonu,YAPI KREDİ PORTFÖY,6.0,0.331517,1.151489,10.876156000000002
YHT,YAPI KREDİ PORTFÖY KISA VADELİ BORÇLANMA ARAÇLARI (TL) FONU,Kısa Vadeli Borçlanma,Borçlanma Araçları Şemsiye Fonu,YAPI KREDİ PORTFÖY,1.0,0.43976,2.306649,3.670457
YHY,INVEO PORTFÖY YEDİNCİ HİSSE SENEDİ SERBEST FON (HİSSE SENEDİ YOĞUN FON),Hisse Senedi,,INVEO PORTFÖY,,,,
YHZ,YAPI KREDİ PORTFÖY BIST TEKNOLOJİ AĞIRLIK SINIRLAMALI ENDEKSİ HİSSE SENEDİ FONU ( HİSSE SENEDİ YOĞUN FON),Hisse Senedi,Hisse Senedi Şemsiye Fonu,YAPI KREDİ PORTFÖY,6.0,0.6047,2.647016,9.582745
YIK,YAPI KREDİ PORTFÖY İKİNCİ PARA PİYASASI SERBEST (TL) FON,Para Piyasası,Serbest Şemsiye Fonu,YAPI KREDİ PORTFÖY,2.0,0.47123,,
YIS,YAPI KREDİ PORTFÖY İKİNCİ SERBEST ÖZEL FON,Serbest,,YAPI KREDİ PORTFÖY,,,,
YIT,GARANTİ PORTFÖY YARI İLETKEN TEKNOLOJİLERİ DEĞİŞKEN FON,Değişken,Değişken Şemsiye Fonu,GARANTİ PORTFÖY,6.0,0.96668,,
YIV,YAPI KREDİ PORTFÖY ALLİANZ DEĞİŞKEN ÖZEL FON,Değişken,,YAPI KREDİ PORTFÖY,,,,
YJA,YAPI KREDİ PORTFÖY PY ALSANCAK SERBEST ( DÖVİZ) ÖZEL FON,Serbest,,YAPI KREDİ PORTFÖY,,,,
YJH,YAPI KREDİ PORTFÖY TEMİZ ENERJİ DEĞİŞKEN FONU,Değişken,Değişken Şemsiye Fonu,YAPI KREDİ PORTFÖY,4.0,0.393553,0.8023690000000001,
YJK,YAPI KREDİ PORTFÖY ROBOTİK VE YARI İLETKEN TEKNOLOJİLERİ FON SEPETİ FONU,Fon Sepeti,Fon Sepeti Şemsiye Fonu,YAPI KREDİ PORTFÖY,5.0,0.663211,2.231129,
YJU,YAPI KREDİ PORTFÖY PY ULUDAĞ SERBEST (DÖVİZ) ÖZEL FON,Serbest,,YAPI KREDİ PORTFÖY,,,,
YJY,YAPI KREDİ PORTFÖY YENİKÖY SERBEST (DÖVİZ) FON,Serbest,Serbest Şemsiye Fonu,YAPI KREDİ PORTFÖY,,0.217983,1.062792,5.909321
YKS,YAPI KREDİ PORTFÖY İSTANBUL SERBEST FON,Serbest,Serbest Şemsiye Fonu,YAPI KREDİ PORTFÖY,2.0,0.3922899999999999,1.841154,6.415426
YKT,YAPI KREDİ PORTFÖY ALTIN FONU,Kıymetli Madenler,Kıymetli Madenler Şemsiye Fonu,YAPI KREDİ PORTFÖY,6.0,0.425025,2.965892,12.299855
YLB,YAPI KREDİ PORTFÖY PARA PİYASASI FONU,Para Piyasası,,YAPI KREDİ PORTFÖY,,,,
YLC,ATA PORTFÖY TARIM VE GIDA DEĞİŞKEN FON,Değişken,Değişken Şemsiye Fonu,ATA PORTFÖY,5.0,0.4008,0.8695900000000001,
YLE,YAPI KREDİ PORTFÖY BIST SÜRDÜRÜLEBİLİRLİK ENDEKSİ HİSSE SENEDİ FONU (HİSSE SENEDİ YOĞUN FON),Hisse Senedi,Hisse Senedi Şemsiye Fonu,YAPI KREDİ PORTFÖY,6.0,0.300999,1.1301139999999998,
YLO,YAPI KREDİ PORTFÖY ELEKTRİKLİ ARAÇLAR DEĞİŞKEN FON,Değişken,Değişken Şemsiye Fonu,YAPI KREDİ PORTFÖY,6.0,0.5679890000000001,1.749145,
YLR,YAPI KREDİ PORTFÖY AKATLAR SERBEST (DÖVİZ) ÖZEL FON,Serbest,,YAPI KREDİ PORTFÖY,,,,
YLY,YAPI KREDİ PORTFÖY KAR PAYI ÖDEYEN HİSSE SENEDİ (TL) FON (HİSSE SENEDİ YOĞUN FON),Hisse Senedi,Hisse Senedi Şemsiye Fonu,YAPI KREDİ PORTFÖY,6.0,0.139437,0.4155919999999999,
YLZ,BULLS PORTFÖY YILDIZ PAZAR ŞİRKETLERİ HİSSE SENEDİ SERBEST FON (HİSSE SENEDİ YOĞUN FON),Hisse Senedi,,BULLS PORTFÖY,,,,
YMD,YAPI KREDİ PORTFÖY MASLAK SERBEST (DÖVİZ- ABD DOLARI) FON,Serbest,Serbest Şemsiye Fonu,YAPI KREDİ PORTFÖY,,0.218831,1.06638,
YMH,YAPI KREDİ PORTFÖY MUTLAK GETİRİ HEDEFLİ HİSSE SENEDİ SERBEST FON (HİSSE SENEDİ YOĞUN FON),Hisse Senedi,Serbest Şemsiye Fonu,YAPI KREDİ PORTFÖY,2.0,0.341347,,
YMP,QNB PORTFÖY YMK PARA PİYASASI (TL) ÖZEL FON,Para Piyasası,,QNB PORTFÖY,,,,
YNF,AK PORTFÖY AKBANK YENİ NESİL FON SEPETİ ÖZEL FONU,Fon Sepeti,,AK PORTFÖY,,,,
YNK,YAPI KREDİ PORTFÖY NİŞANTAŞI KAR PAYI ÖDEYEN SERBEST (DÖVİZ) FON,Serbest,Serbest Şemsiye Fonu,YAPI KREDİ PORTFÖY,,0.159584,0.836341,
YNL,YAPI KREDİ PORTFÖY CADDEBOSTAN SERBEST (DÖVİZ) ÖZEL FON,Serbest,,YAPI KREDİ PORTFÖY,,,,
YOA,YAPI KREDİ PORTFÖY PY BORÇLANMA ARAÇLARI (DÖVİZ) ÖZEL FONU,Borçlanma Araçları,,YAPI KREDİ PORTFÖY,,,,
YOS,YAPI KREDİ PORTFÖY ODEABANK SERBEST (DÖVİZ-AVRO) ÖZEL FON,Serbest,,YAPI KREDİ PORTFÖY,,,,
YOT,YAPI KREDİ PORTFÖY BORÇLANMA ARAÇLARI FONU,Borçlanma Araçları,Borçlanma Araçları Şemsiye Fonu,YAPI KREDİ PORTFÖY,4.0,0.374915,1.615267,3.731771
YOZ,DENİZ PORTFÖY YAKAMOZ SERBEST (DÖVİZ) FON,Serbest,Serbest Şemsiye Fonu,DENİZ PORTFÖY,3.0,,,
YP1,YAPI KREDİ PORTFÖY PY GÜMÜŞSUYU SERBEST (DÖVIZ) ÖZEL FON,Kıymetli Madenler,,YAPI KREDİ PORTFÖY,,,,
YP2,YAPI KREDİ PORTFÖY PERA SERBEST (DÖVİZ) ÖZEL FON,Serbest,,YAPI KREDİ PORTFÖY,,,,
YP4,YAPI KREDİ PORTFÖY FERİKÖY SERBEST (DÖVİZ) FON,Serbest,Serbest Şemsiye Fonu,YAPI KREDİ PORTFÖY,,0.214466,1.019005,
YPC,YAPI KREDİ PORTFÖY SÜRDÜRÜLEBİLİRLİK DEĞİŞKEN FON,Değişken,Değişken Şemsiye Fonu,YAPI KREDİ PORTFÖY,5.0,0.470271,1.7026249999999998,
YPD,YAPI KREDİ PORTFÖY ALARA SERBEST (DÖVİZ) ÖZEL FON,Serbest,,YAPI KREDİ PORTFÖY,,,,
YPF,YAPI KREDİ PORTFÖY ALFA SERBEST FON,Serbest,Serbest Şemsiye Fonu,YAPI KREDİ PORTFÖY,5.0,0.5402049999999999,1.577141,3.466531
YPI,YAPI KREDİ PORTFÖY PY GÖZTEPE SERBEST (DÖVİZ) ÖZEL FON,Serbest,,YAPI KREDİ PORTFÖY,,,,
YPK,YAPI KREDİ PORTFÖY GALATA SERBEST FON,Serbest,Serbest Şemsiye Fonu,YAPI KREDİ PORTFÖY,5.0,0.280093,1.504878,5.190132
YPL,YAPI KREDİ PORTFÖY BALAT SERBEST (DÖVİZ) FON,Serbest,Serbest Şemsiye Fonu,YAPI KREDİ PORTFÖY,,0.249775,1.218588,6.620981
YPN,İŞ PORTFÖY YİRMİNCİ SERBEST (DÖVİZ- POUND) FON,Serbest,,İŞ PORTFÖY,,,,
YPP,YAPI KREDİ PORTFÖY PY KUZGUNCUK SERBEST ÖZEL FON,Serbest,,YAPI KREDİ PORTFÖY,,,,
YPR,AZİMUT PORTFÖY YILDIZ PAZAR ŞİRKETLERİ HİSSE SENEDİ FONU (HİSSE SENEDİ YOĞUN FON),Hisse Senedi,Hisse Senedi Şemsiye Fonu,AZİMUT PORTFÖY,6.0,0.46946,,
YPT,YAPI KREDİ PORTFÖY PARA PİYASASI SERBEST (TL) FON,Para Piyasası,,YAPI KREDİ PORTFÖY,,,,
YPU,YAPI KREDİ PORTFÖY SERBEST (DÖVİZ-POUND) FON,Serbest,,YAPI KREDİ PORTFÖY,,,,
YPV,YAPI KREDİ PORTFÖY ÜÇÜNCÜ FON SEPETİ FONU,Fon Sepeti,Fon Sepeti Şemsiye Fonu,YAPI KREDİ PORTFÖY,5.0,0.2484829999999999,1.088894,4.615441000000001
YRZ,YAPI KREDİ PORTFÖY ŞUBAT 2027 KAR PAYI ÖDEYEN SERBEST (DÖVİZ) FON,Serbest,,YAPI KREDİ PORTFÖY,,,,
YSA,YAPI KREDİ PORTFÖY SUADİYE SERBEST (DÖVİZ) FON,Serbest,Serbest Şemsiye Fonu,YAPI KREDİ PORTFÖY,,,,
YSH,YAPI KREDİ PORTFÖY BÜYÜK ÖLÇEKLİ ŞİRKETLER DEĞİŞKEN FON,Değişken,Değişken Şemsiye Fonu,YAPI KREDİ PORTFÖY,5.0,,,
YSL,YAPI KREDİ PORTFÖY KAR PAYI ÖDEYEN KİRA SERTİFİKALARI KATILIM SERBEST (DÖVİZ) FON,Katılım,Serbest Şemsiye Fonu,YAPI KREDİ PORTFÖY,,0.131141,0.6513899999999999,
YSO,YAPI KREDİ PORTFÖY SAĞLIK SEKTÖRÜ SERBEST FON,Serbest,Serbest Şemsiye Fonu,YAPI KREDİ PORTFÖY,6.0,0.540426,,
YSU,YAPI KREDİ PORTFÖY ÜÇÜNCÜ DEĞİŞKEN FON,Değişken,Değişken Şemsiye Fonu,YAPI KREDİ PORTFÖY,4.0,0.3790229999999999,1.66244,6.342608
YTD,YAPI KREDİ PORTFÖY YABANCI FON SEPETİ FONU,Fon Sepeti,Fon Sepeti Şemsiye Fonu,YAPI KREDİ PORTFÖY,6.0,0.421704,2.034208,8.261631999999999
YTJ,YAPI KREDİ PORTFÖY DUDULLU SERBEST (DÖVİZ) ÖZEL FON,Serbest,,YAPI KREDİ PORTFÖY,,,,
YTO,YAPI KREDİ PORTFÖY TOPHANE PARK SERBEST (DÖVİZ) ÖZEL FON,Serbest,,YAPI KREDİ PORTFÖY,,,,
YTR,YAPI KREDİ PORTFÖY LARA SERBEST (DÖVİZ-AVRO) ÖZEL FON,Serbest,,YAPI KREDİ PORTFÖY,,,,
YTV,YAPI KREDİ PORTFÖY TARIM DEĞİŞKEN FON,Değişken,Değişken Şemsiye Fonu,YAPI KREDİ PORTFÖY,5.0,0.4467589999999999,1.198826,
YTY,YAPI KREDİ PORTFÖY TARABYA SERBEST (DÖVİZ-AVRO) FON,Serbest,Serbest Şemsiye Fonu,YAPI KREDİ PORTFÖY,,0.1987239999999999,,
YUB,YAPI KREDİ PORTFÖY KARAKÖY HİSSE SENEDİ SERBEST FON (HİSSE SENEDİ YOĞUN FON),Hisse Senedi,Serbest Şemsiye Fonu,YAPI KREDİ PORTFÖY,7.0,0.27861,0.969466,
YUD,YAPI KREDİ PORTFÖY BODRUM SERBEST [DÖVİZ] ÖZEL FON,Serbest,,YAPI KREDİ PORTFÖY,,,,
YUI,YAPI KREDİ PORTFÖY BEYKOZ SERBEST FON,Serbest,Serbest Şemsiye Fonu,YAPI KREDİ PORTFÖY,6.0,0.329881,,
YUK,YAPI KREDİ PORTFÖY ÜSKÜDAR KAR PAYI ÖDEYEN SERBEST (DÖVİZ) FON,Serbest,,YAPI KREDİ PORTFÖY,,,,
YUN,YAPI KREDİ PORTFÖY İSTİNYE SERBEST (DÖVİZ) FON,Serbest,Serbest Şemsiye Fonu,YAPI KREDİ PORTFÖY,,0.248989,1.096281,
YUY,YAPI KREDİ PORTFÖY ALLİANZ KAR PAYI ÖDEYEN SERBEST (TL) ÖZEL FON,Serbest,,YAPI KREDİ PORTFÖY,,,,
YVB,YAPI KREDİ PORTFÖY UZUN VADELİ BORÇLANMA ARAÇLARI FONU,Borçlanma Araçları,Borçlanma Araçları Şemsiye Fonu,YAPI KREDİ PORTFÖY,5.0,0.297853,,
YVD,YAPI KREDİ PORTFÖY İKİNCİ PARA PİYASASI (TL) FONU,Para Piyasası,,YAPI KREDİ PORTFÖY,,,,
YVF,YAPI KREDİ PORTFÖY ETİLER SERBEST (DÖVİZ) ÖZEL FON,Serbest,,YAPI KREDİ PORTFÖY,,,,
YVG,YAPI KREDİ PORTFÖY SARIYER SERBEST (DÖVİZ-AVRO) FON,Serbest,Serbest Şemsiye Fonu,YAPI KREDİ PORTFÖY,,0.201288,1.143213,
YVO,YAPI KREDİ PORTFÖY NİLÜFER SERBEST (DÖVİZ) ÖZEL FON,Serbest,,YAPI KREDİ PORTFÖY,,,,
YVS,YAPI KREDİ PORTFÖY BEYOĞLU SERBEST (DÖVİZ) ÖZEL FON,Serbest,,YAPI KREDİ PORTFÖY,,,,
YZC,YAPI KREDİ PORTFÖY FİNTECH VE BLOCKCHAİN TEKNOLOJİLERİ DEĞİŞKEN FON,Değişken,Değişken Şemsiye Fonu,YAPI KREDİ PORTFÖY,6.0,0.561491,3.216198,
YZF,YAPI KREDİ PORTFÖY PY ERENKÖY  SERBEST (DÖVIZ) ÖZEL FON,Serbest,,YAPI KREDİ PORTFÖY,,,,
YZG,YAPI KREDİ PORTFÖY GÜMÜŞ FON SEPETİ FONU,Fon Sepeti,Fon Sepeti Şemsiye Fonu,YAPI KREDİ PORTFÖY,7.0,0.805259,3.505648,11.762025
YZH,TEB PORTFÖY BIST BANKA ENDEKSİ HİSSE SENEDİ FONU (HİSSE SENEDİ YOĞUN),Hisse Senedi,Hisse Senedi Şemsiye Fonu,TEB PORTFÖY,7.0,0.154383,1.293214,11.785836
YZK,YAPI KREDİ PORTFÖY KALAMIŞ SERBEST FON,Serbest,Serbest Şemsiye Fonu,YAPI KREDİ PORTFÖY,5.0,0.231957,1.256603,5.300757999999999
YZL,YAPI KREDİ PORTFÖY PY ÇAMLICA SERBEST ÖZEL FON,Serbest,,YAPI KREDİ PORTFÖY,,,,
YZT,AK PORTFÖY YAPAY ZEKA TEKNOLOJİLERİ ŞİRKETLERİ DEĞİŞKEN FON,Değişken,Değişken Şemsiye Fonu,AK PORTFÖY,4.0,,,
ZA2,KUVEYT TÜRK PORTFÖY İKİNCİ SEPET HESAP PARA PİYASASI KATILIM FONU,Para Piyasası,,KUVEYT TÜRK PORTFÖY,,,,
ZAD,KUVEYT TÜRK PORTFÖY SEPET HESAP KATILIM SERBEST (DÖVİZ) FON,Katılım,,KUVEYT TÜRK PORTFÖY,,,,
ZAV,ZİRAAT PORTFÖY BAŞAK SERBEST (DÖVİZ-AVRO) FON,Serbest,,ZİRAAT PORTFÖY,,,,
ZAY,KUVEYT TÜRK PORTFÖY SEPET HESAP PARA PİYASASI KATILIM (TL) FONU,Para Piyasası,,KUVEYT TÜRK PORTFÖY,,,,
ZBD,ZİRAAT PORTFÖY DENGELİ DEĞİŞKEN FON,Değişken,Değişken Şemsiye Fonu,ZİRAAT PORTFÖY,6.0,0.273609,1.090778,5.337541
ZBI,ZİRAAT PORTFÖY TEMKİNLİ KATILIM FONU,Katılım,Katılım Şemsiye Fonu,ZİRAAT PORTFÖY,3.0,0.446524,,
ZBJ,ZİRAAT PORTFÖY BAŞAK PARA PİYASASI (TL) FONU,Para Piyasası,Para Piyasası Şemsiye Fonu,ZİRAAT PORTFÖY,1.0,0.474817,2.616906,
ZBN,ZİRAAT PORTFÖY HİSSE SENEDİ SERBEST (TL) FON (HİSSE SENEDİ YOĞUN FON),Hisse Senedi,,ZİRAAT PORTFÖY,,,,
ZBO,ZİRAAT PORTFÖY MUTLAK GETİRİ HEDEFLİ HİSSE SENEDİ SERBEST FON (HİSSE SENEDİ YOĞUN FON),Hisse Senedi,Serbest Şemsiye Fonu,ZİRAAT PORTFÖY,5.0,0.279941,1.211918,
ZBZ,ZİRAAT PORTFÖY GÜLLÜ SERBEST (DÖVİZ) ÖZEL FON,Serbest,,ZİRAAT PORTFÖY,,,,
ZCA,ZİRAAT PORTFÖY ÖPY BİRİNCİ SERBEST (TL) ÖZEL FON,Serbest,,ZİRAAT PORTFÖY,,,,
ZCB,ZİRAAT PORTFÖY MGN SERBEST (DÖVİZ) ÖZEL FON,Serbest,,ZİRAAT PORTFÖY,,,,
ZCC,ZİRAAT PORTFÖY DURUSU SERBEST (DÖVİZ) ÖZEL FON,Serbest,,ZİRAAT PORTFÖY,,,,
ZCD,ZİRAAT PORTFÖY ALTINCI SERBEST (TL) FON,Kıymetli Madenler,Serbest Şemsiye Fonu,ZİRAAT PORTFÖY,6.0,0.254603,2.191751,
ZCE,ZİRAAT PORTFÖY TÜRK ALTIN SERBEST (TL) ÖZEL FON,Kıymetli Madenler,,ZİRAAT PORTFÖY,,,,
ZCF,ZİRAAT PORTFÖY MKA SERBEST (TL) ÖZEL FON,Serbest,,ZİRAAT PORTFÖY,,,,
ZCG,ZİRAAT PORTFÖY DOKUZUNCU SERBEST (TL) FON,Serbest,,ZİRAAT PORTFÖY,,,,
ZCH,ZİRAAT PORTFÖY ODAK SERBEST ÖZEL FON,Serbest,,ZİRAAT PORTFÖY,,,,
ZCK,ZİRAAT PORTFÖY AGRESİF KATILIM FONU,Katılım,Katılım Şemsiye Fonu,ZİRAAT PORTFÖY,4.0,0.368125,,
ZCN,ZİRAAT PORTFÖY EMTİA FON SEPETİ FONU,Fon Sepeti,Fon Sepeti Şemsiye Fonu,ZİRAAT PORTFÖY,6.0,0.483474,1.762557,
ZDD,ZİRAAT PORTFÖY TEMKİNLİ DEĞİŞKEN FON,Değişken,Değişken Şemsiye Fonu,ZİRAAT PORTFÖY,4.0,0.4023879999999999,2.033238,4.975074
ZDK,ZİRAAT PORTFÖY ÖPY DÖRDÜNCÜ KATILIM SERBEST (DÖVİZ-ABD DOLARI) ÖZEL FON,Katılım,,ZİRAAT PORTFÖY,,,,
ZDZ,ZİRAAT PORTFÖY AGRESİF DEĞİŞKEN FON,Değişken,Değişken Şemsiye Fonu,ZİRAAT PORTFÖY,6.0,-0.0201149999999999,0.747577,8.414502
ZFB,AK PORTFÖY FİNTEK VE BLOKZİNCİRİ TEKNOLOJİLERİ DEĞİŞKEN FON,Değişken,Değişken Şemsiye Fonu,AK PORTFÖY,6.0,0.475608,3.161656,6.210566
ZFZ,ZİRAAT PORTFÖY ANKARA SERBEST (DÖVİZ) ÖZEL FON,Serbest,,ZİRAAT PORTFÖY,,,,
ZHH,ZİRAAT PORTFÖY HALKBANK SÜRDÜRÜLEBİLİRLİK 30 ŞİRKETLERİ HİSSE SENEDİ FONU (HİSSE SENEDİ YOĞUN FON),Hisse Senedi,Hisse Senedi Şemsiye Fonu,ZİRAAT PORTFÖY,5.0,0.326281,,
ZIH,ZİRAAT PORTFÖY HAVACILIK VE SAVUNMA TEKNOLOJİLERİ DEĞİŞKEN FON,Değişken,Değişken Şemsiye Fonu,ZİRAAT PORTFÖY,6.0,,,
ZJB,ZİRAAT PORTFÖY BİRİNCİ SERBEST (TL) FON,Serbest,Serbest Şemsiye Fonu,ZİRAAT PORTFÖY,7.0,-0.194514,2.017481,9.195055
ZJH,ZİRAAT PORTFÖY V10 SERBEST (DÖVİZ) ÖZEL FON,Serbest,,ZİRAAT PORTFÖY,,,,
ZJI,ZİRAAT PORTFÖY İKİNCİ SERBEST (TL) FON,Serbest,Serbest Şemsiye Fonu,ZİRAAT PORTFÖY,7.0,-0.206278,2.108172,9.529273
ZJL,ZİRAAT PORTFÖY BIST 100 DIŞI ŞİRKETLER HİSSE SENEDİ FONU (HİSSE SENEDİ YOĞUN FON),Hisse Senedi,Hisse Senedi Şemsiye Fonu,ZİRAAT PORTFÖY,6.0,0.272283,1.44252,13.098175
ZJT,ZİRAAT PORTFÖY DURU SERBEST (DÖVİZ) ÖZEL FON,Serbest,,ZİRAAT PORTFÖY,,,,
ZJV,ZİRAAT PORTFÖY BIST 30 DIŞI YILDIZ PAZAR ŞİRKETLERİ HİSSE SENEDİ FONU (HİSSE SENEDİ YOĞUN FON),Hisse Senedi,Hisse Senedi Şemsiye Fonu,ZİRAAT PORTFÖY,6.0,0.204226,0.8231,9.293937
ZK1,ZİRAAT PORTFÖY BAŞAK KATILIM SERBEST (DÖVİZ-AMERİKAN DOLARI) FON,Katılım,,ZİRAAT PORTFÖY,,,,
ZK2,ZİRAAT PORTFÖY BAŞAK KATILIM SERBEST (DÖVİZ-AVRO) FON,Katılım,,ZİRAAT PORTFÖY,,,,
ZKK,ZİRAAT PORTFÖY ESSA KATILIM SERBEST (DÖVİZ-AVRO) ÖZEL FON,Katılım,,ZİRAAT PORTFÖY,,,,
ZLB,TEB PORTFÖY TEB ÖZEL BANKACILIK SERBEST (DÖVİZ) ÖZEL FON,Serbest,,TEB PORTFÖY,,,,
ZLG,AK PORTFÖY MARAL SERBEST (DÖVİZ) ÖZEL FON,Serbest,,AK PORTFÖY,,,,
ZLH,ZİRAAT PORTFÖY BIST 100-30 ŞİRKETLERİ HİSSE SENEDİ FONU ( HİSSE SENEDİ YOĞUN FON),Hisse Senedi,Hisse Senedi Şemsiye Fonu,ZİRAAT PORTFÖY,6.0,0.276155,0.705009,
ZMT,AZİMUT PORTFÖY 22.0 SERBEST (DÖVİZ-AVRO) FON,Serbest,Serbest Şemsiye Fonu,AZİMUT PORTFÖY,,0.223104,,
ZMU,AZİMUT PORTFÖY 23.0 HİSSE SENEDİ SERBEST FON (HİSSE SENEDİ YOĞUN FON),Hisse Senedi,,AZİMUT PORTFÖY,,,,
ZMY,ZİRAAT PORTFÖY METAVERSE VE YENİ TEKNOLOJİLER DEĞİŞKEN FON,Değişken,Değişken Şemsiye Fonu,ZİRAAT PORTFÖY,6.0,0.1782949999999999,1.735522,
ZNF,ZİRAAT PORTFÖY BDEM SERBEST (DÖVİZ-AVRO) ÖZEL FON,Serbest,,ZİRAAT PORTFÖY,,,,
ZOS,ZİRAAT PORTFÖY ONBEŞİNCİ SERBEST FON,Serbest,,ZİRAAT PORTFÖY,,,,
ZP1,ZİRAAT PORTFÖY ANTALYA SERBEST (DÖVİZ) ÖZEL FON,Serbest,,ZİRAAT PORTFÖY,,,,
ZP2,ZİRAAT PORTFÖY İKİNCİ İSTATİSTİKSEL ARBİTRAJ SERBEST (TL) ÖZEL FON,Serbest,,ZİRAAT PORTFÖY,,,,
ZP3,ZİRAAT PORTFÖY ÜÇÜNCÜ İSTATİSTİKSEL ARBİTRAJ SERBEST (TL) ÖZEL FON,Serbest,,ZİRAAT PORTFÖY,,,,
ZP6,ZİRAAT PORTFÖY SEDEF KATILIM SERBEST (DÖVİZ - AMERİKAN DOLARI) FON,Katılım,Serbest Şemsiye Fonu,ZİRAAT PORTFÖY,5.0,0.213497,1.069681,
ZP7,ZİRAAT PORTFÖY TE4 SERBEST (DÖVİZ) ÖZEL FON,Serbest,,ZİRAAT PORTFÖY,,,,
ZP8,ZİRAAT PORTFÖY KEHRİBAR PARA PİYASASI KATILIM SERBEST (TL) FON,Para Piyasası,Serbest Şemsiye Fonu,ZİRAAT PORTFÖY,2.0,0.463811,2.463332,
ZP9,ZİRAAT PORTFÖY AKİK KATILIM SERBEST (DÖVİZ-AVRO) FON,Katılım,Serbest Şemsiye Fonu,ZİRAAT PORTFÖY,6.0,0.1877019999999999,1.052091,
ZPA,ZİRAAT PORTFÖY SERBEST (DÖVİZ) FON,Serbest,Serbest Şemsiye Fonu,ZİRAAT PORTFÖY,6.0,0.224947,1.169921,7.161921
ZPC,ZİRAAT PORTFÖY FON SEPETİ FONU,Fon Sepeti,Fon Sepeti Şemsiye Fonu,ZİRAAT PORTFÖY,5.0,0.2378269999999999,1.232348,7.084159
ZPE,ZİRAAT PORTFÖY KATILIM HİSSE SENEDİ FONU (HİSSE SENEDİ YOĞUN FON),Hisse Senedi,Hisse Senedi Şemsiye Fonu,ZİRAAT PORTFÖY,6.0,0.385493,1.087628,9.995919
ZPF,ZİRAAT PORTFÖY KATILIM FONU (DÖVİZ),Katılım,Katılım Şemsiye Fonu,ZİRAAT PORTFÖY,6.0,0.237223,1.27493,6.112671000000001
ZPG,ZİRAAT PORTFÖY KİRA SERTİFİKALARI (SUKUK) KATILIM FONU,Katılım,Katılım Şemsiye Fonu,ZİRAAT PORTFÖY,2.0,0.415892,2.0771010000000003,4.098822
ZPH,ZİRAAT PORTFÖY PAYLAŞIMLI HESAP PARA PİYASASI KATILIM SERBEST (TL) FON,Para Piyasası,,ZİRAAT PORTFÖY,,,,
ZPJ,ZİRAAT PORTFÖY KATILIM HİSSE SENEDİ SERBEST (TL) FON (HİSSE SENEDİ YOĞUN FON),Hisse Senedi,,ZİRAAT PORTFÖY,,,,
ZPK,ZİRAAT PORTFÖY KISA VADELİ KİRA SERTİFİKASI KATILIM (TL) FONU,Kısa Vadeli Borçlanma,,ZİRAAT PORTFÖY,,,,
ZPN,ZİRAAT PORTFÖY BUDİN SERBEST (DÖVİZ) ÖZEL FON,Serbest,,ZİRAAT PORTFÖY,,,,
ZPO,ZİRAAT PORTFÖY PARA PİYASASI KATILIM FONU,Para Piyasası,Katılım Şemsiye Fonu,ZİRAAT PORTFÖY,,,,
ZPR,ZİRAAT PORTFÖY PARA PİYASASI SERBEST FON,Para Piyasası,Serbest Şemsiye Fonu,ZİRAAT PORTFÖY,2.0,0.477759,,
ZR2,ZİRAAT PORTFÖY YEŞİLKÖY SERBEST ÖZEL FON,Serbest,,ZİRAAT PORTFÖY,,,,
ZR3,ZİRAAT PORTFÖY ONÜÇÜNCÜ SERBEST (TL) FON,Serbest,,ZİRAAT PORTFÖY,,,,
ZSB,ZİRAAT PORTFÖY İKİNCİ İSTATİSTİKSEL ARBİTRAJ SERBEST FON,Serbest,,ZİRAAT PORTFÖY,,,,
ZSF,ZİRAAT PORTFÖY S&P/OIC COMCEC (İSEDAK) 50 SHARİAH ŞİRKETLERİ YABANCI HİSSE SENEDİ FONU,Hisse Senedi,Hisse Senedi Şemsiye Fonu,ZİRAAT PORTFÖY,6.0,0.082444,0.984931,
ZSG,ZİRAAT PORTFÖY ESG SÜRDÜRÜLEBİLİRLİK FON SEPETİ FONU,Fon Sepeti,Fon Sepeti Şemsiye Fonu,ZİRAAT PORTFÖY,6.0,0.38311,1.371991,
ZSK,ZİRAAT PORTFÖY SSA KATILIM SERBEST (DÖVİZ) ÖZEL FON,Katılım,,ZİRAAT PORTFÖY,,,,
ZSN,ZİRAAT PORTFÖY ÖPY BEŞİNCİ SERBEST (DÖVİZ-ABD DOLARI) ÖZEL FON,Serbest,,ZİRAAT PORTFÖY,,,,
ZTF,ZİRAAT PORTFÖY BİRİNCİ İSTATİSTİKSEL ARBİTRAJ SERBEST (TL) ÖZEL FON,Serbest,,ZİRAAT PORTFÖY,,,,
ZTG,ZİRAAT PORTFÖY TARIM VE GIDA FON SEPETİ FONU,Fon Sepeti,Fon Sepeti Şemsiye Fonu,ZİRAAT PORTFÖY,5.0,0.340707,,
ZTV,ZİRAAT PORTFÖY TÜRKİYE VARLIK FONU İŞTİRAKLERİ HİSSE SENEDİ FONU (HİSSE SENEDİ YOĞUN FON),Hisse Senedi,Hisse Senedi Şemsiye Fonu,ZİRAAT PORTFÖY,,,,
ZUD,ZİRAAT PORTFÖY THE SERBEST ÖZEL FON,Serbest,,ZİRAAT PORTFÖY,,,,
ZUE,ZİRAAT PORTFÖY TS SERBEST ÖZEL FON,Serbest,,ZİRAAT PORTFÖY,,,,
ZUS,ZİRAAT PORTFÖY BAŞAK SERBEST (DÖVİZ-AMERİKAN DOLARI) FON,Serbest,,ZİRAAT PORTFÖY,,,,
ZVB,ATLAS PORTFÖY SERBEST (TL) FON,Serbest,,ATLAS PORTFÖY,,,,
ZVO,ZİRAAT PORTFÖY ÜÇÜNCÜ SERBEST (TL) FON,Serbest,Serbest Şemsiye Fonu,ZİRAAT PORTFÖY,7.0,-0.137685,0.629271,
ZYC,ZİRAAT PORTFÖY TS SERBEST (TL) ÖZEL FON,Serbest,,ZİRAAT PORTFÖY,,,,
ZYD,ZİRAAT PORTFÖY THE SERBEST (TL) ÖZEL FON,Serbest,,ZİRAAT PORTFÖY,,,,
ZZL,ZİRAAT PORTFÖY ONDÖRDÜNCÜ SERBEST FON,Serbest,,ZİRAAT PORTFÖY,,,,
