tarih,fonKodu,fiyat,kisiSayisi,portfoyBuyukluk,tedPaySayisi
2026-09-04,AAL,3.538354,4411,2054872519.23,580742499
2026-09-04,AAS,12.944524,153,17828273.38,1377283
2026-09-04,AAV,62.077527,1969,121669593.47,1959962
2026-09-04,ABG,125.776073,178,16085459013.88,127889658
2026-09-04,ABJ,0.693453,3,927384316.61,1337341991
2026-09-04,ABU,0.106633,37,61879696.01,580303972
2026-09-04,AC1,3.273869,199,343354047.03,104877158
2026-09-04,AC2,2.777477,44,20630885239.89,7427922197
2026-09-04,AC3,64.1066,14,134018821.97,2090562
2026-09-04,AC4,4.06653,4170,2288299744.03,562715528
2026-09-04,AC5,3.764041,147,22961021.42,6100099
2026-09-04,AC6,58.062567,79,75877033.41,1306815
2026-09-04,AC7,4.818259,44,3108259790.36,645100136
2026-09-04,AC8,187.421136,96,2838215153.91,15143517
2026-09-04,ACC,43.793075,1311,115529286.07,2638072
2026-09-04,ACD,6.132886,1482,351541503.06,57320729.766
2026-09-04,ACN,12.715352,16,652767328.64,51336945
2026-09-04,ACU,57.483802,157,1448988000.24,25206892
2026-09-04,ADE,0.896294,25651,698688430.9,779530462
2026-09-04,ADP,1.278723,21304,3900606804.4,3050393338
2026-09-04,AED,115.120872,1394,66011815.04,573413.09
2026-09-04,AES,0.191296,35128,1397652252.72,7306211507
2026-09-04,AEV,2.050002,417,8833134.71,4308841
2026-09-04,AFA,1.304728,47029,5525378696.42,4234890656
2026-09-04,AFO,1.348024,81742,19548442588.6,14501551035
2026-09-04,AFS,0.35953,29360,927284893.69,2579160986
2026-09-04,AFT,0.971442,137744,18825648599,19379085314
2026-09-04,AFV,0.608842,14960,1265040675.83,2077781659
2026-09-04,AGC,9.472561,2481,103575071.5,10934221
2026-09-04,AHH,11.045627,15,236051776.33,21370610
2026-09-04,AHI,35.679383,2681,112408858.51,3150527
2026-09-04,AHN,70.256467,108,35294038.92,502360
2026-09-04,AHU,11.521039,596,109282847.76,9485503
2026-09-04,AHV,21.844006,198,135479300.09,6202127
2026-09-04,AHZ,31.784399,13,100528333.87,3162820
2026-09-04,AI1,1.265578,17,61909190.14,48917729
2026-09-04,AIH,16.916716,4,160889203.16,9510664
2026-09-04,AII,97.316187,3,383620408.28,3942000
2026-09-04,AIM,26.992608,1,58365765.17,2162287
2026-09-04,AIR,167.279727,3,1497706252.7,8953304
2026-09-04,AIS,0.109032,22637,15964510903.73,146420703112
2026-09-04,AJ1,1.348216,89,10250578.19,7603067
2026-09-04,AJE,63.888371,939,2824523229.83,44210287
2026-09-04,AJK,65.13927,132,125027468.81,1919387
2026-09-04,AJL,64.897013,1259,4602978163.76,70927427
2026-09-04,AJN,62.184058,265,406592947.38,6538540
2026-09-04,AK2,0.555976,9174,246184020.13,442796115
2026-09-04,AK3,52.388413,20538,8003334640.77,152769175
2026-09-04,AKE,0.531443,13398,1047626003.03,1971286395
2026-09-04,AKU,0.962292,17237,2319544651.92,2410436553
2026-09-04,AL4,4.047183,12,1289213996.67,318546011
2026-09-04,AL5,54.398064,2351,13680520684.86,251489110
2026-09-04,AL6,3.961026,12,5650771705.46,1426593054
2026-09-04,AL7,3.817833,110,8816131273.54,2309197638
2026-09-04,ALC,0.372315,24948,1623939330.26,4361730129
2026-09-04,ALE,13.706487,150235,92016792022.4,6713375455
2026-09-04,AN1,112.555076,2859,1352798693.64,12018993.248
2026-09-04,ANL,38.037298,3613,620290228.42,16307421
2026-09-04,ANZ,21.967209,157,259998457.92,11835753
2026-09-04,AOJ,1.569702,201,19788222.28,12606359
2026-09-04,AOY,0.351201,35682,993917227.36,2830049993
2026-09-04,AP2,2.905226,34,811245781.54,279236705
2026-09-04,AP4,0.956016,11,238256635.28,249218342
2026-09-04,AP5,0.829221,17,865639.38,1043919
2026-09-04,AP6,6.447658,45,614623353.32,95325048
2026-09-04,AP7,2.69532,449,252890267.89,93825676
2026-09-04,APJ,6.754597,2890,81403002.71,12051497
2026-09-04,APP,33.092214,2,212303162.91,6415502
2026-09-04,APT,0.165066,13125,357862219.58,2167993865
2026-09-04,ARE,0.262315,2068,52186054.26,198943889
2026-09-04,ARF,8.997774,1,812947933.57,90349894
2026-09-04,ARL,16.130989,7363,4030711470.62,249873792
2026-09-04,ARM,18.424949,5054,3028728251.38,164381905
2026-09-04,ARP,41.701423,1,3151126194.97,75563996
2026-09-04,AS1,45.86205,36,6365698.47,138801
2026-09-04,AS3,0.741047,16,167363949.29,225848060
2026-09-04,ASJ,3.876706,749,59519037.59,15352992
2026-09-04,ATJ,22.449204,9,1016823961.47,45294433
2026-09-04,AU1,1.21536,924,52513226.13,43207973
2026-09-04,AUV,50.379307,534,417514321.64,8287417
2026-09-04,AVC,127.184822,12,258020102.95,2028702
2026-09-04,AVT,229.930778,20216,4399449743.96,19133801
2026-09-04,AVZ,94.191754,1,216873688.79,2302470
2026-09-04,AY6,1.389864,11,108773799.9,78262194
2026-09-04,AY7,1.703094,12,322060993.11,189103512
2026-09-04,AYA,18.497694,9543,1060633545.14,57338690
2026-09-04,AYR,0.142022,13092,1667054976.69,11737973661
2026-09-04,AZF,0.188601,4,627129591.91,3325162435
2026-09-04,AZJ,21.323581,66,2003785439.72,93970399
2026-09-04,AZV,27.59262,5,4623635074.54,167567815
2026-09-04,AZZ,64.388473,6,25533933735.44,396560633
2026-09-04,BA1,1.959773,36,400532248,204376901
2026-09-04,BAC,1.40004,12,1196604041.7,854692790
2026-09-04,BAG,1.049609,191,99764031.97,95048785
2026-09-04,BAI,1.108503,124,62007057.63,55937661
2026-09-04,BAL,50.496667,1,1109628398.96,21974290
2026-09-04,BAO,2.871398,4,67470340.84,23497385
2026-09-04,BAS,54.480798,1,1558738348.47,28610784
2026-09-04,BBF,3.650131,894,148492370.85,40681384
2026-09-04,BBI,1.175307,11,799122.03,679926
2026-09-04,BBN,0.486694,13,1119670396.35,2300561650
2026-09-04,BBO,0.409359,11,141764200.53,346308033
2026-09-04,BBP,2.290367,607,22865558.91,9983362
2026-09-04,BBS,1.640652,716,2360631678.51,1438837203
2026-09-04,BCC,78.884737,3,3290449552.42,41712119
2026-09-04,BCK,2.067837,2366,115747822.09,55975303
2026-09-04,BCO,2.010658,1410,116527611.68,57954964
2026-09-04,BDA,57.264016,784,5903242542.52,103088168
2026-09-04,BDC,9.155713,29,357519739.22,39048815
2026-09-04,BDI,0.000242,72,261182356.43,1078899892195
2026-09-04,BDO,2.468482,11,2444466875.34,990271266
2026-09-04,BDS,1.991261,7459,190816473.35,95826930
2026-09-04,BDY,1.716904,2369,104417469.66,60817312
2026-09-04,BFE,1.81422,55,10163232.71,5601986
2026-09-04,BFO,54.491139,1,11092376701.9,203562943
2026-09-04,BFS,1.109903,295,22651738.44,20408749
2026-09-04,BFT,1.174317,586,185827920.09,158243466
2026-09-04,BGH,2.276985,1,1070249815.51,470029440
2026-09-04,BGP,6.632975,28928,65543489542.91,9881461498
2026-09-04,BGR,0.971221,247,32198533.74,33152637
2026-09-04,BHA,1.746109,770,93702291.82,53663475
2026-09-04,BHE,1.821692,97,36819659.04,20211788
2026-09-04,BHF,3.036246,1448,174246061.85,57388659
2026-09-04,BHH,0.181174,71,351026166.13,1937513173
2026-09-04,BHI,2.38534,441,2292545765.28,961098205
2026-09-04,BHL,1.239595,768,90285372.35,72834578
2026-09-04,BHN,1.151823,42,541072853.92,469753460
2026-09-04,BHO,1.214366,1,1487352596.5,1224797601
2026-09-04,BI5,0.893193,11,2526688.68,2828828
2026-09-04,BIA,0.221717,18,827510.6,3732290
2026-09-04,BID,3.246507,2019,227298593.47,70013285
2026-09-04,BIG,1.433468,3224,521182134.41,363581399
2026-09-04,BIH,9.017955,514,899396806.29,99734011
2026-09-04,BIK,1.044667,15,2429930671.47,2326034321
2026-09-04,BIO,2.344878,9940,656896583.99,280141037
2026-09-04,BIP,1.664198,230,4566987520.93,2744257844
2026-09-04,BIS,1.803764,61,797670540.24,442225676
2026-09-04,BIY,1.347307,324,82199472.51,61010184
2026-09-04,BJD,53.71339,110,772709815.93,14385795
2026-09-04,BKO,1.299609,1,208849692.74,160701950
2026-09-04,BKY,50.254993,1051,7873020742.71,156661463
2026-09-04,BLA,4.35735,15,4075420960.9,935298004
2026-09-04,BLD,1.692345,711,501757485.89,296486586
2026-09-04,BLT,1.89451,3327,390294161.99,206013202
2026-09-04,BMU,2.596857,3281,256813496.34,98893973
2026-09-04,BNC,2.243322,245,637645158.38,284241439
2026-09-04,BNH,1.210726,174,58792336.66,48559561
2026-09-04,BOH,0.723737,11,181346663.2,250569682
2026-09-04,BOL,1.729085,297,117531646.84,67973308
2026-09-04,BON,1.448988,447,60542682.04,41782726
2026-09-04,BOP,50.270686,11,1359826692.45,27050092
2026-09-04,BOS,1.250008,825,1971036165.18,1576818351
2026-09-04,BP5,1.367795,11,48657180.8,35573439
2026-09-04,BPD,56.479215,12,168494838.24,2983307
2026-09-04,BPZ,1.618111,1524,1035332200.2,639839972
2026-09-04,BRB,1.051626,11,600879586.41,571381465
2026-09-04,BRC,1.363884,37,118515211.19,86895391
2026-09-04,BRF,1.610886,1139,88994342.83,55245573
2026-09-04,BRG,5.192848,1641,2002977054.73,385718415
2026-09-04,BRH,6.487712,15,4990389548.19,769206408
2026-09-04,BRR,1.693584,717,1309160395.48,773011663
2026-09-04,BRT,0.820833,333,11938412.52,14544263
2026-09-04,BRZ,55.637494,5,1569683940.91,28212700
2026-09-04,BS1,1.440702,282,380732555.67,264268745
2026-09-04,BSA,0.435363,1,887933169.67,2039522977
2026-09-04,BSC,0.13755,41,131680465.4,957330904
2026-09-04,BSD,1.204461,92,360317392.41,299152496
2026-09-04,BSE,0.395211,65,276531335.36,699706389
2026-09-04,BSF,1.237347,1,6995345481.45,5653503590
2026-09-04,BSH,1.009252,130,8376830.25,8300040
2026-09-04,BSM,1.796757,2794,2209621312.78,1229782874
2026-09-04,BSN,0.784437,18,594372505.6,757705538
2026-09-04,BST,10.259218,554,38930327.8,3794668
2026-09-04,BTE,5.12437,1028,220987390.39,43124788
2026-09-04,BTJ,1.387145,56,12440612.61,8968505
2026-09-04,BTK,1.672323,2149,327201952.98,195657164
2026-09-04,BTP,0.603461,19,755768720.38,1252390408
2026-09-04,BTY,59.864161,2,638744256.79,10669894
2026-09-04,BTZ,1.22042,194,7524633.42,6165612
2026-09-04,BUB,1.294837,2637,111995904.21,86494207
2026-09-04,BUC,0.790143,23,1271379.06,1609050
2026-09-04,BUP,4.225946,1,14177108003.41,3354777076
2026-09-04,BUT,1.807156,4,165277936.51,91457465
2026-09-04,BUV,1.234851,236,13161797.33,10658609
2026-09-04,BUY,1.666427,16538,313240024.93,187971082
2026-09-04,BV1,1.667281,489,84192134.74,50496655
2026-09-04,BVB,4.666674,1,5016688391.03,1075003028
2026-09-04,BVC,4.417875,1,7162886466.72,1621342207
2026-09-04,BVD,1.417714,378,242241237.9,170867498
2026-09-04,BVF,1.435706,557,1857060688.98,1293482848
2026-09-04,BVH,2.070679,13,140457548.85,67831653
2026-09-04,BVI,2.852227,27,284440562.06,99725773
2026-09-04,BVK,1.05999,21,28479.82,26868
2026-09-04,BVM,1.288119,126,13348452.68,10362751
2026-09-04,BVT,5.544115,10,20764189.65,3745267
2026-09-04,BVV,3.440161,1116,187620423.44,54538276
2026-09-04,BVZ,4.561275,620,3075873850.26,674345167
2026-09-04,BYZ,1.397878,40,114824305.69,82141874
2026-09-04,CAH,1.231524,208,18698489.77,15183212
2026-09-04,CBD,0.096341,17,1099250411.42,11409975961
2026-09-04,CBN,46.764728,6,597960979.47,12786581
2026-09-04,CBO,226.509739,3,1638855498.01,7235254
2026-09-04,CEY,67.371519,3,223298520.27,3314435
2026-09-04,CFO,2.554656,465,1871636816.95,732637417
2026-09-04,CGD,58.845713,2,651394616.26,11069534
2026-09-04,CHY,0.146623,41,141148721.1,962664615
2026-09-04,CIN,1.727002,520,20884080.35,12092677
2026-09-04,CJD,52.033185,1693,7123233361.21,136897893
2026-09-04,CJF,65.680059,3,1643132951.74,25017227
2026-09-04,CJG,66.532169,1,2015507821.17,30293734
2026-09-04,CJH,62.510624,1711,3075207209.68,49194953
2026-09-04,CKF,2.123554,2910,698596837.56,328975266
2026-09-04,CKL,1.600884,1250,783801903.85,489605586
2026-09-04,CKS,61.619333,2382,5647373934.12,91649385
2026-09-04,COT,59.767934,195,555275781.37,9290530
2026-09-04,CPT,3.663027,14438,940129592.99,256653761
2026-09-04,CPU,3.864908,17749,1661022062.28,429770194
2026-09-04,CRL,49.722876,3,1069041836.37,21500000
2026-09-04,CSD,65.083588,1,678219738.67,10420749
2026-09-04,CSH,3.761666,54,5952169082.61,1582322640
2026-09-04,CTF,9.321516,1,348359563.43,37371557
2026-09-04,CTG,7.566023,1,16390305.02,2166304
2026-09-04,CTM,6.34808,1,16393104.14,2582372
2026-09-04,CTP,63.349686,1,573433120.83,9051870.001
2026-09-04,CTV,10.825175,4,205037180.97,18940772
2026-09-04,CVA,4.22235,1,9757730942.26,2310971747
2026-09-04,CVB,4.280868,5,2025346535.09,473115896
2026-09-04,CVC,2.927234,2,735103833.81,251125767
2026-09-04,CVD,64.730063,2,1105886717.25,17084592
2026-09-04,CVE,2.821303,1,310406123.1,110022256
2026-09-04,CVF,4.830682,1,998903514.49,206783109
2026-09-04,CVK,5.160001,1895,632195667.7,122518522
2026-09-04,CVL,1.59469,1298,82843824.6,51949783
2026-09-04,CYD,58.458827,408,1451262020.24,24825370
2026-09-04,DA1,49.111198,39,5142482.62,104711
2026-09-04,DAC,73.777503,1,523993867.18,7102353
2026-09-04,DAE,2.713091,1,1017967492.1,375205792
2026-09-04,DAH,3.558828,2521,575148921.24,161611900
2026-09-04,DAI,97.27926,4,374465325.29,3849385
2026-09-04,DAL,72.766442,1,698291150.62,9596335
2026-09-04,DAP,1.033464,798,1417626544.7,1371723249
2026-09-04,DAS,55.665396,25300,116572388767.52,2094162565.31
2026-09-04,DAT,99.467913,6,276778219.84,2782588
2026-09-04,DAV,58.679654,224,1210950715.78,20636637
2026-09-04,DAZ,13.562506,4,334273506,24646884
2026-09-04,DB2,2.121763,11,6582947.54,3102584
2026-09-04,DBA,0.757673,25254,9964906058.59,13151994289
2026-09-04,DBB,0.115619,2030,309065080.78,2673144838.85
2026-09-04,DBG,0.666351,4,2744673242.8,4118962935
2026-09-04,DBH,0.386879,8668,987563102.13,2552640700
2026-09-04,DBK,0.122801,85325,784515141.35,6388522106
2026-09-04,DBP,0.504774,1064,164146119.33,325187100
2026-09-04,DBZ,0.142566,2846,710821251.28,4985908700
2026-09-04,DCB,4.838221,22270,140702281910.78,29081410243
2026-09-04,DCD,66.597702,1,251950760.19,3783175
2026-09-04,DCE,74.66672,3,1299156052.48,17399399
2026-09-04,DCN,1.459065,2135,2498937925.09,1712698205
2026-09-04,DCP,72.20698,3,251806101.79,3487282
2026-09-04,DCV,47.920094,23,37826541.05,789366.999
2026-09-04,DDA,12.796947,1025,306870098.77,23979946
2026-09-04,DDC,10.641693,11,2896781878.05,272210632
2026-09-04,DDE,75.694651,1,417461527.17,5515073
2026-09-04,DDF,12.479387,620,95962720.15,7689698
2026-09-04,DDP,73.898769,1,77301216.39,1046042
2026-09-04,DEF,2.737773,91,70959526.11,25918706
2026-09-04,DEH,0.957184,206,26621327.09,27812140
2026-09-04,DEI,0.038168,13,6610573.6,173196936
2026-09-04,DFC,3.276653,1513,109851957.8,33525661
2026-09-04,DFD,2.762753,444,145612626.96,52705619
2026-09-04,DFI,6.141672,49333,31889047438.49,5192242000
2026-09-04,DFO,3.956315,2,1169626942.32,295635450
2026-09-04,DGF,1.521305,486,116934510.11,76864630
2026-09-04,DGH,10.950401,249,3464882336.82,316416034
2026-09-04,DHI,0.400762,46,2118298018.63,5285672299
2026-09-04,DHJ,6.769572,2925,211705300.44,31273068
2026-09-04,DHM,5.316519,1126,25455737.58,4788046
2026-09-04,DHP,4.235409,1,7994305.18,1887493
2026-09-04,DHS,298.588688,1,3942964543.23,13205338
2026-09-04,DHT,1.143861,773,74917303.85,65495098
2026-09-04,DHV,2.430593,1014,426735918.21,175568645
2026-09-04,DID,1.462584,158,28608411.86,19560179
2026-09-04,DIH,2.441085,11,186151721.33,76257782
2026-09-04,DIM,50.5498,1,115633071.41,2287508
2026-09-04,DIP,1.602713,1927,57219377208.4,35701581588
2026-09-04,DK1,1.498751,68,3209929902.39,2141736045
2026-09-04,DK8,48.320405,200,3007120698.8,62232936
2026-09-04,DKA,48.298456,239,2462198808.45,50978831.001
2026-09-04,DKC,0.605874,27,10712210.89,17680598
2026-09-04,DKH,3.724638,1401,208537405.46,55988632
2026-09-04,DKL,51.114257,99,398066588.67,7787780
2026-09-04,DKP,48.447019,628,4177586489.36,86230000
2026-09-04,DKR,0.922274,1448,172423667.67,186954890
2026-09-04,DKS,73.4095,2,235492538.66,3207930
2026-09-04,DL2,2.514836,659,10095501260.24,4014376837
2026-09-04,DLD,7.539722,582,63994003.2,8487581
2026-09-04,DLG,1.272958,37,4628948.09,3636370
2026-09-04,DLN,2.565504,44,5508340579.46,2147078914
2026-09-04,DLY,6.162664,311690,81851225792.35,13281791709
2026-09-04,DLZ,0.507705,44,11002141.83,21670364
2026-09-04,DMG,7.010582,15306,3095984074.17,441615867
2026-09-04,DMI,0.981311,1,1070355955.68,1090741166
2026-09-04,DMR,59.476692,1,17633003429.18,296469134
2026-09-04,DMV,71.295277,2,342671193.39,4806366
2026-09-04,DMZ,65.311843,5,653118427.91,10000000
2026-09-04,DNA,8.533704,5,1698407254.02,199023445
2026-09-04,DNF,1.375277,173,273578997.41,198926515
2026-09-04,DNH,1.129172,61,16725657.52,14812326
2026-09-04,DNK,1.659899,127,628446284.1,378605040
2026-09-04,DNL,56.102338,1,223551322.97,3984706
2026-09-04,DNM,53.258688,1066,1423895572.45,26735461
2026-09-04,DNP,1.456703,328,2039751427.74,1400251935
2026-09-04,DNU,47.81131,15,39305916.95,822105
2026-09-04,DOC,48.313101,174,4937757041.36,102203272
2026-09-04,DOD,70.568911,159,14731700061.06,208756232
2026-09-04,DOH,2.430261,20784,17337716705.59,7134095127
2026-09-04,DOL,53.245936,382,5855971015.82,109979681
2026-09-04,DOR,74.020911,1,533103192.6,7202062
2026-09-04,DOS,68.625197,3,2090471997.34,30462164
2026-09-04,DOV,61.187392,17165,74546081097.02,1218324212
2026-09-04,DP1,17.788983,7,5062332479.54,284576837
2026-09-04,DP2,66.97907,11,375403958.46,5604795
2026-09-04,DP3,71.288554,4,332914694.47,4669960
2026-09-04,DP4,75.143663,3,548116138.63,7294243
2026-09-04,DP5,83.749956,1,1813762255.26,21656874
2026-09-04,DP6,48.400362,212,1944609644.2,40177585
2026-09-04,DP7,61.764882,3,555994005.09,9001782
2026-09-04,DP8,48.420489,49,399782943.7,8256483
2026-09-04,DP9,48.30573,155,6105315100.39,126389046
2026-09-04,DPB,24.567231,3123,10378048562.1,422434603
2026-09-04,DPC,100.35339,1,335411435.84,3342303
2026-09-04,DPE,22.940214,1,1501590204.12,65456679
2026-09-04,DPG,102.235472,2,586237928.78,5734193
2026-09-04,DPI,8.973307,131,313017906,34883228
2026-09-04,DPK,8.749601,1369,895940567.81,102397874
2026-09-04,DPL,103.378584,1,2324993045.82,22490084
2026-09-04,DPN,58.481642,1,2294819.65,39240
2026-09-04,DPP,151.0833,2,54144326.7,358374
2026-09-04,DPT,17.971889,5006,287634452.53,16004687
2026-09-04,DPZ,83.76782,1,124084099.4,1481286
2026-09-04,DRA,1.232494,46,41996296.67,34074242
2026-09-04,DRD,56.15664,149,1735150227.32,30898398
2026-09-04,DRH,1.466162,71,526191576.84,358890494
2026-09-04,DRT,1.217278,523,28639372.06,23527384
2026-09-04,DSC,67.566521,1,1004045804.05,14860108
2026-09-04,DSD,72.690026,1420,3900840102.97,53664035
2026-09-04,DSH,2.264625,1564,5105038314.29,2254253707
2026-09-04,DSP,14.957819,1226,148160624.09,9905229
2026-09-04,DSV,49.398229,45,1163047359.07,23544313
2026-09-04,DTH,1.312689,225,227715134.58,173472227
2026-09-04,DTL,4.002611,3170,155879892.91,38944555
2026-09-04,DTM,1.464281,2743,59992541.1,40970644
2026-09-04,DTO,48.035757,131,119353965.44,2484690
2026-09-04,DTP,1.915178,4,1735093580.35,905970033
2026-09-04,DTV,70.271883,4,4242707322.78,60375603
2026-09-04,DTZ,5.366561,8525,504186300.96,93949614
2026-09-04,DUC,0.276655,12,95822.49,346361
2026-09-04,DUD,53.071642,278,366386078.06,6903613
2026-09-04,DUH,1.084017,445,128076298.54,118149667
2026-09-04,DUT,47.878714,242,884197469.23,18467444
2026-09-04,DUV,1.334909,213,64280471.65,48153434
2026-09-04,DVC,69.456468,1,57301586.38,825000
2026-09-04,DVI,78.337002,2,197636344.05,2522899
2026-09-04,DVN,65.436204,1,313409187.22,4789538
2026-09-04,DVO,5.402175,1,34614903.92,6407587
2026-09-04,DVS,1.59424,321,365402676.11,229201731
2026-09-04,DVT,9.811784,11081,889750099.19,90681783
2026-09-04,DVU,8.727731,5,1425339745.34,163311605
2026-09-04,DVZ,67.357131,1,1415278126.79,21011556
2026-09-04,DXP,1.848296,1037,45380547.49,24552642
2026-09-04,DYJ,48.683072,153,1143597335.28,23490657
2026-09-04,DYN,4.484404,1617,57787767.58,12886388
2026-09-04,DYS,1.682787,13,19538486.07,11610791
2026-09-04,DZ2,1.370715,2,12626608384.71,9211693295
2026-09-04,DZE,0.982162,2869,189305618.79,192743800
2026-09-04,DZM,87.441418,4108,11251377601.02,128673320
2026-09-04,DZP,61.465682,2,465934456.89,7580400
2026-09-04,DZS,1.596309,123,52312134.18,32770679
2026-09-04,EBD,0.26025,572,79158337.8,304162648
2026-09-04,EBI,57.365344,24,813342768.94,14178295
2026-09-04,EBS,49.599727,35,4642501351.83,93599333
2026-09-04,EC2,84.987452,1912,62976449.89,741008.8
2026-09-04,ECA,2.046637,844,346558145.61,169330541
2026-09-04,ECB,54.219385,3152,785881959.17,14494483
2026-09-04,ECV,0.496048,2407,85213293.41,171784512.183
2026-09-04,EDD,1.15222,922,29489758.41,25593867
2026-09-04,EDN,1.044306,38,280516891.84,268615515
2026-09-04,EDP,1.186947,56,77693718.24,65456787
2026-09-04,EDT,2.291323,616,961846261.53,419777686
2026-09-04,EDU,3.641733,691,368672546.35,101235458
2026-09-04,EES,50.816833,1,405748474.47,7984529
2026-09-04,EGP,58.06992,49,264993891.5,4563359
2026-09-04,EGR,1.030931,132,270656088.39,262535537
2026-09-04,EHS,2.470218,3,582820634.82,235938967
2026-09-04,EIB,0.688462,498,306667906.99,445438832
2026-09-04,EID,1.923643,1822,90483310.44,47037485
2026-09-04,EIL,5.35825,1438,1018684969.23,190115240
2026-09-04,EJG,9.474944,1,648268150.16,68419205
2026-09-04,EKF,0.138729,4891,1505895465,10854948281
2026-09-04,EKL,1.848345,1305,2323522136.62,1257082225
2026-09-04,ELZ,13.472538,702,306253964.43,22731721
2026-09-04,EME,1.093727,15,36517526.84,33388148
2026-09-04,EML,1.235977,987,42000497.99,33981617
2026-09-04,ENA,1.149452,1692,41311018.66,35939745
2026-09-04,ENJ,1.364608,679,54626271.19,40030733
2026-09-04,ENO,48.893423,116,70889742.41,1449883
2026-09-04,ENR,1.222222,13404,2324144595.23,1901573480
2026-09-04,ENS,1.201267,1822,43336198.2,36075411
2026-09-04,EP1,1.083437,2025,14552215565.06,13431533288
2026-09-04,EPA,1.396801,158,562871339.85,402971851
2026-09-04,EPI,1.097024,343,277020943.38,252520421
2026-09-04,EPK,1.390178,1518,239577754.92,172336024
2026-09-04,EPO,62.989727,1,465493769.13,7389995
2026-09-04,EPP,1.502684,52,1888749554.9,1256917079
2026-09-04,EPT,1.355189,69,1263107506.79,932052985
2026-09-04,ESG,4.111413,80,11081589.74,2695324
2026-09-04,ESN,1.754861,12,41259966.37,23511812
2026-09-04,ESP,0.307733,268,21532169.07,69970224
2026-09-04,ETN,1.015029,14,224367717.12,221045721
2026-09-04,EUN,64.38065,3536,6080980201.87,94453538
2026-09-04,EUZ,63.39413,38698,146949130995.5,2318024259
2026-09-04,EVM,1.166281,635,45789876.44,39261461
2026-09-04,EYT,3.047902,494,41932024.56,13757669
2026-09-04,EZM,44.840941,1,4484094.06,100000
2026-09-04,FAK,1.325611,356,20782121.06,15677391
2026-09-04,FAL,1.261208,624,333244607.55,264226627
2026-09-04,FBC,1.924935,5726,161401568.48,83847781
2026-09-04,FBI,53.507258,4998,16953516602.81,316845178
2026-09-04,FBN,5.534381,417,2360998105.06,426605660
2026-09-04,FBV,7.694032,1937,647685370.95,84180226
2026-09-04,FBZ,4.763869,402,297566296.05,62463160
2026-09-04,FCK,1.752327,554,283941282.9,162036681
2026-09-04,FCS,2.368877,179,2261538565.27,954688244
2026-09-04,FD1,2.034265,139,19399044.79,9536144
2026-09-04,FDE,48.347264,881,4421840732.55,91460000
2026-09-04,FDG,2.67359,767,53503499.83,20011857
2026-09-04,FDO,61.930842,1,293388880.66,4737363
2026-09-04,FDV,6.011883,1,1472911327.61,245000000
2026-09-04,FDZ,0.302308,11,222900816.29,737329526
2026-09-04,FFD,0.051761,640,615811549.88,11897245186
2026-09-04,FFF,65.291282,1,1074875949.58,16462779
2026-09-04,FFH,8.766535,2166,1687080012.71,192445468
2026-09-04,FFO,59.260631,7,106779005.89,1801854
2026-09-04,FFP,7.802984,2394,2000249090.3,256344137
2026-09-04,FHI,1.390053,11,68076557.09,48974090
2026-09-04,FHP,3.452986,48,11273374915.09,3264819101
2026-09-04,FHZ,65.346879,3,743171038.16,11372709
2026-09-04,FI3,811.717601,9748,1768885909.19,2179188.804
2026-09-04,FI5,753.043939,53749,121968466504.39,161967264
2026-09-04,FIB,0.511916,12425,5133641456.81,10028296666.58
2026-09-04,FID,1.038625,1679,865680828.84,833487687
2026-09-04,FIL,0.37712,21186,14277036788.46,37858049221
2026-09-04,FIT,0.235749,608,261124574.91,1107638470
2026-09-04,FJB,7.251168,740,404426992.45,55774046
2026-09-04,FJC,60.69298,96,1295231354.15,21340711
2026-09-04,FJM,58.320391,1646,7888259333.45,135257313
2026-09-04,FJN,58.099278,1268,4930956761.46,84871223
2026-09-04,FJZ,66.644919,809,1499354195,22497652
2026-09-04,FKE,59.91305,12173,49228559758.46,821666727
2026-09-04,FKV,48.451619,475,2320348018.79,47890000.01
2026-09-04,FLS,62.922208,2341,4182476819.97,66470598
2026-09-04,FLY,1.585285,2262,105864158.95,66779243
2026-09-04,FMG,3.443992,10309,12663171288.21,3676887735
2026-09-04,FMS,55.242748,1,610516166.01,11051517
2026-09-04,FMV,1.44078,32,165537123.49,114894110
2026-09-04,FNN,0,1,0,0
2026-09-04,FNO,0.206724,6542,10825886816.75,52368724685.035
2026-09-04,FNT,2.138902,1783,524709611,245317286
2026-09-04,FP4,0.646768,128,107822165.28,166709096
2026-09-04,FPE,76.966372,1423,339940376.73,4416739
2026-09-04,FPG,2.257955,2041,828965271.91,367130964
2026-09-04,FPH,34.667947,4498,1262143928.46,36406653
2026-09-04,FPI,2.679971,219,70933104.87,26467864
2026-09-04,FPK,0.099551,1192,297670239.69,2990129228
2026-09-04,FPR,10.863183,31,163864628.83,15084403
2026-09-04,FPZ,69.730193,19450,134808297963.3,1933284462
2026-09-04,FR1,0.816903,20,216803120.73,265396484
2026-09-04,FRA,31.900916,2,521459462.79,16346222
2026-09-04,FRC,1.519183,203,65361569.62,43024169
2026-09-04,FRZ,15.139086,2,270999366.63,17900643
2026-09-04,FS1,1.510262,229,134965909.97,89365907
2026-09-04,FS2,2.22371,26,57890070.62,26033101
2026-09-04,FS3,1.030726,21,874988989.83,848905511
2026-09-04,FS4,1.202091,20,617125536.22,513376841
2026-09-04,FS5,2.291195,69,55232879,24106577
2026-09-04,FS6,1.923071,372,129549305.99,67365838
2026-09-04,FSF,7.01957,7812,12240655271.96,1743789862.997
2026-09-04,FSG,3.740528,724,654432611.86,174957288
2026-09-04,FSH,4.801297,537,371986407.19,77476239
2026-09-04,FSK,6.203732,2627,6126153636.54,987494925
2026-09-04,FSM,1.974177,21,265015544.15,134241049
2026-09-04,FSP,20.613764,21,135143.84,6556
2026-09-04,FSR,48.071682,2467,5011836033.18,104257556
2026-09-04,FSU,1.438485,6086,1276485063.1,887381578
2026-09-04,FSV,56.124153,1653,10317302981.24,183830000.01
2026-09-04,FTL,1.553806,676,216346193.4,139236314.823
2026-09-04,FTY,48.321215,1240,8003926030.63,165640000
2026-09-04,FUA,5.186332,4762,311159267.21,59996021
2026-09-04,FUB,0.761382,2162,932072738.68,1224185375
2026-09-04,FUM,63.473093,2,456437045.21,7191032
2026-09-04,FUN,1.604521,448,2911845688.15,1814775328
2026-09-04,FUP,101.201433,2,301514794.19,2979353
2026-09-04,FVL,5.031159,56,1429524268.38,284134204
2026-09-04,FYA,0.050336,145,1439628402.88,28600569290.69
2026-09-04,FYB,101.208156,9,201977372.54,1995663
2026-09-04,FYD,11.558989,5210,3160580191.36,273430502.194
2026-09-04,FYF,0.109543,11,38417622.46,350708449
2026-09-04,FYG,16.917434,2,97445589.33,5760069
2026-09-04,FYH,86.804524,21,622460657.56,7170832
2026-09-04,FYI,11.015613,211,58671250.21,5326190
2026-09-04,FYM,0.447562,15,338022891.8,755254621
2026-09-04,FYO,1.20404,1556,2026659329.84,1683215782.005
2026-09-04,FYT,0.371411,96754,3760254193.07,10124242073
2026-09-04,FYZ,5.873357,2,255001665.74,43416680
2026-09-04,FZJ,5.730896,2120,1162969553.88,202929782.629
2026-09-04,FZP,6.715437,555,819628289.37,122051372
2026-09-04,GA1,2.038425,1546,347428931.07,170439853
2026-09-04,GAC,77.973088,1,431010045.92,5527677
2026-09-04,GAE,0.456049,14737,1439379087.4,3156192820
2026-09-04,GAF,1.616396,1524,182025695.33,112612054
2026-09-04,GAG,18.296632,233,801425127.85,43801784
2026-09-04,GAH,12.742183,2708,369799939.38,29021709
2026-09-04,GAJ,63.987502,1,507745182.86,7935068
2026-09-04,GAL,415.183525,59397,74903047166.19,180409488
2026-09-04,GAN,9.006428,11,24254851.01,2693060
2026-09-04,GAS,0.32118,2275,3319940470.53,10336691395
2026-09-04,GAU,67.487327,5,2183912036.54,32360328
2026-09-04,GAV,63.065794,1,248542293.37,3941000
2026-09-04,GBC,0.310157,1676,252064377.34,812699552.475
2026-09-04,GBG,0.592827,4158,213501960.18,360142015
2026-09-04,GBH,4.110169,2789,2094286948.8,509537882
2026-09-04,GBJ,1.463867,1821,850382205.67,580914748
2026-09-04,GBL,0.881256,1701,2574496659.22,2921395706.969
2026-09-04,GBN,6.963715,390,6404647601.53,919717032
2026-09-04,GBP,71.456177,2,3857488904.94,53983981
2026-09-04,GBV,13.066661,22109,2189483127.44,167562559
2026-09-04,GBZ,3.597701,3272,1245348267.08,346151089
2026-09-04,GCA,71.93224,2,828471163.67,11517383
2026-09-04,GCC,5.99,2,1330141818.04,222060386
2026-09-04,GCD,4.186025,20,1126322867.47,269067409
2026-09-04,GCI,65.117708,3,223086494.03,3425896
2026-09-04,GCZ,61.431466,1,11961627.96,194715
2026-09-04,GDJ,62.450939,4,505941783.8,8101428
2026-09-04,GDP,67.267003,1,1563019455.31,23236050
2026-09-04,GEC,77.006239,2,161674676.75,2099501
2026-09-04,GEI,13.873547,11,518700384.87,37387728
2026-09-04,GEZ,61.899037,1,410666439.48,6634456
2026-09-04,GFB,70.951967,4,422956522.8,5961167
2026-09-04,GFD,71.012133,2,110435228.39,1555160
2026-09-04,GFI,54.3018,3,1666979092.02,30698413
2026-09-04,GFL,10.874827,1,320665240.05,29486927
2026-09-04,GFN,80.85568,3,935778043.5,11573436
2026-09-04,GFY,71.054709,3,413737856.62,5822807
2026-09-04,GGA,67.824505,3,8367117779.9,123364230
2026-09-04,GGC,5.384741,5,189182084.84,35132999
2026-09-04,GGD,66.52926,2,6003611710.54,90240169
2026-09-04,GGK,14.09587,11887,2545626800.94,180593808
2026-09-04,GGM,8.600367,1,2943827493.39,342290935
2026-09-04,GGN,70.114526,4,488237314.35,6963426
2026-09-04,GGP,10.45631,1,72430.86,6927
2026-09-04,GGR,68.86198,3,1621623617.01,23548896
2026-09-04,GHS,39.35472,15182,2661778945.64,67635570
2026-09-04,GID,1.635522,1931,37767096.5,23091775
2026-09-04,GIE,3.618111,4571,74318840.35,20540785
2026-09-04,GIH,2.201743,649,8589813.64,3901370
2026-09-04,GJA,67.287859,3,959750688.83,14263356
2026-09-04,GJB,10.438267,963,74764430.06,7162533
2026-09-04,GJD,64.908341,3,410461008.52,6323702
2026-09-04,GJE,64.491692,2,149408740.99,2316713
2026-09-04,GJF,64.73195,2,236133350.07,3647864
2026-09-04,GJH,3.990387,23917,145652631942.61,36500883130
2026-09-04,GJM,43.665639,68,444056708.26,10169477
2026-09-04,GJO,60.394757,1,590627442.8,9779449
2026-09-04,GKE,0,0,0.01,0
2026-09-04,GKF,4.406366,683,41738872.02,9472402
2026-09-04,GKG,1.417206,1882,45258916.77,31935321
2026-09-04,GKH,4.547895,1865,6679109524.43,1468615537
2026-09-04,GKK,66.651977,2,2040724039.8,30617607
2026-09-04,GKL,15.327927,4,862183756.47,56249207
2026-09-04,GKM,48.906494,14,132224576.39,2703620
2026-09-04,GKO,0,0,0.01,0
2026-09-04,GKV,8.318699,4378,370637662.62,44554763
2026-09-04,GL1,1494.158421,952,1483095671.75,992596
2026-09-04,GLC,4.356318,71,16875551.14,3873811
2026-09-04,GLG,7.905096,323,24657597.76,3119203
2026-09-04,GLL,1.015389,49,49804003.94,49049204
2026-09-04,GLM,0.473121,11,4794095.47,10132926
2026-09-04,GLP,69.317331,4,568542205.68,8202021
2026-09-04,GLS,0.172583,1451,390596843,2263234596.001
2026-09-04,GLV,8.379395,23,113965184.8,13600646
2026-09-04,GMA,2.166822,1502,2767263235.08,1277106944.556
2026-09-04,GMC,8.040657,20977,4227860217.75,525810306
2026-09-04,GMD,2.754975,107,15654005.77,5682086
2026-09-04,GME,28.209594,2,398014210.94,14109179
2026-09-04,GMI,1.398348,5147,645166093.23,461377430
2026-09-04,GMM,48.637037,26,450830358.95,9269281
2026-09-04,GMN,1.383134,28,80605412.6,58277372
2026-09-04,GMO,2.990758,4,2376620340.86,794654932
2026-09-04,GMP,63.413414,1,1623377440,25599906
2026-09-04,GMR,1.316517,4495,164539104.14,124980597
2026-09-04,GMV,0,0,0.01,0
2026-09-04,GMZ,13.743669,2,366029463.42,26632587.787
2026-09-04,GNH,1.413751,191,7318808.96,5176871
2026-09-04,GNK,69.912742,1,489436943.38,7000683
2026-09-04,GNL,61.849471,3,1759923224.52,28454944
2026-09-04,GNP,1.493502,7193,3406300330.43,2280746899
2026-09-04,GNS,1.515008,1530,70991462.83,46858797
2026-09-04,GNZ,1.623941,470,2020265.76,1244051
2026-09-04,GO1,4.829587,748,80656215.63,16700437
2026-09-04,GO3,4.904639,451,36848982.69,7513087
2026-09-04,GO4,5.323344,737,48793815.63,9166009
2026-09-04,GO6,4.324353,4010,4790122527.71,1107708488
2026-09-04,GO9,2.704744,1653,429468461.54,158783416
2026-09-04,GOF,53.424671,340,411993648.15,7711674
2026-09-04,GOH,15.866987,8976,578742452.55,36474629
2026-09-04,GOK,1.003504,23,102462471.15,102104744
2026-09-04,GOL,2.854894,11908,4545161488.07,1592059895
2026-09-04,GOP,1.236006,1719,2258958757.18,1827627547
2026-09-04,GP1,4.121998,1,188437649.14,45715125
2026-09-04,GP3,64.676049,478,745966432.73,11533890
2026-09-04,GPA,23.49489,5432,847392206.06,36067085
2026-09-04,GPB,12.307638,9551,1259847111.88,102363032
2026-09-04,GPC,72.850639,3597,6812470557.68,93512846
2026-09-04,GPF,9.149693,3107,687496084.79,75138704
2026-09-04,GPG,16.876283,2937,1045974186.74,61978944
2026-09-04,GPH,45.561999,1,2671618.93,58637
2026-09-04,GPI,18.649735,2801,738167161.85,39580572
2026-09-04,GPJ,58.630765,2,866103623.07,14772170
2026-09-04,GPL,53.67682,37307,99765023224.88,1858623941
2026-09-04,GPM,62.839474,2,1309391012.87,20837078
2026-09-04,GPN,1.411296,4991,5494476280.41,3893213887
2026-09-04,GPT,2.758613,3124,101067526.93,36637074
2026-09-04,GPU,21.237072,2475,356615374.71,16792116
2026-09-04,GPV,67.552154,1,579124617.14,8573000
2026-09-04,GPZ,1.992098,213,6546795963.69,3286383184
2026-09-04,GRL,1.801599,284,379729605.83,210773659
2026-09-04,GRO,54.713698,27291,194888938808.68,3561977067
2026-09-04,GRT,1.557867,1912,115782306.18,74321065
2026-09-04,GSE,65.739385,107,1407505413.69,21410383
2026-09-04,GSG,71.7289,1,88433986.87,1232892
2026-09-04,GSL,3.50972,1,51030607.69,14539796
2026-09-04,GSO,15.526094,8,27854155235.2,1794022098
2026-09-04,GSP,0.567327,14249,4224840135.65,7446925347
2026-09-04,GSR,57.870398,2,268701518.71,4643160
2026-09-04,GSU,0,0,0.01,0
2026-09-04,GTA,1.625101,75649,24565641254.66,15116377523
2026-09-04,GTF,15.126973,506,148514220.32,9817841.203
2026-09-04,GTH,1.487669,783,28826005.86,19376628
2026-09-04,GTK,7.111956,1,28657391632.46,4029467144
2026-09-04,GTL,0.136601,352243,216778598625.1,1586946729892
2026-09-04,GTM,7.888658,13409,1048819452.69,132952837
2026-09-04,GTN,52.819555,2,1479609637.58,28012535
2026-09-04,GTY,6.366075,525,408801930.85,64215691
2026-09-04,GTZ,12.05551,62102,12748282370.87,1057465168
2026-09-04,GUA,6.052877,1,2069241508.44,341860798
2026-09-04,GUB,2.603902,9844,4567446681.63,1754077686
2026-09-04,GUC,1.487639,1,1295077956.9,870559223
2026-09-04,GUF,0.929661,4018,624812015.49,672085582
2026-09-04,GUH,0.441943,38569,4602079026.6,10413284512
2026-09-04,GUK,1.459223,2654,1160964750,795604883
2026-09-04,GUM,12.903113,52761,6713385753.09,520291957
2026-09-04,GUV,1.767259,1878,752793646.18,425966912
2026-09-04,GVA,4.03899,3413,94963456.6,23511685
2026-09-04,GVB,68.5377,3,3598204601.99,52499640
2026-09-04,GVC,64.969231,1,307906596.37,4739268
2026-09-04,GVD,18.426891,1,407510.7,22115
2026-09-04,GVI,5.615114,4617,1179556492.64,210068131
2026-09-04,GVL,67.261005,3,529486295.38,7872114
2026-09-04,GVZ,73.913434,2,408989197.79,5533354
2026-09-04,GYC,4.13886,1,20777419729.56,5020082762
2026-09-04,GYG,72.050283,4,506965391.89,7036272
2026-09-04,GYK,0.116297,275,84557373.88,727084070
2026-09-04,GYL,14.792035,7386,1331676096.18,90026566.569
2026-09-04,GYN,69.532174,1,1433305989.21,20613565
2026-09-04,GYR,63.965887,5,595346309.75,9307247
2026-09-04,GZB,7.606117,1,1445162230.63,190000000
2026-09-04,GZD,62.473474,3,54770369.92,876698
2026-09-04,GZE,7.964248,4086,1458039338.43,183073068
2026-09-04,GZG,7.605744,4566,427215416.77,56170102
2026-09-04,GZH,4.749433,5544,358132974.24,75405419
2026-09-04,GZJ,8.716346,5286,1746777885.34,200402547
2026-09-04,GZL,5.878619,6029,384905242.65,65475448
2026-09-04,GZM,10.319648,974,635552906.03,61586682
2026-09-04,GZN,51.207662,1065,389529006.04,7606850
2026-09-04,GZO,70.255927,1,85065735.48,1210798
2026-09-04,GZP,7.731475,10356,3886694005.88,502710529
2026-09-04,GZR,11.410829,1958,1043920783.92,91485099
2026-09-04,GZU,68.203416,2,465805392.48,6829649
2026-09-04,GZV,8.713517,1387,99919037.39,11467130
2026-09-04,GZY,7.562507,2281,65184864.09,8619478
2026-09-04,GZZ,7.136829,1245,66097670.74,9261490
2026-09-04,HAE,56.546336,1238,2917451990.87,51594006
2026-09-04,HAG,62.63705,45,427635921.41,6827204
2026-09-04,HAI,1.039094,327,11987656.52,11536643
2026-09-04,HAM,3.150182,7539,1585734010.59,503378605
2026-09-04,HAR,1.063929,69,95639750.82,89892956
2026-09-04,HAT,1.874716,82,3202614.42,1708320
2026-09-04,HB1,50.948317,332,18839104590.25,369768930
2026-09-04,HB2,58.220775,175,12018132037.77,206423429
2026-09-04,HBF,51.883963,10734,6377230545.04,122913328
2026-09-04,HBJ,1.421072,1,142107.16,100000
2026-09-04,HBN,4.329646,1062,531008128.35,122644702
2026-09-04,HBU,1.445019,2796,487103296.55,337091221
2026-09-04,HBV,18.656956,17,1073519898.7,57539929
2026-09-04,HCV,1.013334,657,148363031.47,146410799
2026-09-04,HDA,3.148745,514,94631354.84,30053676
2026-09-04,HDD,1.077454,149,10523847.58,9767329
2026-09-04,HDE,57.971147,4441,9319587049.98,160762508
2026-09-04,HDH,6532.004634,17,24157547890.9,3698336
2026-09-04,HDJ,6.706137,11,16628576.98,2479606
2026-09-04,HDK,3.021041,127,12131344.11,4015617
2026-09-04,HDS,17.1331,13,1562912228.53,91221799
2026-09-04,HDV,66.713759,2242,4994076644.46,74858271
2026-09-04,HEH,3.329524,1438,401320095.14,120533774
2026-09-04,HFA,3.125946,2,4922520512.71,1574729725
2026-09-04,HFI,1.754522,134,59884799.93,34131686
2026-09-04,HFO,0.986139,183,5530195.31,5607924
2026-09-04,HFR,1.399375,414,26090139.38,18644134
2026-09-04,HFV,64.234001,3240,8846090452.7,137716635
2026-09-04,HFY,1.327797,37,76088619.73,57304425
2026-09-04,HGC,53.382315,283,473687384.42,8873489
2026-09-04,HGH,1.75758,19,35646627.56,20281650
2026-09-04,HGJ,17.558663,12,1915596466.66,109096943
2026-09-04,HGM,4.131003,1813,151040334.48,36562629.351
2026-09-04,HGR,1.341426,148,30512492.28,22746310
2026-09-04,HGT,96.363297,14,3412547542.11,35413354
2026-09-04,HGU,5.021308,2,2817047159.43,561018563
2026-09-04,HGV,4.73089,364,22490529.14,4753974
2026-09-04,HIA,1.569832,255,1383436821.96,881264035
2026-09-04,HIF,0.526615,53,11252415.1,21367429
2026-09-04,HIH,1.401572,4584,216730779.56,154634083
2026-09-04,HII,3.359274,1,1106434809.52,329367203
2026-09-04,HIM,4.028283,202,283083022.51,70273861
2026-09-04,HIP,2.201716,1260,2234978843.31,1015107460
2026-09-04,HIS,3.060554,12,1246383.17,407241
2026-09-04,HIZ,2.069094,1040,200362020.39,96835631
2026-09-04,HJA,21.589571,13,1739083630.83,80552023
2026-09-04,HJB,4.624535,1547,106100982.56,22943060
2026-09-04,HKG,1.539384,1113,41113180.27,26707555
2026-09-04,HKH,8.523067,13311,758406984.54,88982876
2026-09-04,HKJ,1.427338,2318,14655817870.68,10267937137
2026-09-04,HKM,3.837145,889,45047572.91,11739868
2026-09-04,HKP,5.702263,70,149502010.26,26218012
2026-09-04,HKR,3.856636,1473,1414502689.73,366771075
2026-09-04,HKV,599.618945,37411,4286927075.41,7149419
2026-09-04,HLA,1.826412,10,29940116.15,16392863
2026-09-04,HLL,0.387729,1030510,52462885580.25,135308263459.95
2026-09-04,HLR,107.895729,13,3410551741.05,31609701
2026-09-04,HMC,8.078016,116,459535011.9,56887110
2026-09-04,HME,54.865082,8216,27944253869.9,509326746
2026-09-04,HMG,0.068758,6143,7462025425.55,108525801264
2026-09-04,HMK,283.978507,45,84272041.79,296755
2026-09-04,HML,48.352811,41,29465526.36,609386
2026-09-04,HMS,0.093462,3976,243000711.35,2599998242
2026-09-04,HMT,7.218243,22,616041524.94,85345075
2026-09-04,HMV,15.782592,13,14002860689.5,887234531
2026-09-04,HNS,48.533022,169,606393225.91,12494446
2026-09-04,HOA,0.241495,3340,2019294093.22,8361644776
2026-09-04,HOY,0.366818,2539,1360996274.05,3710271769
2026-09-04,HP3,59.200094,179,736589054.77,12442363
2026-09-04,HPC,11.915843,7,37820356954.78,3173955655
2026-09-04,HPD,0.213921,1461,286161395.98,1337694215
2026-09-04,HPF,23.590793,12,1017921965.34,43149120
2026-09-04,HPH,2.406352,9105,6144646008.57,2553511027
2026-09-04,HPI,4.660693,14,160393446,34414080
2026-09-04,HPJ,3.888351,1,35671955.34,9174058
2026-09-04,HPL,0.781743,24,228124533.5,291815213
2026-09-04,HPO,0.171804,2862,1090425898.62,6346923087
2026-09-04,HPT,0.115006,10292,3354247713.34,29165912984
2026-09-04,HPV,7.888101,339219,9159497929.93,1161179107.001
2026-09-04,HPZ,533.982893,17,5201527.36,9741
2026-09-04,HRZ,2.152183,6125,236633504.97,109950434
2026-09-04,HSA,1625.176543,2363,4034325249.37,2482392
2026-09-04,HSL,418.446781,24238,26228504534.51,62680622
2026-09-04,HSP,46.067894,60,101574316.01,2204883
2026-09-04,HST,1.025523,3719,394976442.05,385146425.328
2026-09-04,HTF,1.467414,540,5012534156.6,3415896557
2026-09-04,HTJ,1.962864,252,40311428.19,20537047
2026-09-04,HTK,1.012064,869,118223900.79,116814683
2026-09-04,HTS,59.884077,2633,4887182348.95,81610715
2026-09-04,HTZ,11.585148,13,80355351.97,6936066
2026-09-04,HUI,94.088536,1,2220457072,23599656
2026-09-04,HUS,0.003535,12,2011480.44,568993837
2026-09-04,HVA,174.460269,16,83944698.82,481168
2026-09-04,HVB,1.557267,13,1792613667.73,1151128347
2026-09-04,HVC,26.563533,16,72458145.69,2727730
2026-09-04,HVI,1.289921,360,41656118.19,32293533
2026-09-04,HVK,4.891504,1353,437672825.6,89476127
2026-09-04,HVL,20.505994,11,2879041.6,140400
2026-09-04,HVN,5.923199,12,5906075.33,997109
2026-09-04,HVS,1.572621,10081,2631443941.52,1673285884
2026-09-04,HVT,4.805109,1832,733760644.89,152704258
2026-09-04,HVU,5.649742,788,15939975.57,2821363.248
2026-09-04,HVV,70.095414,1,3192996111.35,45552140
2026-09-04,HVZ,6.672787,1783,81283030.85,12181272
2026-09-04,HYK,11.494426,24,211289015.31,18381868
2026-09-04,HYP,10.828028,61,568373475.78,52490949
2026-09-04,HYU,1.823747,233,886034867.87,485832062
2026-09-04,HYV,6.425212,6494,6221867202.33,968352007
2026-09-04,HYY,12.538791,1,5912284927.17,471519535
2026-09-04,HZV,6.425447,3,1052452948.31,163794514
2026-09-04,IAC,5.110964,1,3544039772.83,693419042
2026-09-04,IAE,2.159775,444,283945793.33,131470103
2026-09-04,IAI,5.939385,1,67681257.49,11395330
2026-09-04,IAJ,0.96072,12,2031585.53,2114650
2026-09-04,IAM,1.752147,2835,82926636.5,47328573
2026-09-04,IAR,76.04917,20,138305834.29,1818637
2026-09-04,IAS,2.028636,17,3271081318.51,1612453728
2026-09-04,IAT,0.199145,8920,1887560907.16,9478338489.206
2026-09-04,IAU,2.68174,205,32265647.28,12031611
2026-09-04,IAY,1.526553,197,44791554.32,29341631
2026-09-04,IBB,15.773402,8749,1347412532.34,85423078
2026-09-04,IBC,19.727381,5,422735942.81,21428893
2026-09-04,IBE,15.564782,12,515594708.73,33125727
2026-09-04,IBG,1.657516,11,553186154.91,333744116
2026-09-04,IBJ,65.632952,23,821251544.14,12512793
2026-09-04,IBK,0.138267,121096,230503555.94,1667091240
2026-09-04,IBM,3.910456,16,210316817.98,53783198
2026-09-04,IBP,72.260927,4,4833718925.02,66892567
2026-09-04,IBR,0.310062,82,1873530500.56,6042440247
2026-09-04,ICA,0.561093,2829,608408247.91,1084326545
2026-09-04,ICC,1.343335,274,26447236.02,19687749
2026-09-04,ICD,135.901507,196,34843515.45,256388
2026-09-04,ICE,129.500076,4684,1585102297.8,12240165
2026-09-04,ICF,190.331335,529,21847182.3,114785
2026-09-04,ICG,71.288543,1,714819770.11,10027134
2026-09-04,ICH,2.49687,5315,1190360610.73,476741105
2026-09-04,ICN,4.381169,16,417848514.1,95373752
2026-09-04,ICS,49.96071,53,15232870.74,304897
2026-09-04,ICV,5.986544,45,6529098.74,1090629
2026-09-04,ICZ,8.731527,22294,997871534.02,114283735
2026-09-04,IDD,0.1574,25,32901344.77,209030711
2026-09-04,IDF,77.943611,4338,12802539503.21,164253867
2026-09-04,IDH,12.884804,19878,889515570.7,69036019
2026-09-04,IDI,1.730209,1202,75072533.09,43389279
2026-09-04,IDL,6.129693,3899,4353935795.94,710302379
2026-09-04,IDO,58.853741,15442,77073190232.99,1309571631
2026-09-04,IDP,1.873654,23,129874021.02,69315905
2026-09-04,IDV,72.012405,2,560731501.76,7786596
2026-09-04,IDY,0.237993,2492,736524510.9,3094734448.126
2026-09-04,IED,1.0422,1304,65135751.43,62498344
2026-09-04,IEN,1.212306,97,15263092.96,12590131
2026-09-04,IEV,5.117417,4208,101546822.39,19843374
2026-09-04,IEZ,3.98923,3,80468579.78,20171458
2026-09-04,IFD,60.790072,9,1215801437.53,20000000
2026-09-04,IFN,9.148576,428,3611903.54,394805
2026-09-04,IFV,4.723754,202,24347715.49,5154315
2026-09-04,IFY,7.613422,1,98974483.64,13000000
2026-09-04,IGF,69.043231,2,1459035775.04,21132206
2026-09-04,IGL,587.84534,16954,4778570663.16,8128959
2026-09-04,IGM,67.00036,3,1299004791.67,19388027
2026-09-04,IGZ,11.848932,3,796513066.29,67222350
2026-09-04,IH1,0.919614,92,175289374.98,190611880
2026-09-04,IHA,3.072331,312,5240723.82,1705781
2026-09-04,IHC,7.902073,485,407752687.87,51600722
2026-09-04,IHK,16.400678,28912,1495553723.82,91188529
2026-09-04,IHP,1.761607,268,64001391.32,36331252
2026-09-04,IHT,3.643755,3286,76107910.73,20887221
2026-09-04,IHV,1.823034,46,308279818.99,169102646
2026-09-04,IHY,5.53613,1,186008106.45,33598940
2026-09-04,IHZ,0.839164,68,2501451.06,2980886
2026-09-04,IIA,3.868479,11,1480974557.44,382831186
2026-09-04,IIC,6.662464,13,4864844.86,730187
2026-09-04,IIE,4.075349,3454,393762788.37,96620637
2026-09-04,IIF,1.582783,14,1210158250.42,764576106
2026-09-04,IIH,32.991112,21430,1751068805.66,53076987
2026-09-04,IIN,1.432452,138,1776529891.16,1240202111
2026-09-04,IIS,36.547199,136,1088204456.7,29775317.248
2026-09-04,IJA,13.84361,1210,175480809.48,12675942.471
2026-09-04,IJB,6.649174,7044,225721072.35,33947233
2026-09-04,IJC,15.246005,45750,4235611221.07,277817785
2026-09-04,IJE,68.089109,4,33130049.65,486569
2026-09-04,IJF,9.366016,2,859629188.64,91781736
2026-09-04,IJH,7.312095,392,33539146.08,4586804
2026-09-04,IJI,10.315206,291,188649023.25,18288440
2026-09-04,IJK,64.370905,3,289225748.81,4493113
2026-09-04,IJL,54.083426,12,357848448.17,6616601
2026-09-04,IJP,9.207082,12723,635317344.83,69003115
2026-09-04,IJT,7.376843,1624,1178203505.45,159716494
2026-09-04,IJV,5.722251,2831,3128534721.99,546731506
2026-09-04,IJZ,14.248664,16010,912884809.96,64068097
2026-09-04,IK2,48.05595,94,205296124,4272023
2026-09-04,IKL,10.165011,5434,275177591.07,27071057
2026-09-04,IKP,9.095727,12884,1009757904.18,111014541
2026-09-04,IKV,1.539404,1199,145783394.59,94701175
2026-09-04,ILC,51.599437,220,1434533841.62,27801347.01
2026-09-04,ILE,5.266983,1,11725217248.33,2226173174
2026-09-04,ILH,4.060362,11397,201535810973.23,49634935339.47
2026-09-04,ILI,5.931943,15,851063048.72,143471211
2026-09-04,ILM,7.086644,13,308454301.46,43526148
2026-09-04,ILP,63.018523,6,3136213092.69,49766528
2026-09-04,ILU,1.241106,4,2280388552.61,1837384432
2026-09-04,ILZ,8.295451,6441,1082502804.01,130493550
2026-09-04,IMB,1.18049,178,4172985.72,3534962
2026-09-04,IMF,5.777794,19,384512427.4,66550045
2026-09-04,IMG,49.690865,138,907526275.16,18263443
2026-09-04,IMH,6.538307,1,702146377.64,107389633
2026-09-04,IML,1.741626,4576,866195195.66,497348583
2026-09-04,IMO,6.081559,2,5222829332.85,858797825
2026-09-04,IMS,15.252107,4,566974968.96,37173550
2026-09-04,IMT,71.873348,4,726458356.92,10107479
2026-09-04,IMY,75.133984,6,1613055037.37,21469047
2026-09-04,IMZ,75.219153,4,311974973.72,4147547.001
2026-09-04,INH,14.940139,383,236698751.06,15843143
2026-09-04,INV,48.385012,1,2061923747.36,42614927
2026-09-04,INZ,3.516263,16,120960582.89,34400325
2026-09-04,IOG,14.091866,18705,13590116873.82,964394420
2026-09-04,IOH,52.784216,32,143883445.03,2725880.1
2026-09-04,IOJ,52.251512,39,187392418.01,3586354.01
2026-09-04,IOL,67.318038,1,962998797.92,14305212
2026-09-04,IOM,3.525379,13,501484222.38,142249727
2026-09-04,ION,0.856169,15,51378558.59,60009826
2026-09-04,IOO,4.671774,6625,26580006373.48,5689489466
2026-09-04,IOP,6.4183,6438,6806116133.81,1060423549
2026-09-04,IOT,60.058959,6,270417865.65,4502540
2026-09-04,IOV,57.775778,1,572409416,9907429
2026-09-04,IPA,0.743816,16,597959114.46,803906870
2026-09-04,IPB,0.849374,14954,1011109561.37,1190417041.571
2026-09-04,IPC,24.884269,1,14308454.67,575000
2026-09-04,IPE,9.685144,3,4034983705.93,416615784
2026-09-04,IPF,0.124469,22,137539429.21,1105011730
2026-09-04,IPG,9.654092,1730,351293256.22,36388017
2026-09-04,IPJ,19.681953,18636,1276260413.34,64844197
2026-09-04,IPK,58.174282,1,3314205129.84,56970280
2026-09-04,IPO,49.187733,1,493178790.44,10026459
2026-09-04,IPP,0.18331,163,6995637759.02,38162822673
2026-09-04,IPR,33.892182,1,20843691.82,615000
2026-09-04,IPU,48.710223,1,5682711033.01,116663621
2026-09-04,IPV,78.96749,11855,2071734987.87,26235290
2026-09-04,IRB,1.334899,774,1342508060.94,1005700260
2026-09-04,IRE,47.42401,60,115532620.5,2436163.02
2026-09-04,IRF,7.50596,1997,542131648.08,72226820
2026-09-04,IRL,18.044678,16,273334863.2,15147672
2026-09-04,IRO,2.03521,79,38902152.69,19114563
2026-09-04,IRT,7.847722,1538,125928512.64,16046506
2026-09-04,IRV,7.10425,61,432303349.71,60851370
2026-09-04,IRY,4.060274,2292,1888033688.81,465001547
2026-09-04,ISR,19.430919,6,964932916.38,49659665
2026-09-04,ISS,0.270285,7,209663793.03,775713881
2026-09-04,IST,0.197517,3099,1613133102.54,8167050042.89
2026-09-04,ITA,73.614914,1,826057464.63,11221333
2026-09-04,ITC,1.148314,281,24298783.87,21160406
2026-09-04,ITD,69.306441,1,2564357151.38,37000272
2026-09-04,ITJ,10.37453,12,275103613.18,26517213
2026-09-04,ITL,4.625446,1,4746947584.57,1026267998
2026-09-04,ITP,13.205877,11320,1013131100.15,76718197
2026-09-04,ITR,4.486114,1,1101646313.45,245568075
2026-09-04,ITV,48.422578,30,852049307.08,17596116.02
2026-09-04,ITZ,61.720694,3,2051268619.87,33234698
2026-09-04,IUA,68.149627,52,421168921.23,6180062
2026-09-04,IUB,72.293592,3,348072681.41,4814710
2026-09-04,IUC,1.868758,1,907008515.06,485353634
2026-09-04,IUF,69.185402,7764,22459881397.78,324633242
2026-09-04,IUH,6.237577,719,12329129.41,1976589.661
2026-09-04,IUM,67.785447,1,411834413.02,6075558
2026-09-04,IUN,77.249231,4,302964996.97,3921916
2026-09-04,IUV,67.902334,6395,21374358369.77,314780909
2026-09-04,IUZ,4.827396,1253,1383701713.74,286635224
2026-09-04,IV2,20.679567,14,1266395766.6,61238989
2026-09-04,IV6,66.204543,1,1656311206.75,25018090
2026-09-04,IV7,5.09313,1,556702983,109304696
2026-09-04,IV8,2.329056,136,32925747.17,14136950
2026-09-04,IVF,6.382929,1285,80596525.45,12626888
2026-09-04,IVS,6.102924,24,264559651.2,43349658.29
2026-09-04,IVY,6.188434,13058,743919084.28,120211195
2026-09-04,IYB,5.964799,305,92626015.82,15528773
2026-09-04,IYP,3.004773,2,2303553213.01,766631358.323
2026-09-04,IYR,0.14211,6,231397601.8,1628295571
2026-09-04,IYS,1.339808,16,5856142160.76,4370883210
2026-09-04,IYV,1.112067,69,188950622.67,169909433
2026-09-04,IZA,1.953248,1,476074173.1,243734656
2026-09-04,IZB,10.968012,86,167128346.68,15237797
2026-09-04,IZE,65.474536,1,267707569.83,4088728
2026-09-04,IZL,52.561866,19,107668468.25,2048414.11
2026-09-04,IZS,10.43142,66,122796574.34,11771798
2026-09-04,IZV,10.507656,2,115000208.72,10944421
2026-09-04,IZY,48.522194,27,50160643.12,1033767.01
2026-09-04,JET,2.276237,16976,501164961.71,220172594
2026-09-04,JOT,58.96862,1,1162248450.03,19709609
2026-09-04,JUP,0.541474,54,55021136.95,101613714
2026-09-04,KAC,3.959596,1735,17068005924.38,4310542582
2026-09-04,KAN,6985.951125,37,5534731553.74,792266
2026-09-04,KAV,58.103072,5697,17957578894.26,309064191
2026-09-04,KBJ,4.138587,101,657476981.11,158865075
2026-09-04,KBP,1.712936,5,324294985.49,189321082
2026-09-04,KBZ,52.395438,1,162137263.26,3094492
2026-09-04,KCL,1.763691,174,11211131.74,6356630
2026-09-04,KCR,1.087792,625,70016221.63,64365473
2026-09-04,KCV,5.246876,13348,2567218701.18,489285187
2026-09-04,KDE,1.786369,3953,697655637.71,390543980
2026-09-04,KDI,58.551247,12,248148850.29,4238148
2026-09-04,KDK,15.672818,1,49334693.31,3147787
2026-09-04,KDL,53.027697,7048,25503560949.77,480947928
2026-09-04,KDO,57.100275,519,1070193802.3,18742358
2026-09-04,KDS,55.104425,1372,27353281287.68,496389926
2026-09-04,KDT,55.144086,1199,3254777142.48,59023141
2026-09-04,KDV,49.263362,223,24536347688.71,498064826
2026-09-04,KDZ,49.384219,819,4134225523.41,83715519
2026-09-04,KEI,1.865486,1,335075374.86,179618321
2026-09-04,KEO,1.835437,1,72394038.19,39442409
2026-09-04,KEU,53.702427,60,4616279584.42,85960353
2026-09-04,KFZ,4.535286,1,374995073.04,82683881
2026-09-04,KGM,3.033695,30525,3012528669.8,993022987
2026-09-04,KH1,1.323552,1160,92150152.1,69623362
2026-09-04,KHA,4.515228,42336,6221909251.4,1377983488
2026-09-04,KHB,1.571619,242,14818085.05,9428546
2026-09-04,KHC,2.13601,1448,45103231.76,21115648
2026-09-04,KHD,1.398096,12,700995881.63,501393238
2026-09-04,KHF,0.115778,13,867674.19,7494290
2026-09-04,KHJ,1.151383,454,14333556.66,12448990
2026-09-04,KHP,1.2222,921,14514707416.36,11875887417
2026-09-04,KHT,2.204948,212,6555673.85,2973165
2026-09-04,KHU,36.924373,1,3526942.25,95518
2026-09-04,KIA,4.381073,353,5398835.71,1232309
2026-09-04,KIB,4.272798,1086,10867584.71,2543435
2026-09-04,KIE,4.726005,919,306589467.86,64872860
2026-09-04,KIH,1.558166,27,60320674.51,38712606
2026-09-04,KIK,1.415753,1385,170693962.05,120567642
2026-09-04,KIS,0.221963,767,91568960.52,412542448
2026-09-04,KJK,0.002286,1,48930326.58,21405755952
2026-09-04,KKB,62.653345,1,2627681.28,41940
2026-09-04,KKC,58.084717,52,137870928.92,2373618
2026-09-04,KKE,52.479417,2,90620406.83,1726780
2026-09-04,KKH,6.89193,5043,534075574.85,77492895
2026-09-04,KKL,2.531857,1633,3683730997.37,1454952376
2026-09-04,KKO,49.208433,257,2273585942.94,46203177
2026-09-04,KKP,49.337028,331,4376300281.35,88702147
2026-09-04,KKT,3.16995,41,8465333304.71,2670494439
2026-09-04,KLH,2.512233,2102,109604210.42,43628203
2026-09-04,KLI,1.330307,171,575084605.81,432294523
2026-09-04,KLL,58.352738,1,11458727.09,196370
2026-09-04,KLM,68.432603,1,1018077037.7,14877076
2026-09-04,KLS,41.674429,2,799357.23,19181
2026-09-04,KLU,4.907495,107829,100733601772.14,20526482318
2026-09-04,KMA,170.35072,1,12745300.15,74818
2026-09-04,KME,1.62433,1231,138386195.39,85195880
2026-09-04,KMF,3.514919,2262,1727803446.6,491562806
2026-09-04,KMN,0.96825,4926,440488592.98,454932587
2026-09-04,KMT,2.674294,1,66283363.36,24785369
2026-09-04,KNC,68.110352,16,365212882.45,5362076
2026-09-04,KNI,1.393824,446,16863556920.8,12098772241
2026-09-04,KNJ,2.136313,15010,909815970.1,425881314
2026-09-04,KNN,1.503126,16,445254944.46,296219302
2026-09-04,KNP,83.291659,2,194376911.65,2333690
2026-09-04,KNS,4.544726,1,5122777535.17,1127191620
2026-09-04,KNT,61.333219,3,175779350.29,2865973
2026-09-04,KNV,71.477654,5,320958967.82,4490340
2026-09-04,KNZ,69.987359,1,1031390485.51,14736811
2026-09-04,KO4,56.195704,856,4615353152.89,82130000
2026-09-04,KOB,1.439697,80,2978568647.03,2068885129
2026-09-04,KOD,1.02408,729,58240599.53,56871122
2026-09-04,KOP,7.664307,14,15719493.25,2051000
2026-09-04,KOT,1.497583,3534,148571152.95,99207274
2026-09-04,KOZ,65.276097,4,73007201.58,1118437
2026-09-04,KP3,53.59194,10,14163492.28,264284
2026-09-04,KPA,1.682216,14099,531376820.73,315879000
2026-09-04,KPB,6.5294,1,5232843.9,801428
2026-09-04,KPC,21.27126,24143,4703425532,221116447
2026-09-04,KPD,48.964025,544,307120287.18,6272366
2026-09-04,KPF,1.787189,254,200618863.79,112253863
2026-09-04,KPH,1.25039,11689,529301559.35,423309277
2026-09-04,KPI,1.493008,6781,6333105494.59,4241841949
2026-09-04,KPK,10.305246,1,476645184.92,46252674
2026-09-04,KPM,1.02279,16,1542776.39,1508400
2026-09-04,KPP,3.208905,673,441245242.91,137506504
2026-09-04,KPR,1.900983,1340,68536661777.92,36053266374
2026-09-04,KPS,48.341595,3270,23446640376.84,485020000
2026-09-04,KPU,3.905242,6117,586643157.4,150219411
2026-09-04,KRC,0.148369,150,30336914.77,204469320
2026-09-04,KRF,21.704622,592,44702991.07,2059607
2026-09-04,KRH,1.740498,41,2268085666.76,1303124471
2026-09-04,KRO,48.345398,58,304093855.81,6290027
2026-09-04,KRR,1.147802,615,23165813.11,20182763
2026-09-04,KRS,0.529027,1098,1470358408.72,2779365471
2026-09-04,KRT,75.475045,168,798394801.76,10578262
2026-09-04,KRV,48.466389,1022,5625978432.69,116080000.01
2026-09-04,KSA,4.179254,3865,15247711918.89,3648429414
2026-09-04,KSC,49.956888,1,24752139.38,495470
2026-09-04,KSK,2.967279,657,12537184909.7,4225145057
2026-09-04,KSL,56.895884,117,256971513.99,4516522
2026-09-04,KSM,52.069108,740,15731719569.43,302131535
2026-09-04,KSP,65.092312,361,1649113731.33,25335000
2026-09-04,KSR,5.099274,3821,201204704.59,39457516
2026-09-04,KST,1.958693,452,8965799.79,4577440
2026-09-04,KSV,5.809208,9717,44658812809.27,7687591152
2026-09-04,KSY,11.212204,85,4338849545.82,386975628
2026-09-04,KTE,46.109833,1,106540917.88,2310590
2026-09-04,KTI,2.08771,588,283386859.86,135740535
2026-09-04,KTJ,2.588639,21187,1621436213.94,626366201
2026-09-04,KTM,22.647599,5829,701609880.7,30979437
2026-09-04,KTN,8.16128,4243,411747385.31,50451322
2026-09-04,KTR,10.751436,629,24739537198.67,2301044964
2026-09-04,KTS,15.16661,756,131289534.4,8656485
2026-09-04,KTT,71.258809,1448,5215315156.62,73188357
2026-09-04,KTU,29.627998,1,963364680.78,32515349
2026-09-04,KTV,7.800147,47220,30400644067.77,3897445192
2026-09-04,KU3,1.140004,2847,263426354.69,231074975
2026-09-04,KUA,1.421908,2076,97843906.09,68811691
2026-09-04,KUB,0.758878,3606,611412748.47,805679526
2026-09-04,KUD,1.755771,2541,248820791.9,141715987
2026-09-04,KUP,49.456931,128,2043094860.71,41310587
2026-09-04,KUT,12.366702,41162,7927472587.05,641033711
2026-09-04,KVA,1.802424,1,707579392.13,392570970
2026-09-04,KVK,1.288875,136,861138715.2,668132157
2026-09-04,KVR,1.312943,45,114618290.75,87298764
2026-09-04,KVS,3.871439,2325,27523293993.83,7109318026
2026-09-04,KVT,1.41061,2979,84426099.94,59850786
2026-09-04,KYA,1.174674,1526,62765822.4,53432551
2026-09-04,KYR,0.48608,11,241871357.56,497595647
2026-09-04,KYS,54.143888,18,11213199.19,207100
2026-09-04,KZL,28.64957,65590,90295362868.14,3151717921
2026-09-04,KZO,2.071446,3,1072937150.83,517965287
2026-09-04,KZU,2.433254,5823,476651513.59,195890579
2026-09-04,LAI,1.262719,15,199526967.76,158013797
2026-09-04,LET,55.263735,2,703082417.96,12722311
2026-09-04,LFD,6.769768,1,4501936.27,665006
2026-09-04,LGK,1.426924,1,1728520364.76,1211360793
2026-09-04,LGO,6.946872,11,104636117.52,15062336
2026-09-04,LHM,84.005235,4,802891876.27,9557641
2026-09-04,LHP,57.178942,93,81111931.23,1418563
2026-09-04,LKF,1.054833,1155,112631012.41,106776171
2026-09-04,LKT,1.905453,434,283633818.99,148853740
2026-09-04,LLA,1.140171,740,26836652.14,23537395
2026-09-04,LPH,1.479263,2622,3857599749.59,2607785073
2026-09-04,LRT,3.721462,12,913459644.31,245457201
2026-09-04,LTC,1.614865,317,15796341.12,9781834
2026-09-04,LTL,1.086865,4570,201596698.75,185484519
2026-09-04,LTS,4.490121,13,2484726095.35,553376235
2026-09-04,LZV,6.515778,2,74176100.12,11384074
2026-09-04,MAC,0.728512,35557,4116170697.31,5650104609
2026-09-04,MAD,1.021363,368,22584387.1,22112010
2026-09-04,MAS,11.657946,193,737121171.68,63229079
2026-09-04,MAV,58.488533,1,915240548.57,15648205
2026-09-04,MBL,0.291499,216,21268336.36,72961903
2026-09-04,MBR,1.795513,548,491176401.7,273557704
2026-09-04,MCU,1.406308,150,191612931.05,136252493
2026-09-04,MD1,2.250335,656,219259381.22,97434112
2026-09-04,MD2,2.154663,707,274921285.67,127593662
2026-09-04,MDF,1.345451,934,522471339.81,388324375
2026-09-04,MET,5.990661,6580,744075435.59,124205902
2026-09-04,MGB,1.463182,466,61790764.53,42230413
2026-09-04,MGD,0.879736,1,591271328.05,672100883
2026-09-04,MGE,0.687159,67,480470176.82,699213023
2026-09-04,MGH,2.272995,751,492672891.05,216750493
2026-09-04,MHF,2.182591,3492,357312179.59,163710079
2026-09-04,MIK,3.429598,13,4815773584.46,1404180257
2026-09-04,MJB,7.781289,793,52935406.31,6802910
2026-09-04,MJE,58.255244,899,7126758355.41,122336770
2026-09-04,MJG,11.220241,7475,991293806.71,88348712
2026-09-04,MJH,4.517721,34,27528931.97,6093544
2026-09-04,MJK,35.956959,403,1814298316.44,50457502
2026-09-04,MJL,61.927977,581,952009122.68,15372844
2026-09-04,MKA,1.224863,1703,80110614.62,65403719
2026-09-04,MKG,17.879483,8156,1556325432.41,87045328
2026-09-04,MKL,61.199972,1,789823403.71,12905617
2026-09-04,MLS,18.071569,4,1351063640.79,74761834
2026-09-04,MLT,1.31668,76,20775345.8,15778580
2026-09-04,MMH,16.664355,1380,154978803.04,9300018
2026-09-04,MOD,61.618051,2,741049493.59,12026500
2026-09-04,MOZ,1.278172,120,336782198.24,263487383
2026-09-04,MP2,1.470039,13,3897519997.12,2651303752
2026-09-04,MP4,1.973567,15,3617989097.49,1833223343
2026-09-04,MPD,61.527888,694,3004473338.44,48831082
2026-09-04,MPE,1.405513,120,130014519.87,92503274
2026-09-04,MPF,8.44266,1973,1469556268.42,174063173.037
2026-09-04,MPI,3.146101,38,72880078.86,23165210
2026-09-04,MPK,10.034207,1515,250602160.63,24974783.961
2026-09-04,MPL,2.047288,879,646632503.13,315848367
2026-09-04,MPN,61.85413,288,373489156.78,6038225
2026-09-04,MPP,21.903672,1166,341873018.48,15608023
2026-09-04,MPS,23.894415,2467,144357759.02,6041485.324
2026-09-04,MRI,1.259251,113,13877853.35,11020722
2026-09-04,MSK,4.019012,1,1205292187.27,299897605
2026-09-04,MSO,59.650622,1,524489425.71,8792690
2026-09-04,MSR,2.01453,13,29373033.97,14580590
2026-09-04,MT1,46.308345,24,28864825.16,623318
2026-09-04,MT2,1.428183,1318,5526598197,3869670074
2026-09-04,MT5,0.951631,19,608210913.5,639124957
2026-09-04,MT6,0.448609,14,371964639.2,829151165
2026-09-04,MT7,0.223866,15,29202763.66,130447284
2026-09-04,MT8,0.830827,16,1421922924.26,1711454533
2026-09-04,MT9,0.415978,18,3208324358.04,7712730506
2026-09-04,MTD,1.334425,1571,148378576.19,111192930
2026-09-04,MTE,0.604343,17,1917807.92,3173378
2026-09-04,MTF,1.430993,42,70787687.13,49467524
2026-09-04,MTG,1.718396,376,267268545.7,155533725
2026-09-04,MTH,2.227749,3220,293969103.22,131957896
2026-09-04,MTI,0.018413,2,4696524.77,255061228
2026-09-04,MTK,1.727904,1045,289579347.57,167589993
2026-09-04,MTL,2.263103,16,20973885314.98,9267757132
2026-09-04,MTS,2.822111,669,28763297.3,10192122
2026-09-04,MTU,0.773741,19,799779815.42,1033653600
2026-09-04,MTV,5.434052,12799,145842475.65,26838623
2026-09-04,MTX,5.241493,2061,81337545.76,15518010
2026-09-04,MUL,2.780846,11,331053292.08,119047673
2026-09-04,MUT,1.94669,1548,795797886.39,408795397
2026-09-04,NAK,1.089849,161,123878146.89,113665446
2026-09-04,NAL,0.427771,12,512985387.94,1199204513
2026-09-04,NAU,3.141899,9518,2213267579.88,704436353
2026-09-04,NAV,1.099399,15,64726508.31,58874427
2026-09-04,NBE,1.765978,10,561171327.85,317768002
2026-09-04,NBH,7.109371,197,2237011443.58,314656747
2026-09-04,NBO,1.537063,397,2090783990.51,1360246353
2026-09-04,NBZ,73.168825,278,1518852954.06,20758198
2026-09-04,NCS,58.232875,1771,8732511621.17,149958450
2026-09-04,NCU,56.031892,12,130990349.66,2337782
2026-09-04,NDL,1.932504,1,10897610.65,5639113
2026-09-04,NDS,0.947381,13,557696846.4,588672037
2026-09-04,NES,2.173371,2,2171206878.22,999004311
2026-09-04,NFF,1.368273,32,1832056405.08,1338955639
2026-09-04,NFH,2.071741,45,114080767.05,55065159
2026-09-04,NFK,4.90744,68,1307891576.74,266511989
2026-09-04,NHP,5.685601,150,11931507.17,2098548
2026-09-04,NHT,65.62199,2,650653576.27,9915176
2026-09-04,NHV,4.487725,2,8270675516.61,1842955034
2026-09-04,NHY,5.734108,1985,134460846.37,23449306
2026-09-04,NIG,1.22624,15,520693890.72,424626364
2026-09-04,NIS,1.763767,41,1528918733.77,866848269
2026-09-04,NJF,12.843791,1752,1116069336.11,86895635
2026-09-04,NJG,3.116445,15,3318748194.76,1064914900
2026-09-04,NJR,5.919272,2489,1990454826.04,336266824
2026-09-04,NJY,7.627314,1377,315594241.49,41376853
2026-09-04,NKA,49.933346,17,132843873.34,2660424
2026-09-04,NKC,1.232327,1074,335383118.18,272154372
2026-09-04,NKH,1.799172,12,166019566.53,92275536
2026-09-04,NKJ,15.801436,1,1621834715.79,102638440
2026-09-04,NKK,8.034213,12,1512941694.41,188312373
2026-09-04,NKL,3.598427,2172,15581796199.3,4330168226
2026-09-04,NKM,0.981393,445,47201848.22,48096793
2026-09-04,NKP,1.103839,3203,169932330.96,153946705
2026-09-04,NKS,1.910842,11,25319035.44,13250200
2026-09-04,NKT,1.558193,592,78535542.36,50401674
2026-09-04,NKV,2.348186,1,16123815909.88,6866499553
2026-09-04,NLC,51.297991,19,182616129.08,3559908
2026-09-04,NLD,54.994136,1,1440842673.19,26199933
2026-09-04,NLE,1.593761,9593,365098742.89,229079992
2026-09-04,NLK,1.914026,985,5252896795.16,2744423088
2026-09-04,NLL,5.13349,25,2083530131.47,405870118
2026-09-04,NME,58.302684,51,62928185.59,1079336
2026-09-04,NMG,136.718043,12,3138132845.79,22953319
2026-09-04,NMP,1.030437,4432,1310149519.54,1271450284
2026-09-04,NMU,1.273277,368,851239045.93,668541737
2026-09-04,NNF,22.119734,17833,1875983452.63,84810398
2026-09-04,NOA,1.3784,11,524650661.05,380623067
2026-09-04,NOI,1.484946,14,1237835310.58,833589272
2026-09-04,NOV,49.084402,1,693166443.04,14121929
2026-09-04,NP1,5.342181,148,1507901075.03,282263191
2026-09-04,NPH,1.550247,726,157766859.64,101768826
2026-09-04,NPK,1.605041,1,951747273.96,592973692
2026-09-04,NRC,11.058943,3545,222475360.32,20117235
2026-09-04,NRG,5.654338,3319,7372800330.65,1303919314
2026-09-04,NRM,158.712048,11,410884384.48,2588867
2026-09-04,NSA,2.589259,343,999009538.68,385828315
2026-09-04,NSD,65.902448,180,14996553811.83,227556856
2026-09-04,NSH,2.229425,1309,2380642192.03,1067827701
2026-09-04,NSK,6.859913,82,124795926.24,18192058
2026-09-04,NSP,1.871767,2709,1453851875.31,776727058
2026-09-04,NSS,65.656323,1,1113916634.27,16965870
2026-09-04,NST,1.181735,3296,53946438.37,45650207
2026-09-04,NSY,1.441907,59,1186682604.29,822995348
2026-09-04,NTB,5.775431,1,3182055157.93,550964070
2026-09-04,NTD,0.36424,1,493698762.91,1355423321
2026-09-04,NTF,3.172366,11,260329965.13,82061773
2026-09-04,NTI,1.545738,1518,270650398.17,175094631
2026-09-04,NTO,67.12988,1,3634711521.48,54144466
2026-09-04,NTS,3.134542,33,230909016.04,73665955
2026-09-04,NUB,60.627277,900,2142762886.94,35343215
2026-09-04,NUG,49.565359,22,24105269.94,486333
2026-09-04,NUH,1.301617,1083,124420889.12,95589469
2026-09-04,NVB,4.892931,4672,6130374893.17,1252904426
2026-09-04,NVC,3.781404,88,135553741.61,35847460
2026-09-04,NVK,47.085936,19,160911006.47,3417390
2026-09-04,NVP,69.124185,1,61941767.77,896094
2026-09-04,NVT,4.718267,45,429705278.79,91072691
2026-09-04,NVZ,58.722299,335,530081730.71,9026924
2026-09-04,NYH,62.984153,1,1082687133.99,17189834
2026-09-04,NZH,3.504292,299,546968705.37,156085349
2026-09-04,NZT,6.154759,421,11432557614.88,1857515013
2026-09-04,NZU,51.461268,34,47724613.91,927389
2026-09-04,OAB,76.984434,3,669353244.31,8694657
2026-09-04,OAO,1.02658,471,1092257699.95,1063977605
2026-09-04,OBI,3.239145,486,327943980.77,101244007
2026-09-04,OBN,58.707942,238,266881315.16,4545915
2026-09-04,OBP,0.20844,835,39455126.05,189287997
2026-09-04,OBR,54.469495,10164,43562374587.37,799757275
2026-09-04,OCM,69.622884,2,509163637.21,7313165
2026-09-04,OCN,50.870236,4,119072215.43,2340705
2026-09-04,OCT,73.34973,5,455988424.14,6216634
2026-09-04,ODD,11.104229,30,473328042.64,42625927
2026-09-04,ODG,1.177771,41,66847604.51,56757703
2026-09-04,ODN,58.68453,5521,43171602914.99,735655592
2026-09-04,ODP,7.147048,144,302846533.59,42373651
2026-09-04,ODS,70.14611,107,118064601.07,1683124
2026-09-04,ODV,19.356921,3799,1593031359.45,82297768
2026-09-04,OFA,57.976069,124,234221117.5,4039962
2026-09-04,OFB,11.512927,13,1023470041.05,88897469
2026-09-04,OFI,4.105513,583,157865402.5,38452056
2026-09-04,OFK,52.409024,261,964591919.8,18405073
2026-09-04,OFO,69.279605,1,2176335941.21,31413804
2026-09-04,OFS,8.340674,433,187849386.16,22522088
2026-09-04,OGD,11.859188,3111,792330006.7,66811491
2026-09-04,OGF,9.567796,419,143645955.98,15013485
2026-09-04,OGV,72.659379,1,286495567.2,3942995
2026-09-04,OHB,23.846926,1043,1382251975.52,57963528
2026-09-04,OHI,0.104931,44,1033532646.85,9849630500
2026-09-04,OHK,2.899757,1260,30604992.17,10554330
2026-09-04,OIL,3.978019,660,44916613.42,11291200
2026-09-04,OIR,5.10791,230,19529757.57,3823434
2026-09-04,OIS,3.448078,2,657355211.27,190643928
2026-09-04,OJB,53.768989,6719,26688026747.32,496346080
2026-09-04,OJH,9.481714,27,22525414.13,2375669
2026-09-04,OJK,13.669715,27656,47269928210.34,3458003868
2026-09-04,OJT,12.807096,11155,4594824399.91,358771756
2026-09-04,OJU,69.50666,2,55984973.31,805462
2026-09-04,OJY,72.987718,6,2509623576.22,34384190
2026-09-04,OKD,0.613116,979,83040869.79,135440759
2026-09-04,OKF,4.790503,12,8493438946.05,1772974341
2026-09-04,OKP,6.556826,439,77319099.14,11792154
2026-09-04,OKT,0.165857,854,110721929.56,667574920
2026-09-04,OLA,54.111732,32,20680150.73,382174.99
2026-09-04,OLD,3.147411,5496,138082097.21,43871642
2026-09-04,OLE,5.146509,492,326398664.52,63421374
2026-09-04,OMB,64.81584,3,227755277.26,3513883
2026-09-04,OMC,72.595489,2,410818087.47,5659003
2026-09-04,OME,19.950967,68,67076308.81,3362058
2026-09-04,OMG,1.830167,699,1283098972.88,701082927
2026-09-04,OMT,1.008863,55,83046789.64,82317204
2026-09-04,ONB,52.942524,567,5479160503.11,103492620
2026-09-04,OND,48.372389,624,3471686373.93,71770000.01
2026-09-04,ONE,1.459423,698,32525942.48,22286852.579
2026-09-04,ONF,66.587768,872,3128162816.06,46978040
2026-09-04,ONK,60.84952,21322,96769214467.79,1590303669
2026-09-04,ONN,6.568229,599,1683551010.94,256317339
2026-09-04,ONS,54.666191,23609,165003865449.85,3018389638
2026-09-04,ONT,53.329483,374,4874908002.79,91411125
2026-09-04,ONY,66.988057,743,2381839733.76,35556185
2026-09-04,OPB,13.579331,420,50242030.81,3699890
2026-09-04,OPD,8.646866,21,68711368.48,7946390
2026-09-04,OPF,3.224038,1039,447727789.41,138871747
2026-09-04,OPH,25.366227,2482,896614774.53,35346793
2026-09-04,OPI,22.702391,1524,217081742.25,9562065
2026-09-04,OPJ,1.707045,2460,2146905814.97,1257673776
2026-09-04,OPL,9.752096,494,35994137.64,3690913
2026-09-04,OPZ,5.805177,1,726558406.35,125156982
2026-09-04,ORC,1.440983,57,1347136549.88,934873365
2026-09-04,ORI,61.588338,5,1709246680.99,27752765
2026-09-04,OSD,14.45119,856,617405805.07,42723528
2026-09-04,OSF,112.75135,17,3666120639.19,32515093
2026-09-04,OSH,0.558824,17,63034327.17,112798247
2026-09-04,OSL,0.158153,4093,1417345761.62,8961860688
2026-09-04,OSN,1.592783,101,35442811.5,22252122
2026-09-04,OTE,67.112518,2,195617284.79,2914766
2026-09-04,OTF,7.017762,1948,655155575.61,93356769
2026-09-04,OTJ,7.373717,21948,3271621252.13,443686856
2026-09-04,OTK,8.508957,64,4604375.11,541121
2026-09-04,OTM,1.283943,96,13510203.5,10522435
2026-09-04,OTZ,70.791637,4,316594856.23,4472207
2026-09-04,OUB,7.20332,14,899930568.05,124932746
2026-09-04,OUD,67.571488,119,147407269.09,2181501
2026-09-04,OUN,54.536962,314,231174435.88,4238858
2026-09-04,OUR,84.871595,11,31869962.87,375508
2026-09-04,OUY,66.39974,2,1690018471.57,25452185
2026-09-04,OVD,3.559349,3105,805393229.35,226275444
2026-09-04,OVR,68.887359,1,491370296.8,7132953
2026-09-04,OYL,0.16408,8201,3304134165.91,20137313414
2026-09-04,OYS,9.504798,11,15044238740.68,1582804739
2026-09-04,OYT,0.1399,66,1900755411.56,13586500996
2026-09-04,OZC,2.793105,1,277193365.26,99242027
2026-09-04,P1A,1.555001,326,741262135.85,476695564
2026-09-04,PA2,1.112574,511,53319957.22,47924884
2026-09-04,PAB,1.43228,666,143892304.75,100463799
2026-09-04,PAC,3.010775,1,771563002.75,256267233
2026-09-04,PAF,3.618182,3241,285127139.61,78803973
2026-09-04,PAI,6.440542,516,422892597.28,65661029
2026-09-04,PAL,57.586686,31049,152470657563.73,2647672022
2026-09-04,PAO,1.097435,222,4053472.37,3693587
2026-09-04,PAU,68.422796,3864,11467997799.06,167604929
2026-09-04,PBE,6.323456,11,49380930.47,7809168
2026-09-04,PBF,1.720328,2,1641593680.19,954233191
2026-09-04,PBH,1.148079,12,2753512934.73,2398364628
2026-09-04,PBI,2.322005,719,123052633.98,52994132
2026-09-04,PBK,58.636016,112,107479114.17,1832988
2026-09-04,PBN,1.645467,669,504633358.7,306680947
2026-09-04,PBR,2.943968,28339,1953278999.58,663485209
2026-09-04,PBS,70.371656,22,398225741.36,5658894
2026-09-04,PBY,1.262947,54,169427905.19,134152805
2026-09-04,PCE,1.281544,147,56903308.66,44402144
2026-09-04,PCH,4.055659,57,919120685.3,226626713
2026-09-04,PCN,66.00173,12,567977621.59,8605496
2026-09-04,PCS,5.014034,30,58016558414.42,11570835792
2026-09-04,PDC,0.207105,15,224641891.26,1084675311
2026-09-04,PDD,6.034255,176,837068376.01,138719434
2026-09-04,PDE,1.318124,14,12762204193.71,9682097247
2026-09-04,PDF,61.016898,55,473672469.47,7762972
2026-09-04,PDG,0.530994,11,576839491.64,1086338077
2026-09-04,PDH,19.651219,78,5513264985.65,280555872
2026-09-04,PDR,1.019033,2,2291923865.28,2249115622
2026-09-04,PDS,0.305801,41,82593632.79,270089633
2026-09-04,PEA,1.494443,101,70684636.73,47298317
2026-09-04,PFO,2.386693,286,77516264.97,32478526
2026-09-04,PFS,2.88416,93,15524291.81,5382604
2026-09-04,PGD,1.806501,155,185448010.71,102655923
2026-09-04,PGE,25.806897,45,10421532182.08,403827399
2026-09-04,PGH,4.706431,12,6251663626.64,1328323644
2026-09-04,PGS,1.307187,434,169513709.38,129678268
2026-09-04,PHB,2.010667,15,10559987803.07,5251983237
2026-09-04,PHE,2.818639,103309,12258364286,4349036371
2026-09-04,PHF,1.296307,12,381135608.88,294016510
2026-09-04,PHI,1.583549,136,80613381.92,50906772
2026-09-04,PHK,1.561229,246,77338962.65,49537218
2026-09-04,PHN,631.863815,17,5707739574.71,9033180
2026-09-04,PHS,4.54245,16,184375788.56,40589501
2026-09-04,PHY,5.136832,45,645480967.92,125657393
2026-09-04,PID,1.901182,107,53864350.67,28332040
2026-09-04,PIL,3.908684,8060,448815720.84,114825285
2026-09-04,PIP,1.707513,380,20831056449.44,12199645302
2026-09-04,PIR,1.709599,881,109483805.18,64040634
2026-09-04,PIS,1.483434,196,1291321846.01,870494827
2026-09-04,PJL,5.273961,720,1257861366.9,238504125
2026-09-04,PJP,50.432354,14,406229184.36,8054932
2026-09-04,PK1,1.061727,146,17324887.86,16317655
2026-09-04,PKD,0.936076,133,20892238.99,22318965
2026-09-04,PKF,4.817012,1548,398781740.67,82786114
2026-09-04,PKH,0.705665,11,97942988.62,138795396
2026-09-04,PKL,2.53396,14,5105854519.37,2014970231
2026-09-04,PKM,1.086134,577,495086659.8,455824743
2026-09-04,PKN,2.651157,9,25258372.71,9527300
2026-09-04,PKP,1.275897,92,529616630.4,415093646
2026-09-04,PKR,1.558678,211,615476459.51,394870908
2026-09-04,PKT,1.617886,1141,14385038105.39,8891254484
2026-09-04,PKU,14.060086,45,7724388190.24,549384122
2026-09-04,PKV,2.091095,2943,15321372751.62,7326960986
2026-09-04,PKZ,11.479145,16,43647565312.39,3802336004
2026-09-04,PLA,1.295145,117,650417.77,502197
2026-09-04,PLR,1.695896,924,992710092.36,585360101
2026-09-04,PLS,26.881915,7,936424231.42,34834729
2026-09-04,PMG,1.587842,1,1388855973,874681642
2026-09-04,PMH,0.004853,43,53485.67,11021437
2026-09-04,PMP,0.718127,391,12112310.88,16866533
2026-09-04,PNU,1.258676,23977,26950068032.79,21411442543
2026-09-04,PO7,0.995388,43,1506496026.96,1513476425
2026-09-04,PO8,2.730661,48,259493293.29,95029485
2026-09-04,PO9,0.672124,145,194020152.67,288667391
2026-09-04,POB,4.072455,42,4214785551.86,1034949682
2026-09-04,POD,69.474084,1413,4215116182.35,60671778
2026-09-04,POF,2.565199,45,2747947373.78,1071241579
2026-09-04,POH,0.938646,4,1606417995.09,1711421252
2026-09-04,POI,0.046879,42,213587618.32,4556187573
2026-09-04,POS,1.13679,383,70991116.98,62448770
2026-09-04,POU,3.066035,73,8104490034.33,2643312925
2026-09-04,PP1,1.661103,240,32209971.83,19390719
2026-09-04,PPB,9.984065,1493,374041580.56,37463857
2026-09-04,PPD,34.97122,105,2257634805.49,64556935
2026-09-04,PPE,63.356886,65,752425107.13,11875980
2026-09-04,PPF,5.237865,22,337837040.87,64498999
2026-09-04,PPG,1.474913,1718,2287424042.46,1550887404
2026-09-04,PPH,1.588128,2400,59539121.2,37490126
2026-09-04,PPI,2.315492,2853,6174992998.18,2666816908
2026-09-04,PPJ,1.87898,6582,81398398632.08,43320534381
2026-09-04,PPK,2.283735,3144,6003017689.9,2628596771
2026-09-04,PPM,2.206576,147,131045449.56,59388587
2026-09-04,PPN,5.858468,13309,12753916307.44,2177005383
2026-09-04,PPO,2.326604,44,142350313.53,61183726
2026-09-04,PPP,3.167949,360,7922264674.87,2500755020
2026-09-04,PPS,3.903346,2271,1099333870.09,281638873
2026-09-04,PPT,3.332556,3777,1981560885.98,594606932
2026-09-04,PPU,1.758841,44,281841156.69,160242537
2026-09-04,PPV,1.168164,182,12720150992.22,10889014320
2026-09-04,PPZ,6.685727,8298,12876474713.28,1925964874
2026-09-04,PRD,2.378382,590,431343991.12,181360303
2026-09-04,PRF,69.487017,2,201859714.09,2904999
2026-09-04,PRH,2.220376,285,638378396.89,287509132
2026-09-04,PRR,1.35395,159,813778581.31,601040345
2026-09-04,PRU,3.725701,1418,2961718585.16,794942649
2026-09-04,PRV,1.364597,83,4630390331.08,3393228976
2026-09-04,PRY,3.229241,49503,84160481707.71,26062004656
2026-09-04,PSD,54.286801,1,2766572895.77,50962165
2026-09-04,PSE,1.907336,5676,25416962930.74,13325895921
2026-09-04,PSG,9.106333,16,358931809.64,39415627
2026-09-04,PSH,1.026834,352,16492620.66,16061626
2026-09-04,PSL,8.582637,56,257368117.53,29987067
2026-09-04,PSO,0.43957,1,899478795.04,2046269480
2026-09-04,PSR,2.796486,45,1160937078.99,415141394
2026-09-04,PSS,6.089559,11,213752344.77,35101447
2026-09-04,PST,0.008852,48,37373738.27,4222197261
2026-09-04,PTC,66.566124,16,1061330479.27,15944003
2026-09-04,PTE,1.725095,4767,48874363293.6,28331409039.6
2026-09-04,PTF,1.458354,289,830795685.52,569680575
2026-09-04,PTG,64.674857,1,117708239.85,1820000
2026-09-04,PTL,1.893383,1695,1396051974.86,737332075
2026-09-04,PTN,1.656321,845,932771724,563158820
2026-09-04,PTO,1.850866,3227,203438034.25,109915038
2026-09-04,PTP,1.212793,300,103993329.92,85746986
2026-09-04,PTS,1.625643,973,10522514916.8,6472831880
2026-09-04,PUA,9.925609,1,4935724137.05,497271653
2026-09-04,PUC,7.497463,694,442558107.38,59027711
2026-09-04,PUH,1.629218,23,346749875.96,212832098
2026-09-04,PUK,1.187945,10614,887181732.19,746820233
2026-09-04,PUR,10.594343,39378,137620589932.75,12990006712
2026-09-04,PUT,8.123868,1,7131029093.94,877787362
2026-09-04,PUV,57.711001,1,1232120224.08,21349833
2026-09-04,PVK,5.851055,8283,36567317249.36,6249696273
2026-09-04,PYB,1.893585,1145,768934062.56,406073250
2026-09-04,PYD,0.148552,44,27115041.19,182529203
2026-09-04,PYF,10.697667,10,3132616386.1,292831748
2026-09-04,PYH,6.499974,11,3816285875.05,587123272
2026-09-04,PYI,8.407864,44,2149178189.47,255615232
2026-09-04,PYL,9.50763,33,552026884.17,58061461
2026-09-04,PYR,1.174278,1103,54523784.54,46431756
2026-09-04,PYS,60.201728,43,1134135780.35,18838924
2026-09-04,RAF,3.757125,12,156892236.44,41758590
2026-09-04,RAI,2.14835,1,5609915328.46,2611267131
2026-09-04,RAN,59.426157,1,1104242229.01,18581754
2026-09-04,RAV,1.540768,12,1133000583.01,735347714
2026-09-04,RAY,4.206471,1,1837359011.45,436793424
2026-09-04,RBA,21.920993,5391,1905784063.19,86938767
2026-09-04,RBB,1.687328,36,16244792.74,9627526
2026-09-04,RBE,4.336113,16,3043463796.14,701887559
2026-09-04,RBF,1.808933,81,23678479.68,13089749
2026-09-04,RBH,33.436422,5167,963710471.4,28822177
2026-09-04,RBI,56.410928,84,49133185.28,870987
2026-09-04,RBK,8.878393,1121,37256416.48,4196302
2026-09-04,RBL,1.845767,808,236515392.14,128139350
2026-09-04,RBN,1.476782,138,36549334.65,24749317
2026-09-04,RBP,2.303827,1129,2334727747.32,1013412967
2026-09-04,RBR,3.911795,944,108699371.48,27787596
2026-09-04,RBT,6.675723,2772,1261416916.98,188955845
2026-09-04,RBV,7.010343,17997,8292162699.26,1182847009
2026-09-04,RCL,62.283687,1,167232384.73,2685011
2026-09-04,RCS,5.277654,1,2423282.46,459159
2026-09-04,RCV,1.76685,148,66555963.91,37669272
2026-09-04,RD1,1.947729,156,66655963.65,34222404
2026-09-04,RDF,1.590806,606,382688869.9,240562865
2026-09-04,RDH,3.426026,16,894899465.62,261206263
2026-09-04,RDK,1.165344,2,1250551.66,1073118
2026-09-04,RDS,22.590078,11,966819593.83,42798417
2026-09-04,RDT,0.915235,58,75434270.27,82420639
2026-09-04,RDZ,50.781596,122,675360386.7,13299314
2026-09-04,RE6,0.936342,11,964466239.24,1030036025
2026-09-04,RE7,0.680787,13,95250.21,139912
2026-09-04,RE8,2.529293,13,982475576.17,388438857
2026-09-04,RFM,1.148669,474,28920235.68,25177172
2026-09-04,RGD,1.133878,132,26209299.27,23114744
2026-09-04,RGH,1.15761,27,36840552.43,31824664
2026-09-04,RHD,1.959183,12,152091787.95,77630222
2026-09-04,RHI,1.694904,441,48377023.38,28542625
2026-09-04,RHS,7.287214,1477,791299466.97,108587382
2026-09-04,RIA,1.390548,47,13379701.97,9621893
2026-09-04,RIH,10.535751,1442,127052322.96,12059162
2026-09-04,RIK,5.489035,3681,562060561.77,102396969
2026-09-04,RJG,3.515897,550,89707955.11,25514956
2026-09-04,RKC,1.76126,270,30799262.07,17487061
2026-09-04,RKH,1.036649,75,8317176.78,8023135
2026-09-04,RKL,2.769233,1,2167207684.28,782602250
2026-09-04,RKS,2.062313,149,90732895.43,43995696
2026-09-04,RKV,2.636588,221,476945528.02,180894958
2026-09-04,RLH,1.717951,37,279352204.85,162607783
2026-09-04,RO1,1.310285,22,220923374.16,168607062
2026-09-04,ROD,56.334182,615,1745843799.79,30990843
2026-09-04,ROF,3.284632,400,498235882.25,151686974
2026-09-04,ROY,1.425209,13,688054605.46,482774528
2026-09-04,RPC,5.233794,555,24006419.9,4586810
2026-09-04,RPD,14.430322,1820,257672941.87,17856354
2026-09-04,RPE,0,0,94.47,0
2026-09-04,RPG,6.36915,1681,929293342.52,145905398
2026-09-04,RPI,1.459254,319,14674166.21,10055938
2026-09-04,RPK,64.656334,5,115781779,1790726
2026-09-04,RPL,1.756924,18,123092807.44,70061538
2026-09-04,RPM,4.538611,3055,98997217.77,21812230
2026-09-04,RPN,5.023758,23,799074590.44,159059117
2026-09-04,RPO,6.531988,3,1587163144.69,242983168
2026-09-04,RPP,5.035345,7764,6618137213.77,1314336527
2026-09-04,RPS,64.092331,98,175342388.98,2735778
2026-09-04,RPT,5.229581,174,1235919751.4,236332484
2026-09-04,RPU,3.716743,12,2680237920.26,721125459
2026-09-04,RPX,63.552274,126,612738046.9,9641481
2026-09-04,RRA,1.523946,190,1344216412.64,882063141
2026-09-04,RRP,1.668393,86,822061068.62,492726196
2026-09-04,RS1,1.638307,125,804837842.45,491261859
2026-09-04,RSF,4.427546,12,1270574193.55,286970291
2026-09-04,RSK,1.929234,232,249399942.91,129274049
2026-09-04,RSY,1.057412,12,155909931.12,147444770
2026-09-04,RSZ,8.688254,25,1829291928.57,210547701
2026-09-04,RTA,2.404992,15,4416814264.75,1836519143
2026-09-04,RTB,2.724613,11,603277945.79,221417841
2026-09-04,RTD,1.986455,462,20534861.1,10337443
2026-09-04,RTG,5.59325,4804,243631188.69,43558076
2026-09-04,RTH,5.694407,241,15012159.76,2636299
2026-09-04,RTI,3.429425,63,49141495408.27,14329368602
2026-09-04,RTP,12.15308,1296,297414604.4,24472364
2026-09-04,RUH,4.067366,15,41828857.21,10284016
2026-09-04,RUT,2.473171,4705,175756779.97,71065343
2026-09-04,RVI,1.217073,11,18279269.4,15019044
2026-09-04,RVS,3.507189,19,4737129566.98,1350691155
2026-09-04,RYA,1.207211,1,362919867.56,300626629
2026-09-04,RYB,47.271362,11,4728790.73,100035
2026-09-04,RYD,1.394291,13,308103613.05,220975082
2026-09-04,RYF,12.742773,47,436722186.73,34272148
2026-09-04,RYU,49.482475,57,520341873.03,10515680
2026-09-04,RZR,4.638895,2,16413513.94,3538238
2026-09-04,SAP,1.877427,375,383255649.6,204138765
2026-09-04,SAR,53.236683,9,903096596.66,16963803
2026-09-04,SAS,1.600224,41074,940505993.95,587733788
2026-09-04,SAT,231.373834,4,1840029105.39,7952624
2026-09-04,SBH,1.703904,663,334293061.09,196192399
2026-09-04,SBI,3.558832,15,33617965.46,9446347
2026-09-04,SBR,1.267705,25,14615343.54,11528980
2026-09-04,SBS,72.329659,1,247699787.78,3424595
2026-09-04,SCZ,1.58589,165,83358742.33,52562759
2026-09-04,SD1,1.016539,191,46597311.94,45839190
2026-09-04,SDA,50.932774,1096,6590583908.76,129397702
2026-09-04,SEH,1.51677,45,106024507.4,69901499
2026-09-04,SER,58.274443,828,7276126962.01,124859658
2026-09-04,SFA,24.874722,18,1305728285.48,52492175
2026-09-04,SFS,1.411585,82,31425216.69,22262366
2026-09-04,SGK,0.995505,71,199475512.38,200376144
2026-09-04,SGT,1.910678,2732,185261662.8,96961191
2026-09-04,SHC,1.037059,132,81474605.9,78563133
2026-09-04,SHE,3.476459,634,53833787.92,15485234
2026-09-04,SHI,0.168676,46,698232319.62,4139493592
2026-09-04,SHU,1.447315,35,423825366.48,292835556
2026-09-04,SIA,0.880772,5,944824.78,1072723
2026-09-04,SIS,0.255124,14,60923158.73,238798338
2026-09-04,SJP,62.699427,29,327433587.18,5222274
2026-09-04,SKL,2.062963,736,131617426.59,63800191
2026-09-04,SKO,1.646788,3141,210067584.69,127562027
2026-09-04,SKS,51.517258,3,1287931438.82,25000000
2026-09-04,SKT,0.118527,2021,40967438.49,345636910
2026-09-04,SKZ,1.045635,673,122684719.24,117330295
2026-09-04,SLF,11.474087,6866,1397670466.32,121811040
2026-09-04,SLG,1.355495,736,454507490.66,335307316
2026-09-04,SLR,0.282871,5,1073977786.14,3796699149
2026-09-04,SLS,0.611532,13,368576.27,602710
2026-09-04,SMP,1.046505,1,1465107104.22,1400000000
2026-09-04,SNY,1.337813,463,416231278.77,311128032
2026-09-04,SOS,1.687391,508,36048485.98,21363441
2026-09-04,SPA,70.685264,201,3259983649.7,46119707
2026-09-04,SPD,83.022736,1,351543169.58,4234300
2026-09-04,SPE,109.278526,1258,4491805944.8,41104196
2026-09-04,SPN,10.091734,361,1782374992.57,176617311
2026-09-04,SPP,1.620316,705,501789902.2,309686468
2026-09-04,SPR,1.294267,163,9183645.13,7095632
2026-09-04,SPT,2.192901,912,97682401.78,44544820
2026-09-04,SRA,16.514724,1,1850920368.08,112076981
2026-09-04,SRE,63.857061,1,999439447.97,15651197
2026-09-04,SRL,1.787263,2712,54086991.28,30262472
2026-09-04,SRO,26.427266,6,7366729309.87,278754881
2026-09-04,SSD,54.190433,1,559929532.51,10332627
2026-09-04,SSE,0.00312,11,98467477.62,31561955474
2026-09-04,SSF,0.921264,15,1191790.33,1293647
2026-09-04,SSK,1.784959,579,48157840.24,26979800
2026-09-04,SSN,59.827873,4,780662152.47,13048469
2026-09-04,SSO,15.177975,1,7738916337.28,509878048
2026-09-04,SSS,1.389175,5221,241286589.17,173690607
2026-09-04,SST,1.622116,22,9571312.11,5900512
2026-09-04,ST1,181.950236,2403,614491192.39,3377248.66
2026-09-04,STI,1.289777,76,186391183.91,144514282
2026-09-04,STM,3.234264,12,386012.63,119351
2026-09-04,STS,86.798471,27,422466820.5,4867215
2026-09-04,STZ,24.292721,83,514660933,21185808
2026-09-04,SUA,0.602839,1170,2477604690.89,4109896855
2026-09-04,SUB,0.391976,751,107571332.74,274433714
2026-09-04,SUC,22.830597,528,582963130.53,25534292
2026-09-04,SUR,1.146089,87,215086687.36,187670100
2026-09-04,SVB,9.300781,1294,221897289.63,23857921
2026-09-04,SVS,2.684618,1,1112046168.3,414228781
2026-09-04,SVY,1.41097,2,2994102333.8,2122017742
2026-09-04,SYF,220.912088,6,1649518305.38,7466854
2026-09-04,SYL,4418.342722,1,1223023775.57,276806
2026-09-04,SYR,50.238261,22,311520526.26,6200862
2026-09-04,SYS,49.271091,121,1776962249.88,36065007
2026-09-04,T3B,0.131746,18,14523995495.6,110242481860
2026-09-04,TAL,2.802486,745,35350652.07,12614032
2026-09-04,TAO,21.138762,1,1117319588.52,52856435
2026-09-04,TAR,2.563362,6767,137955372.02,53818131
2026-09-04,TAU,0.640911,34548,2494647623.88,3892347838
2026-09-04,TAZ,2.463716,2,1161686702.58,471518068
2026-09-04,TB9,53.797828,10663,40851128293.55,759345308
2026-09-04,TBP,0.28407,194,428243789.17,1507527154
2026-09-04,TBT,54.855889,2547,556846493.73,10151079.519
2026-09-04,TBV,0.416251,7818,1195675044.81,2872485939
2026-09-04,TCA,0.79677,45769,13984974248.54,17552079541.442
2026-09-04,TCB,0.238227,4635,3183507831.01,13363329886
2026-09-04,TCC,0.080828,417,413885561.18,5120573266
2026-09-04,TCD,47.901426,11693,1420598692.4,29656710
2026-09-04,TCF,4.607666,2762,3231676692.26,701369544
2026-09-04,TCG,1.300277,1,184193457.3,141657132
2026-09-04,TCH,2.254104,58,244497736.18,108467839
2026-09-04,TCI,11.633306,15,1412624727.74,121429349
2026-09-04,TCS,40.918898,44,1388270020.2,33927356
2026-09-04,TDG,0.531351,2091,737723351.77,1388392756
2026-09-04,TDP,60.385811,44,329690043.29,5459727
2026-09-04,TE3,40.91825,2946,1114784814.56,27244196
2026-09-04,TE4,6.648561,1467,1876137342.27,282186960
2026-09-04,TEJ,2.738364,1318,719219306.54,262645604
2026-09-04,TFE,2.866869,116,35345289.31,12328882
2026-09-04,TFF,43.352733,9036,1330254429.69,30684442
2026-09-04,TFU,1.296301,1255,220813930.65,170341494
2026-09-04,TGA,0.476325,6196,800290076.39,1680133740
2026-09-04,TGE,0.303373,37422,3031800647.39,9993627355
2026-09-04,TGN,1.47102,1967,2566571377.07,1744756291
2026-09-04,TGR,6.7967,5670,108744987.78,15999675
2026-09-04,TGT,0.121703,63639,4268944867.25,35076699042
2026-09-04,TGV,10.416889,13,6629216935.53,636391228
2026-09-04,TGZ,6.240328,13,1133422449.66,181628668
2026-09-04,THD,2.649201,199,8373433.8,3160739
2026-09-04,THF,2.784402,143324,83619436175.98,30031378298
2026-09-04,THG,7.278825,177,175687512.58,24136796
2026-09-04,THH,129.562729,1,1653026338.57,12758502
2026-09-04,THO,51.005958,12,4878264537.62,95641072
2026-09-04,THS,64.408377,1,422562364.67,6560674
2026-09-04,THT,0.192527,339,6102418.25,31696398
2026-09-04,THV,48.012233,16,2165647685.69,45106165
2026-09-04,TI1,1691.063349,237142,229287291370.11,135587641.65
2026-09-04,TI2,0.126304,20688,3307358807.6,26185772313
2026-09-04,TI3,0.109404,21393,1923734161.93,17583748106
2026-09-04,TI4,0.065751,13905,1921241350.14,29219860393
2026-09-04,TI6,0.054851,4918,609081268.46,11104315730
2026-09-04,TI7,79.309102,9665,1186472973.18,14960111
2026-09-04,TIE,0.750836,19142,1727943841.73,2301359973
2026-09-04,TIL,1.377585,1652,82085708.42,59586695
2026-09-04,TIP,50.386903,77,836306036.73,16597687
2026-09-04,TIV,53.810046,123537,28533565769.48,530264663.112
2026-09-04,TJB,9.882449,1,807420062.32,81702428
2026-09-04,TJF,5.265265,542,53140874.66,10092726
2026-09-04,TJI,6.481292,904,591130695.54,91205682
2026-09-04,TJL,22.045329,4,1498876735.78,67990671
2026-09-04,TJT,68.842688,1835,2279090821.98,33105779
2026-09-04,TKF,67.444042,4247,960358978.27,14239345
2026-09-04,TKH,2.202231,1,449758462.88,204228599
2026-09-04,TKK,1.767605,113295,1803578723.62,1020351850
2026-09-04,TKM,0.218383,504536,76040679870.31,348198681380
2026-09-04,TLC,1.069755,346,503670023.52,470827479
2026-09-04,TLE,28.462252,912,533615216.02,18748173
2026-09-04,TLH,26.596994,323,124187137.1,4669217
2026-09-04,TLK,1.793741,1144,3687048532.27,2055507792
2026-09-04,TLT,71.650658,1,405805609.82,5663669
2026-09-04,TLU,53.978474,487,7343216024.81,136039712
2026-09-04,TLV,1.386108,11049,4321508809.92,3117728094
2026-09-04,TLY,9440.833918,106091,249408951179.36,26418106
2026-09-04,TLZ,19.118521,875,72621051.37,3798466
2026-09-04,TMC,0.164468,11499,151962575.54,923965108
2026-09-04,TMG,1.466298,35980,5131627322.99,3499715745
2026-09-04,TMH,0,12,0,0
2026-09-04,TMM,75.068789,1679,1477690748.52,19684489
2026-09-04,TMR,7.718524,1,9165940222.69,1187525000
2026-09-04,TMS,2.088533,85,409265406.93,195958308
2026-09-04,TMU,1.441042,91,59511838.07,41297784
2026-09-04,TMV,10.831009,14500,44398911326.34,4099240607
2026-09-04,TMZ,2.003454,2579,52973629.16,26441148
2026-09-04,TNB,50.532336,80,670625953.1,13271224
2026-09-04,TND,1.523587,492,193971583.28,127312434
2026-09-04,TNF,4.316567,3,5249480429.38,1216123947
2026-09-04,TNH,12.106461,3,152192610.58,12571189
2026-09-04,TNI,11.51439,2841,8166687330.32,709259202
2026-09-04,TNK,34.281112,74246,3880281933.2,113190084
2026-09-04,TNS,13.027101,16,94972233.15,7290358
2026-09-04,TO8,57.139051,101,731330197.13,12799131
2026-09-04,TOK,59.639265,6942,24743220381.14,414881379
2026-09-04,TOT,966.069502,642,118156096.54,122306
2026-09-04,TP1,68.650553,1,385210540.55,5611179
2026-09-04,TP2,2.209513,163212,214671032078.78,97157632873
2026-09-04,TPC,13.498883,12127,5859313511.12,434059139
2026-09-04,TPE,0.554303,34,2354672253.95,4247989099
2026-09-04,TPF,11.207116,512,124954284.39,11149549
2026-09-04,TPJ,79.164024,1478,2348588139.47,29667367
2026-09-04,TPL,21.330394,1526,503682354.88,23613364.006
2026-09-04,TPO,0.183658,3,107537721.83,585531154
2026-09-04,TPP,78.168765,391,1876128540.67,24001000
2026-09-04,TPR,0.467351,1,10059370.83,21524221
2026-09-04,TPV,10.549561,44,8018604.94,760089
2026-09-04,TPZ,28.713867,1502,151965612.09,5292412
2026-09-04,TRJ,2.203401,4617,2309778512.44,1048278893
2026-09-04,TRN,1.031987,1,1887630530.61,1829123080
2026-09-04,TRO,2.561468,369,27857957.07,10875780
2026-09-04,TRR,6.526978,454,2389083122.5,366032065
2026-09-04,TRU,1.529329,289,300978117.05,196804039
2026-09-04,TSI,0.210227,79118,23823288564.8,113321527369
2026-09-04,TSP,71.060457,5,1743593588.19,24536763
2026-09-04,TTA,0.633313,223558,26778318249.83,42282884485
2026-09-04,TTE,1.598444,46493,3607881731.52,2257121359
2026-09-04,TTL,37.734056,354,296641524.09,7861374
2026-09-04,TTP,51.935731,105,894016747.68,17213905
2026-09-04,TTS,71.034295,1,2208208042.99,31086506
2026-09-04,TTV,8.871109,35,2778969748.92,313260708
2026-09-04,TTZ,3.598113,7,230548516.36,64074841
2026-09-04,TUA,1.484472,31262,15307005613.74,10311415424.209
2026-09-04,TVE,1.121488,357,218320678.25,194670498
2026-09-04,TVN,2.989285,524,9265625.59,3099613
2026-09-04,TYH,2.041726,6224,1089623578.77,533677672.836
2026-09-04,TZC,0.307401,1135,30689985.57,99836888
2026-09-04,TZD,2.518407,7937,665061257.18,264080144.054
2026-09-04,TZH,8.564683,1,62854437199.09,7338793381
2026-09-04,TZL,0.140142,185344,94415013934.74,673708611432.17
2026-09-04,TZP,14.439452,14,1140068531.88,78955112
2026-09-04,TZT,0.171461,5854,341174693.72,1989806526.044
2026-09-04,TZV,962.13373,133568,31022022048.74,32242942
2026-09-04,UAB,5.484784,2,647437867.32,118042548
2026-09-04,UAP,71.551059,1,469836450.11,6566450
2026-09-04,UCN,2.040339,2,1111457406.73,544741624
2026-09-04,UCP,1.343876,27,30898149732.72,22991822863
2026-09-04,UFH,73.582011,1,270509473.81,3676299
2026-09-04,UHL,74.303134,1,2654387339.4,35723760
2026-09-04,UHS,7.244746,13,389853825.25,53811937
2026-09-04,ULH,6.544327,239,1267477243,193675719
2026-09-04,ULL,70.473661,3,288730235.97,4096995
2026-09-04,UNT,1.586568,261,5468181648.58,3446547138
2026-09-04,UP1,6.342141,1435,1408764981.48,222127665
2026-09-04,UP2,4.281881,320,2892269297.28,675467054.14
2026-09-04,UPD,22.24298,258,2451697084,110223409
2026-09-04,UPH,30.020384,515,104211710.21,3471365
2026-09-04,UPP,7.133236,913,2558051907.38,358610290
2026-09-04,UPS,5.015734,1,1058846447.12,211105000
2026-09-04,URA,1.935745,9199,659161384.55,340520835
2026-09-04,URC,56.019903,149,160190089.75,2859521
2026-09-04,URD,50.601603,14,11168057061.58,220705597
2026-09-04,URG,76.812918,1,576308274.54,7502752
2026-09-04,URM,49.401595,5,8523329134.94,172531457
2026-09-04,URS,3.91347,1,1025677904.49,262089128
2026-09-04,URV,3.42507,2,9197682502.51,2685399860
2026-09-04,USS,3.904253,1,4232345731.85,1084034643
2026-09-04,UST,4.27685,1,2005153957.8,468839001
2026-09-04,USY,0.264476,386,1361860589.39,5149275620
2026-09-04,UYH,5.131922,12,675456465.86,131618603
2026-09-04,UZY,9.342954,39,329156751.39,35230478
2026-09-04,VAY,1.551172,2968,48258632.03,31111072
2026-09-04,VCD,6.448028,12,954679948.3,148057660
2026-09-04,VCG,5.815117,12,2014043450.67,346346139
2026-09-04,VCY,3.454767,12152,162020483.76,46897653
2026-09-04,VFK,5.545816,5711,3133081099.29,564944994
2026-09-04,VFO,1.021412,7803,377023848.84,369120369
2026-09-04,VFS,1.993317,1,6419864.95,3220695
2026-09-04,VHK,0.964068,268,5718314.09,5931445
2026-09-04,VHS,0.963794,455,52961750.37,54951341
2026-09-04,VK6,4.21554,161867,82868190076.87,19657785540.988
2026-09-04,VKI,3.150381,343,887446774.91,281695068
2026-09-04,VKK,1.100137,447,76919869.8,69918424
2026-09-04,VKR,1.007099,1,455134.38,451926
2026-09-04,VKT,0.123652,43887,4798058746.53,38802901984.964
2026-09-04,VKV,1.09969,937,568063522.58,516566728
2026-09-04,VLT,1.035599,657,70029176.57,67621936
2026-09-04,VMV,2.828549,142,7450522700.17,2634043763
2026-09-04,VNK,2.457253,237,3816138017.36,1553009756
2026-09-04,VPA,1.12631,3375,13182111453.44,11703803864
2026-09-04,VPH,0.982066,268,9247297.87,9416164
2026-09-04,VPP,54.63559,565,1574067195.71,28810290
2026-09-04,VPS,0.832777,5632,998692985.28,1199231792
2026-09-04,VRK,1.32118,162,49111948.84,37172791
2026-09-04,VTF,2.127687,1,406706253.98,191149460
2026-09-04,VTL,1.123944,7081,3069760130.35,2731239672
2026-09-04,YA1,1.442954,24,32582301503.28,22580273137
2026-09-04,YAC,14.716526,9823,5427630356.31,368811941
2026-09-04,YAE,1.199712,624,73577069.14,61328940
2026-09-04,YAK,5.214761,107990,1130878911.73,216861102.414
2026-09-04,YAN,14.712065,3596,1869100772.29,127045443
2026-09-04,YAR,27.48612,1,769611364.38,28000000
2026-09-04,YAS,14.762091,61464,6363242078.48,431052904
2026-09-04,YAY,1813.190732,43831,13104705469.27,7227428
2026-09-04,YBE,1.863048,13985,5054143569.72,2712835751
2026-09-04,YBH,54.452643,594,649205969.79,11922396
2026-09-04,YBJ,59.273924,1,1959918621.97,33065444
2026-09-04,YBP,12.910945,55,960335303.71,74381488
2026-09-04,YBR,56.084224,2625,6529256990.06,116418781
2026-09-04,YBS,0.147583,11930,2086471949.95,14137664156
2026-09-04,YCG,61.303211,4,204152258.93,3330205
2026-09-04,YCH,2.713216,113,107585146.13,39652266
2026-09-04,YCK,4.571417,182,404063053.46,88389026
2026-09-04,YCL,10.412959,12,175638021.3,16867253
2026-09-04,YCP,8.542019,1997,1024802640.94,119971939
2026-09-04,YCY,4.136201,276,375611118.09,90810664
2026-09-04,YDH,1.115172,1,4996065449.94,4480085038
2026-09-04,YDI,0.467778,6913,1132182792.8,2420343031
2026-09-04,YDK,0.121531,48459,149790068.38,1232527198
2026-09-04,YDL,60.462416,8,1265855285.25,20936234
2026-09-04,YDM,1.920972,2,1303737570.85,678686262
2026-09-04,YDP,2.28219,2539,396226396.75,173616709
2026-09-04,YDZ,55.519168,2900,11570008388.67,208396644
2026-09-04,YEF,0.972688,13727,1990882737.98,2046783993.008
2026-09-04,YFV,0.106592,7524,917451016.01,8607144520
2026-09-04,YGM,3.451351,1901,560721783.33,162464418
2026-09-04,YHB,2.342465,7173,267154238.17,114048321
2026-09-04,YHI,1.489955,235,56560698.01,37961353
2026-09-04,YHK,2.003538,7239,1200798743.81,599339176
2026-09-04,YHP,4.682612,1,1779392407.01,380000000
2026-09-04,YHS,26.507153,8932,2874041968.09,108425147
2026-09-04,YHT,0.419379,86023,2458027343.5,5861109436.894
2026-09-04,YHY,0.942276,18,171795680.44,182319880
2026-09-04,YHZ,9.352945,17867,1395630777.26,149218319
2026-09-04,YIK,1.557519,1500,13123610793.39,8425973489
2026-09-04,YIS,1.443612,1,918177526.86,636027889
2026-09-04,YIT,2.527265,16340,2088284535.7,826302216
2026-09-04,YIV,3.604581,2,5756149821.92,1596898432
2026-09-04,YJA,68.003664,4,407133379.38,5986933
2026-09-04,YJH,3.738408,4033,184210872.38,49275221
2026-09-04,YJK,5.577649,14110,998834125.78,179077968
2026-09-04,YJU,67.067303,1,446507746.62,6657607
2026-09-04,YJY,58.435213,9187,79381341756.52,1358450455
2026-09-04,YKS,0.354576,365,608970090.23,1717457848
2026-09-04,YKT,0.898219,86253,33403660610.98,37188774310
2026-09-04,YLB,1.844956,358923,114976961426.03,62319625569
2026-09-04,YLC,4.043373,1347,78881345.61,19508796
2026-09-04,YLE,8.741966,2253,243952539.86,27905914
2026-09-04,YLO,5.42187,5055,240571863.36,44370645
2026-09-04,YLR,2.402146,4,11765.71,4898
2026-09-04,YLY,2.262683,928,32556144.48,14388293
2026-09-04,YLZ,2.834242,17,3564792108.58,1257758532
2026-09-04,YMD,57.178382,1454,7737358594.49,135319649
2026-09-04,YMH,1.605621,314,428149621.63,266656795
2026-09-04,YMP,1.175441,116,574354483.24,488628863
2026-09-04,YNF,1.032166,276,810976.03,785703
2026-09-04,YNK,48.586322,1174,20256306502.58,416913770
2026-09-04,YNL,55.946185,1,222773792.52,3981930
2026-09-04,YOA,90.526603,140,1930722058.04,21327676
2026-09-04,YOS,57.28075,275,1141699865.6,19931650
2026-09-04,YOT,41.082123,9843,1938152281.97,47177510.059
2026-09-04,YOZ,50.070608,2204,49499782317.92,988599577
2026-09-04,YP1,64.957555,3,221697081.09,3412953
2026-09-04,YP2,74.169469,1,1378747233.05,18589148
2026-09-04,YP4,54.975864,29381,134539639440.3,2447249211
2026-09-04,YPC,5.646005,2331,52664764.06,9327793
2026-09-04,YPD,68.51608,2,100626893.93,1468661
2026-09-04,YPF,10.305485,610,1505598126.33,146096780
2026-09-04,YPI,56.892627,59,2033462366.39,35742107
2026-09-04,YPK,14.749995,223,209576918.62,14208609
2026-09-04,YPL,74.303311,1575,13734433751.71,184842822
2026-09-04,YPN,68.222661,1129,4006966501.86,58733659
2026-09-04,YPP,25.467509,1,4763921895.82,187058807
2026-09-04,YPR,1.690842,318,79009502.36,46727914
2026-09-04,YPT,4.200677,19317,131480265361.35,31299777061
2026-09-04,YPU,67.229471,1916,5337552200.18,79393042
2026-09-04,YPV,7.886196,3335,5456193705.49,691866401
2026-09-04,YRZ,48.97707,156,805843242.43,16453480
2026-09-04,YSA,49.454644,299,387677719.99,7839056
2026-09-04,YSH,0.963561,454,61182271.61,63496009
2026-09-04,YSL,44.116079,379,681204179.22,15441177
2026-09-04,YSO,1.659923,432,108273601.64,65228095
2026-09-04,YSU,0.17681,6130,250887011.5,1418964697
2026-09-04,YTD,0.94251,14968,1737615167.15,1843603334
2026-09-04,YTJ,70.76297,1,1243209150.87,17568640
2026-09-04,YTO,54.009865,4,713637908.12,13213103
2026-09-04,YTR,80.982383,2,627240789.49,7745398
2026-09-04,YTV,3.235865,2243,210251364.06,64975314
2026-09-04,YTY,59.823719,20725,120790997981.89,2019115511
2026-09-04,YUB,5.385106,591,387973875.95,72045727
2026-09-04,YUD,76.422361,2,256485670.38,3356160
2026-09-04,YUI,1.926554,7,923204660.1,479200096
2026-09-04,YUK,50.577236,147,1374536528.34,27176980
2026-09-04,YUN,59.101118,581,3216079766.44,54416564
2026-09-04,YUY,1.007639,2,997926967.38,990361196
2026-09-04,YVB,1.40235,745,130929876.64,93364623
2026-09-04,YVD,4.477968,82732,49841640881.65,11130414332
2026-09-04,YVF,74.295653,4,962372098.64,12953276
2026-09-04,YVG,63.997643,1219,6113577714.74,95528170
2026-09-04,YVO,70.961208,2,743860517.14,10482636
2026-09-04,YVS,77.193194,6,446000043.19,5777712
2026-09-04,YZC,5.128322,12324,645567545.25,125882796
2026-09-04,YZF,102.462499,1,486696871.03,4750000
2026-09-04,YZG,13.43937,60387,11059636334.58,822928188
2026-09-04,YZH,11.035596,5523,671690036.11,60865768
2026-09-04,YZK,7.915963,190,195270524.38,24667944
2026-09-04,YZL,5.687297,58,544031529.28,95657308
2026-09-04,YZT,0.975739,9096,621462203.09,636914110
2026-09-04,ZA2,2.082624,544,3976947805.74,1909584891
2026-09-04,ZAD,46.715821,49,15870859.38,339732
2026-09-04,ZAV,57.947076,4873,63838168196.82,1101663323
2026-09-04,ZAY,6.487191,3285,1485525303.59,228993609
2026-09-04,ZBD,680.222027,2062,934078439.31,1373196.389
2026-09-04,ZBI,2.306625,1878,198725121.61,86154060
2026-09-04,ZBJ,5.254547,20137,82403322614.91,15682289458.533
2026-09-04,ZBN,22.707333,165,141292698.01,6222338
2026-09-04,ZBO,3.314188,226,461826302.13,139348245
2026-09-04,ZBZ,68.639821,1,360347732.23,5249835
2026-09-04,ZCA,8.730616,1,65790415.94,7535598
2026-09-04,ZCB,75.361987,3,2422209.61,32141
2026-09-04,ZCC,80.482758,2,425371897.66,5285255
2026-09-04,ZCD,4.860835,457,1360249574.1,279838669
2026-09-04,ZCE,4.759462,1,13363302873.95,2807733694
2026-09-04,ZCF,4.126165,1,1902154709.44,460998205
2026-09-04,ZCG,6.834662,155,1052445461.21,153986479
2026-09-04,ZCH,2.457986,1,5058522784.03,2057994652
2026-09-04,ZCK,1.805706,2512,389077274.95,215471002
2026-09-04,ZCN,4.121672,6521,633875310.19,153790800
2026-09-04,ZDD,7.594224,1423,520274789.49,68509273
2026-09-04,ZDK,15.923743,1,3336629.29,209538
2026-09-04,ZDZ,12.490511,8588,981714361.91,78596813
2026-09-04,ZFB,7.145851,15198,1011587741.48,141562959
2026-09-04,ZFZ,71.04037,3,22834300489.77,321427105
2026-09-04,ZHH,1.457338,1058,87504182.13,60043840
2026-09-04,ZIH,0.933771,8237,569640911.63,610043504
2026-09-04,ZJB,10.194871,1671,8215027570.94,805800079
2026-09-04,ZJH,62.490795,1,211593767.69,3385999
2026-09-04,ZJI,10.535664,1629,6636205540.58,629880172
2026-09-04,ZJL,14.813164,2575,399074049.16,26940500
2026-09-04,ZJT,68.994742,1,1372661356.71,19895159
2026-09-04,ZJV,10.690768,1340,672395856.23,62895000
2026-09-04,ZK1,51.0074,108,2120124858.62,41565045
2026-09-04,ZK2,58.846023,72,1155765015.95,19640495
2026-09-04,ZKK,25.453177,1,2384134823.46,93667474
2026-09-04,ZLB,50.853446,46,491099404.65,9657151
2026-09-04,ZLG,65.245514,1,1098265466.49,16832812
2026-09-04,ZLH,11.369038,3365,440695756.73,38762800
2026-09-04,ZMT,63.802702,312,1716988013.32,26910898
2026-09-04,ZMU,0.214858,14,19397991.94,90283015
2026-09-04,ZMY,6.352266,2826,188968477.96,29748200
2026-09-04,ZNF,55.7903,1,849118217.75,15219818
2026-09-04,ZOS,1.889676,11,579226229.37,306521428
2026-09-04,ZP1,63.853085,2,64743068.88,1013938
2026-09-04,ZP2,5.864604,1,626259879.06,106786382
2026-09-04,ZP3,4.546546,1,508403106.87,111821825
2026-09-04,ZP6,59.046619,1512,5548124820.27,93961770
2026-09-04,ZP7,68.551186,1,1294676414.02,18886273
2026-09-04,ZP8,4.137362,4316,61550328731.11,14876707218
2026-09-04,ZP9,61.309868,820,2632539039.16,42938260
2026-09-04,ZPA,67.666391,921,4476941372.49,66161965
2026-09-04,ZPC,19.504189,2790,3217737850.48,164976754
2026-09-04,ZPE,34.809639,7302,1251564579.28,35954540.836
2026-09-04,ZPF,23.418569,3433,756205322.43,32290843
2026-09-04,ZPG,10.812047,6505,1578734031.07,146016203.425
2026-09-04,ZPH,1.536029,56,503405353.41,327731600
2026-09-04,ZPJ,11.220726,309,112636112.92,10038220
2026-09-04,ZPK,8.52989,30159,20483570904.5,2401387420.001
2026-09-04,ZPN,73.114238,1,1967560081,26910765
2026-09-04,ZPO,1.05549,1932,2433486619.37,2305552090
2026-09-04,ZPR,1.566063,904,36970708188.74,23607423921
2026-09-04,ZR2,1.437762,1,1361085290.05,946669725
2026-09-04,ZR3,0.47455,141,143591853.45,302585538
2026-09-04,ZSB,12.339025,25,2672489845.03,216588410
2026-09-04,ZSF,52.82912,1614,41303021.35,781823
2026-09-04,ZSG,4.330451,914,50120210.7,11573900
2026-09-04,ZSK,59.160035,1,2574729309.61,43521430
2026-09-04,ZSN,57.4313,2,3127712079.5,54460061
2026-09-04,ZTF,7.675901,1,2109814339.67,274862095
2026-09-04,ZTG,1.370009,1079,47715741.61,34828789
2026-09-04,ZTV,1.021868,1528,661513789.27,647357252
2026-09-04,ZUD,4.335617,1,900722591.25,207749576
2026-09-04,ZUE,5.169135,1,10911518565.36,2110898540
2026-09-04,ZUS,50.944774,3356,59110889009.66,1160293487
2026-09-04,ZVB,97.67487,11,245029816.26,2508627
2026-09-04,ZVO,3.706571,302,851700560.1,229781233
2026-09-04,ZYC,5.004452,1,9177096964.83,1833786550
2026-09-04,ZYD,4.970281,1,9166132527.34,1844187892
2026-09-04,ZZL,84.679298,15,43128775.17,509319
2026-09-03,AAL,3.534938,4404,2061637912.61,583217559
2026-09-03,AAS,12.893839,151,17433411.91,1352073
2026-09-03,AAV,62.28297,1966,122005050.46,1958883
2026-09-03,ABG,125.265975,178,16018222728.17,127873692
2026-09-03,ABJ,0.715059,3,956278811.75,1337341991
2026-09-03,ABU,0.106519,37,61813638.36,580303972
2026-09-03,AC1,3.270566,194,325375634.21,99486047
2026-09-03,AC2,2.760823,44,20507181642.87,7427922197
2026-09-03,AC3,64.174328,14,134160411.27,2090562
2026-09-03,AC4,4.062321,4137,2238071458.89,550934121
2026-09-03,AC5,3.75458,148,22924521.99,6105748
2026-09-03,AC6,58.073021,79,75740692.23,1304232
2026-09-03,AC7,4.635916,44,2990629721.38,645100136
2026-09-03,AC8,192.82594,96,2920062902.97,15143517
2026-09-03,ACC,43.982276,1307,116080926.2,2639266
2026-09-03,ACD,6.111948,1479,349609614.72,57201015.413
2026-09-03,ACN,12.708316,16,652406103.96,51336945
2026-09-03,ACU,57.456335,161,1448295639.87,25206892
2026-09-03,ADE,0.89583,25657,699426137.6,780757481
2026-09-03,ADP,1.271345,21285,3884227375.03,3055210995
2026-09-03,AED,115.664291,1392,66486736.52,574825.09
2026-09-03,AES,0.189054,34989,1364557190.49,7217813582
2026-09-03,AEV,2.075598,418,9029376.67,4350254
2026-09-03,AFA,1.291899,46972,5479794455.8,4241658042
2026-09-03,AFO,1.312905,81624,19064873832.16,14521133353
2026-09-03,AFS,0.359707,29270,925614060.02,2573245628
2026-09-03,AFT,0.97038,138440,18868721685.27,19444679138
2026-09-03,AFV,0.605764,14998,1259483027.65,2079163933
2026-09-03,AGC,9.463922,2473,104169457.39,11007007
2026-09-03,AHH,11.034001,15,235803322.64,21370610
2026-09-03,AHI,36.096022,2685,113955720.46,3157016
2026-09-03,AHN,69.994112,109,32323280.75,461800
2026-09-03,AHU,11.516308,595,118280472.93,10270694
2026-09-03,AHV,21.844699,197,135491699.05,6202498
2026-09-03,AHZ,31.754731,14,100434498.8,3162820
2026-09-03,AI1,1.264339,17,61848594.55,48917729
2026-09-03,AIH,17.43042,4,165774867.2,9510664
2026-09-03,AII,97.248148,3,383352197.63,3942000
2026-09-03,AIM,26.830878,1,58016057.77,2162287
2026-09-03,AIR,167.129298,3,1496359409.07,8953304
2026-09-03,AIS,0.108921,22455,15851656909.78,145533091250
2026-09-03,AJ1,1.343127,89,10230690.49,7617066
2026-09-03,AJE,63.859884,943,2849760673.95,44625209
2026-09-03,AJK,65.104112,134,124959986.06,1919387
2026-09-03,AJL,64.868462,1260,4602878755.6,70957113
2026-09-03,AJN,62.16343,266,407769535.62,6559637
2026-09-03,AK2,0.553988,9178,255862729.49,461855987
2026-09-03,AK3,52.907141,20515,8079906139.51,152718631
2026-09-03,AKE,0.530257,13398,1054637440.8,1988919369
2026-09-03,AKU,0.964759,17160,2324048107.09,2408941022
2026-09-03,AL4,4.04301,12,1287884825.87,318546011
2026-09-03,AL5,54.379264,2356,13653017066.44,251070281
2026-09-03,AL6,3.957046,12,5645094099.69,1426593054
2026-09-03,AL7,3.814015,112,9126957949.85,2393005189
2026-09-03,ALC,0.374622,24954,1634426480.5,4362870137
2026-09-03,ALE,13.693272,148959,92628578259.54,6764532140
2026-09-03,AN1,113.633526,2866,1366046142.15,12021506.248
2026-09-03,ANL,38.00392,3620,624186491.1,16424266
2026-09-03,ANZ,21.962524,158,259943006.57,11835753
2026-09-03,AOJ,1.605506,201,20001469.97,12458050
2026-09-03,AOY,0.345671,35741,981469956.82,2839320365
2026-09-03,AP2,2.95363,34,824761896.63,279236705
2026-09-03,AP4,0.980742,11,244418979.02,249218342
2026-09-03,AP5,0.832228,17,868778.52,1043919
2026-09-03,AP6,6.769508,45,645303655.09,95325048
2026-09-03,AP7,2.692329,450,222618169.06,82686091
2026-09-03,APJ,6.794149,2882,81914066.71,12056560
2026-09-03,APP,33.322827,2,213782665.46,6415502
2026-09-03,APT,0.164753,13124,357772431.74,2171574322
2026-09-03,ARE,0.260295,2067,52657803.06,202300851
2026-09-03,ARF,8.987502,1,812019879.36,90349894
2026-09-03,ARL,16.139658,7367,4034851228.97,249996080
2026-09-03,ARM,18.461201,5054,3046152110.51,165002918
2026-09-03,ARP,41.850621,1,3162400156.82,75563996
2026-09-03,AS1,45.840927,37,6362766.54,138801
2026-09-03,AS3,0.744299,16,168098467,225848060
2026-09-03,ASJ,3.892462,748,59755749.45,15351661
2026-09-03,ATJ,22.456106,9,1017136596.23,45294433
2026-09-03,AU1,1.18235,936,51074638.2,43197572
2026-09-03,AUV,50.182932,536,417045658.35,8310508
2026-09-03,AVC,127.879323,12,259429037.58,2028702
2026-09-03,AVT,229.699232,20188,4294178223.89,18694787
2026-09-03,AVZ,94.149628,1,216776692.95,2302470
2026-09-03,AY6,1.386032,11,108473878.48,78262194
2026-09-03,AY7,1.699044,12,321295270.87,189103512
2026-09-03,AYA,18.606954,9570,1068758548.11,57438661
2026-09-03,AYR,0.141875,13087,1677738314.42,11825436222
2026-09-03,AZF,0.1884,4,626461543.42,3325162435
2026-09-03,AZJ,21.323617,66,2003788758.11,93970399
2026-09-03,AZV,27.573559,5,4620441055.38,167567815
2026-09-03,AZZ,64.354172,6,25520331040.42,396560633
2026-09-03,BA1,1.965218,37,401640036.52,204374343
2026-09-03,BAC,1.515071,12,1294920167.96,854692790
2026-09-03,BAG,1.059643,191,101753600.21,96026345
2026-09-03,BAI,1.081578,129,60845142.89,56255876
2026-09-03,BAL,50.467034,1,1108977232.64,21974290
2026-09-03,BAO,2.897653,4,68087277.92,23497385
2026-09-03,BAS,54.435509,1,1557442592.09,28610784
2026-09-03,BBF,3.646787,890,147647021.6,40486874
2026-09-03,BBI,1.22475,11,832739.28,679926
2026-09-03,BBN,0.513149,13,1180529770.83,2300561650
2026-09-03,BBO,0.627829,11,217422076.57,346308033
2026-09-03,BBP,2.288188,609,22960481.87,10034352
2026-09-03,BBS,1.638267,724,2415318505.12,1474312886
2026-09-03,BCC,78.808914,3,3287286795.12,41712119
2026-09-03,BCK,2.034827,2367,113782164.98,55917359
2026-09-03,BCO,2.016777,1402,124183557.16,61575267
2026-09-03,BDA,57.076978,781,6017645089.15,105430339
2026-09-03,BDC,9.129833,30,356509165.45,39048815
2026-09-03,BDI,0.000245,72,264034995.36,1078899892195
2026-09-03,BDO,2.674138,11,2648121598.21,990271266
2026-09-03,BDS,2.017218,7511,195385818.73,96859036
2026-09-03,BDY,1.736738,2364,105755815.44,60893373
2026-09-03,BFE,1.810936,55,10144587.87,5601848
2026-09-03,BFO,54.315921,1,11056708801.3,203562943
2026-09-03,BFS,1.095841,299,22767784.49,20776546
2026-09-03,BFT,1.175293,589,186836992.21,158970560
2026-09-03,BGH,2.258454,1,1061539981.42,470029440
2026-09-03,BGP,6.626488,28898,62474954751.5,9428064491
2026-09-03,BGR,0.999199,239,33854631.38,33881778
2026-09-03,BHA,1.757095,781,96680961.59,55023181
2026-09-03,BHE,1.848919,96,37364958.54,20209086
2026-09-03,BHF,3.056197,1460,179627407.47,58774822
2026-09-03,BHH,0.18301,71,354583506.22,1937513173
2026-09-03,BHI,2.378844,441,2275691888.76,956637843
2026-09-03,BHL,1.242634,768,90451736.64,72790331
2026-09-03,BHN,1.134537,42,532952614.62,469753460
2026-09-03,BHO,1.21167,1,1484050268.1,1224797601
2026-09-03,BI5,0.881221,14,2475197.11,2808828
2026-09-03,BIA,0.223019,18,832369.73,3732290
2026-09-03,BID,3.259679,2021,228563696.43,70118463
2026-09-03,BIG,1.438688,3228,526571453.27,366008073
2026-09-03,BIH,9.030847,518,900707193.09,99736733
2026-09-03,BIK,1.060724,15,2467281040.17,2326034321
2026-09-03,BIO,2.346424,9964,660333668.16,281421275
2026-09-03,BIP,1.662443,230,4620700776.59,2779464699
2026-09-03,BIS,1.80245,61,797089614.64,442225676
2026-09-03,BIY,1.367577,330,83499906.96,61056840
2026-09-03,BJD,53.690679,109,772186915.84,14382141
2026-09-03,BKO,1.298229,1,1197835819.31,922669454
2026-09-03,BKY,50.230957,1041,7921662237.1,157704785
2026-09-03,BLA,4.524178,15,4231454602.96,935298004
2026-09-03,BLD,1.690606,712,506624785.08,299670601
2026-09-03,BLT,1.843306,3355,381322174.62,206868579
2026-09-03,BMU,2.670025,3504,306386988.07,114750627
2026-09-03,BNC,2.234655,243,635130203,284218400
2026-09-03,BNH,1.212281,176,59746005.66,49283977
2026-09-03,BOH,0.725736,11,181847356.25,250569682
2026-09-03,BOL,1.726172,292,117438889.59,68034276
2026-09-03,BON,1.445987,444,41689175.66,28830939
2026-09-03,BOP,50.243128,11,1359081234.25,27050092
2026-09-03,BOS,1.299134,847,2051314389.79,1578985627
2026-09-03,BP5,1.458453,11,51882174.64,35573439
2026-09-03,BPD,56.44213,11,155127187.42,2748429
2026-09-03,BPZ,1.616301,1396,921295023.39,570001962
2026-09-03,BRB,1.032233,11,589798682.78,571381465
2026-09-03,BRC,1.361572,37,118314293.88,86895391
2026-09-03,BRF,1.610779,1133,86106737.6,53456594
2026-09-03,BRG,5.188081,1642,2008465954.42,387130820
2026-09-03,BRH,6.779471,15,5262268573.66,776206408
2026-09-03,BRR,1.692603,645,1155859503.56,682888647
2026-09-03,BRT,0.825117,335,11987685.13,14528459
2026-09-03,BRZ,55.536084,5,1566822871.56,28212700
2026-09-03,BS1,1.436621,225,337387846.82,234848254
2026-09-03,BSA,0.43454,1,886255166.41,2039522977
2026-09-03,BSC,0.137394,41,131531814.71,957330904
2026-09-03,BSD,1.20337,93,359992811.88,299153858
2026-09-03,BSE,0.426363,65,298328949.6,699706389
2026-09-03,BSF,1.239173,1,7005671776.38,5653503590
2026-09-03,BSH,1.0107,130,8571586.35,8480844
2026-09-03,BSM,1.795679,2780,2383874415.92,1327561234
2026-09-03,BSN,0.811716,18,615041617.76,757705538
2026-09-03,BST,10.412771,556,39540395.67,3797298
2026-09-03,BTE,5.103196,1026,222026782.86,43507399
2026-09-03,BTJ,1.383847,56,12416642.48,8972552
2026-09-03,BTK,1.667519,2148,326640071.98,195883877
2026-09-03,BTP,0.602714,20,676558495.66,1122520077
2026-09-03,BTY,59.797657,2,638034665.26,10669894
2026-09-03,BTZ,1.233839,195,7614665.47,6171522
2026-09-03,BUB,1.296278,2652,135531349.23,104554257
2026-09-03,BUC,0.788326,24,1268455.73,1609050
2026-09-03,BUP,4.222051,1,14164041278.53,3354777076
2026-09-03,BUT,1.853039,4,169474293.59,91457465
2026-09-03,BUV,1.238876,238,13293430.62,10730239
2026-09-03,BUY,1.698446,16563,323588685.38,190520433
2026-09-03,BV1,1.675717,488,84998144.96,50723462
2026-09-03,BVB,4.661968,1,5011629238.95,1075003028
2026-09-03,BVC,4.413554,1,7155881310.36,1621342207
2026-09-03,BVD,1.415343,381,241784673.04,170831183
2026-09-03,BVF,1.434156,545,1792988041.15,1250204626
2026-09-03,BVH,2.074475,13,140715062.61,67831653
2026-09-03,BVI,2.834552,27,282677892.43,99725773
2026-09-03,BVK,1.064474,21,28600.29,26868
2026-09-03,BVM,1.297465,126,13486363.54,10394394
2026-09-03,BVT,5.549606,10,20784754.7,3745267
2026-09-03,BVV,3.444975,1115,188522985.1,54724057
2026-09-03,BVZ,4.557364,623,3070362614.81,673714648
2026-09-03,BYZ,1.328157,40,109097267.08,82141874
2026-09-03,CAH,1.240254,210,18940039.54,15271092
2026-09-03,CBD,0.111731,17,1274848424.06,11409975961
2026-09-03,CBN,46.934252,6,600128613.48,12786581
2026-09-03,CBO,230.623318,3,1668618284.47,7235254
2026-09-03,CEY,67.364695,3,223275903.58,3314435
2026-09-03,CFO,2.552441,466,1874941882.18,734568262
2026-09-03,CGD,58.811599,2,651016997.24,11069534
2026-09-03,CHY,0.155843,41,150024597.44,962664615
2026-09-03,CIN,1.726992,528,20982473.55,12149720
2026-09-03,CJD,51.843206,1596,6477885148.99,124951477
2026-09-03,CJF,65.627194,3,1641810420.58,25017227
2026-09-03,CJG,66.378588,1,2010855290.54,30293734
2026-09-03,CJH,62.307316,1711,3080254957.6,49436489
2026-09-03,CKF,2.121129,2913,698409960.89,329263326
2026-09-03,CKL,1.588334,1260,780042737.74,491107393
2026-09-03,CKS,61.589023,2378,5640653475.91,91585371
2026-09-03,COT,59.508085,196,552873312.22,9290726
2026-09-03,CPT,3.708992,14457,950720313.83,256328495
2026-09-03,CPU,3.864098,17820,1660041725.26,429606555
2026-09-03,CRL,49.671693,3,1067941389.31,21500000
2026-09-03,CSD,65.003082,1,677380801.66,10420749
2026-09-03,CSH,4.086356,54,6465933669.67,1582322640
2026-09-03,CTF,9.345004,1,349237335.74,37371557
2026-09-03,CTG,7.588601,1,16439215.95,2166304
2026-09-03,CTM,6.367019,1,16442012.19,2582372
2026-09-03,CTP,63.239639,1,572436989,9051870.001
2026-09-03,CTV,10.868551,4,205858743.56,18940772
2026-09-03,CVA,4.218057,1,9747811647.32,2310971747
2026-09-03,CVB,4.282247,5,2025998920.21,473115896
2026-09-03,CVC,2.928241,2,735356776.44,251125767
2026-09-03,CVD,64.692993,2,1105253398.51,17084592
2026-09-03,CVE,2.815505,1,309768262.65,110022256
2026-09-03,CVF,4.825723,1,997877910.18,206783109
2026-09-03,CVK,5.16509,1901,632933379.07,122540625
2026-09-03,CVL,1.594535,1188,84483133.7,52982920
2026-09-03,CYD,58.267306,409,1465504316.96,25151400
2026-09-03,DA1,49.048123,39,5135878.04,104711
2026-09-03,DAC,73.718189,1,523572601.07,7102353
2026-09-03,DAE,2.725465,1,1022610314.15,375205792
2026-09-03,DAH,3.568621,2527,571930045.61,160266400
2026-09-03,DAI,97.194978,4,374140890.35,3849385
2026-09-03,DAL,72.41922,1,694959099.88,9596335
2026-09-03,DAP,1.032479,770,1504712733.44,1457378896
2026-09-03,DAS,55.639403,25313,115587695757.91,2077443143.31
2026-09-03,DAT,99.386492,6,276551661.16,2782588
2026-09-03,DAV,58.486845,224,1206264922.49,20624551
2026-09-03,DAZ,13.490855,4,332507528.18,24646884
2026-09-03,DB2,2.119767,11,6576755.99,3102584
2026-09-03,DBA,0.738298,25281,9715863190.88,13159813689
2026-09-03,DBB,0.115377,2021,307520769.43,2665353438.85
2026-09-03,DBG,0.661592,4,2725074814.72,4118962935
2026-09-03,DBH,0.38632,8670,993157785.93,2570818400
2026-09-03,DBK,0.122696,85344,730930950.66,5957234306
2026-09-03,DBP,0.505244,1063,164095783.21,324785000
2026-09-03,DBZ,0.142426,2853,713105433.55,5006857400
2026-09-03,DCB,4.833331,22269,137702770993.22,28490244017
2026-09-03,DCD,66.559161,1,251804952.1,3783175
2026-09-03,DCE,74.566717,3,1297416059.05,17399399
2026-09-03,DCN,1.457718,2079,1161467991.51,796771307
2026-09-03,DCP,72.124343,3,251517921.54,3487282
2026-09-03,DCV,47.899565,23,37810335.65,789366.999
2026-09-03,DDA,12.736672,1028,285442039.57,22411038
2026-09-03,DDC,11.46936,11,3607235654.14,314510632
2026-09-03,DDE,75.705537,1,417521565,5515073
2026-09-03,DDF,12.523437,636,105249466.93,8404200
2026-09-03,DDP,73.869348,1,77270440.34,1046042
2026-09-03,DEF,2.739363,91,71045283.81,25934966
2026-09-03,DEH,0.967744,204,26023305.97,26890682
2026-09-03,DEI,0.038129,13,6603779.6,173196936
2026-09-03,DFC,3.272733,1522,105732282.47,32307029
2026-09-03,DFD,2.750701,441,144659867.24,52590188
2026-09-03,DFI,6.112184,49023,31906639172.54,5220170139
2026-09-03,DFO,3.976646,2,1175637463.39,295635450
2026-09-03,DGF,1.519264,472,117695608.28,77468837
2026-09-03,DGH,10.938797,253,3503689557.15,320299363
2026-09-03,DHI,0.442442,46,2338603498.49,5285672299
2026-09-03,DHJ,6.888205,2924,214891763.14,31197064
2026-09-03,DHM,5.291768,1129,25362407.13,4792804
2026-09-03,DHP,4.411173,1,8326058.12,1887493
2026-09-03,DHS,310.817802,1,4104454137.47,13205338
2026-09-03,DHT,1.143686,784,74632479.48,65256082
2026-09-03,DHV,2.483848,1142,445126405.64,179208388
2026-09-03,DID,1.463054,159,28646744.3,19580105
2026-09-03,DIH,2.488837,11,189793171.91,76257782
2026-09-03,DIM,50.561084,1,115658884.86,2287508
2026-09-03,DIP,1.601066,1928,57108649684.49,35669136897
2026-09-03,DK1,1.497315,66,3218939191.62,2149807159
2026-09-03,DK8,48.297511,200,3005695919.78,62232936
2026-09-03,DKA,48.262611,239,2460371473.59,50978831.001
2026-09-03,DKC,0.604913,28,10699611.92,17687866
2026-09-03,DKH,3.759782,1407,210207856.36,55909588
2026-09-03,DKL,51.090511,99,379584867.62,7429655
2026-09-03,DKP,48.426628,628,4175828149.5,86230000
2026-09-03,DKR,0.954603,1520,192004704.18,201135699
2026-09-03,DKS,73.350501,2,235303271.13,3207930
2026-09-03,DL2,2.512775,657,9609279124.48,3824170037
2026-09-03,DLD,7.563501,579,64134998.06,8479539
2026-09-03,DLG,1.276027,37,4640106.27,3636370
2026-09-03,DLN,2.560974,44,5492308909.8,2144617255
2026-09-03,DLY,6.157163,312109,81316375798.38,13206793278
2026-09-03,DLZ,0.507155,44,10989567.36,21669036
2026-09-03,DMG,6.864281,15408,3032761170.43,441817745
2026-09-03,DMI,0.987148,1,1076723401.75,1090741166
2026-09-03,DMR,59.395833,1,17609031260.61,296469134
2026-09-03,DMV,71.20732,2,342248443.56,4806366
2026-09-03,DMZ,65.231997,5,652319965.52,10000000
2026-09-03,DNA,9.042257,5,1799621222.35,199023445
2026-09-03,DNF,1.37408,169,273048748.83,198713889
2026-09-03,DNH,1.143546,61,16937845.09,14811686
2026-09-03,DNK,1.691045,128,640242777.45,378607845
2026-09-03,DNL,56.071034,1,223426584.36,3984706
2026-09-03,DNM,52.828453,1071,1415067280.61,26786082
2026-09-03,DNP,1.455193,327,2040289132.96,1402074345
2026-09-03,DNU,47.789968,15,39288371.81,822105
2026-09-03,DOC,48.276431,174,4934009205.35,102203272
2026-09-03,DOD,70.520394,159,14721571681.85,208756232
2026-09-03,DOH,2.421323,18718,15176152511.26,6267710064
2026-09-03,DOL,53.223818,382,5879503340.48,110467524
2026-09-03,DOR,73.841765,1,531812968.5,7202062
2026-09-03,DOS,68.619696,3,2090304425.58,30462164
2026-09-03,DOV,60.98741,17154,74246878004.86,1217413196
2026-09-03,DP1,17.833882,7,5075109639.51,284576837
2026-09-03,DP2,66.944989,11,375212942.29,5604795
2026-09-03,DP3,71.160657,4,332317421.59,4669960
2026-09-03,DP4,75.207794,3,548583925.63,7294243
2026-09-03,DP5,83.117068,1,1800055869.4,21656874
2026-09-03,DP6,48.346167,212,1942432253.93,40177585
2026-09-03,DP7,61.718169,3,555573504.75,9001782
2026-09-03,DP8,48.398604,49,399602248.54,8256483
2026-09-03,DP9,48.268115,155,6100560961.52,126389046
2026-09-03,DPB,24.548025,3133,10942921112.08,445776023
2026-09-03,DPC,100.238323,1,335026848.9,3342303
2026-09-03,DPE,22.91294,1,1499804937.63,65456679
2026-09-03,DPG,102.078359,2,585337014.37,5734193
2026-09-03,DPI,8.96512,131,312777046.63,34888215
2026-09-03,DPK,8.740506,1373,895827781.48,102491527
2026-09-03,DPL,102.824433,1,2312530125.12,22490084
2026-09-03,DPN,58.473288,1,2294491.82,39240
2026-09-03,DPP,150.9533,2,54097737.77,358374
2026-09-03,DPT,17.952691,5006,298413820.27,16622233
2026-09-03,DPZ,83.724936,1,124020576.05,1481286
2026-09-03,DRA,1.213395,46,41625056.07,34304635
2026-09-03,DRD,55.989513,149,1729986261.53,30898398
2026-09-03,DRH,1.525737,71,562572406.85,368721809
2026-09-03,DRT,1.216479,528,28994971.13,23835156
2026-09-03,DSC,67.503882,1,1003114984.05,14860108
2026-09-03,DSD,72.419056,1422,3742370352.85,51676597
2026-09-03,DSH,2.262589,1509,4915363967.01,2172451362
2026-09-03,DSP,14.907465,1221,147766298.14,9912235
2026-09-03,DSV,49.560318,45,904193962.85,18244313
2026-09-03,DTH,1.337388,227,232453009.43,173811170
2026-09-03,DTL,4.051748,3175,157802678.62,38946816
2026-09-03,DTM,1.463737,2756,59959552.09,40963337
2026-09-03,DTO,48.01457,131,119301322.31,2484690
2026-09-03,DTP,1.883196,4,1706118907.23,905970033
2026-09-03,DTV,70.208019,4,4238851470.52,60375603
2026-09-03,DTZ,5.34395,8491,503026733.5,94130142
2026-09-03,DUC,0.285453,12,98869.94,346361
2026-09-03,DUD,52.833518,283,426204763.01,8066939
2026-09-03,DUH,1.130032,457,131709752.69,116554003
2026-09-03,DUT,47.857223,242,883800591.03,18467444
2026-09-03,DUV,1.33109,218,64901949.68,48758505
2026-09-03,DVC,69.400072,1,57255059.8,825000
2026-09-03,DVI,78.139964,2,197139237.73,2522899
2026-09-03,DVN,65.546628,1,313938066.61,4789538
2026-09-03,DVO,5.39708,1,34582260.02,6407587
2026-09-03,DVS,1.592946,316,361812848.17,227134465
2026-09-03,DVT,9.790159,11087,888323486.2,90736370
2026-09-03,DVU,8.733917,5,1426350040.79,163311605
2026-09-03,DVZ,67.28402,1,1413741951.43,21011556
2026-09-03,DXP,1.866166,1042,45842234.9,24564932
2026-09-03,DYJ,48.720703,153,1144481331.78,23490657
2026-09-03,DYN,4.463413,1627,57542827.25,12892115
2026-09-03,DYS,1.681243,13,19520558.29,11610791
2026-09-03,DZ2,1.363685,2,12139288748.56,8901825523
2026-09-03,DZE,0.988321,2871,190396873.73,192646700
2026-09-03,DZM,87.377896,4113,11251415711.17,128767300
2026-09-03,DZP,61.211619,2,464008560.26,7580400
2026-09-03,DZS,1.592157,123,52241982.84,32812088
2026-09-03,EBD,0.257392,577,78470354.58,304867618
2026-09-03,EBI,57.153127,24,810333891.93,14178295
2026-09-03,EBS,49.551044,35,4637944696.87,93599333
2026-09-03,EC2,85.301205,1914,63427570.31,743571.8
2026-09-03,ECA,2.043784,837,350748524.42,171617218
2026-09-03,ECB,54.173006,3162,722689135.74,13340392
2026-09-03,ECV,0.495641,2409,87223865.35,175982034.183
2026-09-03,EDD,1.148906,929,29228209.65,25440042
2026-09-03,EDN,1.043829,38,280389171.53,268616016
2026-09-03,EDP,1.185657,53,75195226.77,63420712
2026-09-03,EDT,2.289017,618,968071273.71,422920155
2026-09-03,EDU,3.639423,688,368470836.18,101244309
2026-09-03,EES,51.082127,1,407866720.94,7984529
2026-09-03,EGP,58.032929,49,264825089.86,4563359
2026-09-03,EGR,1.033145,133,271269307.81,262566662
2026-09-03,EHS,2.502876,3,590526084.72,235938967
2026-09-03,EIB,0.687436,499,306286312.21,445548535
2026-09-03,EID,1.93713,1826,89238527.06,46067390
2026-09-03,EIL,5.352554,1448,1048948238.41,195971538
2026-09-03,EJG,9.531274,1,652122160.64,68419205
2026-09-03,EKF,0.13857,4898,1529815961.81,11040048384
2026-09-03,EKL,1.846567,1309,2336012185.11,1265057037
2026-09-03,ELZ,13.659968,700,305490730.83,22363942
2026-09-03,EME,1.093324,15,36504059.48,33388148
2026-09-03,EML,1.237758,976,42366905.33,34228734
2026-09-03,ENA,1.145773,1691,40623593.85,35455184
2026-09-03,ENJ,1.391626,683,59631180.75,42849992
2026-09-03,ENO,48.870894,115,70827804.75,1449284
2026-09-03,ENR,1.221027,13292,2220195036.74,1818301189
2026-09-03,ENS,1.200194,1820,43057263.75,35875257
2026-09-03,EP1,1.082298,2005,14172541044.87,13094857917
2026-09-03,EPA,1.39537,155,561499682.16,402401891
2026-09-03,EPI,1.115246,348,281971059.91,252832954
2026-09-03,EPK,1.363896,1533,235859864.94,172930958
2026-09-03,EPO,62.860314,1,464537408.27,7389995
2026-09-03,EPP,1.501085,51,1927550576.37,1284104755
2026-09-03,EPT,1.354009,69,1293907304.3,955612377
2026-09-03,ESG,4.109786,81,11077204.68,2695324
2026-09-03,ESN,1.756882,12,41307469.59,23511812
2026-09-03,ESP,0.308033,272,21546516.21,69948624
2026-09-03,ETN,1.013982,13,224135541.96,221044978
2026-09-03,EUN,64.124211,3537,6077127573.14,94771186
2026-09-03,EUZ,63.187005,38703,145495729140.92,2302621082
2026-09-03,EVM,1.15837,637,45321265.32,39125037
2026-09-03,EYT,3.034998,495,43004241.3,14169446
2026-09-03,EZM,44.831198,1,4483119.79,100000
2026-09-03,FAK,1.295806,357,20354356.23,15707869
2026-09-03,FAL,1.234081,628,326092967.89,264239614
2026-09-03,FBC,1.968415,5746,165369153.56,84011337
2026-09-03,FBI,53.48665,4997,16980119203.8,317464622
2026-09-03,FBN,5.528333,417,2353265244.86,425673560
2026-09-03,FBV,7.625731,1941,642054394.14,84195784
2026-09-03,FBZ,4.736987,403,296104666.47,62509079
2026-09-03,FCK,1.778963,555,288417297.27,162126608
2026-09-03,FCS,2.366275,179,2258344446.69,954388194
2026-09-03,FD1,2.035358,139,19384465.66,9523862
2026-09-03,FDE,48.325999,881,4419895866.12,91460000
2026-09-03,FDG,2.678985,773,54504845.56,20345335
2026-09-03,FDO,61.895796,1,293222855.53,4737363
2026-09-03,FDV,6.048749,1,1481943435.4,245000000
2026-09-03,FDZ,0.303626,11,223872690.27,737329526
2026-09-03,FFD,0.051716,529,520503386.23,10064628186
2026-09-03,FFF,65.351588,1,1075868753.59,16462779
2026-09-03,FFH,8.759585,2162,1672524223.88,190936458
2026-09-03,FFO,59.354583,7,106948291.97,1801854
2026-09-03,FFP,7.770677,2398,1987785942.46,255806007
2026-09-03,FHI,1.42072,11,69578461.68,48974090
2026-09-03,FHP,3.449366,48,11299150196.37,3275718305
2026-09-03,FHZ,65.260954,3,742193844.3,11372709
2026-09-03,FI3,810.454473,9745,1762373616.46,2174549.804
2026-09-03,FI5,752.368578,53789,121882802988.81,161998795
2026-09-03,FIB,0.499117,12440,5012605809.8,10042956514.58
2026-09-03,FID,1.039948,1677,866889692.1,833589424
2026-09-03,FIL,0.376769,21141,14163406046.51,37591794221
2026-09-03,FIT,0.235029,611,264056049.45,1123502470
2026-09-03,FJB,7.157756,741,399250031.85,55778660
2026-09-03,FJC,60.66438,96,1294621001.6,21340711
2026-09-03,FJM,58.294324,1646,7884733688.34,135257313
2026-09-03,FJN,58.07319,1266,4928742682.91,84871223
2026-09-03,FJZ,66.615724,810,1467918381.17,22035614
2026-09-03,FKE,59.719461,12186,48773501482.43,816710344
2026-09-03,FKV,48.430015,475,2319313403.28,47890000.01
2026-09-03,FLS,62.59712,2345,4158835259.38,66438125
2026-09-03,FLY,1.589954,2268,106850373.8,67203432
2026-09-03,FMG,3.526754,10349,12990663258.84,3683461419
2026-09-03,FMS,55.328374,1,611462464.59,11051517
2026-09-03,FMV,1.43986,32,165431457.32,114894110
2026-09-03,FNN,0,1,0,0
2026-09-03,FNO,0.205397,6554,10778433689.87,52476167156.035
2026-09-03,FNT,2.178762,1800,543862969.36,249620215
2026-09-03,FP4,0.664748,131,110764218.68,166625873
2026-09-03,FPE,76.831045,1424,333721330.21,4343574
2026-09-03,FPG,2.273096,2056,847564965.45,372868169
2026-09-03,FPH,34.707074,4501,1263771843.21,36412515
2026-09-03,FPI,2.677225,216,72681461.82,27148060
2026-09-03,FPK,0.099531,1192,266890326.59,2681477228
2026-09-03,FPR,10.888886,31,164252348.19,15084403
2026-09-03,FPZ,69.699637,19456,134712266086.04,1932754203
2026-09-03,FR1,0.802748,20,213046524.7,265396484
2026-09-03,FRA,31.932979,2,521983567.5,16346222
2026-09-03,FRC,1.525851,205,65653552.1,43027508
2026-09-03,FRZ,15.146189,2,271126517.85,17900643
2026-09-03,FS1,1.489905,231,133146738.17,89365907
2026-09-03,FS2,2.25812,26,58785856,26033101
2026-09-03,FS3,1.074806,21,912408504.09,848905511
2026-09-03,FS4,1.345953,20,690981326.77,513376841
2026-09-03,FS5,2.290931,62,56384327.04,24611967
2026-09-03,FS6,1.920765,367,127969420.86,66624204
2026-09-03,FSF,7.012323,7790,11998642540.46,1711079525.997
2026-09-03,FSG,3.743663,726,659483743.14,176160026
2026-09-03,FSH,4.770669,540,369958593.93,77548579
2026-09-03,FSK,6.198742,2623,6113805229.81,986297663
2026-09-03,FSM,2.190053,21,293994947.5,134241049
2026-09-03,FSP,20.623415,21,135207.11,6556
2026-09-03,FSR,47.914637,2471,4992749968.93,104200934
2026-09-03,FSU,1.415882,6068,1280747916.5,904558161
2026-09-03,FSV,55.940363,1653,10283516900.77,183830000.01
2026-09-03,FTL,1.552205,677,211706580.2,136390875.823
2026-09-03,FTY,48.299701,1240,8000362482.4,165640000
2026-09-03,FUA,5.286363,4762,317937740.35,60142997
2026-09-03,FUB,0.759118,2159,928874214.44,1223623529
2026-09-03,FUM,63.38927,2,455834272.23,7191032
2026-09-03,FUN,1.603918,439,2850337901.62,1777109684
2026-09-03,FUP,101.547239,2,302545071.63,2979353
2026-09-03,FVL,5.025786,56,1427997799.9,284134204
2026-09-03,FYA,0.051002,146,1458678030.15,28600569290.69
2026-09-03,FYB,100.959444,9,201481026.83,1995663
2026-09-03,FYD,11.585587,5216,3178090328.14,274314128.194
2026-09-03,FYF,0.109329,11,38342562.68,350708449
2026-09-03,FYG,16.905966,2,97379528.65,5760069
2026-09-03,FYH,86.016333,21,616808675.51,7170832
2026-09-03,FYI,10.996703,205,55369211.12,5035074
2026-09-03,FYM,0.447329,15,337847593.98,755254621
2026-09-03,FYO,1.202757,1547,2021740562.64,1680922170.005
2026-09-03,FYT,0.371081,96740,3676721696.38,9908138776
2026-09-03,FYZ,5.913313,2,256736437.29,43416680
2026-09-03,FZJ,5.710858,2123,1160576276.93,203222760.629
2026-09-03,FZP,6.71832,556,821870071.03,122332685
2026-09-03,GA1,2.034231,1541,344760740.7,169479627
2026-09-03,GAC,77.888847,1,430544388.84,5527677
2026-09-03,GAE,0.456862,14706,1412668845.19,3092111981
2026-09-03,GAF,1.62588,1530,182853244.56,112464152
2026-09-03,GAG,18.287678,233,830601298.71,45418630
2026-09-03,GAH,12.724362,2706,370877462.95,29147039
2026-09-03,GAJ,63.866495,1,506784979.9,7935068
2026-09-03,GAL,414.829378,59816,125564567163.51,302689669
2026-09-03,GAN,8.903201,11,23976854.63,2693060
2026-09-03,GAS,0.320944,2274,3300869464.23,10284874640
2026-09-03,GAU,67.412187,5,2181480496.08,32360328
2026-09-03,GAV,62.8495,1,247689878.04,3941000
2026-09-03,GBC,0.308262,1679,250654431.25,813122379.475
2026-09-03,GBG,0.590241,4158,213704200.09,362062590
2026-09-03,GBH,4.139548,2790,2107631520.11,509145337
2026-09-03,GBJ,1.464055,1820,850074937.64,580630595
2026-09-03,GBL,0.880326,1699,2622006939.78,2978450145.969
2026-09-03,GBN,6.956877,391,6398501121.24,919737631
2026-09-03,GBP,71.140554,2,3840450331.5,53983981
2026-09-03,GBV,12.892945,22197,2164504800.09,167882888
2026-09-03,GBZ,3.575395,3286,1237844963.15,346212129
2026-09-03,GCA,71.663453,2,825375432.26,11517383
2026-09-03,GCC,6.030169,2,1339061734.92,222060386
2026-09-03,GCD,4.234686,20,1144116003.05,270177302
2026-09-03,GCI,65.069909,3,222922740.98,3425896
2026-09-03,GCZ,61.409485,1,11957347.84,194715
2026-09-03,GDJ,62.405676,4,505575090.48,8101428
2026-09-03,GDP,67.181086,1,1561023076.4,23236050
2026-09-03,GEC,76.909831,2,161472266.24,2099501
2026-09-03,GEI,15.577717,11,582415434.04,37387728
2026-09-03,GEZ,61.862735,1,410425593.76,6634456
2026-09-03,GFB,70.878285,4,422517292.25,5961167
2026-09-03,GFD,70.850334,2,110183605.18,1555160
2026-09-03,GFI,54.227503,3,1664698294.84,30698413
2026-09-03,GFL,10.890107,1,321115776.57,29486927
2026-09-03,GFN,80.448988,3,931071210.35,11573436
2026-09-03,GFY,70.879701,3,412718820.81,5822807
2026-09-03,GGA,67.780019,3,8361629876.66,123364230
2026-09-03,GGC,5.375866,5,188870293.1,35132999
2026-09-03,GGD,66.476592,2,5998858886.88,90240169
2026-09-03,GGK,13.720958,11909,2480660144.15,180793506
2026-09-03,GGM,8.591766,1,2940883663.59,342290935
2026-09-03,GGN,70.091066,4,488073949.42,6963426
2026-09-03,GGP,10.48371,1,72620.66,6927
2026-09-03,GGR,68.790913,3,1619950057.57,23548896
2026-09-03,GHS,39.54214,15174,2680557372.3,67789892
2026-09-03,GID,1.674047,1933,38671918.75,23100859
2026-09-03,GIE,3.61806,4568,74328466.83,20543735
2026-09-03,GIH,2.248485,647,8945338.1,3978385
2026-09-03,GJA,67.185598,3,958292098.33,14263356
2026-09-03,GJB,10.444581,964,74930583,7174111
2026-09-03,GJD,64.842186,3,410042663.58,6323702
2026-09-03,GJE,64.300777,2,148966446.99,2316713
2026-09-03,GJF,64.586888,2,235604182.18,3647864
2026-09-03,GJH,3.986522,23628,91892442559.12,23050780930
2026-09-03,GJM,43.247746,68,439607023.24,10164854
2026-09-03,GJO,60.278209,1,589487675.5,9779449
2026-09-03,GKE,0,0,0.01,0
2026-09-03,GKF,4.45977,684,42318144.76,9488863
2026-09-03,GKG,1.415902,1886,45146486.65,31885308
2026-09-03,GKH,4.543316,1845,6765330423.94,1489073156
2026-09-03,GKK,66.504253,2,2036201075.18,30617607
2026-09-03,GKL,15.357562,4,863850708.69,56249207
2026-09-03,GKM,48.883802,14,132163224.27,2703620
2026-09-03,GKO,0,0,0.01,0
2026-09-03,GKV,8.475838,4367,390124542.74,46027841
2026-09-03,GL1,1501.599294,956,1449625939.18,965388
2026-09-03,GLC,4.32321,71,16747298.53,3873811
2026-09-03,GLG,7.985775,329,24919898.83,3120536
2026-09-03,GLL,0.991258,49,48599634.03,49028260
2026-09-03,GLM,0.47983,11,4862077.83,10132926
2026-09-03,GLP,69.24691,4,567964607.32,8202021
2026-09-03,GLS,0.172401,1451,390377378.62,2264351772.001
2026-09-03,GLV,8.347745,23,113534722.06,13600646
2026-09-03,GMA,2.170766,1504,2772413363.6,1277159055.556
2026-09-03,GMC,7.856811,21115,4153428912.13,528640534
2026-09-03,GMD,2.757951,107,15670915.82,5682086
2026-09-03,GME,27.852338,2,392973621.03,14109179
2026-09-03,GMI,1.468448,5169,682798867.05,464980059
2026-09-03,GMM,48.613295,26,450610296.26,9269281
2026-09-03,GMN,1.381919,29,80535654.13,58278143
2026-09-03,GMO,3.009419,4,2391449842.75,794654932
2026-09-03,GMP,63.097495,1,1615289941.45,25599906
2026-09-03,GMR,1.344398,4503,168429423.38,125282368
2026-09-03,GMV,0,0,0.01,0
2026-09-03,GMZ,13.727456,2,365597689.82,26632587.787
2026-09-03,GNH,1.438114,192,7487222.87,5206279
2026-09-03,GNK,69.710468,1,488020890.64,7000683
2026-09-03,GNL,61.806009,3,1758686538.94,28454944
2026-09-03,GNP,1.492134,7636,2736827493.3,1834169769
2026-09-03,GNS,1.543343,1535,73390921.95,47553219
2026-09-03,GNZ,1.60284,469,1955988.92,1220327
2026-09-03,GO1,4.808385,749,80992313.91,16843974
2026-09-03,GO3,4.878942,454,36655912.74,7513087
2026-09-03,GO4,5.292161,737,48507803.91,9165972
2026-09-03,GO6,4.319932,4007,5054879367.53,1170129381
2026-09-03,GO9,2.715582,1671,434366871.2,159953494
2026-09-03,GOF,52.8347,340,407752270.43,7717509
2026-09-03,GOH,16.11991,8992,588685752.13,36519172
2026-09-03,GOK,1.002407,17,50746069.23,50624240
2026-09-03,GOL,2.772488,11930,4414182240.11,1592137578
2026-09-03,GOP,1.234693,1712,2351417334.11,1904455806
2026-09-03,GP1,4.185323,1,191332564.96,45715125
2026-09-03,GP3,64.166799,478,744495219.35,11602499
2026-09-03,GPA,23.431598,5431,869265430.31,37098001
2026-09-03,GPB,12.300234,9550,1261821442.93,102585156
2026-09-03,GPC,72.719599,3599,6849371035.53,94188790
2026-09-03,GPF,9.169011,3105,687450429.02,74975415
2026-09-03,GPG,16.907172,2951,1050375172.55,62126013
2026-09-03,GPH,45.548402,1,2670821.66,58637
2026-09-03,GPI,18.622208,2803,739369324.38,39703633
2026-09-03,GPJ,58.590442,2,865507962.5,14772170
2026-09-03,GPL,53.653002,37336,99803126071.26,1860159208
2026-09-03,GPM,62.737353,2,1307263112.02,20837078
2026-09-03,GPN,1.409879,4961,5476459750.63,3884347442
2026-09-03,GPT,2.748835,3149,101089700.94,36775477
2026-09-03,GPU,21.188924,2465,354349772.67,16723349
2026-09-03,GPV,67.303816,1,576995618.82,8573000
2026-09-03,GPZ,1.990139,206,7142825914.15,3589108297
2026-09-03,GRL,1.783388,288,375891123.79,210773659
2026-09-03,GRO,54.689601,27317,194497182485.55,3556383270
2026-09-03,GRT,1.579966,1918,118250309.6,74843587
2026-09-03,GSE,65.69071,107,1406463263.17,21410383
2026-09-03,GSG,71.679203,1,88372715.62,1232892
2026-09-03,GSL,3.506108,1,50978090.94,14539796
2026-09-03,GSO,15.510613,8,27826381740.17,1794022098
2026-09-03,GSP,0.570607,14264,4248383023.2,7445380205
2026-09-03,GSR,57.777012,2,268267911.07,4643160
2026-09-03,GSU,0,0,0.01,0
2026-09-03,GTA,1.581386,75697,23945421426.4,15142049702
2026-09-03,GTF,15.112864,509,149677657.56,9903990.203
2026-09-03,GTH,1.501546,780,28891095.5,19240899
2026-09-03,GTK,7.104207,1,28626168716.77,4029467144
2026-09-03,GTL,0.13647,352294,219243650716.33,1606528900579
2026-09-03,GTM,7.887799,13411,1063645841.64,134846983
2026-09-03,GTN,52.784335,2,1478623043.95,28012535
2026-09-03,GTY,6.361432,528,408767161.62,64257098
2026-09-03,GTZ,11.801448,62291,12494376490.13,1058715510
2026-09-03,GUA,6.04337,1,2065991444.99,341860798
2026-09-03,GUB,2.601289,9848,4690581091.35,1803175896
2026-09-03,GUC,1.48615,1,1293781840.92,870559223
2026-09-03,GUF,0.91237,3968,614149964.09,673136969
2026-09-03,GUH,0.442843,38665,4614583639.64,10420358159
2026-09-03,GUK,1.422838,2667,1135095742.71,797768613
2026-09-03,GUM,12.80464,52861,6668923560.54,520820838
2026-09-03,GUV,1.762811,1895,766331154,434721127
2026-09-03,GVA,4.053364,3420,95333707.81,23519653
2026-09-03,GVB,68.379996,3,3589925188.7,52499640
2026-09-03,GVC,64.922489,1,307685076.28,4739268
2026-09-03,GVD,18.429971,1,407578.81,22115
2026-09-03,GVI,5.599737,4608,1176453647.17,210090862
2026-09-03,GVL,67.191227,3,528937001.33,7872114
2026-09-03,GVZ,73.634359,2,407444975.05,5533354
2026-09-03,GYC,4.135169,1,20758891425.4,5020082762
2026-09-03,GYG,71.766941,4,504971714.42,7036272
2026-09-03,GYK,0.116172,275,84466832.99,727085786
2026-09-03,GYL,14.778007,7316,979990809.01,66314140.569
2026-09-03,GYN,69.240592,1,1427295451.34,20613565
2026-09-03,GYR,63.900133,5,594734321.56,9307247
2026-09-03,GZB,7.584505,1,1441055894.31,190000000
2026-09-03,GZD,62.454012,3,54753307.2,876698
2026-09-03,GZE,7.951968,4096,1457113728.86,183239374
2026-09-03,GZG,7.641984,4584,434086713.77,56802882
2026-09-03,GZH,4.729025,5576,357357750.84,75566901
2026-09-03,GZJ,8.693764,5273,1741325501.65,200295921
2026-09-03,GZL,5.854639,6031,384112249.48,65608184
2026-09-03,GZM,10.300064,974,632960674.31,61452109
2026-09-03,GZN,51.25469,1076,390792771.38,7624527
2026-09-03,GZO,69.960531,1,84708071.36,1210798
2026-09-03,GZP,7.717767,10332,3886340874.26,503557686
2026-09-03,GZR,11.443532,1964,1046829547.31,91477833
2026-09-03,GZU,68.160347,2,465511242.75,6829649
2026-09-03,GZV,8.651798,1384,99739195.76,11528146
2026-09-03,GZY,7.562681,2298,66033642.34,8731512
2026-09-03,GZZ,7.000703,1247,65439795.16,9347604
2026-09-03,HAE,56.520063,1238,2916096495.13,51594006
2026-09-03,HAG,62.61101,45,427458137.7,6827204
2026-09-03,HAI,1.004623,332,11565975.54,11512755
2026-09-03,HAM,3.073724,7591,1546025521.78,502981261
2026-09-03,HAR,1.073641,69,96512779.78,89892956
2026-09-03,HAT,1.873598,82,3274496.54,1747705
2026-09-03,HB1,50.926819,333,18848021864.41,370100121
2026-09-03,HB2,58.031841,174,11963230717.51,206149425
2026-09-03,HBF,50.544687,10765,6219113757.12,123041888
2026-09-03,HBJ,1.467741,1,146774.05,100000
2026-09-03,HBN,4.320531,1065,529282230.75,122503981
2026-09-03,HBU,1.448073,2791,480107004.38,331548821
2026-09-03,HBV,18.941453,17,1089889884.24,57539929
2026-09-03,HCV,0.991263,670,146661116.62,147953734
2026-09-03,HDA,3.147604,514,95031116.25,30191570
2026-09-03,HDD,1.080432,150,10699332.42,9902829
2026-09-03,HDE,57.775115,4448,9305703749.75,161067679
2026-09-03,HDH,7170.155614,17,26517644633.99,3698336
2026-09-03,HDJ,6.698335,11,16609232.78,2479606
2026-09-03,HDK,3.01481,128,12107942.72,4016155
2026-09-03,HDS,17.147437,13,1564220009.94,91221799
2026-09-03,HDV,66.670562,2240,4948698025.06,74226133
2026-09-03,HEH,3.320263,1446,481095083.92,144896667
2026-09-03,HFA,3.121941,2,4916212827.24,1574729725
2026-09-03,HFI,1.780263,136,60814325.48,34160295
2026-09-03,HFO,1.003578,184,5657801.06,5637630
2026-09-03,HFR,1.411118,420,26368391.82,18686168
2026-09-03,HFV,64.196164,3243,8831504802.09,137570599
2026-09-03,HFY,1.326554,36,41159944.95,31027710
2026-09-03,HGC,53.336059,283,473276930.23,8873489
2026-09-03,HGH,1.760988,19,35715735.47,20281650
2026-09-03,HGJ,21.686014,12,2365877781.87,109096943
2026-09-03,HGM,4.161636,1811,152665663.51,36684046.711
2026-09-03,HGR,1.340524,149,30421228.64,22693533
2026-09-03,HGT,96.303056,14,3410414226.82,35413354
2026-09-03,HGU,5.043028,2,2829232418.38,561018563
2026-09-03,HGV,4.76824,366,22795110.56,4780613
2026-09-03,HIA,1.566883,257,1380835249.96,881262453
2026-09-03,HIF,0.528204,54,11286359.18,21367429
2026-09-03,HIH,1.402241,4603,224027557.59,159763920
2026-09-03,HII,3.357392,1,1105814715.69,329367203
2026-09-03,HIM,4.020619,202,282615034.39,70291430
2026-09-03,HIP,2.199826,1218,2076890963.51,944115814
2026-09-03,HIS,3.061595,12,1246806.84,407241
2026-09-03,HIZ,2.072406,1045,200260481.72,96631886
2026-09-03,HJA,22.091737,13,2051262513.55,92852023
2026-09-03,HJB,4.661625,1553,107869192.09,23139825
2026-09-03,HKG,1.544353,1106,40928924.27,26502313
2026-09-03,HKH,8.641261,13331,770000771.95,89107452
2026-09-03,HKJ,1.425651,2296,14600373116.68,10241200803
2026-09-03,HKM,4.005954,899,47822693.18,11937904
2026-09-03,HKP,5.798263,70,154900832.62,26715042
2026-09-03,HKR,3.895626,1474,1428807171.71,366772170
2026-09-03,HKV,599.194168,37510,4349951330,7259669
2026-09-03,HLA,1.900877,10,42160809.71,22179665
2026-09-03,HLL,0.387372,1031052,51719057770.9,133512778183.95
2026-09-03,HLR,104.415696,13,3300548924.19,31609701
2026-09-03,HMC,8.1084,118,461690316.34,56939758
2026-09-03,HME,54.839384,8219,27923390926.57,509184982
2026-09-03,HMG,0.068732,6156,7495369074.4,109052367260
2026-09-03,HMK,295.103763,45,92257404.17,312627
2026-09-03,HML,48.339559,42,29462961.37,609500
2026-09-03,HMS,0.093365,3977,330563932.72,3540562748
2026-09-03,HMT,7.202604,22,614706764,85345075
2026-09-03,HMV,15.450821,13,13708501951.42,887234531
2026-09-03,HNS,48.504839,169,606041092.18,12494446
2026-09-03,HOA,0.240696,3345,2011134904.99,8355494154
2026-09-03,HOY,0.365254,2539,1354885825.51,3709429740
2026-09-03,HP3,59.151404,179,735330975.64,12431336
2026-09-03,HPC,11.838607,7,36575212510.43,3089486258
2026-09-03,HPD,0.213941,1458,285836751.02,1336055391
2026-09-03,HPF,26.317152,12,1135561939.18,43149120
2026-09-03,HPH,2.40392,9140,6232519110.57,2592648671
2026-09-03,HPI,5.197001,14,178850001.58,34414080
2026-09-03,HPJ,3.911418,1,35883571.98,9174058
2026-09-03,HPL,0.940136,24,274346107.51,291815213
2026-09-03,HPO,0.171558,2870,1092456346.94,6367841513
2026-09-03,HPT,0.114898,10269,3328328697.01,28967685776
2026-09-03,HPV,7.880069,339332,9035074258.62,1146572955.001
2026-09-03,HPZ,536.533782,17,5226375.57,9741
2026-09-03,HRZ,2.207033,6249,251808066.16,114093470
2026-09-03,HSA,1630.255216,2369,4047848709.56,2482954
2026-09-03,HSL,418.079744,24249,26152437405.04,62553706
2026-09-03,HSP,46.009715,60,101446039,2204883
2026-09-03,HST,1.023361,3715,397383277.1,388311959.328
2026-09-03,HTF,1.465986,543,4999736729.53,3410495232
2026-09-03,HTJ,1.95963,252,40341525.68,20586293
2026-09-03,HTK,1.013181,890,118655456.28,117111782
2026-09-03,HTS,59.270229,2643,4858969966.35,81979942
2026-09-03,HTZ,12.055402,13,83617062.58,6936066
2026-09-03,HUI,93.303069,1,2201920332.63,23599656
2026-09-03,HUS,0.003536,12,2012107.92,568993837
2026-09-03,HVA,194.59246,16,93631664.71,481168
2026-09-03,HVB,1.675202,13,1928372032.32,1151128347
2026-09-03,HVC,26.563423,16,72457844.92,2727730
2026-09-03,HVI,1.284856,364,41532284.29,32324478
2026-09-03,HVK,4.885292,1371,442231638.32,90523069
2026-09-03,HVL,20.494258,11,2877393.87,140400
2026-09-03,HVN,5.913682,12,5896585.23,997109
2026-09-03,HVS,1.58165,10093,2651104121.7,1676163787
2026-09-03,HVT,4.799755,1823,757314746.41,157781945
2026-09-03,HVU,5.651232,788,15945053.57,2821518.248
2026-09-03,HVV,70.024925,1,3189785199.45,45552140
2026-09-03,HVZ,6.687481,1786,81500419.59,12187013
2026-09-03,HYK,11.482927,23,211047658.35,18379256
2026-09-03,HYP,10.818369,61,567866462.53,52490949
2026-09-03,HYU,1.821908,233,883018158.06,484666658
2026-09-03,HYV,6.419071,6507,6234627663.88,971266296
2026-09-03,HYY,12.51043,1,5898912153.11,471519535
2026-09-03,HZV,6.422919,3,1052038892.57,163794514
2026-09-03,IAC,5.138028,1,3562806770.02,693419042
2026-09-03,IAE,2.156235,443,283756441.54,131598103
2026-09-03,IAI,5.952507,1,67830777.78,11395330
2026-09-03,IAJ,0.961406,12,2033037.2,2114650
2026-09-03,IAM,1.748523,2821,78215534.99,44732341
2026-09-03,IAR,76.804467,22,139679445.76,1818637
2026-09-03,IAS,2.048211,17,3302645391.12,1612453728
2026-09-03,IAT,0.198957,8916,1879259041.81,9445543532.206
2026-09-03,IAU,2.676405,209,32265876.23,12055677
2026-09-03,IAY,1.486433,198,43614072.41,29341435
2026-09-03,IBB,15.760963,8773,1347401797.24,85489813
2026-09-03,IBC,19.719112,5,422558733.09,21428893
2026-09-03,IBE,16.372738,12,542358857.32,33125727
2026-09-03,IBG,1.65761,11,553217568.69,333744116
2026-09-03,IBJ,65.636415,23,821294877.58,12512793
2026-09-03,IBK,0.138127,121112,230301240,1667320326
2026-09-03,IBM,3.913408,16,210475593.02,53783198
2026-09-03,IBP,72.135642,4,4825338272.56,66892567
2026-09-03,IBR,0.310064,82,1873544897.65,6042440247
2026-09-03,ICA,0.544872,2832,590996303.11,1084652476
2026-09-03,ICC,1.342162,271,26421269.62,19685606
2026-09-03,ICD,135.855883,195,34829644.33,256372
2026-09-03,ICE,129.384012,4694,1573407270.7,12160755
2026-09-03,ICF,190.861883,530,21818566.96,114316
2026-09-03,ICG,71.136907,1,713299301.06,10027134
2026-09-03,ICH,2.509565,5360,1305016686.76,520017171
2026-09-03,ICN,4.370837,16,366863152.17,83934296
2026-09-03,ICS,49.94001,55,17022901.37,340867
2026-09-03,ICV,5.990078,45,5933945.41,990629
2026-09-03,ICZ,8.98072,22360,1030855493.35,114785399
2026-09-03,IDD,0.157484,25,32918937.34,209030711
2026-09-03,IDF,77.846331,4343,12794270358.65,164352902
2026-09-03,IDH,13.032631,19895,902201507.05,69226352
2026-09-03,IDI,1.742443,1214,84886604.25,48716998
2026-09-03,IDL,6.123935,3871,4605953088.28,752123102
2026-09-03,IDO,58.66059,15443,76607415409,1305943486
2026-09-03,IDP,1.921066,23,133160432.76,69315905
2026-09-03,IDV,71.883314,2,559726325.1,7786596
2026-09-03,IDY,0.237075,2497,734108275.48,3096522238.126
2026-09-03,IED,1.040198,1304,65456857.11,62927326
2026-09-03,IEN,1.222548,97,17611586.74,14405645
2026-09-03,IEV,5.140726,4203,102437955.68,19926747
2026-09-03,IEZ,4.159329,3,83899739.26,20171458
2026-09-03,IFD,60.709281,9,1214185625.58,20000000
2026-09-03,IFN,9.154072,429,3648080.95,398520
2026-09-03,IFV,4.721102,200,24189043.89,5123601
2026-09-03,IFY,7.647528,1,99417860.51,13000000
2026-09-03,IGF,68.965181,2,1457386410.28,21132206
2026-09-03,IGL,587.294303,16945,4767419644.83,8117599
2026-09-03,IGM,66.819701,3,1295502159.52,19388027
2026-09-03,IGZ,11.752015,3,789998090.18,67222350
2026-09-03,IH1,0.923303,93,175982810.77,190601346
2026-09-03,IHA,3.088786,313,5273160.07,1707195
2026-09-03,IHC,7.918717,493,409929229.57,51767127
2026-09-03,IHK,16.429565,28936,1501305414.04,91378279
2026-09-03,IHP,1.779967,269,64752754.62,36378628
2026-09-03,IHT,3.676838,3293,76729004.04,20868206
2026-09-03,IHV,1.837053,46,310650510.66,169102646
2026-09-03,IHY,5.800843,1,194902175.88,33598940
2026-09-03,IHZ,0.846624,68,2529667.27,2987946
2026-09-03,IIA,3.961126,11,1516442620.39,382831186
2026-09-03,IIC,6.68715,13,4882870.33,730187
2026-09-03,IIE,4.074588,3501,396608710.09,97337140
2026-09-03,IIF,1.579894,14,1207949060.59,764576106
2026-09-03,IIH,33.098421,21454,1759144111.05,53148883
2026-09-03,IIN,1.430977,139,1671074034.9,1167785498
2026-09-03,IIS,39.745089,136,1183422640.92,29775317.248
2026-09-03,IJA,13.912831,1213,176355671.64,12675757.471
2026-09-03,IJB,6.594824,7059,224398895.18,34026516
2026-09-03,IJC,15.332874,45839,4296937470.18,280243442
2026-09-03,IJE,68.350687,4,33257325.43,486569
2026-09-03,IJF,9.445514,2,866925703.96,91781736
2026-09-03,IJH,7.293852,394,33471882.94,4589054
2026-09-03,IJI,10.460897,292,199437582.32,19065055
2026-09-03,IJK,64.27028,3,288773628.99,4493113
2026-09-03,IJL,53.913245,12,356722429.02,6616601
2026-09-03,IJP,9.128408,12727,631418940.28,69170765
2026-09-03,IJT,7.432109,1619,1180060723.56,158778717
2026-09-03,IJV,5.716713,2832,3164208405.76,553501315
2026-09-03,IJZ,14.299432,15938,916856328.88,64118373
2026-09-03,IK2,48.028308,94,205178034.96,4272023
2026-09-03,IKL,10.173516,5435,279157937.58,27439672
2026-09-03,IKP,9.012972,12872,1008002978.21,111839128
2026-09-03,IKV,1.537853,1203,146062852.4,94978445
2026-09-03,ILC,51.569597,220,1433704249.56,27801347.01
2026-09-03,ILE,5.261023,1,11711947477.78,2226173174
2026-09-03,ILH,4.056193,11426,188006845449.21,46350570214.47
2026-09-03,ILI,5.92598,15,801157780.81,135194151
2026-09-03,ILM,7.113096,13,309605660.74,43526148
2026-09-03,ILP,62.956715,6,3133137117.97,49766528
2026-09-03,ILU,1.280713,4,2353161643.55,1837384432
2026-09-03,ILZ,8.287921,6447,1081880405.8,130537003
2026-09-03,IMB,1.191711,180,4214908.24,3536855
2026-09-03,IMF,5.739087,19,381936468.23,66550045
2026-09-03,IMG,49.670019,138,907145552.91,18263443
2026-09-03,IMH,6.531811,1,701448740.41,107389633
2026-09-03,IML,1.747579,4603,868585508.19,497022195
2026-09-03,IMO,6.075477,2,5217606331.59,858797825
2026-09-03,IMS,15.244673,4,566698606.44,37173550
2026-09-03,IMT,71.695008,4,724655783.84,10107479
2026-09-03,IMY,75.025974,6,1610736162.91,21469047
2026-09-03,IMZ,75.120619,4,311566299.02,4147547.001
2026-09-03,INH,14.904957,385,236320070.8,15855133
2026-09-03,INV,48.368604,1,2061224545.03,42614927
2026-09-03,INZ,3.510963,16,120778268.55,34400325
2026-09-03,IOG,13.864377,18780,13391720715.47,965908606
2026-09-03,IOH,52.690835,32,143628898.9,2725880.1
2026-09-03,IOJ,52.221246,39,187283875.44,3586354.01
2026-09-03,IOL,67.12164,1,960189289.39,14305212
2026-09-03,IOM,3.667791,13,521742197.54,142249727
2026-09-03,ION,0.842317,15,50547293.39,60009826
2026-09-03,IOO,4.666971,6489,28305842601.21,6065142759
2026-09-03,IOP,6.412699,6415,6774836109.33,1056471800
2026-09-03,IOT,60.01904,6,270238128.26,4502540
2026-09-03,IOV,57.752665,1,572180424.6,9907429
2026-09-03,IPA,0.74426,16,598315643.7,803906870
2026-09-03,IPB,0.863167,14989,1029989571.82,1193267877.571
2026-09-03,IPC,24.965951,1,14355422.1,575000
2026-09-03,IPE,9.676701,3,4031466561.19,416615784
2026-09-03,IPF,0.124381,22,137442338.84,1105011730
2026-09-03,IPG,9.647181,1729,351000167.09,36383701
2026-09-03,IPJ,19.559793,18630,1268240924.43,64839179
2026-09-03,IPK,57.71378,1,3287970223.24,56970280
2026-09-03,IPO,48.792696,1,489217961.4,10026459
2026-09-03,IPP,0.183208,163,6998890395.12,38201849059
2026-09-03,IPR,33.989951,1,20903819.58,615000
2026-09-03,IPU,48.318227,1,5636979284.17,116663621
2026-09-03,IPV,78.900717,11839,2070615660.5,26243306
2026-09-03,IRB,1.331508,777,1337249375.07,1004311948
2026-09-03,IRE,47.401703,60,115478275.15,2436163.02
2026-09-03,IRF,7.497411,2017,543284077.3,72462889
2026-09-03,IRL,18.034829,16,273185667.02,15147672
2026-09-03,IRO,2.023556,81,38750217.94,19149563
2026-09-03,IRT,7.847898,1535,125938642.14,16047437
2026-09-03,IRV,7.091456,60,420022348.8,59229354
2026-09-03,IRY,4.056674,2285,1841109600.47,453847053
2026-09-03,ISR,19.361202,6,961470809.86,49659665
2026-09-03,ISS,0.269548,7,209092036.15,775713881
2026-09-03,IST,0.1973,3091,1680312971.81,8516528660.89
2026-09-03,ITA,73.395149,1,823591407.72,11221333
2026-09-03,ITC,1.155353,283,24469667.76,21179380
2026-09-03,ITD,69.042405,1,2554587770.68,37000272
2026-09-03,ITJ,10.417969,12,276255497.85,26517213
2026-09-03,ITL,4.623317,1,4744761841.16,1026267998
2026-09-03,ITP,13.161119,11305,1008944956.31,76661029
2026-09-03,ITR,4.477272,1,1099475118.54,245568075
2026-09-03,ITV,48.381544,30,851327256.1,17596116.02
2026-09-03,ITZ,61.669816,3,2049577697.41,33234698
2026-09-03,IUA,68.119816,52,420984689.24,6180062
2026-09-03,IUB,72.172213,3,347488273.9,4814710
2026-09-03,IUC,1.899078,1,921724487.02,485353634
2026-09-03,IUF,68.898915,7755,22369957244.66,324677934
2026-09-03,IUH,6.229489,719,12387517.62,1988528.661
2026-09-03,IUM,67.732533,1,411512933.56,6075558
2026-09-03,IUN,77.129908,4,302497022.22,3921916
2026-09-03,IUV,67.825188,6394,21372741376.09,315115108
2026-09-03,IUZ,4.823053,1246,1373819169.5,284844331
2026-09-03,IV2,21.794445,14,1334669756.13,61238989
2026-09-03,IV6,66.045097,1,1652322188.66,25018090
2026-09-03,IV7,5.087954,1,556137297.41,109304696
2026-09-03,IV8,2.326372,137,36301315.38,15604259
2026-09-03,IVF,6.482768,1283,81296941.55,12540467
2026-09-03,IVS,6.071313,24,263189328.3,43349658.29
2026-09-03,IVY,6.004695,13079,726975561.35,121067848
2026-09-03,IYB,5.95841,305,92526791.02,15528773
2026-09-03,IYP,3.016061,2,2312207072.7,766631358.323
2026-09-03,IYR,0.141989,6,231200846.7,1628295571
2026-09-03,IYS,1.341744,16,5864605099.71,4370883210
2026-09-03,IYV,1.111945,69,188930020.8,169909433
2026-09-03,IZA,1.964119,1,478723951.09,243734656
2026-09-03,IZB,10.963997,88,166474050.8,15183701
2026-09-03,IZE,65.333541,1,267131078.82,4088728
2026-09-03,IZL,52.521913,19,107586627.16,2048414.11
2026-09-03,IZS,10.419455,61,119252829.26,11445208
2026-09-03,IZV,10.497218,2,114885978.33,10944421
2026-09-03,IZY,48.478224,27,50115189.19,1033767.01
2026-09-03,JET,2.289399,17002,503759238.19,220039974
2026-09-03,JOT,58.902833,1,1160951799.78,19709609
2026-09-03,JUP,0.541268,55,55006542.56,101625314
2026-09-03,KAC,3.95555,1741,17129755640.84,4330562050
2026-09-03,KAN,6781.814942,38,5377687631.22,792957
2026-09-03,KAV,57.916571,5708,17903130496.26,309119308
2026-09-03,KBJ,4.190707,101,665756927.06,158865075
2026-09-03,KBP,1.733184,5,328128181.54,189321082
2026-09-03,KBZ,52.362568,1,162035547.35,3094492
2026-09-03,KCL,1.776072,177,11376357.82,6405348
2026-09-03,KCR,1.059838,612,68375787.95,64515323
2026-09-03,KCV,5.249566,13333,2567842700.38,489153369
2026-09-03,KDE,1.787878,3933,704696475.63,394152440
2026-09-03,KDI,58.209976,12,246702492.2,4238148
2026-09-03,KDK,15.66664,1,49315244.93,3147787
2026-09-03,KDL,53.006485,7052,25638973069.4,483695024
2026-09-03,KDO,56.918876,521,1056585661.08,18563010
2026-09-03,KDS,55.07941,1375,27555339221.09,500283851
2026-09-03,KDT,55.100866,1198,3246285076.7,58915319
2026-09-03,KDV,49.241203,219,24056893731.07,488552111
2026-09-03,KDZ,49.366236,822,4177373549.15,84620054
2026-09-03,KEI,1.880029,1,337687692.51,179618321
2026-09-03,KEO,1.833579,1,72320779.87,39442409
2026-09-03,KEU,53.52716,60,4601213528.89,85960353
2026-09-03,KFZ,4.530811,1,374625059.15,82683881
2026-09-03,KGM,2.96104,30575,2956776005.99,998559837
2026-09-03,KH1,1.337454,1144,91773977.6,68618441
2026-09-03,KHA,4.552209,43280,7531574154.16,1654487600
2026-09-03,KHB,1.598243,244,15059156.71,9422321
2026-09-03,KHC,2.174877,1452,46013694.47,21156917
2026-09-03,KHD,1.418205,12,711078643.23,501393238
2026-09-03,KHF,0.116796,13,875301.81,7494290
2026-09-03,KHJ,1.179999,458,14788639.58,12532759
2026-09-03,KHP,1.2205,660,10064996734.71,8246620502
2026-09-03,KHT,2.285421,213,6822329.87,2985153
2026-09-03,KHU,36.813048,1,3516308.71,95518
2026-09-03,KIA,4.381157,353,5383846.22,1228864
2026-09-03,KIB,4.250248,1088,10944885.52,2575117
2026-09-03,KIE,4.720778,919,252434906.34,53473163
2026-09-03,KIH,1.55681,27,60268153.16,38712606
2026-09-03,KIK,1.41905,1389,171145725.23,120605823
2026-09-03,KIS,0.222055,768,91642887.59,412703232
2026-09-03,KJK,0.002281,1,48818652.25,21405755952
2026-09-03,KKB,62.66146,1,2628021.65,41940
2026-09-03,KKC,57.899024,52,126271577.21,2180893
2026-09-03,KKE,52.455908,2,90579812.02,1726780
2026-09-03,KKH,6.883967,5047,533682465.46,77525425
2026-09-03,KKL,2.528869,1631,3633067610.21,1436637399
2026-09-03,KKO,49.192039,257,2272828465.76,46203177
2026-09-03,KKP,49.307526,331,4373683458.9,88702147
2026-09-03,KKT,3.166685,41,8456614342.8,2670494439
2026-09-03,KLH,2.542441,2129,123587373.49,48609724
2026-09-03,KLI,1.328949,171,574423093.4,432238525
2026-09-03,KLL,58.332235,1,11454701.02,196370
2026-09-03,KLM,68.414917,1,1017813923.14,14877076
2026-09-03,KLS,41.669724,2,799266.98,19181
2026-09-03,KLU,4.902652,107570,98857688726.07,20164124230
2026-09-03,KMA,170.023795,1,12720840.28,74818
2026-09-03,KME,1.621467,1232,137314258.76,84685198
2026-09-03,KMF,3.442604,2265,1671338786.2,485486814
2026-09-03,KMN,0.966619,4940,416800419.32,431193990
2026-09-03,KMT,2.721864,1,67462406.61,24785369
2026-09-03,KNC,68.073867,16,365017250.64,5362076
2026-09-03,KNI,1.392464,447,16884360412.26,12125527487
2026-09-03,KNJ,2.117159,14931,891713397.61,421183973
2026-09-03,KNN,1.502324,16,445017418.76,296219302
2026-09-03,KNP,83.063965,2,193845543.43,2333690
2026-09-03,KNS,4.539986,1,5117433677.3,1127191620
2026-09-03,KNT,61.243413,3,175521968.31,2865973
2026-09-03,KNV,71.362913,5,320443741.19,4490340
2026-09-03,KNZ,69.931466,1,1030566802.16,14736811
2026-09-03,KO4,56.013145,856,4600359569.38,82130000
2026-09-03,KOB,1.438203,79,2968153492.58,2063792451
2026-09-03,KOD,1.014387,735,57517511.73,56701719
2026-09-03,KOP,7.662629,14,15716052.45,2051000
2026-09-03,KOT,1.493172,3533,149444321.33,100085153
2026-09-03,KOZ,65.231776,4,72957631.45,1118437
2026-09-03,KP3,53.421358,10,14118410.21,264284
2026-09-03,KPA,1.70543,14101,536409875.2,314530557
2026-09-03,KPB,6.417283,1,5142990.68,801428
2026-09-03,KPC,21.436132,24084,4746227552.36,221412494
2026-09-03,KPD,48.930263,546,306878914.81,6271761
2026-09-03,KPF,1.779919,259,399859049.84,224650185
2026-09-03,KPH,1.250818,11713,529584437.39,423390580
2026-09-03,KPI,1.491525,6748,6206131830.51,4160931786
2026-09-03,KPK,10.284167,1,475670206.22,46252674
2026-09-03,KPM,1.03065,16,1554631.8,1508400
2026-09-03,KPP,3.206143,672,447545707.38,139590045
2026-09-03,KPR,1.899101,1354,68378011271.19,36005454060
2026-09-03,KPS,48.319073,3270,23435716791.87,485020000
2026-09-03,KPU,3.955567,6128,596952912.25,150914612
2026-09-03,KRC,0.148147,148,30256357.34,204232320
2026-09-03,KRF,21.714484,594,44727298.81,2059791
2026-09-03,KRH,1.739127,41,2266299244.68,1303124471
2026-09-03,KRO,48.323749,58,303957682.93,6290027
2026-09-03,KRR,1.149274,611,23054783.56,20060306
2026-09-03,KRS,0.526887,1103,1464410972.07,2779363184
2026-09-03,KRT,75.484859,168,798498620.11,10578262
2026-09-03,KRV,48.445872,1022,5623596804.71,116080000.01
2026-09-03,KSA,4.174568,3784,15452003840.98,3701462122
2026-09-03,KSC,49.938395,1,24742976.44,495470
2026-09-03,KSK,2.964329,661,8196545761.97,2765059495
2026-09-03,KSL,56.713628,117,256148349.6,4516522
2026-09-03,KSM,52.050408,742,15905005539.11,305569278
2026-09-03,KSP,65.045782,361,1647934894.46,25335000
2026-09-03,KSR,5.11049,3822,201886623.73,39504360
2026-09-03,KST,1.99147,451,9048515.92,4543637
2026-09-03,KSV,5.803749,9726,44763606555.97,7712877936
2026-09-03,KSY,11.200987,85,4335584324.65,387071628
2026-09-03,KTE,46.078693,1,106468966.88,2310590
2026-09-03,KTI,2.123613,587,283312660.74,133410710
2026-09-03,KTJ,2.604319,21121,1635917836.84,628155604
2026-09-03,KTM,22.735307,5832,705318259.93,31023036
2026-09-03,KTN,8.15413,4250,410703539.43,50367550
2026-09-03,KTR,10.741954,630,24718718338.53,2301137988
2026-09-03,KTS,15.240424,758,133124052.28,8734931
2026-09-03,KTT,71.211268,1446,5201269117.32,73039973
2026-09-03,KTU,29.846624,1,970473390.54,32515349
2026-09-03,KTV,7.792478,47102,30132737380.11,3866900353
2026-09-03,KU3,1.147295,2826,266177568.86,232004453
2026-09-03,KUA,1.434958,2081,98251270.79,68469797
2026-09-03,KUB,0.754919,3617,608954560.73,806649044
2026-09-03,KUD,1.763106,2533,250219466.78,141919709
2026-09-03,KUP,49.276867,129,2035656295.61,41310587
2026-09-03,KUT,12.03109,41268,7750072266.21,644170417
2026-09-03,KVA,1.80049,1,706820294.89,392570970
2026-09-03,KVK,1.286668,138,859660172.3,668128882
2026-09-03,KVR,1.311574,45,114498809.08,87298764
2026-09-03,KVS,3.867281,2327,27587850889.58,7133655057
2026-09-03,KVT,1.435606,2981,85875237.09,59818091
2026-09-03,KYA,1.181501,1527,63128976.19,53431151
2026-09-03,KYR,0.507769,11,252663586.96,497595647
2026-09-03,KYS,54.343407,18,11254519.63,207100
2026-09-03,KZL,27.812263,65627,87513099701.4,3146565219
2026-09-03,KZO,2.141658,3,1109304522.23,517965287
2026-09-03,KZU,2.363758,5835,463842901.27,196231104
2026-09-03,LAI,1.249138,14,188381109.26,150808828
2026-09-03,LET,55.259442,2,703027810.11,12722311
2026-09-03,LFD,6.911294,1,4596052.3,665006
2026-09-03,LGK,1.425503,1,1726798105.44,1211360793
2026-09-03,LGO,7.056808,11,106292008.41,15062336
2026-09-03,LHM,83.899558,4,801881853.84,9557641
2026-09-03,LHP,57.159865,93,84388823.7,1476365
2026-09-03,LKF,1.027126,1140,109346271.84,106458509
2026-09-03,LKT,1.903779,432,396205200.94,208115154
2026-09-03,LLA,1.157237,741,27338083.06,23623584
2026-09-03,LPH,1.475086,2615,3823408928.62,2591990588
2026-09-03,LRT,3.716194,12,912166519.02,245457201
2026-09-03,LTC,1.610913,316,15758787.74,9782520
2026-09-03,LTL,1.089317,4715,215720903.48,198033189
2026-09-03,LTS,4.440145,13,2457070501.76,553376235
2026-09-03,LZV,6.793531,2,77338061.4,11384074
2026-09-03,MAC,0.734198,35655,4157528259.15,5662683644
2026-09-03,MAD,1.019734,367,22572114.68,22135286
2026-09-03,MAS,11.81347,194,747280270.04,63256629
2026-09-03,MAV,58.433124,1,914373501.03,15648205
2026-09-03,MBL,0.291221,215,21244780.31,72950723
2026-09-03,MBR,1.792838,559,492116879.82,274490435
2026-09-03,MCU,1.403346,150,191467685.73,136436525
2026-09-03,MD1,2.261149,661,222678718.2,98480335
2026-09-03,MD2,2.166098,720,279172984.1,128882901
2026-09-03,MDF,1.339259,936,500585806.97,373778314
2026-09-03,MET,5.949135,6588,739165428.65,124247547
2026-09-03,MGB,1.459795,469,61754176.81,42303326
2026-09-03,MGD,0.907965,1,610244407.9,672100883
2026-09-03,MGE,0.841696,67,588525132.36,699213023
2026-09-03,MGH,2.271789,751,492640422.31,216851293
2026-09-03,MHF,2.241537,3653,390854108.23,174368817
2026-09-03,MIK,3.431073,13,4817845559.76,1404180257
2026-09-03,MJB,7.719605,792,52594094.75,6813055
2026-09-03,MJE,58.067959,898,7103490478.97,122330638
2026-09-03,MJG,10.976136,7488,969961627.59,88370042
2026-09-03,MJH,4.507507,32,27469202.22,6094101
2026-09-03,MJK,35.810913,403,1814891945.54,50679857
2026-09-03,MJL,61.633878,581,947487994.21,15372844
2026-09-03,MKA,1.244592,1705,81494754.22,65479093
2026-09-03,MKG,17.457699,8166,1523176603.12,87249563
2026-09-03,MKL,61.144109,1,789102451.53,12905617
2026-09-03,MLS,18.084301,4,1352015540.4,74761834
2026-09-03,MLT,1.331585,77,21019163.2,15785072
2026-09-03,MMH,16.686526,1373,155308521.27,9307421
2026-09-03,MOD,61.581491,2,740609801.39,12026500
2026-09-03,MOZ,1.274781,122,335931741.12,263521131
2026-09-03,MP2,1.384703,13,3671269190.13,2651303752
2026-09-03,MP4,1.996031,15,3659170583.18,1833223343
2026-09-03,MPD,61.54561,694,3005338726.72,48831082
2026-09-03,MPE,1.404153,118,129886655.72,92501780
2026-09-03,MPF,8.434196,1972,1484192646.51,175973228.037
2026-09-03,MPI,3.13997,38,72738073.1,23165210
2026-09-03,MPK,10.024167,1516,250228572.08,24962530.961
2026-09-03,MPL,2.04524,886,674121506.21,329605142
2026-09-03,MPN,61.779157,290,373986245.71,6053599
2026-09-03,MPP,21.74842,1169,342104393.4,15730080
2026-09-03,MPS,24.308817,2467,148416275.55,6105450.324
2026-09-03,MRI,1.253996,113,11804587.81,9413574
2026-09-03,MSK,4.014824,1,1204035960.87,299897605
2026-09-03,MSO,59.611211,1,524142895.73,8792690
2026-09-03,MSR,2.014121,13,29367071.18,14580590
2026-09-03,MT1,46.292847,24,28855164.82,623318
2026-09-03,MT2,1.42664,1335,5545636727.75,3887201060
2026-09-03,MT5,1.01923,19,651415539.92,639124957
2026-09-03,MT6,0.444803,14,368808818.34,829151165
2026-09-03,MT7,0.259935,15,33907770.98,130447284
2026-09-03,MT8,0.81887,16,1443458382.42,1762744726
2026-09-03,MT9,0.412758,18,3183488977.52,7712730506
2026-09-03,MTD,1.324863,1566,148320009.74,111951227
2026-09-03,MTE,0.595645,17,1890207.7,3173378
2026-09-03,MTF,1.428279,42,70653406.92,49467524
2026-09-03,MTG,1.718178,380,272890726.15,158825677
2026-09-03,MTH,2.243532,3245,298783593.03,133175525
2026-09-03,MTI,0.018379,2,4687687.95,255061228
2026-09-03,MTK,1.756173,1053,298520434.22,169983515
2026-09-03,MTL,2.250393,16,20856093885.38,9267757132
2026-09-03,MTS,2.805909,668,28596989.09,10191704
2026-09-03,MTU,0.775446,19,801542238.54,1033653600
2026-09-03,MTV,5.41617,12786,145668672.72,26895146
2026-09-03,MTX,5.225817,2067,81131215.47,15525078
2026-09-03,MUL,2.851343,11,339445785.17,119047673
2026-09-03,MUT,1.943511,1559,801282685.16,412286169
2026-09-03,NAK,1.060616,161,120455291.9,113571092
2026-09-03,NAL,0.426785,12,511802977.07,1199204513
2026-09-03,NAU,3.064197,9550,2093685168.58,683273618
2026-09-03,NAV,1.102299,15,64897225.33,58874427
2026-09-03,NBE,1.767986,10,561809457.58,317768002
2026-09-03,NBH,7.097565,196,2228836660.64,314028376
2026-09-03,NBO,1.536096,395,2289297600.13,1490335078
2026-09-03,NBZ,73.134774,279,1518151671.46,20758274
2026-09-03,NCS,58.205239,1774,8723136849.39,149868586
2026-09-03,NCU,56.084575,12,131113510.13,2337782
2026-09-03,NDL,1.934285,1,10907652.33,5639113
2026-09-03,NDS,0.941093,13,553994972.8,588672037
2026-09-03,NES,2.172003,2,2169840232.18,999004311
2026-09-03,NFF,1.366047,32,1829076167.17,1338955639
2026-09-03,NFH,2.10568,46,116049621.3,55112650
2026-09-03,NFK,5.031629,69,1356052822.09,269505703
2026-09-03,NHP,5.67562,151,11930965.28,2102143
2026-09-03,NHT,66.140308,2,655792796.34,9915176
2026-09-03,NHV,4.484497,2,8264725635.16,1842955034
2026-09-03,NHY,5.830787,1991,137134117.84,23518974
2026-09-03,NIG,1.226677,15,520879598.23,424626364
2026-09-03,NIS,1.762128,41,1492771625.82,847141645
2026-09-03,NJF,12.542633,1760,1089936394.61,86898535
2026-09-03,NJG,3.113082,15,3315167515.7,1064914900
2026-09-03,NJR,5.912751,2489,1988345250.53,336280898
2026-09-03,NJY,7.618564,1380,316624483.53,41559600
2026-09-03,NKA,49.913239,17,132790379.81,2660424
2026-09-03,NKC,1.241889,1081,339968193.86,273750827
2026-09-03,NKH,1.802535,12,166079883.19,92136843
2026-09-03,NKJ,16.157084,1,1658337917.4,102638440
2026-09-03,NKK,8.034692,12,1513031890.88,188312373
2026-09-03,NKL,3.59473,2178,15442328678.84,4295823853
2026-09-03,NKM,0.994833,445,47796480.87,48044747
2026-09-03,NKP,1.105925,3220,174278060.05,157585719
2026-09-03,NKS,1.908431,11,25287089.69,13250200
2026-09-03,NKT,1.565841,584,78874472.4,50371969
2026-09-03,NKV,2.345748,1,16107080817.18,6866499553
2026-09-03,NLC,51.254332,19,182460708.07,3559908
2026-09-03,NLD,54.959069,1,1439923932.06,26199933
2026-09-03,NLE,1.612172,9577,369742340.11,229344242
2026-09-03,NLK,1.912024,992,5563825972.74,2909914904
2026-09-03,NLL,5.143944,25,2087825305.31,405880219
2026-09-03,NME,58.112921,51,62723367.29,1079336
2026-09-03,NMG,136.427592,12,3131466039.53,22953319
2026-09-03,NMP,1.029499,4364,785568375.77,763059103
2026-09-03,NMU,1.269503,373,851604554.27,670817480
2026-09-03,NNF,22.501282,17880,1930779801.57,85807547
2026-09-03,NOA,1.381454,11,525813154.99,380623067
2026-09-03,NOI,1.481559,14,1210011469.08,816715156
2026-09-03,NOV,49.985381,1,705889998.9,14121929
2026-09-03,NP1,5.160265,151,1456764526.47,282304191
2026-09-03,NPH,1.553636,731,160999072.64,103627265
2026-09-03,NPK,1.60411,1,951195124.88,592973692
2026-09-03,NRC,11.197498,3555,225812882.42,20166370
2026-09-03,NRG,5.650199,3326,7281995118.73,1288803261
2026-09-03,NRM,158.788676,11,411082763.47,2588867
2026-09-03,NSA,2.586622,345,1000290047,386716805
2026-09-03,NSD,65.872499,180,14989168239.75,227548195
2026-09-03,NSH,2.224643,1304,2188357204.47,983689300
2026-09-03,NSK,6.844285,85,124559341.5,18199030
2026-09-03,NSP,1.869858,2717,1454026287.24,777613294
2026-09-03,NSS,65.446634,1,1110359081.26,16965870
2026-09-03,NST,1.197447,3309,55793283.08,46593535
2026-09-03,NSY,1.439031,59,1184315756.76,822995348
2026-09-03,NTB,5.743401,1,3164407361.11,550964070
2026-09-03,NTD,0.369644,1,501024060.44,1355423321
2026-09-03,NTF,3.169504,11,260095089.15,82061773
2026-09-03,NTI,1.539799,1554,275703833.6,179051861
2026-09-03,NTO,67.09231,1,3632677271.98,54144466
2026-09-03,NTS,3.131365,33,230675000.12,73665955
2026-09-03,NUB,60.428738,899,2136453327.26,35354922
2026-09-03,NUG,49.686896,22,24164376.97,486333
2026-09-03,NUH,1.311316,1092,125976216.31,96068538
2026-09-03,NVB,4.88949,4681,6666202193.27,1363373739
2026-09-03,NVC,3.775692,89,135348972.82,35847460
2026-09-03,NVK,47.06545,20,160840997.39,3417390
2026-09-03,NVP,69.097984,1,61918288.64,896094
2026-09-03,NVT,4.713587,45,429278739.62,91072628
2026-09-03,NVZ,58.556774,337,528333471.21,9022585
2026-09-03,NYH,62.954559,1,1082178410.29,17189834
2026-09-03,NZH,3.52038,302,549618676.17,156124802
2026-09-03,NZT,6.148583,421,11000654372.6,1789136439
2026-09-03,NZU,51.439256,35,47704200.61,927389
2026-09-03,OAB,76.767182,3,667464320.11,8694657
2026-09-03,OAO,1.02534,455,1074217014.78,1047668906
2026-09-03,OBI,3.23407,485,327360715.74,101222506
2026-09-03,OBN,58.67277,238,266611118.21,4544035
2026-09-03,OBP,0.208341,836,39449295.69,189349344
2026-09-03,OBR,54.446977,10163,43531309719.34,799517478
2026-09-03,OCM,69.541856,2,508571068.27,7313165
2026-09-03,OCN,50.850259,4,119025455.49,2340705
2026-09-03,OCT,73.371876,5,456126100.19,6216634
2026-09-03,ODD,11.107006,31,473445456.77,42625838
2026-09-03,ODG,1.174606,41,66668026.32,56757787
2026-09-03,ODN,58.644978,5232,40799084251.13,695696129
2026-09-03,ODP,7.090503,146,300509928.34,42382030
2026-09-03,ODS,70.087028,107,117965158.8,1683124
2026-09-03,ODV,19.418268,3811,1601035863.21,82449982
2026-09-03,OFA,57.790253,125,234445175.94,4056829
2026-09-03,OFB,11.501744,13,1022475954.03,88897469
2026-09-03,OFI,4.089571,583,157249799.19,38451420
2026-09-03,OFK,52.388701,261,964217869.17,18405073
2026-09-03,OFO,69.034823,1,2168646388.14,31413804
2026-09-03,OFS,8.308994,435,187152129.84,22524042
2026-09-03,OGD,11.542147,3117,771345524.49,66828600
2026-09-03,OGF,9.558383,420,143399770.22,15002513
2026-09-03,OGV,72.627768,1,286370927.07,3942995
2026-09-03,OHB,23.909029,1049,1385848121.15,57963379
2026-09-03,OHI,0.102894,44,1013469522.79,9849630500
2026-09-03,OHK,2.913702,1261,32200910.89,11051544
2026-09-03,OIL,3.875359,663,44260974.7,11421128
2026-09-03,OIR,5.087385,231,19456428.84,3824446
2026-09-03,OIS,3.439401,2,655700831.49,190643928
2026-09-03,OJB,53.745541,6722,26575499235.48,494468910
2026-09-03,OJH,9.592289,27,22788102.82,2375669
2026-09-03,OJK,13.312077,27685,46080714106.92,3461572134
2026-09-03,OJT,12.759812,11173,4601896215.62,360655499
2026-09-03,OJU,69.484521,2,55967141.22,805462
2026-09-03,OJY,73.191834,6,2516641917.11,34384190
2026-09-03,OKD,0.612461,979,82956454.35,135447765
2026-09-03,OKF,4.785728,12,8484973501.47,1772974341
2026-09-03,OKP,6.551244,440,77397688.04,11814198
2026-09-03,OKT,0.165694,852,110547531.93,667180548
2026-09-03,OLA,53.941391,32,20615050.45,382174.99
2026-09-03,OLD,3.131172,5519,137908320.29,44043670
2026-09-03,OLE,5.142068,492,326117638.56,63421493
2026-09-03,OMB,64.771649,3,227599997.75,3513883
2026-09-03,OMC,72.476742,2,410146099.88,5659003
2026-09-03,OME,21.636892,68,72744484.24,3362058
2026-09-03,OMG,1.829427,705,1281266016.68,700364623
2026-09-03,OMT,1.007885,56,104594193.44,103775878
2026-09-03,ONB,52.919324,567,5464076551.66,103252955
2026-09-03,OND,48.352114,624,3470231235.7,71770000.01
2026-09-03,ONE,1.465111,699,32941276.15,22483804.476
2026-09-03,ONF,66.541471,872,3265820352.45,49079473
2026-09-03,ONK,60.651173,21376,94491578527.4,1557951372
2026-09-03,ONN,6.557078,596,1680325606.39,256261359
2026-09-03,ONS,54.641595,23599,163519765021.13,2992587676
2026-09-03,ONT,53.306947,374,4872848028.34,91411125
2026-09-03,ONY,66.944474,740,2381607497.02,35575864
2026-09-03,OPB,13.635495,419,50439141.18,3699106
2026-09-03,OPD,8.63286,21,68597925.14,7946141
2026-09-03,OPF,3.212671,1039,451477740.84,140530355
2026-09-03,OPH,25.56302,2485,906056465.17,35444031
2026-09-03,OPI,22.819118,1524,218086873.25,9557200
2026-09-03,OPJ,1.705705,2246,1986336987.17,1164525632
2026-09-03,OPL,9.669033,494,35802573.69,3702808
2026-09-03,OPZ,5.799685,1,725871113.21,125156982
2026-09-03,ORC,1.501663,56,1403864000.06,934872681
2026-09-03,ORI,61.517511,5,1707281015.48,27752765
2026-09-03,OSD,14.436901,849,615648361.13,42644081
2026-09-03,OSF,112.638919,17,3662464917.36,32515093
2026-09-03,OSH,0.564682,17,63695175.91,112798247
2026-09-03,OSL,0.158059,4077,1480946947.06,9369578754
2026-09-03,OSN,1.587685,101,35329358.01,22252122
2026-09-03,OTE,67.111716,2,195614946.91,2914766
2026-09-03,OTF,7.010945,1943,649458032,92634882
2026-09-03,OTJ,7.222015,22028,3212166716.68,444774333
2026-09-03,OTK,8.500969,65,4633920.72,545105
2026-09-03,OTM,1.275014,95,13376247.5,10491063
2026-09-03,OTZ,70.705354,4,316208979.44,4472207
2026-09-03,OUB,7.199344,14,899433867.14,124932746
2026-09-03,OUD,67.566789,120,149610978.46,2214268
2026-09-03,OUN,54.503462,314,231026223.63,4238744
2026-09-03,OUR,84.815108,11,31848751.75,375508
2026-09-03,OUY,66.205745,2,1685080874.02,25452185
2026-09-03,OVD,3.545179,3099,786634632.74,221888579
2026-09-03,OVR,69.006196,1,492217953.75,7132953
2026-09-03,OYL,0.163928,8185,3431108347.75,20930619563
2026-09-03,OYS,9.713681,11,15374859800.35,1582804739
2026-09-03,OYT,0.139754,65,1903908325.32,13623254841
2026-09-03,OZC,2.824462,1,280305317.07,99242027
2026-09-03,P1A,1.553198,319,753309479.5,485005592
2026-09-03,PA2,1.084511,533,53926668.9,49724415
2026-09-03,PAB,1.430967,652,132021382.59,92260261
2026-09-03,PAC,3.040011,1,779055197.77,256267233
2026-09-03,PAF,3.520872,3251,278012291.81,78961193
2026-09-03,PAI,6.437688,520,424290156.93,65907226
2026-09-03,PAL,57.564349,31121,152560142190.16,2650253935
2026-09-03,PAO,1.090735,226,3985323.12,3653795
2026-09-03,PAU,68.375398,3865,11468128032.99,167723016
2026-09-03,PBE,6.312417,11,49294724.2,7809168
2026-09-03,PBF,1.717047,2,1638463518.76,954233191
2026-09-03,PBH,1.191907,12,2858626955.37,2398364628
2026-09-03,PBI,2.329275,717,123236232.06,52907540
2026-09-03,PBK,58.613317,112,107543011.31,1834788
2026-09-03,PBN,1.695834,681,520524306.12,306942903
2026-09-03,PBR,3.478615,30139,2793110178,802937525
2026-09-03,PBS,70.281658,22,397716452.46,5658894
2026-09-03,PBY,1.339456,54,179691800.4,134152805
2026-09-03,PCE,1.286745,149,57231164.88,44477456
2026-09-03,PCH,4.034947,57,914426846.88,226626713
2026-09-03,PCN,65.926637,12,567331410.74,8605496
2026-09-03,PCS,6.291601,34,73227131058.45,11638869869
2026-09-03,PDC,0.250987,15,272238916.11,1084675311
2026-09-03,PDD,6.030402,176,836833656.86,138769125
2026-09-03,PDE,1.314999,14,12841945781.05,9765747500
2026-09-03,PDF,60.982903,55,473408565.94,7762972
2026-09-03,PDG,0.553832,11,601649067.87,1086338077
2026-09-03,PDH,19.320903,78,5420592859.19,280555872
2026-09-03,PDR,1.022849,2,2300505717.75,2249115622
2026-09-03,PDS,0.314342,41,84900483.35,270089633
2026-09-03,PEA,1.45233,102,68663075.61,47277888
2026-09-03,PFO,2.38385,285,76534348.45,32105348
2026-09-03,PFS,2.910676,92,15393791.53,5288734
2026-09-03,PGD,1.806901,157,185683899.61,102763713
2026-09-03,PGE,25.74759,45,10397582356.27,403827399
2026-09-03,PGH,5.254934,12,6980254149.26,1328323884
2026-09-03,PGS,1.318006,436,170916987.44,129678500
2026-09-03,PHB,2.240519,14,11766166757.38,5251536912
2026-09-03,PHE,3.230415,109057,19351101968.61,5990283734
2026-09-03,PHF,1.320721,12,388313860.89,294016510
2026-09-03,PHI,1.585007,137,80706764.31,50918878
2026-09-03,PHK,1.57656,246,78395157.08,49725445
2026-09-03,PHN,838.59234,17,7938006072.68,9465870
2026-09-03,PHS,4.559355,16,185061925.08,40589501
2026-09-03,PHY,5.04656,45,634137573.2,125657393
2026-09-03,PID,1.905312,109,53976250.57,28329356
2026-09-03,PIL,3.876787,8065,444501099.64,114657095
2026-09-03,PIP,1.705831,382,20811481335.77,12200198319
2026-09-03,PIR,1.662441,887,106479288,64049954
2026-09-03,PIS,1.481733,198,1288745567.78,869755355
2026-09-03,PJL,5.269187,869,1266729532.49,240403207
2026-09-03,PJP,50.414162,14,406082650.54,8054932
2026-09-03,PK1,1.060686,142,9414567.35,8875919
2026-09-03,PKD,0.948498,140,22101259.33,23301325
2026-09-03,PKF,4.689236,1552,388361435.76,82819775
2026-09-03,PKH,0.764109,11,106054818.64,138795396
2026-09-03,PKL,2.529074,13,3036008975.16,1200442859
2026-09-03,PKM,1.085007,588,516754508.82,476268157
2026-09-03,PKN,2.691981,10,25647310.21,9527300
2026-09-03,PKP,1.274571,93,529304043.66,415280276
2026-09-03,PKR,1.557119,213,620656227.97,398592664
2026-09-03,PKT,1.616248,1132,13982757025.01,8651366122
2026-09-03,PKU,14.388235,45,7904667835.03,549384122
2026-09-03,PKV,2.088665,2939,14843543544.02,7106711886
2026-09-03,PKZ,12.794759,16,48645971165.23,3802023376
2026-09-03,PLA,1.294264,118,659034.28,509196
2026-09-03,PLR,1.694451,900,972831454.83,574127925
2026-09-03,PLS,26.870164,7,936014889.92,34834729
2026-09-03,PMG,1.593183,1,1393527521.79,874681642
2026-09-03,PMH,0.005206,43,57375.96,11021437
2026-09-03,PMP,0.727178,396,12666930,17419293
2026-09-03,PNU,1.25716,25821,34868260170.52,27735746743
2026-09-03,PO7,1.003064,43,1618113815.68,1613170961
2026-09-03,PO8,2.747779,48,261120031.4,95029485
2026-09-03,PO9,0.714352,148,206331179.07,288836832
2026-09-03,POB,4.19099,42,4337464076.33,1034949682
2026-09-03,POD,69.426025,1418,4222150377.14,60815096
2026-09-03,POF,2.462555,45,2637990975.41,1071241579
2026-09-03,POH,0.952045,4,1629350485.85,1711421252
2026-09-03,POI,0.048769,42,222201993.11,4556187573
2026-09-03,POS,1.177218,396,76425620.8,64920549
2026-09-03,POU,3.022125,73,7988423152.74,2643312925
2026-09-03,PP1,1.678773,241,32794201.53,19534625
2026-09-03,PPB,9.967178,1498,373778148.55,37500902
2026-09-03,PPD,35.08527,105,2264997515.63,64556935
2026-09-03,PPE,63.228164,65,756044390.01,11957399
2026-09-03,PPF,5.244216,22,338246691.19,64498999
2026-09-03,PPG,1.473479,1724,2250563388.95,1527380243
2026-09-03,PPH,1.631472,2411,61443736.99,37661537
2026-09-03,PPI,2.31425,2827,6227655426.96,2691004055
2026-09-03,PPJ,1.87705,6596,82732798269.45,44075964948
2026-09-03,PPK,2.28146,3141,5900769009.4,2586399847
2026-09-03,PPM,2.200741,146,131208185.24,59620006
2026-09-03,PPN,5.852885,13277,12649508741.05,2161243477
2026-09-03,PPO,2.585486,44,158189668.53,61183726
2026-09-03,PPP,3.165003,360,7944962925.76,2510254267
2026-09-03,PPS,3.88077,2282,1095380914.02,282258657
2026-09-03,PPT,3.329031,3767,1985000566.65,596269816
2026-09-03,PPU,1.760572,44,282118469.16,160242537
2026-09-03,PPV,1.166967,181,12677480553.13,10863612394
2026-09-03,PPZ,6.679355,8291,12886270274.45,1929268731
2026-09-03,PRD,2.375988,594,425884510.22,179245265
2026-09-03,PRF,69.470692,2,201812290.96,2904999
2026-09-03,PRH,2.218581,289,640598748.89,288742554
2026-09-03,PRR,1.352573,161,817759972.36,604595696
2026-09-03,PRU,3.721151,1417,2961072287.95,795741063
2026-09-03,PRV,1.363198,83,4656051336.61,3415536780
2026-09-03,PRY,3.22492,52362,100072811289.39,31031097495
2026-09-03,PSD,54.237364,1,2764053469.09,50962165
2026-09-03,PSE,1.904896,5699,25436014984.99,13352970676
2026-09-03,PSG,9.084818,16,358083795.87,39415627
2026-09-03,PSH,1.036136,354,16627078.8,16047191
2026-09-03,PSL,8.576787,54,255186894.42,29753204
2026-09-03,PSO,0.439786,1,899919788.27,2046269480
2026-09-03,PSR,2.938312,45,1219814859.26,415141394
2026-09-03,PSS,6.083592,11,213542886.29,35101447
2026-09-03,PST,0.009164,48,38691009.84,4222197261
2026-09-03,PTC,66.51635,16,1060536891.89,15944003
2026-09-03,PTE,1.723336,4771,48910231009.07,28381130378.92
2026-09-03,PTF,1.458124,286,821242264.27,563218252
2026-09-03,PTG,64.690154,1,117736080.52,1820000
2026-09-03,PTL,1.891696,1584,951081681.14,502766758
2026-09-03,PTN,1.618373,853,911612465.69,563289319
2026-09-03,PTO,1.846134,3276,204158296.25,110586932
2026-09-03,PTP,1.211718,297,92515679.64,76350831
2026-09-03,PTS,1.623965,964,8908004182.42,5485342285
2026-09-03,PUA,9.928681,1,4937251655.64,497271653
2026-09-03,PUC,7.489669,693,435550991.45,58153573
2026-09-03,PUH,1.632744,23,347500258.28,212832098
2026-09-03,PUK,1.212106,11368,1408930997.84,1162382516
2026-09-03,PUR,10.583714,39367,124635296083.99,11776140174
2026-09-03,PUT,8.085332,1,7097202421.94,877787362
2026-09-03,PUV,57.619012,1,1230156276.91,21349833
2026-09-03,PVK,5.845369,8298,37914884665.47,6486312010
2026-09-03,PYB,1.891861,1129,799983398.99,422855180
2026-09-03,PYD,0.168783,44,30807758.5,182529203
2026-09-03,PYF,10.680226,10,3127509343.06,292831748
2026-09-03,PYH,6.560299,11,3851704062.91,587123272
2026-09-03,PYI,9.569696,44,2446160017.94,255615232
2026-09-03,PYL,9.557291,33,554910299.4,58061461
2026-09-03,PYR,1.194921,1115,56319051.47,47132037
2026-09-03,PYS,60.175946,43,1133650065.89,18838924
2026-09-03,RAF,3.747284,12,156481286.83,41758590
2026-09-03,RAI,2.088077,1,5452525753.47,2611267131
2026-09-03,RAN,59.369222,1,1103184280.85,18581754
2026-09-03,RAV,1.539169,12,1131864131,735373680
2026-09-03,RAY,4.201916,1,1835369137.69,436793424
2026-09-03,RBA,21.332798,5391,1860774149.87,87225979
2026-09-03,RBB,1.684059,37,16213508.46,9627635
2026-09-03,RBE,4.331818,16,3040449389.34,701887559
2026-09-03,RBF,1.806153,82,23642202,13089810
2026-09-03,RBH,34.114736,5157,985106354.01,28876271
2026-09-03,RBI,56.424179,83,49440445.32,876228
2026-09-03,RBK,8.870671,1120,36600644.77,4126029
2026-09-03,RBL,1.818355,815,232976617.81,128124915
2026-09-03,RBN,1.487451,141,36814558.93,24750102
2026-09-03,RBP,2.301626,1096,2605622735.42,1132078893
2026-09-03,RBR,3.918087,938,106453606.2,27169788
2026-09-03,RBT,6.668425,2734,1240823978.5,186074507
2026-09-03,RBV,7.003331,17922,8217618154.22,1173387168
2026-09-03,RCL,62.247512,1,167135253.55,2685011
2026-09-03,RCS,5.198257,1,2386826.63,459159
2026-09-03,RCV,1.781501,148,67209838.5,37726524
2026-09-03,RD1,1.945894,156,66592164.92,34221886
2026-09-03,RDF,1.593639,613,384921420.57,241536111
2026-09-03,RDH,3.775749,16,986249318.84,261206263
2026-09-03,RDK,1.165458,2,1250674.35,1073118
2026-09-03,RDS,22.57829,11,966315087.28,42798417
2026-09-03,RDT,0.91394,57,75281745.12,82370518
2026-09-03,RDZ,50.759201,121,670241848.9,13204342
2026-09-03,RE6,0.914783,11,1675258901.32,1831318954
2026-09-03,RE7,0.680117,13,95156.57,139912
2026-09-03,RE8,2.738336,13,1063676042.33,388438857
2026-09-03,RFM,1.135476,474,28425428.87,25033931
2026-09-03,RGD,1.136561,133,26281528.53,23123729
2026-09-03,RGH,1.1556,27,36777739.28,31825674
2026-09-03,RHD,1.954009,12,151690130.78,77630222
2026-09-03,RHI,1.705179,444,49365317.27,28950229
2026-09-03,RHS,7.314262,1481,774495995.74,105888461
2026-09-03,RIA,1.387187,47,13347365.51,9621893
2026-09-03,RIH,11.482568,1541,163758345.32,14261474
2026-09-03,RIK,5.513847,3722,572700985.24,103865951
2026-09-03,RJG,3.426904,560,87350118.97,25489514
2026-09-03,RKC,1.764973,271,30860069.78,17484728
2026-09-03,RKH,1.046877,76,8399124.22,8023029
2026-09-03,RKL,2.768691,1,2166783712.34,782602250
2026-09-03,RKS,2.060196,149,91644868.94,44483559
2026-09-03,RKV,2.633971,221,441857419.01,167753347
2026-09-03,RLH,1.714425,37,278753689.99,162593128
2026-09-03,RO1,1.309011,22,220873538.95,168733112
2026-09-03,ROD,56.310512,615,1745110248.76,30990843
2026-09-03,ROF,3.290108,405,500420780.6,152098565
2026-09-03,ROY,1.42367,13,687311689.4,482774528
2026-09-03,RPC,5.216478,555,23923608.6,4586161
2026-09-03,RPD,14.529774,1825,264193370.31,18182896
2026-09-03,RPE,0,0,94.47,0
2026-09-03,RPG,6.212565,1694,907764541.27,146117520
2026-09-03,RPI,1.474925,319,13921629.49,9438871
2026-09-03,RPK,64.619522,5,115715857.32,1790726
2026-09-03,RPL,1.755389,18,123063794.44,70106292
2026-09-03,RPM,4.572009,3030,99236773.69,21705288
2026-09-03,RPN,5.024147,23,799136340.99,159059117
2026-09-03,RPO,6.536053,3,1588150964.14,242983168
2026-09-03,RPP,5.030724,7879,6639881110.83,1319866034
2026-09-03,RPS,64.081138,98,175311766.83,2735778
2026-09-03,RPT,5.223934,174,1234585048.93,236332427
2026-09-03,RPU,3.712369,12,2677083750.35,721125459
2026-09-03,RPX,63.52517,127,615167515.85,9683839
2026-09-03,RRA,1.522308,193,1357438868.29,891697845
2026-09-03,RRP,1.666745,87,821364978.04,492795679
2026-09-03,RS1,1.636605,124,801552300.17,489765145
2026-09-03,RSF,4.420092,12,1268435181.64,286970291
2026-09-03,RSK,1.929621,255,253036519.37,131132779
2026-09-03,RSY,1.059916,12,156279088.56,147444770
2026-09-03,RSZ,9.582,25,2017468088.97,210547701
2026-09-03,RTA,2.429124,15,4461132978.91,1836519143
2026-09-03,RTB,2.721942,11,602686541.37,221417841
2026-09-03,RTD,2.001803,469,25322403.51,12649795
2026-09-03,RTG,5.621755,4815,244699817.54,43527302
2026-09-03,RTH,5.767137,243,17674099.69,3064623
2026-09-03,RTI,3.425929,63,47382047956.02,13830421639
2026-09-03,RTP,12.284997,1309,301214592.24,24518898
2026-09-03,RUH,4.384272,15,45087925.62,10284016
2026-09-03,RUT,2.469907,4711,177390210.12,71820603
2026-09-03,RVI,1.297865,11,19492688.58,15019044
2026-09-03,RVS,3.498316,19,4725144522.95,1350691155
2026-09-03,RYA,1.248916,1,375457368.67,300626629
2026-09-03,RYB,47.260279,11,4727682.03,100035
2026-09-03,RYD,1.422938,13,314433750.13,220975082
2026-09-03,RYF,12.654157,47,433681656.82,34271872
2026-09-03,RYU,49.451978,57,520021176.67,10515680
2026-09-03,RZR,4.584562,2,16221271.65,3538238
2026-09-03,SAP,1.875782,373,381336961.34,203294909
2026-09-03,SAR,53.18101,9,902152183.23,16963803
2026-09-03,SAS,1.604815,41144,945421535.56,589115570
2026-09-03,SAT,234.73095,4,1866726986.3,7952624
2026-09-03,SBH,1.759107,689,345954375.25,196664751
2026-09-03,SBI,3.604535,15,34049684.83,9446347
2026-09-03,SBR,1.272914,25,14675402.3,11528980
2026-09-03,SBS,72.279308,1,247527357.97,3424595
2026-09-03,SCZ,1.582718,164,83176326.14,52552832
2026-09-03,SD1,1.01375,194,47192035.78,46551965
2026-09-03,SDA,50.907919,1096,6587367732.37,129397702
2026-09-03,SEH,1.513913,45,105824784.45,69901499
2026-09-03,SER,58.244435,828,7272380274.7,124859658
2026-09-03,SFA,24.683791,18,1296693247.67,52532175
2026-09-03,SFS,1.410256,82,31415497.89,22276444
2026-09-03,SGK,1.001838,70,200748084.57,200379710
2026-09-03,SGT,1.917205,2706,187915706.01,98015466
2026-09-03,SHC,1.038322,129,80222908.08,77262053
2026-09-03,SHE,3.489187,637,56292324.65,16133366
2026-09-03,SHI,0.166905,46,690902726.53,4139493592
2026-09-03,SHU,1.445841,38,421197579.73,291316716
2026-09-03,SIA,0.901989,5,967584.84,1072723
2026-09-03,SIS,0.264239,14,63099889.7,238798338
2026-09-03,SJP,62.65438,29,327198341.97,5222274
2026-09-03,SKL,2.061123,736,131465805.06,63783571
2026-09-03,SKO,1.66728,3160,209840123.6,125857732
2026-09-03,SKS,51.437859,3,1285946476.09,25000000
2026-09-03,SKT,0.118499,2019,40890285.37,345068693
2026-09-03,SKZ,1.044629,676,122908146.19,117657207
2026-09-03,SLF,11.463537,6864,1277907482.98,111475850
2026-09-03,SLG,1.369081,741,459084552.27,335323030
2026-09-03,SLR,0.297863,5,1130896676.96,3796699149
2026-09-03,SLS,0.616752,13,371722.68,602710
2026-09-03,SMP,1.04568,1,1463952315.95,1400000000
2026-09-03,SNY,1.406537,470,447860538.72,318413724
2026-09-03,SOS,1.696768,515,35937923.5,21180222
2026-09-03,SPA,70.627514,201,3257320263.62,46119707
2026-09-03,SPD,82.94503,1,351214139.39,4234300
2026-09-03,SPE,109.166666,1257,4483564709.75,41070822
2026-09-03,SPN,10.07234,365,1778907918.5,176613170
2026-09-03,SPP,1.618915,707,538968935.66,332919780
2026-09-03,SPR,1.289825,163,9151022.89,7094780
2026-09-03,SPT,2.188954,914,97506859.22,44544958
2026-09-03,SRA,16.572644,1,2089428863.73,126076981
2026-09-03,SRE,63.783403,1,998286612.87,15651197
2026-09-03,SRL,1.785118,2748,61550891.94,34480022
2026-09-03,SRO,26.190678,6,7300779390.86,278754881
2026-09-03,SSD,54.124248,1,559245661.81,10332627
2026-09-03,SSE,0.003228,11,101887521.25,31561955474
2026-09-03,SSF,0.929514,15,1202463.07,1293647
2026-09-03,SSK,1.784297,598,48373724.7,27110809
2026-09-03,SSN,59.746567,4,779601228.86,13048469
2026-09-03,SSO,15.161213,1,7730369484.52,509878048
2026-09-03,SSS,1.394436,5232,242780720.13,174106783
2026-09-03,SST,1.619794,22,9557616.53,5900512
2026-09-03,ST1,183.488844,2411,619809839.15,3377915.66
2026-09-03,STI,1.274784,76,184225068.17,144514740
2026-09-03,STM,3.233077,12,385870.95,119351
2026-09-03,STS,86.71779,27,422074128,4867215
2026-09-03,STZ,24.28706,83,527173786.31,21705953
2026-09-03,SUA,0.602253,1167,2477728170.2,4114101376
2026-09-03,SUB,0.393451,753,107988153.84,274463800
2026-09-03,SUC,22.872867,537,580689440.96,25387698
2026-09-03,SUR,1.14587,87,215045797.3,187670313
2026-09-03,SVB,9.330382,1299,227296047.33,24360851
2026-09-03,SVS,2.698366,1,1117740759.6,414228781
2026-09-03,SVY,1.528381,2,3243250900.88,2122017742
2026-09-03,SYF,225.492663,6,1683720795.53,7466854
2026-09-03,SYL,4375.501513,1,1211165071.83,276806
2026-09-03,SYR,50.250715,22,311597749.16,6200862
2026-09-03,SYS,49.24783,121,1776123348.32,36065007
2026-09-03,T3B,0.129244,17,14248146305.08,110242481861
2026-09-03,TAL,2.72855,747,34340845.22,12585750
2026-09-03,TAO,21.08377,1,1114412897.38,52856435
2026-09-03,TAR,2.553461,6764,132284168.22,51805837
2026-09-03,TAU,0.638039,34557,2498815533.9,3916397290
2026-09-03,TAZ,2.481416,2,1170032618.46,471518068
2026-09-03,TB9,53.775452,10664,40788226929.7,758491566
2026-09-03,TBP,0.2837,194,460811693.76,1624293893
2026-09-03,TBT,54.673106,2560,512563625.51,9375059.519
2026-09-03,TBV,0.415821,7810,1191358374.69,2865075268
2026-09-03,TCA,0.775096,45827,13609296100.54,17558206041.442
2026-09-03,TCB,0.238022,4628,3179854806.08,13359513518
2026-09-03,TCC,0.079699,417,411128778.49,5158521157
2026-09-03,TCD,48.092484,11702,1429454020.76,29723023
2026-09-03,TCF,4.603258,2762,3242482557.55,704388655
2026-09-03,TCG,1.300845,1,184274024.91,141657132
2026-09-03,TCH,2.251817,58,242249765.9,107579668
2026-09-03,TCI,11.62019,15,1411032060.91,121429349
2026-09-03,TCS,41.313022,44,1401641616.7,33927356
2026-09-03,TDG,0.530279,2093,735917131.09,1387791227
2026-09-03,TDP,60.361304,44,329556238.82,5459727
2026-09-03,TE3,40.95757,2942,1118426938.54,27306965
2026-09-03,TE4,6.641712,1457,1857784505.84,279714704
2026-09-03,TEJ,2.724419,1321,715378364.16,262580140
2026-09-03,TFE,2.86467,115,35254220.97,12306554
2026-09-03,TFF,43.034199,9035,1327411471.01,30845502
2026-09-03,TFU,1.295284,1260,222784024.39,171996256
2026-09-03,TGA,0.477523,6194,802612635.46,1680782672
2026-09-03,TGE,0.300237,37416,2991400222.09,9963469823
2026-09-03,TGN,1.469513,1958,2546278017.79,1732735942
2026-09-03,TGR,6.82398,5668,109790701.1,16088955
2026-09-03,TGT,0.121576,63368,4421127463.84,36365140364
2026-09-03,TGV,10.821335,13,6886602612.05,636391228
2026-09-03,TGZ,6.238423,12,1133075478.84,181628509
2026-09-03,THD,2.678108,201,8474714.08,3164441
2026-09-03,THF,2.762935,138829,80440666105.98,29114208772
2026-09-03,THG,7.269922,177,175472628.04,24136796
2026-09-03,THH,137.787434,1,1757961253.25,12758502
2026-09-03,THO,50.907158,12,4868815137.46,95641072
2026-09-03,THS,64.403338,1,422529302.28,6560674
2026-09-03,THT,0.194023,343,6315489.22,32550225
2026-09-03,THV,49.868795,17,2249390076.88,45106165
2026-09-03,TI1,1689.486989,237180,228013766651.72,134960356.65
2026-09-03,TI2,0.126301,20688,3308751241.43,26197285969
2026-09-03,TI3,0.109443,21421,1929781556.4,17632770790
2026-09-03,TI4,0.065689,13901,1921025280.23,29244371979
2026-09-03,TI6,0.054758,4894,587309213.4,10725480435
2026-09-03,TI7,79.257895,9683,1186239683.41,14966833
2026-09-03,TIE,0.752155,18965,1728304514.24,2297804446
2026-09-03,TIL,1.391287,1649,88978690.29,63954248
2026-09-03,TIP,50.358941,76,822375856.12,16330285
2026-09-03,TIV,53.769989,122783,26796128801.78,498347303.112
2026-09-03,TJB,9.934087,1,811639028.33,81702428
2026-09-03,TJF,5.252814,542,53225424.44,10132744
2026-09-03,TJI,6.465219,904,592321250.86,91616576
2026-09-03,TJL,21.905987,4,1489402739.07,67990671
2026-09-03,TJT,68.59532,1838,2267107639.02,33050471
2026-09-03,TKF,67.958602,4245,967976638.39,14243622
2026-09-03,TKH,2.217816,1,452941352.98,204228599
2026-09-03,TKK,1.762252,113314,1802163003.41,1022647450
2026-09-03,TKM,0.218185,504580,75847164935.58,347628014508
2026-09-03,TLC,1.068537,333,485830679.41,454669169
2026-09-03,TLE,28.386469,916,532273480.6,18750958
2026-09-03,TLH,26.78234,323,125167723.38,4673517
2026-09-03,TLK,1.791807,1084,3688347826.36,2058451758
2026-09-03,TLT,71.631942,1,405699611.22,5663669
2026-09-03,TLU,53.95562,487,7340107013.99,136039712
2026-09-03,TLV,1.384688,11001,4284197213.24,3093980852
2026-09-03,TLY,9348.227793,106658,251242026000.27,26875899
2026-09-03,TLZ,19.479635,876,74327546.83,3815654
2026-09-03,TMC,0.163899,11516,152003839.36,927423400
2026-09-03,TMG,1.454937,35852,5089581338.57,3498146613
2026-09-03,TMH,0,12,0,0
2026-09-03,TMM,74.88081,1643,1413258402.14,18873439
2026-09-03,TMR,7.654492,1,9089900754.08,1187525000
2026-09-03,TMS,2.082714,85,394759263.57,189540830
2026-09-03,TMU,1.440386,91,59484737.7,41297784
2026-09-03,TMV,10.798494,14242,42899176626.82,3972699860
2026-09-03,TMZ,2.012132,2571,53165983.79,26422709
2026-09-03,TNB,50.462314,81,669696668.86,13271224
2026-09-03,TND,1.521976,493,193547412.44,127168518
2026-09-03,TNF,4.312092,3,5244037801.16,1216123947
2026-09-03,TNH,12.09449,3,152042113.55,12571189
2026-09-03,TNI,11.505126,2810,8135302246.33,707102400
2026-09-03,TNK,34.255027,74299,3881878989.57,113322899
2026-09-03,TNS,13.018077,16,94906442.99,7290358
2026-09-03,TO8,56.952728,101,728945430.09,12799131
2026-09-03,TOK,59.446528,6946,24686734874.98,415276312
2026-09-03,TOT,965.136761,639,117823895.82,122080
2026-09-03,TP1,68.577613,1,384801260.71,5611179
2026-09-03,TP2,2.206948,161398,206409396329.5,93527058623
2026-09-03,TPC,13.219878,12197,5745818449.94,434634741
2026-09-03,TPE,0.553866,34,2352817860.94,4247989099
2026-09-03,TPF,11.217612,512,125085437.42,11150808
2026-09-03,TPJ,79.097118,1481,2345445572.78,29652731
2026-09-03,TPL,21.308241,1528,503356529.97,23622622.006
2026-09-03,TPO,0.183455,3,107418741.22,585531154
2026-09-03,TPP,77.659617,391,1863908470.28,24001000
2026-09-03,TPR,0.469183,1,10098789.01,21524221
2026-09-03,TPV,10.563709,44,8029358.81,760089
2026-09-03,TPZ,28.695708,1507,151571875.2,5282040
2026-09-03,TRJ,2.20127,4572,2255678236.85,1024716584
2026-09-03,TRN,1.055989,1,1931534331.24,1829123080
2026-09-03,TRO,2.491937,370,27001188.47,10835421
2026-09-03,TRR,6.520434,454,2391758501.19,366809723
2026-09-03,TRU,1.527157,287,300351813.35,196673887
2026-09-03,TSI,0.210072,79638,23876133731.82,113657105247
2026-09-03,TSP,71.068216,5,1743783962.17,24536763
2026-09-03,TTA,0.616418,222860,26095985152.38,42334864762
2026-09-03,TTE,1.630258,46621,3709216539.57,2275232209
2026-09-03,TTL,37.982428,357,298597336.76,7861460
2026-09-03,TTP,51.914379,105,893649188.8,17213905
2026-09-03,TTS,70.814679,1,2201380958.84,31086506
2026-09-03,TTV,8.865073,35,2777077608.75,313260563
2026-09-03,TTZ,3.622232,7,232093968.44,64074841
2026-09-03,TUA,1.448106,31305,14975541322.55,10341464543.209
2026-09-03,TVE,1.130373,360,215063390.58,190258780
2026-09-03,TVN,2.9823,527,9226369.85,3093709
2026-09-03,TYH,2.047949,6232,1095501246.45,534926047.836
2026-09-03,TZC,0.309664,1136,30914389.8,99831888
2026-09-03,TZD,2.532787,7942,669431935.88,264306499.054
2026-09-03,TZH,8.543319,1,61473560635.28,7195513139
2026-09-03,TZL,0.140012,184762,95072601437.77,679032340332.17
2026-09-03,TZP,14.419696,14,1138508717.95,78955112
2026-09-03,TZT,0.171181,5845,329898063.92,1927190026.044
2026-09-03,TZV,961.279772,133546,30905536375.86,32150407.5
2026-09-03,UAB,5.478792,2,646730529.98,118042548
2026-09-03,UAP,71.538175,1,469751847.15,6566450
2026-09-03,UCN,2.047081,2,1115130438.56,544741624
2026-09-03,UCP,1.342555,27,29667775820.5,22098004734
2026-09-03,UFH,73.533725,1,270331958.1,3676299
2026-09-03,UHL,74.265403,1,2653039431.8,35723760
2026-09-03,UHS,7.043612,13,379030413.55,53811937
2026-09-03,ULH,6.625363,239,1283239629.56,193685922
2026-09-03,ULL,70.49452,3,288815695.87,4096995
2026-09-03,UNT,1.585017,255,34116648233.42,21524471338
2026-09-03,UP1,6.213021,1440,1380289017.19,222160693
2026-09-03,UP2,4.277261,313,2841025988.03,664216113.14
2026-09-03,UPD,22.228768,257,2445575645.38,110018495
2026-09-03,UPH,30.051754,518,104335724.06,3471868
2026-09-03,UPP,7.127715,913,2519734680.71,353512279
2026-09-03,UPS,5.014053,1,1058491565.9,211105000
2026-09-03,URA,1.917627,9231,652424579.7,340224997
2026-09-03,URC,56.002137,149,160139285.59,2859521
2026-09-03,URD,50.577183,13,11159774850.5,220648406
2026-09-03,URG,76.756917,1,575888111.81,7502752
2026-09-03,URM,49.377705,5,8519207303.99,172531457
2026-09-03,URS,3.910922,1,1025010150.3,262089128
2026-09-03,URV,3.417717,2,9177936726.24,2685399860
2026-09-03,USS,3.898908,1,4226551139.64,1084034643
2026-09-03,UST,4.272178,1,2002963604.02,468839001
2026-09-03,USY,0.263971,390,1358974991.08,5148201647
2026-09-03,UYH,5.120025,12,673890510.51,131618603
2026-09-03,UZY,9.329151,39,328670432.03,35230478
2026-09-03,VAY,1.559375,2967,48332009.29,30994466
2026-09-03,VCD,6.439954,12,1153484595.96,179113783
2026-09-03,VCG,5.809157,12,2011979154.35,346346139
2026-09-03,VCY,3.44034,12151,161517433.69,46948104
2026-09-03,VFK,5.540129,5680,3123970917.38,563880498
2026-09-03,VFO,0.993756,7681,363385723.31,365668844
2026-09-03,VFS,1.989451,1,6407414.78,3220695
2026-09-03,VHK,0.983829,178,4078423.89,4145460
2026-09-03,VHS,0.975594,449,53460864.18,54798266
2026-09-03,VK6,4.211401,161616,81482416941.04,19348056149.988
2026-09-03,VKI,3.147279,343,883563951.66,280739035
2026-09-03,VKK,1.09848,442,77263031.23,70336303
2026-09-03,VKR,1.006123,1,454693.09,451926
2026-09-03,VKT,0.123549,43838,4758841896.93,38517838684.964
2026-09-03,VKV,1.09843,925,577817822.35,526039686
2026-09-03,VLT,1.005549,658,68093757.65,67717976
2026-09-03,VMV,2.823876,146,7438310126.42,2634078113
2026-09-03,VNK,2.445501,239,3799088190.23,1553501000
2026-09-03,VPA,1.125148,3359,10534726454.23,9362972088
2026-09-03,VPH,0.985136,177,5369001.69,5450012
2026-09-03,VPP,54.563649,566,1571501012.95,28801245
2026-09-03,VPS,0.841233,5692,1040730036.89,1237148179
2026-09-03,VRK,1.323616,160,49369838.64,37299214
2026-09-03,VTF,2.137154,1,408515793.46,191149460
2026-09-03,VTL,1.122774,7013,2985585089.56,2659113808
2026-09-03,YA1,1.441536,24,32550274620.65,22580273137
2026-09-03,YAC,14.671147,9827,5434631758.24,370429912
2026-09-03,YAE,1.198967,618,72709569.81,60643494
2026-09-03,YAK,5.219386,108012,1132211582.98,216924266.414
2026-09-03,YAN,14.703313,3597,1869314633.6,127135607
2026-09-03,YAR,27.451464,1,768641000.96,28000000
2026-09-03,YAS,14.800386,61541,6387275128.32,431561397
2026-09-03,YAY,1813.013209,43920,13155581007.77,7256197
2026-09-03,YBE,1.858326,13986,5041676920.94,2713020979
2026-09-03,YBH,54.253879,595,646918370.48,11923910
2026-09-03,YBJ,59.245277,1,1958971395.89,33065444
2026-09-03,YBP,12.891904,55,958919024.35,74381488
2026-09-03,YBR,56.038299,2621,6508777875.78,116148742
2026-09-03,YBS,0.147425,11907,2078927688.68,14101625639
2026-09-03,YCG,61.251603,4,203980393.07,3330205
2026-09-03,YCH,2.705934,114,107296423.6,39652266
2026-09-03,YCK,4.616656,192,408956226.68,88582774
2026-09-03,YCL,10.421946,12,175789591.84,16867253
2026-09-03,YCP,8.508767,1993,1012867096.68,119038059
2026-09-03,YCY,4.136917,277,375675145.94,90810423
2026-09-03,YDH,1.131138,1,5067593121.35,4480085038
2026-09-03,YDI,0.47166,6912,1145237011.04,2428099199
2026-09-03,YDK,0.121471,48461,149723314.74,1232588818
2026-09-03,YDL,60.428233,8,1265139618.17,20936234
2026-09-03,YDM,1.927872,2,1308420255.76,678686262
2026-09-03,YDP,2.288646,2534,395198275,172677765
2026-09-03,YDZ,55.494907,2909,11540178969.47,207950237
2026-09-03,YEF,0.974898,13643,1994237737.47,2045585087.008
2026-09-03,YFV,0.106499,7534,936695815.52,8795383507
2026-09-03,YGM,3.428032,1914,560769943.45,163583622
2026-09-03,YHB,2.387845,7183,271056815.61,113515268
2026-09-03,YHI,1.502342,235,57049684.51,37973830
2026-09-03,YHK,2.040441,7238,1224637828.56,600182967
2026-09-03,YHP,4.660075,1,1770828379.37,380000000
2026-09-03,YHS,26.668757,8913,2890139205.08,108371727
2026-09-03,YHT,0.419291,85980,2504741052.45,5973759701.894
2026-09-03,YHY,0.958837,18,174815092.89,182319880
2026-09-03,YHZ,9.460535,17926,1424373573.77,150559513
2026-09-03,YIK,1.555986,1504,13032181909.35,8375514261
2026-09-03,YIS,1.44218,1,917266527.79,636027889
2026-09-03,YIT,2.55637,16473,2178040490.25,852005155
2026-09-03,YIV,3.599736,2,5748413161.28,1596898432
2026-09-03,YJA,67.948004,4,406800146.01,5986933
2026-09-03,YJH,3.731644,4045,184191109.92,49359241
2026-09-03,YJK,5.585465,14132,1002988850.29,179571251
2026-09-03,YJU,67.025859,1,446231829.02,6657607
2026-09-03,YJY,58.410582,9182,78440379002.14,1342913832
2026-09-03,YKS,0.353684,365,606772582.52,1715578736
2026-09-03,YKT,0.875709,86327,32576437646.62,37200059069
2026-09-03,YLB,1.843428,358405,112868000165.14,61227250813
2026-09-03,YLC,4.041964,1342,75711284.73,18731313
2026-09-03,YLE,8.750915,2251,244178720.94,27903221
2026-09-03,YLO,5.421295,5063,240873135.98,44430925
2026-09-03,YLR,2.393209,4,11721.94,4898
2026-09-03,YLY,2.27049,917,32615021.51,14364752
2026-09-03,YLZ,2.987123,17,3757079072,1257758532
2026-09-03,YMD,57.154699,1458,7818153904.95,136789347
2026-09-03,YMH,1.602121,315,427243898.12,266673972
2026-09-03,YMP,1.174274,117,581857587.11,495504306
2026-09-03,YNF,1.028696,250,678649.99,659719
2026-09-03,YNK,48.556239,1173,20228896376.43,416607564
2026-09-03,YNL,55.906578,1,222616080.15,3981930
2026-09-03,YOA,90.437836,140,1928828871.04,21327676
2026-09-03,YOS,57.093041,274,1138241118.44,19936600
2026-09-03,YOT,41.020479,9846,1930433980.21,47060250.059
2026-09-03,YOZ,50.047387,2194,49356811454.67,986201576
2026-09-03,YP1,64.945543,3,221656085.96,3412953
2026-09-03,YP2,74.005452,1,1375698298,18589148
2026-09-03,YP4,54.953099,29394,134506685950.94,2447663339
2026-09-03,YPC,5.607342,2333,52269370.76,9321595
2026-09-03,YPD,68.560976,2,100692832.3,1468661
2026-09-03,YPF,10.29968,616,1505466179.29,146166299
2026-09-03,YPI,56.785235,59,2041719208,35955107
2026-09-03,YPK,14.691675,222,208728378.48,14207255
2026-09-03,YPL,74.269107,1575,13726292421.85,184818331
2026-09-03,YPN,68.175835,1124,4001977328.27,58700819
2026-09-03,YPP,25.468468,1,4764101277.46,187058807
2026-09-03,YPR,1.689985,318,78973199.92,46730118
2026-09-03,YPT,4.19645,19260,107775805927.02,25682611810
2026-09-03,YPU,67.182545,1918,5337789377.98,79452027
2026-09-03,YPV,7.866278,3343,5494913409.84,698540419
2026-09-03,YRZ,48.958419,156,805536370.79,16453480
2026-09-03,YSA,49.339399,300,352059508,7135464
2026-09-03,YSH,0.968664,454,60977615.25,62950221
2026-09-03,YSL,44.071901,381,680621447.57,15443433
2026-09-03,YSO,1.670914,432,108890057.09,65167959
2026-09-03,YSU,0.176738,6138,251032232.51,1420359996
2026-09-03,YTD,0.944485,15020,1738382899.97,1840561061
2026-09-03,YTJ,70.746648,1,1242922393.17,17568640
2026-09-03,YTO,53.978003,4,713216914.89,13213103
2026-09-03,YTR,80.59566,2,624245461.82,7745398
2026-09-03,YTV,3.217426,2238,207092884.9,64366016
2026-09-03,YTY,59.628165,20724,119248319794.83,1999865671
2026-09-03,YUB,5.390688,590,382034217.81,70869292
2026-09-03,YUD,76.340762,2,256211811.36,3356160
2026-09-03,YUI,1.932502,7,926054925.84,479200096
2026-09-03,YUK,50.553867,147,1373901424.55,27176980
2026-09-03,YUN,59.072752,583,3216876654.49,54456184
2026-09-03,YUY,1.006558,2,996856338.4,990361196
2026-09-03,YVB,1.398061,751,131761913.48,94246201
2026-09-03,YVD,4.474911,82698,76152614723.77,17017683360
2026-09-03,YVF,74.263938,4,961961283.36,12953276
2026-09-03,YVG,63.786757,1220,6070362065.26,95166495
2026-09-03,YVO,70.909348,2,743316887.06,10482636
2026-09-03,YVS,77.125323,6,445607901.87,5777712
2026-09-03,YZC,5.092114,12344,641614117.42,126001526
2026-09-03,YZF,102.239198,1,485636188.17,4750000
2026-09-03,YZG,13.201957,60807,10891584522.53,824997721
2026-09-03,YZH,10.980899,5534,670339730.92,61045977
2026-09-03,YZK,7.899205,190,211016353.99,26713618
2026-09-03,YZL,5.639206,58,538389257.97,95472531
2026-09-03,YZT,0.974189,8992,621437891.72,637902868
2026-09-03,ZA2,2.080252,545,3998001467.16,1921883592
2026-09-03,ZAD,46.69903,49,15865154.88,339732
2026-09-03,ZAV,57.76034,4870,63564376602.31,1100484810
2026-09-03,ZAY,6.481314,3281,1485502231.49,229197698
2026-09-03,ZBD,681.230566,2055,935701110.67,1373545.389
2026-09-03,ZBI,2.307887,1877,196091928.18,84965989
2026-09-03,ZBJ,5.249572,20074,86814995674,16537537510.533
2026-09-03,ZBN,22.883143,165,142511111.75,6227777
2026-09-03,ZBO,3.315484,226,462008863.17,139348845
2026-09-03,ZBZ,68.600195,1,360139702.84,5249835
2026-09-03,ZCA,8.721898,1,65724720.41,7535598
2026-09-03,ZCB,75.287671,3,2419821.04,32141
2026-09-03,ZCC,80.214563,2,423954421.79,5285255
2026-09-03,ZCD,4.823251,459,1367622568.9,283547869
2026-09-03,ZCE,4.754401,1,13349091765.25,2807733694
2026-09-03,ZCF,4.133594,1,1905579321.06,460998205
2026-09-03,ZCG,6.827577,154,1051304407.5,153979134
2026-09-03,ZCH,2.458106,1,5058768359.38,2057994652
2026-09-03,ZCK,1.82892,2508,394163844.85,215517241
2026-09-03,ZCN,4.088127,6526,628282914.98,153684800
2026-09-03,ZDD,7.585433,1426,519665496.09,68508350
2026-09-03,ZDK,15.918419,1,3335513.72,209538
2026-09-03,ZDZ,12.744654,8584,1000383511.46,78494363
2026-09-03,ZFB,7.081866,15205,1005305618.48,141954899
2026-09-03,ZFZ,70.901209,3,22789570224.29,321427105
2026-09-03,ZHH,1.4556,1054,87758417.74,60290182
2026-09-03,ZIH,0.935237,8435,575953862.63,615837582
2026-09-03,ZJB,10.263509,1679,8271600843.16,805923288
2026-09-03,ZJH,62.4414,1,211426518.51,3385999
2026-09-03,ZJI,10.626556,1638,6694272614.36,629956952
2026-09-03,ZJL,14.886115,2576,401390688.94,26964100
2026-09-03,ZJT,68.944445,1,1371660693.38,19895159
2026-09-03,ZJV,10.745231,1347,676050167.44,62916300
2026-09-03,ZK1,50.986713,108,2128907187.8,41754156
2026-09-03,ZK2,58.655187,72,1152016908.81,19640495
2026-09-03,ZKK,25.369543,1,2376300992.96,93667474
2026-09-03,ZLB,50.825065,46,490825329.35,9657151
2026-09-03,ZLG,65.175162,1,1097081255.81,16832812
2026-09-03,ZLH,11.435224,3373,445125241.18,38925800
2026-09-03,ZMT,63.571659,314,1710741510.57,26910443
2026-09-03,ZMU,0.214768,14,19389907.03,90283015
2026-09-03,ZMY,6.369028,2827,189374140.55,29733600
2026-09-03,ZNF,55.60669,1,846323697.24,15219818
2026-09-03,ZOS,1.895441,11,580993248.79,306521428
2026-09-03,ZP1,63.802184,2,64691458.7,1013938
2026-09-03,ZP2,5.850573,1,624761518.96,106786382
2026-09-03,ZP3,4.610609,1,515566658.96,111821825
2026-09-03,ZP6,59.019948,1513,5625727071.48,95319078
2026-09-03,ZP7,68.246713,1,1288926061.11,18886273
2026-09-03,ZP8,4.133101,4319,62249152933.97,15061124168
2026-09-03,ZP9,61.109975,817,2621572162.17,42899251
2026-09-03,ZPA,67.634237,923,4456388939.04,65889543
2026-09-03,ZPC,19.48615,2791,3215048212.84,164991456
2026-09-03,ZPE,35.184206,7295,1265822903.16,35977020.836
2026-09-03,ZPF,23.404644,3435,755740354.32,32290188
2026-09-03,ZPG,10.801177,6498,1575577556.27,145870908.425
2026-09-03,ZPH,1.534496,55,502076070.26,327192783
2026-09-03,ZPJ,11.464735,310,115369655.74,10063002
2026-09-03,ZPK,8.521188,30096,20687919828.38,2427821087.001
2026-09-03,ZPN,72.966975,1,1963597125.34,26910765
2026-09-03,ZPO,1.0544,1908,2366520492.59,2244424840
2026-09-03,ZPR,1.564439,903,40551407736.68,25920732527
2026-09-03,ZR2,1.444415,1,1367383942.88,946669725
2026-09-03,ZR3,0.479824,140,145187705.57,302585545
2026-09-03,ZSB,12.313505,25,2666962422.93,216588410
2026-09-03,ZSF,52.46357,1612,40961299.45,780757
2026-09-03,ZSG,4.313767,917,49065219.16,11374100
2026-09-03,ZSK,59.147634,1,2574189596.63,43521430
2026-09-03,ZSN,57.397166,2,3125853180.27,54460061
2026-09-03,ZTF,7.6681,1,2107669956.52,274862095
2026-09-03,ZTG,1.372748,1066,43625813.17,31779914
2026-09-03,ZTV,1.018397,1565,670556725.52,658443340
2026-09-03,ZUD,4.315569,1,896557532.07,207749576
2026-09-03,ZUE,5.16613,1,7905175780.74,1530193061
2026-09-03,ZUS,50.924011,3356,59099700030.13,1160546846
2026-09-03,ZVB,97.844549,11,245455477.17,2508627
2026-09-03,ZVO,3.700313,304,850283108.1,229786821
2026-09-03,ZYC,4.999108,1,9167297057.76,1833786550
2026-09-03,ZYD,4.96517,1,9156706378.97,1844187892
2026-09-03,ZZL,84.787387,15,43183827.38,509319
2026-09-02,AAL,3.531791,4407,1992359973.36,564121629
2026-09-02,AAS,12.867913,150,17407802.55,1352807
2026-09-02,AAV,62.485366,1975,122151267.08,1954878
2026-09-02,ABG,124.285011,178,15889883273.48,127850359
2026-09-02,ABJ,0.707436,3,946083995.44,1337341991
2026-09-02,ABU,0.106371,37,61727438.09,580303972
2026-09-02,AC1,3.267272,196,356523902.35,109119754
2026-09-02,AC2,2.777226,45,20629018094.84,7427922197
2026-09-02,AC3,64.142794,14,134094488.29,2090562
2026-09-02,AC4,4.058148,4111,2250358269.99,554528412
2026-09-02,AC5,3.759214,146,22954426.65,6106177
2026-09-02,AC6,58.03876,79,75696008.6,1304232
2026-09-02,AC7,4.618715,44,2979533828.96,645100136
2026-09-02,AC8,198.179755,96,3001138482.6,15143517
2026-09-02,ACC,44.381538,1312,117195663.39,2640640
2026-09-02,ACD,6.118659,1479,349926677,57190092.413
2026-09-02,ACN,12.706566,16,652316275.89,51336945
2026-09-02,ACU,57.4297,161,1447624233.92,25206892
2026-09-02,ADE,0.898356,25667,703849492.69,783486151
2026-09-02,ADP,1.271276,21262,3879631484.41,3051761822
2026-09-02,AED,116.389176,1392,66815311.88,574068.09
2026-09-02,AES,0.186507,34922,1340659831.92,7188242362
2026-09-02,AEV,2.094606,419,9266531.37,4423998
2026-09-02,AFA,1.28793,46953,5461130229.75,4240238560
2026-09-02,AFO,1.33171,81654,19363861055.41,14540601463
2026-09-02,AFS,0.358688,29051,918920769.23,2561895194
2026-09-02,AFT,0.968719,137777,18892962837.66,19503034092
2026-09-02,AFV,0.608017,14995,1268070459.75,2085582744
2026-09-02,AGC,9.458833,2464,104705223.64,11069571
2026-09-02,AHH,11.022363,15,235554621.31,21370610
2026-09-02,AHI,36.604984,2685,115377847.59,3151971
2026-09-02,AHN,69.95733,112,32630896.82,466440
2026-09-02,AHU,11.520258,595,119575740.79,10379606
2026-09-02,AHV,21.836063,196,135401145.75,6200804
2026-09-02,AHZ,31.703953,14,100273898.16,3162820
2026-09-02,AI1,1.263123,17,61789085.02,48917729
2026-09-02,AIH,17.718877,4,168518287.14,9510664
2026-09-02,AII,97.162236,3,383013532.97,3942000
2026-09-02,AIM,27.031886,1,58450696.4,2162287
2026-09-02,AIR,167.09711,3,1496071221.64,8953304
2026-09-02,AIS,0.108812,22318,15761465336.78,144850993730
2026-09-02,AJ1,1.343833,90,10388375.61,7730407
2026-09-02,AJE,63.823288,940,2848419999.87,44629791
2026-09-02,AJK,65.076918,134,133203860.43,2046868
2026-09-02,AJL,64.837051,1264,4600921762.05,70961305
2026-09-02,AJN,62.140051,266,409854212.06,6595653
2026-09-02,AK2,0.553569,9157,251572730.76,454455666
2026-09-02,AK3,53.478052,20495,8170223738.12,152777139
2026-09-02,AKE,0.530478,13404,1052083942.41,1983275271
2026-09-02,AKU,0.97324,17085,2330980616.73,2395072029
2026-09-02,AL4,4.038873,12,1286566747.76,318546011
2026-09-02,AL5,54.356259,2359,13668686598.6,251464815
2026-09-02,AL6,3.953061,12,5639409764.26,1426593054
2026-09-02,AL7,3.810203,110,9168207026,2406225633
2026-09-02,ALC,0.377507,24969,1645953667.35,4360062851
2026-09-02,ALE,13.679285,150147,88846942414.43,6494998848
2026-09-02,AN1,113.39723,2886,1365232373.22,12039380.248
2026-09-02,ANL,37.965502,3621,623477981.16,16422224
2026-09-02,ANZ,21.959907,158,259911864.23,11835745
2026-09-02,AOJ,1.604662,202,20017947.8,12474868
2026-09-02,AOY,0.347632,35697,993762514.96,2858661326
2026-09-02,AP2,2.965553,34,828091304.74,279236705
2026-09-02,AP4,0.996106,11,248247908.36,249218342
2026-09-02,AP5,0.839112,16,874746.95,1042468
2026-09-02,AP6,7.063412,45,673320135.31,95325048
2026-09-02,AP7,2.695647,453,231652976.34,85935955
2026-09-02,APJ,6.84527,2882,82809808.19,12097377
2026-09-02,APP,33.678052,2,216061609.34,6415502
2026-09-02,APT,0.16463,13112,377302351.18,2291822452
2026-09-02,ARE,0.262233,2049,52564250.25,200448379
2026-09-02,ARF,8.977984,1,811159944.56,90349894
2026-09-02,ARL,16.135663,7378,4036181576.92,250140421
2026-09-02,ARM,18.47703,5064,3053614618.87,165265444
2026-09-02,ARP,41.991713,1,3173061668.41,75563996
2026-09-02,AS1,45.838469,37,6362425.36,138801
2026-09-02,AS3,0.749128,16,169189014.57,225848060
2026-09-02,ASJ,3.919671,750,60363023.14,15400023
2026-09-02,ATJ,22.569178,9,1022258121.96,45294433
2026-09-02,AU1,1.198861,958,54620216.26,45560082
2026-09-02,AUV,50.221725,536,423796030.4,8438500
2026-09-02,AVC,128.950892,12,261602931.97,2028702
2026-09-02,AVT,229.440451,20132,4232594919.65,18447466
2026-09-02,AVZ,94.201925,1,216897107.15,2302470
2026-09-02,AY6,1.387101,11,108557571.96,78262194
2026-09-02,AY7,1.697641,12,321029798.98,189103512
2026-09-02,AYA,18.7446,9613,1076906406.95,57451553
2026-09-02,AYR,0.141752,13077,1677930356.2,11837103407
2026-09-02,AZF,0.188222,4,625870246.96,3325162435
2026-09-02,AZJ,21.265686,66,1998344955.83,93970399
2026-09-02,AZV,27.557099,5,4617682898.44,167567815
2026-09-02,AZZ,64.321051,6,25507196647.72,396560633
2026-09-02,BA1,1.975382,35,403289249.34,204157605
2026-09-02,BAC,1.679084,12,1435101175.48,854692790
2026-09-02,BAG,1.065444,187,97987115.53,91968355
2026-09-02,BAI,1.083245,130,61031341.05,56341212
2026-09-02,BAL,50.427771,1,1108114456.18,21974290
2026-09-02,BAO,2.91461,4,68485720.95,23497385
2026-09-02,BAS,54.420772,1,1557020947.36,28610784
2026-09-02,BBF,3.644091,893,142301410.84,39049905
2026-09-02,BBI,1.233421,11,838634.67,679926
2026-09-02,BBN,0.53731,13,1236114657.56,2300561650
2026-09-02,BBO,0.822532,11,284849361.16,346308033
2026-09-02,BBP,2.285334,613,22839353.54,9993882
2026-09-02,BBS,1.635827,786,2504879496.93,1531261436
2026-09-02,BCC,78.770674,3,3285691717.24,41712119
2026-09-02,BCK,2.035756,2298,110771635.72,54413032
2026-09-02,BCO,2.023654,1316,126915346.83,62715945
2026-09-02,BDA,57.158856,785,5931274268.14,103768246
2026-09-02,BDC,9.199252,30,359299915.87,39057515
2026-09-02,BDI,0.000245,72,264522687.89,1078899892195
2026-09-02,BDO,2.768991,11,2742052069.17,990271266
2026-09-02,BDS,2.036628,7573,202627534.99,99491684
2026-09-02,BDY,1.745334,2359,106236391.98,60868790
2026-09-02,BFE,1.813946,56,10161448.08,5601848
2026-09-02,BFO,54.415174,1,11076912992.09,203562943
2026-09-02,BFS,1.093567,297,23496590.37,21486189
2026-09-02,BFT,1.169926,584,184872483.83,158020672
2026-09-02,BGH,2.245383,1,1055396002.18,470029440
2026-09-02,BGP,6.61964,28893,62288585427.34,9409663274
2026-09-02,BGR,1.016127,227,34028973.9,33488911
2026-09-02,BHA,1.768507,780,96780281.94,54724272
2026-09-02,BHE,1.869562,93,37770326.23,20202766
2026-09-02,BHF,3.080594,1477,182825201.4,59347393
2026-09-02,BHH,0.183629,71,355783448.14,1937513173
2026-09-02,BHI,2.379311,446,2389404367.11,1004242186
2026-09-02,BHL,1.25029,775,90689367.94,72534677
2026-09-02,BHN,1.132103,42,531809362.08,469753460
2026-09-02,BHO,1.213249,1,1485984678.16,1224797601
2026-09-02,BI5,0.896609,14,81248958.61,90618026
2026-09-02,BIA,0.22596,18,843348.55,3732290
2026-09-02,BID,3.258533,2019,225971077.32,69347496
2026-09-02,BIG,1.442056,3227,526396268.59,365031841
2026-09-02,BIH,9.062117,517,903932871.64,99748535
2026-09-02,BIK,1.037685,15,2413691548.53,2326034321
2026-09-02,BIO,2.370581,9989,834947440.43,352212094
2026-09-02,BIP,1.660734,230,4072868662.05,2452451060
2026-09-02,BIS,1.80157,60,796700407.57,442225562
2026-09-02,BIY,1.37807,331,84206679.16,61104770
2026-09-02,BJD,53.665642,109,771873094.51,14383003
2026-09-02,BKO,1.296932,1,1296762530.34,999869454
2026-09-02,BKY,50.204948,1031,7847076892.39,156300866
2026-09-02,BLA,4.583287,15,4286738915.38,935298004
2026-09-02,BLD,1.688912,716,509122526.48,301449936
2026-09-02,BLT,1.874343,3367,387751337.56,206873168
2026-09-02,BMU,2.820516,3677,355442902.64,126020513
2026-09-02,BNC,2.233248,243,634722908.71,284215186
2026-09-02,BNH,1.21669,178,60008191.75,49320848
2026-09-02,BOH,0.736851,11,184632526.22,250569682
2026-09-02,BOL,1.724093,288,122400350.39,70994055
2026-09-02,BON,1.445026,445,50030189.21,34622346
2026-09-02,BOP,50.217173,11,1358379152.78,27050092
2026-09-02,BOS,1.386888,873,2191594604.02,1580224687
2026-09-02,BP5,1.513786,11,53850576.68,35573439
2026-09-02,BPD,56.384339,11,154968353.38,2748429
2026-09-02,BPZ,1.614141,1362,915672894.52,567281836
2026-09-02,BRB,1.003117,11,573162593.77,571381465
2026-09-02,BRC,1.360907,37,118226322.39,86873205
2026-09-02,BRF,1.620483,1092,85142034.54,52541162
2026-09-02,BRG,5.182832,1638,2027029044.9,391104493
2026-09-02,BRH,7.046186,15,5469294839.24,776206408
2026-09-02,BRR,1.690833,565,979293023.92,579177956
2026-09-02,BRT,0.839748,337,12800587.76,15243367
2026-09-02,BRZ,55.549656,5,1567205770.27,28212700
2026-09-02,BS1,1.424867,196,281953551.46,197880569
2026-09-02,BSA,0.435705,1,888629706.89,2039522977
2026-09-02,BSC,0.137239,41,131383183.56,957330904
2026-09-02,BSD,1.202118,91,361887090.1,301041139
2026-09-02,BSE,0.417557,65,292167443.41,699706389
2026-09-02,BSF,1.248848,1,7060369074.86,5653503590
2026-09-02,BSH,1.013155,130,8597002.9,8485377
2026-09-02,BSM,1.794238,2796,2337533582.37,1302800021
2026-09-02,BSN,0.863214,18,654062361.34,757705538
2026-09-02,BST,10.427939,558,39608546.39,3798310
2026-09-02,BTE,5.122045,1020,222838910.3,43505847
2026-09-02,BTJ,1.382161,57,12401392.34,8972466
2026-09-02,BTK,1.668371,2086,312042783.21,187034451
2026-09-02,BTP,0.601956,22,820041254.08,1362294648
2026-09-02,BTY,59.782614,2,637874155.41,10669894
2026-09-02,BTZ,1.240635,193,7574447.21,6105301
2026-09-02,BUB,1.301536,2641,130387632.5,100179846
2026-09-02,BUC,0.77939,24,982667.94,1260816
2026-09-02,BUP,4.218158,1,14150979095,3354777076
2026-09-02,BUT,1.910447,4,174724628.83,91457465
2026-09-02,BUV,1.247431,244,13805713.04,11067314
2026-09-02,BUY,1.720555,16586,328280913.16,190799434
2026-09-02,BV1,1.692487,496,85797531.57,50693163
2026-09-02,BVB,4.657267,1,5006576416.91,1075003028
2026-09-02,BVC,4.409244,1,7148893374.28,1621342207
2026-09-02,BVD,1.413236,381,241448431.61,170847885
2026-09-02,BVF,1.432423,546,1854227762.77,1294468976
2026-09-02,BVH,2.095421,13,142135841.56,67831653
2026-09-02,BVI,2.850173,27,280421596.96,98387587
2026-09-02,BVK,1.091104,22,29315.78,26868
2026-09-02,BVM,1.305603,126,13543755.78,10373563
2026-09-02,BVT,5.559408,10,20821467.78,3745267
2026-09-02,BVV,3.466145,1082,189461699.3,54660633
2026-09-02,BVZ,4.553122,626,3068902653.98,674021638
2026-09-02,BYZ,1.165196,40,95711375.99,82141874
2026-09-02,CAH,1.24967,217,19049966.26,15244003
2026-09-02,CBD,0.124699,17,1422807291.09,11409975961
2026-09-02,CBN,46.908506,6,599799405.65,12786581
2026-09-02,CBO,234.736897,3,1698381075.13,7235254
2026-09-02,CEY,67.307967,3,223087881.24,3314435
2026-09-02,CFO,2.549617,466,1873628671.15,734866723
2026-09-02,CGD,58.795409,2,650837776.9,11069534
2026-09-02,CHY,0.161994,41,155946096.98,962664615
2026-09-02,CIN,1.743186,525,21105615.33,12107498
2026-09-02,CJD,51.912294,1473,5714194590.62,110074014
2026-09-02,CJF,65.654943,3,1642504620.59,25017227
2026-09-02,CJG,66.467368,1,2013544776.37,30293734
2026-09-02,CJH,62.397307,1712,3097432751.37,49640488
2026-09-02,CKF,2.126189,2899,698158010.41,328361160
2026-09-02,CKL,1.580573,1231,773598304.44,489441551
2026-09-02,CKS,61.576962,2371,5652521725.93,91796048
2026-09-02,COT,59.705692,195,554729347.96,9291063
2026-09-02,CPT,3.670019,14296,978501698.86,266620332
2026-09-02,CPU,3.855932,17591,1711953626.14,443979250
2026-09-02,CRL,49.652699,3,1067533020.47,21500000
2026-09-02,CSD,65.006904,1,677420630.1,10420749
2026-09-02,CSH,4.450411,54,7041986071.31,1582322640
2026-09-02,CTF,9.351817,1,349491964.5,37371557
2026-09-02,CTG,7.593696,1,16450254.14,2166304
2026-09-02,CTM,6.371293,1,16453047.48,2582372
2026-09-02,CTP,63.238141,1,572423431.88,9051870.001
2026-09-02,CTV,10.879993,4,206075470.08,18940772
2026-09-02,CVA,4.214213,1,9738926662.78,2310971747
2026-09-02,CVB,4.282899,5,2026307735.49,473115896
2026-09-02,CVC,2.930069,2,735815871.67,251125767
2026-09-02,CVD,64.692434,2,1105243843.59,17084592
2026-09-02,CVE,2.81329,1,309524535.71,110022256
2026-09-02,CVF,4.820769,1,996853628.1,206783109
2026-09-02,CVK,5.170317,1903,634449606.46,122709995
2026-09-02,CVL,1.595447,1027,76522191.08,47962848
2026-09-02,CYD,58.350568,406,1436332951.85,24615578
2026-09-02,DA1,49.052984,39,5136387.05,104711
2026-09-02,DAC,73.701164,1,523451680.62,7102353
2026-09-02,DAE,2.716348,1,1019189353.17,375205792
2026-09-02,DAH,3.595651,2531,576463752.54,160322500
2026-09-02,DAI,97.197566,4,374150852.66,3849385
2026-09-02,DAL,72.515236,1,695880499.88,9596335
2026-09-02,DAP,1.031314,752,1476728509.95,1431890260
2026-09-02,DAS,55.611393,25325,114847876617.98,2065186104.31
2026-09-02,DAT,99.331841,6,276399589.04,2782588
2026-09-02,DAV,58.569415,221,1209880819.36,20657212
2026-09-02,DAZ,13.447729,4,331444620.11,24646884
2026-09-02,DB2,2.117765,11,6570545.22,3102584
2026-09-02,DBA,0.748106,25305,9859262671.18,13178960389
2026-09-02,DBB,0.115275,2008,284863295.5,2471171138.85
2026-09-02,DBG,0.661642,4,2725278745.84,4118962935
2026-09-02,DBH,0.386353,8648,991214132.19,2565567400
2026-09-02,DBK,0.122581,85341,727936695.59,5938415506
2026-09-02,DBP,0.50608,1065,164693185.44,325429000
2026-09-02,DBZ,0.142286,2856,714896835.54,5024368200
2026-09-02,DCB,4.828452,22269,139107057690.96,28809863626
2026-09-02,DCD,66.51295,1,251630129.88,3783175
2026-09-02,DCE,74.557245,3,1297251247.56,17399399
2026-09-02,DCN,1.456256,2392,694004573.95,476567712
2026-09-02,DCP,72.1237,3,251515679.41,3487282
2026-09-02,DCV,47.876955,23,37792488.13,789366.999
2026-09-02,DDA,12.746968,1032,235560129.83,18479699
2026-09-02,DDC,12.244248,11,3850946244.94,314510632
2026-09-02,DDE,75.78567,1,417963501.92,5515073
2026-09-02,DDF,12.588497,655,109765961.92,8719545
2026-09-02,DDP,73.872759,1,77274008.76,1046042
2026-09-02,DEF,2.750001,91,71294181.55,25925148
2026-09-02,DEH,0.973154,195,25893198.81,26607515
2026-09-02,DEI,0.038089,13,6596902.55,173196936
2026-09-02,DFC,3.242341,1524,104872844.71,32344792
2026-09-02,DFD,2.752574,439,144956657.69,52662217
2026-09-02,DFI,6.062199,50770,31672543553.72,5224596531
2026-09-02,DFO,3.998852,2,1182202387.45,295635450
2026-09-02,DGF,1.517505,459,154429673.57,101765533
2026-09-02,DGH,10.927206,254,3532311406.91,323258415
2026-09-02,DHI,0.452777,46,2393232777.06,5285672299
2026-09-02,DHJ,6.878783,2927,214392934.14,31167276
2026-09-02,DHM,5.304723,1132,25465155.29,4800468
2026-09-02,DHP,4.509212,1,8511106.81,1887493
2026-09-02,DHS,314.59823,1,4154375963.3,13205338
2026-09-02,DHT,1.156958,776,77328333.61,66837658
2026-09-02,DHV,2.5113,1292,473712225.77,188632253
2026-09-02,DID,1.463671,154,27687226.11,18916293
2026-09-02,DIH,2.5554,11,194869136.49,76257782
2026-09-02,DIM,50.540411,1,115611593.35,2287508
2026-09-02,DIP,1.599421,1938,58481221570.92,36563990733
2026-09-02,DK1,1.495878,65,3152176934.41,2107241878
2026-09-02,DK8,48.272517,201,3004143587.91,62233001
2026-09-02,DKA,48.25096,239,2459777554.94,50978831.001
2026-09-02,DKC,0.605413,28,10808174.87,17852572
2026-09-02,DKH,3.779314,1410,211226198.69,55890089
2026-09-02,DKL,51.085317,99,380201858.36,7442488
2026-09-02,DKP,48.404129,628,4173888017.18,86230000
2026-09-02,DKR,0.929795,1610,194649658.51,209346773
2026-09-02,DKS,73.318266,2,235199866.12,3207930
2026-09-02,DL2,2.510182,653,8274927080.79,3296545254
2026-09-02,DLD,7.624144,578,64767190.41,8495011
2026-09-02,DLG,1.264729,37,4599024.1,3636370
2026-09-02,DLN,2.558027,45,5402888514.77,2112131280
2026-09-02,DLY,6.151003,312166,80636703846.78,13109520374
2026-09-02,DLZ,0.507527,44,10997771.29,21669344
2026-09-02,DMG,6.902535,15286,3072927564.58,445188273
2026-09-02,DMI,0.994587,1,934836669.56,939924797
2026-09-02,DMR,59.388048,1,17606723217.79,296469134
2026-09-02,DMV,71.25248,2,342465496.44,4806366
2026-09-02,DMZ,65.181257,5,651812574.14,10000000
2026-09-02,DNA,9.587475,5,1908132365,199023445
2026-09-02,DNF,1.372393,159,322327103.12,234864997
2026-09-02,DNH,1.146791,60,16958906.96,14788143
2026-09-02,DNK,1.701707,128,644270720.26,378602565
2026-09-02,DNL,56.048541,1,223336956.92,3984706
2026-09-02,DNM,52.925877,1077,1419736588.31,26824999
2026-09-02,DNP,1.453555,326,2039096986.9,1402834491
2026-09-02,DNU,47.76655,15,39269119.93,822105
2026-09-02,DOC,48.269658,174,4933316993.25,102203272
2026-09-02,DOD,70.524162,159,14722358318.82,208756232
2026-09-02,DOH,2.403613,16914,13892420232.44,5779807214
2026-09-02,DOL,53.205722,380,5883834167.3,110586492
2026-09-02,DOR,73.819319,1,531651309.93,7202062
2026-09-02,DOS,68.590633,3,2089419117.95,30462164
2026-09-02,DOV,61.074381,17162,74080887347.78,1212961743
2026-09-02,DP1,17.933916,7,5103577043.81,284576837
2026-09-02,DP2,66.920762,11,375077153.19,5604795
2026-09-02,DP3,71.17494,4,333154164.58,4680779
2026-09-02,DP4,75.164138,3,548265487.52,7294243
2026-09-02,DP5,83.32083,1,1804468725.75,21656874
2026-09-02,DP6,48.321796,212,1941453060.22,40177585
2026-09-02,DP7,61.704453,3,555450036.9,9001782
2026-09-02,DP8,48.37569,49,399413064.73,8256483
2026-09-02,DP9,48.293906,155,6103820757.76,126389046
2026-09-02,DPB,24.544579,3135,11255814891.25,458586593
2026-09-02,DPC,100.23287,1,335008623.4,3342303
2026-09-02,DPE,22.913639,1,1499850708.96,65456679
2026-09-02,DPG,102.068638,2,585281270.07,5734193
2026-09-02,DPI,8.968154,127,312418329.84,34836414
2026-09-02,DPK,8.733971,1362,872080888.9,99849295
2026-09-02,DPL,103.061051,1,2317851689.63,22490084
2026-09-02,DPN,58.464597,1,2294150.79,39240
2026-09-02,DPP,150.89107,2,54075436.48,358374
2026-09-02,DPT,18.10901,5011,298833689.06,16501934
2026-09-02,DPZ,83.685148,1,123961638.33,1481286
2026-09-02,DRA,1.206464,47,41387303.59,34304635
2026-09-02,DRD,56.112378,149,1733782594.31,30898398
2026-09-02,DRH,1.654351,71,609995298.78,368721809
2026-09-02,DRT,1.219189,520,36814630.28,30195994
2026-09-02,DSC,67.487729,1,1002874935.32,14860108
2026-09-02,DSD,72.596015,1413,3905432718.51,53796792
2026-09-02,DSH,2.259877,1459,4704047116.47,2081550125
2026-09-02,DSP,14.924848,1199,147390368,9875502
2026-09-02,DSV,49.582614,45,904600732.51,18244313
2026-09-02,DTH,1.342664,228,233611804.57,173991281
2026-09-02,DTL,4.090171,3194,159320467.28,38952032
2026-09-02,DTM,1.467834,2748,60106081.72,40948819
2026-09-02,DTO,47.991285,131,119243466.03,2484690
2026-09-02,DTP,1.870533,4,1694646907.61,905970033
2026-09-02,DTV,70.165197,4,4236266084.11,60375603
2026-09-02,DTZ,5.345228,8346,501633188.91,93846923
2026-09-02,DUC,0.299451,12,103718.21,346361
2026-09-02,DUD,52.885789,281,440781155.05,8334586
2026-09-02,DUH,1.185394,513,140875176.97,118842470
2026-09-02,DUT,47.834245,244,883395903.41,18467855
2026-09-02,DUV,1.330187,215,63774245.62,47943810
2026-09-02,DVC,69.433478,1,57282619.63,825000
2026-09-02,DVI,78.198239,2,197286259.98,2522899
2026-09-02,DVN,65.508484,1,313755373.96,4789538
2026-09-02,DVO,5.391974,1,34549545.67,6407587
2026-09-02,DVS,1.591379,315,353316920.9,222019356
2026-09-02,DVT,9.742318,11067,871168083.71,89421027
2026-09-02,DVU,8.766277,5,1431634722.07,163311605
2026-09-02,DVZ,67.259111,1,1413218571.26,21011556
2026-09-02,DXP,1.880261,1043,46207802.89,24575210
2026-09-02,DYJ,48.748893,154,1145160089.02,23490997
2026-09-02,DYN,4.45357,1628,57862455.58,12992375
2026-09-02,DYS,1.679701,13,19502661.88,11610791
2026-09-02,DZ2,1.390231,2,12375594279.6,8901825523
2026-09-02,DZE,0.998626,2863,191550323.96,191813900
2026-09-02,DZM,87.356317,4117,11360976310.64,130053289
2026-09-02,DZP,61.061426,2,462870034.19,7580400
2026-09-02,DZS,1.591244,122,52360528.88,32905405
2026-09-02,EBD,0.257609,580,78420858.23,304418345
2026-09-02,EBI,57.280498,24,812139791.67,14178295
2026-09-02,EBS,49.543332,34,4637222691.51,93599331
2026-09-02,EC2,85.404865,1927,63510029.88,743634.8
2026-09-02,ECA,2.041576,819,342524481.41,167774514
2026-09-02,ECB,54.119661,3169,793464472.49,14661298
2026-09-02,ECV,0.495128,2412,98980110.88,199908026.183
2026-09-02,EDD,1.147409,931,30441467.66,26530615
2026-09-02,EDN,1.045329,38,280791424.36,268615388
2026-09-02,EDP,1.184335,53,75111376.19,63420712
2026-09-02,EDT,2.286752,620,966981558.78,422862460
2026-09-02,EDU,3.636626,689,368111385.7,101223317
2026-09-02,EES,51.017251,1,407348720.03,7984529
2026-09-02,EGP,57.976233,49,264566362.81,4563359
2026-09-02,EGR,1.040074,133,273095448.88,262573043
2026-09-02,EHS,2.518033,3,594102171.04,235938967
2026-09-02,EIB,0.68974,500,307314019.62,445550227
2026-09-02,EID,1.951338,1834,89936622.99,46089711
2026-09-02,EIL,5.346587,1453,1053887549.48,197114058
2026-09-02,EJG,9.585834,1,655855140.66,68419205
2026-09-02,EKF,0.138421,4914,1529448497.24,11049239952
2026-09-02,EKL,1.844786,1314,2349085221.89,1273364318
2026-09-02,ELZ,13.740126,703,287265012.02,20907015
2026-09-02,EME,1.097485,15,36643005.76,33388148
2026-09-02,EML,1.248585,966,43615662.13,34932083
2026-09-02,ENA,1.144904,1672,40214162.98,35124487
2026-09-02,ENJ,1.389035,681,59508037.95,42841279
2026-09-02,ENO,48.850576,114,70604860.46,1445323
2026-09-02,ENR,1.21974,13496,2034744663.68,1668178332
2026-09-02,ENS,1.203198,1803,42585662.42,35393729
2026-09-02,EP1,1.081203,1977,14322515396.73,13246832421
2026-09-02,EPA,1.393688,157,560865850.03,402432734
2026-09-02,EPI,1.12135,344,283482709.04,252804947
2026-09-02,EPK,1.356399,1536,235404662.39,173551236
2026-09-02,EPO,62.841878,1,464401165.98,7389995
2026-09-02,EPP,1.49949,51,1941320794.19,1294654273
2026-09-02,EPT,1.35265,69,1292608548.86,955611724
2026-09-02,ESG,4.105896,81,11064154.17,2694699
2026-09-02,ESN,1.76077,12,41398885.49,23511812
2026-09-02,ESP,0.32144,272,22523606.7,70071024
2026-09-02,ETN,1.013167,12,223883049.34,220973421
2026-09-02,EUN,64.297689,3534,6081667302.85,94586095
2026-09-02,EUZ,63.277536,38705,144762328465.08,2287736484
2026-09-02,EVM,1.156257,621,44786324.72,38733900
2026-09-02,EYT,3.029327,496,43025213.97,14202895
2026-09-02,EZM,44.813521,1,4481352.13,100000
2026-09-02,FAK,1.278832,358,20028901.14,15661865
2026-09-02,FAL,1.244863,632,329135419.45,264394900
2026-09-02,FBC,1.979106,5770,167986656.44,84880055
2026-09-02,FBI,53.461734,4997,16987965464.18,317759343
2026-09-02,FBN,5.521849,415,2355651883.26,426605660
2026-09-02,FBV,7.6362,1927,643855389.99,84316203
2026-09-02,FBZ,4.773219,400,298637156.92,62565152
2026-09-02,FCK,1.796091,556,291182647.26,162120188
2026-09-02,FCS,2.363675,179,2255863074.14,954388194
2026-09-02,FD1,2.043859,140,19465431.68,9523862
2026-09-02,FDE,48.302631,881,4417758587.22,91460000
2026-09-02,FDG,2.675894,782,53004644.35,19808201
2026-09-02,FDO,61.838835,1,292953011.26,4737363
2026-09-02,FDV,6.09175,1,1492478790.92,245000000
2026-09-02,FDZ,0.306881,11,226272411.14,737329526
2026-09-02,FFD,0.051664,636,369044446.08,7143175186
2026-09-02,FFF,65.291254,1,1074875483.47,16462779
2026-09-02,FFH,8.768061,2153,1643552761.8,187447685
2026-09-02,FFO,59.372369,7,106980341.46,1801854
2026-09-02,FFP,7.786599,2399,1989368486.76,255486187
2026-09-02,FHI,1.418581,11,69473719.31,48974090
2026-09-02,FHP,3.445783,49,10353344343.79,3004642136
2026-09-02,FHZ,65.293878,3,742568276.95,11372709
2026-09-02,FI3,809.865608,9743,1752902928.53,2164436.804
2026-09-02,FI5,751.577821,53665,119353683777.71,158804159
2026-09-02,FIB,0.505139,12456,5084007915.02,10064567998.58
2026-09-02,FID,1.043534,1679,867832378.33,831628333
2026-09-02,FIL,0.376421,21100,14107577015.07,37478201221
2026-09-02,FIT,0.234853,596,248213309.99,1056886214
2026-09-02,FJB,7.177944,740,400662348.44,55818540
2026-09-02,FJC,60.633844,96,1293969344.04,21340711
2026-09-02,FJM,58.266489,1646,7880968801.27,135257313
2026-09-02,FJN,58.048992,1222,5066488716.56,87279529
2026-09-02,FJZ,66.562026,809,1478289613.28,22209204
2026-09-02,FKE,59.805429,12189,49041043620.82,820009892
2026-09-02,FKV,48.409935,475,2318351770.04,47890000.01
2026-09-02,FLS,62.756929,2314,4139888291.01,65967031
2026-09-02,FLY,1.607753,2256,108582997.56,67537116
2026-09-02,FMG,3.518203,10395,13363215231.16,3798306642
2026-09-02,FMS,55.295584,1,611100087.55,11051517
2026-09-02,FMV,1.437992,32,165216781.43,114894110
2026-09-02,FNN,0,1,0,0
2026-09-02,FNO,0.206484,6558,10838121827.44,52488975656.035
2026-09-02,FNT,2.164041,1827,579694884.69,267876110
2026-09-02,FP4,0.673667,131,112259101.2,166638948
2026-09-02,FPE,76.842441,1427,333666785.62,4342220
2026-09-02,FPG,2.267942,2064,853313552.75,376250186
2026-09-02,FPH,34.894172,4498,1275543048.88,36554616
2026-09-02,FPI,2.674294,214,76457444.98,28589768
2026-09-02,FPK,0.099437,1192,266179368.72,2676862228
2026-09-02,FPR,10.956525,31,165272638.69,15084403
2026-09-02,FPZ,69.666959,19457,134551656009,1931355371
2026-09-02,FR1,0.781495,20,207405917.56,265396484
2026-09-02,FRA,32.051534,2,523921495.93,16346222
2026-09-02,FRC,1.506272,209,64923430.92,43102073
2026-09-02,FRZ,15.225543,2,272547011.48,17900643
2026-09-02,FS1,1.510073,231,135571242.23,89777964
2026-09-02,FS2,2.274156,26,48903329.26,21503948
2026-09-02,FS3,1.16662,21,990350090.65,848905511
2026-09-02,FS4,1.558158,20,799922049.23,513376841
2026-09-02,FS5,2.324274,47,45905827.55,19750607
2026-09-02,FS6,1.918523,362,126206371.56,65783074
2026-09-02,FSF,7.005069,7790,11993493270.14,1712116481.997
2026-09-02,FSG,3.766194,727,663443913.63,176157651
2026-09-02,FSH,4.788014,539,370291928.66,77337269
2026-09-02,FSK,6.192003,2613,5923726682.27,956673796
2026-09-02,FSM,2.327093,21,312391453.54,134241049
2026-09-02,FSP,20.625686,21,135118.87,6551
2026-09-02,FSR,47.983091,2473,4937506366.65,102900964
2026-09-02,FSU,1.411306,5867,1276815932.99,904705213
2026-09-02,FSV,56.020023,1653,10298160759.38,183830000.01
2026-09-02,FTL,1.550544,674,211528085.4,136421870.363
2026-09-02,FTY,48.276085,1240,7996450764.19,165640000
2026-09-02,FUA,5.339517,4771,321161235.65,60147994
2026-09-02,FUB,0.759037,2156,927144247.92,1221474964
2026-09-02,FUM,63.41095,2,455990167.8,7191032
2026-09-02,FUN,1.603093,401,2698993936.79,1683616683
2026-09-02,FUP,101.449436,2,302253680.52,2979353
2026-09-02,FVL,5.020418,56,1426472358.52,284134204
2026-09-02,FYA,0.05203,146,1490650301.66,28649909656.69
2026-09-02,FYB,101.023563,9,201608986.44,1995663
2026-09-02,FYD,11.608468,5227,3162600525.47,272439098.194
2026-09-02,FYF,0.109681,11,38466041.72,350708449
2026-09-02,FYG,16.889167,2,97282764.93,5760069
2026-09-02,FYH,86.043899,21,617006347.72,7170832
2026-09-02,FYI,10.894912,207,54778867.38,5027931
2026-09-02,FYM,0.447023,15,337615966.56,755254621
2026-09-02,FYO,1.201735,1549,1972090884.63,1641036878.005
2026-09-02,FYT,0.370634,96749,3589869881.11,9685760476
2026-09-02,FYZ,5.956558,2,258613987.17,43416680
2026-09-02,FZJ,5.721451,2117,1164515604.83,203535016.629
2026-09-02,FZP,6.721086,557,823604505.67,122540391
2026-09-02,GA1,2.032874,1538,343272638.58,168860789
2026-09-02,GAC,77.863643,1,430405068.81,5527677
2026-09-02,GAE,0.461062,14642,1426593241.6,3094146659
2026-09-02,GAF,1.6384,1534,184406754.93,112552936
2026-09-02,GAG,18.279505,232,850376498.94,46520761
2026-09-02,GAH,12.722106,2703,370397658.82,29114493
2026-09-02,GAJ,63.89048,1,506975305.92,7935068
2026-09-02,GAL,414.421064,59787,123955788105.9,299105907
2026-09-02,GAN,8.814821,11,23738840.53,2693060
2026-09-02,GAS,0.320816,2275,3306587992.65,10306803276
2026-09-02,GAU,67.400016,5,2181086614.3,32360328
2026-09-02,GAV,62.945586,1,248068555.13,3941000
2026-09-02,GBC,0.308191,1678,251154859.23,814932345.475
2026-09-02,GBG,0.589071,4139,214659474.36,364403146
2026-09-02,GBH,4.163226,2789,2121457161.58,509570447
2026-09-02,GBJ,1.46897,1823,847886992.13,577198134
2026-09-02,GBL,0.87952,1693,2608345966.53,2965645946.969
2026-09-02,GBN,6.950045,391,6392343210.31,919755701
2026-09-02,GBP,71.363376,2,3852479151.23,53983981
2026-09-02,GBV,12.948432,22209,2177259872.43,168148529
2026-09-02,GBZ,3.577917,3290,1260207837.42,352218280
2026-09-02,GCA,71.782566,2,826747308.63,11517383
2026-09-02,GCC,6.064153,2,1346608226.34,222060386
2026-09-02,GCD,4.161268,20,1142780103.93,274623063
2026-09-02,GCI,65.04513,3,222837851.86,3425896
2026-09-02,GCZ,61.384856,1,11952552.31,194715
2026-09-02,GDJ,62.377297,4,505345177.29,8101428
2026-09-02,GDP,67.177681,1,1560943958.17,23236050
2026-09-02,GEC,76.908067,2,161468564.09,2099501
2026-09-02,GEI,18.003527,11,673110964.48,37387728
2026-09-02,GEZ,61.82155,1,410152355.38,6634456
2026-09-02,GFB,70.872828,4,422484766.41,5961167
2026-09-02,GFD,70.882745,2,110234009.78,1555160
2026-09-02,GFI,54.226991,3,1664682573.02,30698413
2026-09-02,GFL,10.958055,1,323119365.5,29486927
2026-09-02,GFN,80.569102,3,932461349.82,11573436
2026-09-02,GFY,70.882208,3,412733417.37,5822807
2026-09-02,GGA,67.740156,3,8356712210.51,123364230
2026-09-02,GGC,5.429598,5,190758075.24,35132999
2026-09-02,GGD,66.453016,2,5996731387.25,90240169
2026-09-02,GGK,13.911927,11922,2516412321.81,180881648
2026-09-02,GGM,8.5832,1,2937951653.94,342290935
2026-09-02,GGN,70.019789,4,487577617.58,6963426
2026-09-02,GGP,10.510492,1,72806.18,6927
2026-09-02,GGR,68.783892,3,1619784713.63,23548896
2026-09-02,GHS,39.870995,15188,2726720618.87,68388577
2026-09-02,GID,1.690066,1933,39088419.63,23128336
2026-09-02,GIE,3.653718,4565,74820642.32,20477944
2026-09-02,GIH,2.246074,651,8804833.15,3920099
2026-09-02,GJA,67.183564,3,958263091.53,14263356
2026-09-02,GJB,10.490834,964,75264190.22,7174281
2026-09-02,GJD,64.805347,3,409809701.24,6323702
2026-09-02,GJE,64.389519,2,149172035.74,2316713
2026-09-02,GJF,64.608269,2,235682177.08,3647864
2026-09-02,GJH,3.982558,23706,91351035160.05,22937777388
2026-09-02,GJM,42.801082,68,435066748.14,10164854
2026-09-02,GJO,60.303998,1,589739876.75,9779449
2026-09-02,GKE,0,0,0.01,0
2026-09-02,GKF,4.472902,683,42359578.52,9470267
2026-09-02,GKG,1.423833,1887,45330367.04,31836866
2026-09-02,GKH,4.536637,1846,6770175822.31,1492333482
2026-09-02,GKK,66.516927,2,2036589119.55,30617607
2026-09-02,GKL,15.493911,4,871520224.79,56249207
2026-09-02,GKM,48.858895,14,132095886.08,2703620
2026-09-02,GKO,0,0,0.01,0
2026-09-02,GKV,8.58953,4338,395425425.1,46035749
2026-09-02,GL1,1518.105651,950,1426424214.67,939608
2026-09-02,GLC,4.35123,71,16855843.73,3873811
2026-09-02,GLG,8.107088,336,25520133.33,3147879
2026-09-02,GLL,1.004992,47,49259649.39,49014961
2026-09-02,GLM,0.491233,11,4977624.02,10132926
2026-09-02,GLP,69.183898,4,567447780.86,8202021
2026-09-02,GLS,0.172223,1450,389693894.44,2262727615.001
2026-09-02,GLV,8.410243,23,114384734.8,13600646
2026-09-02,GMA,2.186298,1504,2787404613.21,1274942712.556
2026-09-02,GMC,7.826827,21152,4162807025.06,531863966
2026-09-02,GMD,2.758391,107,15673412.65,5682086
2026-09-02,GME,27.738212,2,391363401.28,14109179
2026-09-02,GMI,1.467955,5178,704847603.63,480155999
2026-09-02,GMM,48.588846,26,450383664.76,9269281
2026-09-02,GMN,1.380514,28,80452910.51,58277518
2026-09-02,GMO,2.972945,4,2362465236.54,794654932
2026-09-02,GMP,63.249802,1,1619188983.78,25599906
2026-09-02,GMR,1.358801,4528,170038647.93,125138737
2026-09-02,GMV,0,0,0.01,0
2026-09-02,GMZ,13.816964,2,367981501.45,26632587.787
2026-09-02,GNH,1.456285,193,8127160.07,5580748
2026-09-02,GNK,69.654738,1,487630737.14,7000683
2026-09-02,GNL,61.753442,3,1757190740.47,28454944
2026-09-02,GNP,1.4908,8784,6634138074.41,4450053339
2026-09-02,GNS,1.545601,1541,73370224.03,47470353
2026-09-02,GNZ,1.605862,468,1968212.5,1225642
2026-09-02,GO1,4.82127,748,81192349.45,16840448
2026-09-02,GO3,4.898987,453,36821013.14,7516046
2026-09-02,GO4,5.312682,738,48731600.3,9172693
2026-09-02,GO6,4.315326,4028,5084132228.82,1178157194
2026-09-02,GO9,2.717178,1692,435737156.64,160363881
2026-09-02,GOF,52.711505,336,405175155.17,7686655
2026-09-02,GOH,16.195258,9009,592381031.89,36577438
2026-09-02,GOK,1.0013,7,50178061.44,50112934
2026-09-02,GOL,2.815414,11942,4508045880.64,1601201882
2026-09-02,GOP,1.233375,1705,2301614833.18,1866110545
2026-09-02,GP1,4.265094,1,194979294.94,45715125
2026-09-02,GP3,64.380509,477,744586988.23,11565410
2026-09-02,GPA,23.445115,5427,868647272.85,37050245
2026-09-02,GPB,12.294402,9531,1260941423.82,102562239
2026-09-02,GPC,72.711161,3598,6852555281.13,94243514
2026-09-02,GPF,9.210509,3089,691077009.1,75031363
2026-09-02,GPG,17.018459,2967,1057342318.99,62129145
2026-09-02,GPH,45.533019,1,2669919.63,58637
2026-09-02,GPI,18.617955,2805,740346655.36,39765197
2026-09-02,GPJ,58.554147,2,864971818.81,14772170
2026-09-02,GPL,53.627749,37356,99600615888.68,1857258941
2026-09-02,GPM,62.738489,2,1307286791.51,20837078
2026-09-02,GPN,1.408459,4917,5480960347.42,3891458457
2026-09-02,GPT,2.743455,3122,102094737.3,37213932
2026-09-02,GPU,21.200386,2459,352824394.01,16642357
2026-09-02,GPV,67.471785,1,578435610.8,8573000
2026-09-02,GPZ,1.988169,198,5260152512.56,2645727313
2026-09-02,GRL,1.801412,289,528228387.11,293230123
2026-09-02,GRO,54.662874,27305,194149476062.42,3551761249
2026-09-02,GRT,1.581932,1932,118345696.32,74810874
2026-09-02,GSE,65.65978,107,1405801046.18,21410383
2026-09-02,GSG,71.646603,1,88332523.43,1232892
2026-09-02,GSL,3.502316,1,50922965.6,14539796
2026-09-02,GSO,15.495228,7,23294312497.27,1503321709
2026-09-02,GSP,0.576761,14290,4266128818.37,7396696807
2026-09-02,GSR,57.767264,2,268222651.41,4643160
2026-09-02,GSU,0,0,0.01,0
2026-09-02,GTA,1.604083,75700,24451597090.37,15243346963
2026-09-02,GTF,15.088031,511,159415277.91,10565678.203
2026-09-02,GTH,1.515025,781,28823801.61,19025299
2026-09-02,GTK,7.096289,1,28594262169.21,4029467144
2026-09-02,GTL,0.136328,351515,217381996135.51,1594545676077
2026-09-02,GTM,7.936595,13424,1053982725.09,132800373
2026-09-02,GTN,52.751164,2,1477693814.34,28012535
2026-09-02,GTY,6.378126,529,411162171.11,64464413
2026-09-02,GTZ,11.80818,62273,12530035903.3,1061131889
2026-09-02,GUA,6.044428,1,2066353096.89,341860798
2026-09-02,GUB,2.598757,9806,4667726432.2,1796138251
2026-09-02,GUC,1.48467,1,1292493080.51,870559223
2026-09-02,GUF,0.909691,3860,609741272.5,670273081
2026-09-02,GUH,0.443091,38605,4628750007.7,10446511469
2026-09-02,GUK,1.421338,2689,1136162221.77,799361004
2026-09-02,GUM,12.760841,52841,6666630447.23,522428758
2026-09-02,GUV,1.76128,1889,768153765.63,436133759
2026-09-02,GVA,4.062918,3421,95783818.33,23575130
2026-09-02,GVB,68.38188,3,3590024069.44,52499640
2026-09-02,GVC,64.906093,1,307607371.26,4739268
2026-09-02,GVD,18.432182,1,407627.7,22115
2026-09-02,GVI,5.623415,4594,1177597141.11,209409620
2026-09-02,GVL,67.149229,3,528606385.56,7872114
2026-09-02,GVZ,73.810783,2,408421190.64,5533354
2026-09-02,GYC,4.131182,1,20738874783.16,5020082762
2026-09-02,GYG,71.947084,4,506239254.69,7036272
2026-09-02,GYK,0.116044,276,84374310.42,727086737
2026-09-02,GYL,14.763894,7376,902174569.61,61106816.569
2026-09-02,GYN,69.31841,1,1428899558.75,20613565
2026-09-02,GYR,63.88475,5,594591146.66,9307247
2026-09-02,GZB,7.580018,1,1440203409.04,190000000
2026-09-02,GZD,62.432358,3,54734323.45,876698
2026-09-02,GZE,7.942119,4096,1457503430.11,183515699
2026-09-02,GZG,7.572907,4574,494061054.44,65240604
2026-09-02,GZH,4.744378,5589,358723497.31,75610223
2026-09-02,GZJ,8.725274,5238,1736951475.91,199071277
2026-09-02,GZL,5.76546,6034,378673097.91,65679594
2026-09-02,GZM,10.285514,994,628112099.47,61067644
2026-09-02,GZN,51.024255,1080,389431499.5,7632282
2026-09-02,GZO,70.179519,1,84973221.48,1210798
2026-09-02,GZP,7.727877,10283,3885612098.86,502804583
2026-09-02,GZR,11.568787,1967,1058401800.31,91487705
2026-09-02,GZU,68.137362,2,465354263.44,6829649
2026-09-02,GZV,8.729078,1377,100487840.86,11511851
2026-09-02,GZY,7.596002,2303,66935384.79,8811923
2026-09-02,GZZ,7.008116,1246,65584021.84,9358296
2026-09-02,HAE,56.485552,1240,2914389096.9,51595302
2026-09-02,HAG,62.580637,45,427250776.58,6827204
2026-09-02,HAI,1.010849,329,12474039.63,12340164
2026-09-02,HAM,3.115179,7615,1569293162.65,503756913
2026-09-02,HAR,1.069333,68,36001733.87,33667475
2026-09-02,HAT,1.872513,82,3324830.87,1775598
2026-09-02,HB1,50.903105,335,18367489445.42,360832396
2026-09-02,HB2,58.115972,174,12036454339.62,207110952
2026-09-02,HBF,51.121959,10784,6292164352.85,123081440
2026-09-02,HBJ,1.505907,1,150590.72,100000
2026-09-02,HBN,4.333509,1064,532586933.84,122899681
2026-09-02,HBU,1.461945,2771,481593111.51,329419521
2026-09-02,HBV,18.812451,17,1082467115.1,57539929
2026-09-02,HCV,1.009592,683,151769380.75,150327376
2026-09-02,HDA,3.146422,519,94994420.83,30191253
2026-09-02,HDD,1.083586,148,10786271.57,9954234
2026-09-02,HDE,57.862856,4448,9318100206.57,161037683
2026-09-02,HDH,7854.453944,17,29048409782.74,3698336
2026-09-02,HDJ,6.691789,11,16592999.79,2479606
2026-09-02,HDK,3.019407,127,12145153.42,4022364
2026-09-02,HDS,17.158356,13,1565216075.92,91221799
2026-09-02,HDV,66.863197,2241,4993552037.29,74683118
2026-09-02,HEH,3.322641,1455,485214256.61,146032721
2026-09-02,HFA,3.125152,2,4921269483.43,1574729725
2026-09-02,HFI,1.796716,134,61356375.94,34149183
2026-09-02,HFO,1.011442,180,6310092.59,6238709
2026-09-02,HFR,1.42463,423,29573836.14,20758957
2026-09-02,HFV,64.171447,3248,8830675405.58,137610663
2026-09-02,HFY,1.323947,38,1247262814.5,942078903
2026-09-02,HGC,53.342295,284,473332268.99,8873489
2026-09-02,HGH,1.772341,19,39946011.89,22538553
2026-09-02,HGJ,26.316338,12,2871032000.96,109096943
2026-09-02,HGM,4.172943,1820,152940044.5,36650405.711
2026-09-02,HGR,1.336917,149,30338994.59,22693250
2026-09-02,HGT,96.270274,14,3409253293.5,35413354
2026-09-02,HGU,5.064046,2,2841023594.6,561018563
2026-09-02,HGV,4.795382,368,22973138.87,4790680
2026-09-02,HIA,1.5671,259,1381177247.37,881358640
2026-09-02,HIF,0.534697,55,11434781.39,21385532
2026-09-02,HIH,1.408455,4627,225033684.83,159773474
2026-09-02,HII,3.354584,1,1104889970.76,329367203
2026-09-02,HIM,4.023309,204,282805094.46,70291667
2026-09-02,HIP,2.197662,1249,2099126767.94,955163743
2026-09-02,HIS,3.074032,12,1251872.01,407241
2026-09-02,HIZ,2.056599,1049,207569123.46,100928318
2026-09-02,HJA,22.76389,13,2113673191.63,92852023
2026-09-02,HJB,4.647473,1557,107927654.19,23222870
2026-09-02,HKG,1.545132,1089,38356490.66,24824080
2026-09-02,HKH,8.694437,13367,775413354.5,89185001
2026-09-02,HKJ,1.423964,2298,14356062493.42,10081760542
2026-09-02,HKM,4.005427,906,48187204.34,12030479
2026-09-02,HKP,5.860526,73,156812507.75,26757412
2026-09-02,HKR,3.938806,1478,1444072286.62,366626957
2026-09-02,HKV,598.614185,37690,4344993170.45,7258420
2026-09-02,HLA,1.878497,10,41664424.8,22179665
2026-09-02,HLL,0.386974,1031866,51270051014.36,132489729123.95
2026-09-02,HLR,104.296899,13,3296793785.68,31609701
2026-09-02,HMC,8.145289,115,463200824.47,56867331
2026-09-02,HME,54.81671,8220,27901061714.06,508988260
2026-09-02,HMG,0.068792,6163,7486429536.32,108826506588
2026-09-02,HMK,292.979262,47,91593227.66,312627
2026-09-02,HML,48.321976,40,29293361.63,606212
2026-09-02,HMS,0.094272,3994,333829609.81,3541140631
2026-09-02,HMT,7.206566,22,615044879.32,85345075
2026-09-02,HMV,15.202012,13,13487750308.07,887234531
2026-09-02,HNS,48.503152,169,606020008.21,12494446
2026-09-02,HOA,0.240638,3344,2015246896.09,8374597977
2026-09-02,HOY,0.365961,2539,1357990296.46,3710753431
2026-09-02,HP3,59.121914,181,734135607.28,12417318
2026-09-02,HPC,11.805329,7,36472402179.23,3089486258
2026-09-02,HPD,0.21533,1456,287382114,1334611202
2026-09-02,HPF,26.524939,12,1144527763.6,43149120
2026-09-02,HPH,2.401512,9142,6295009977.49,2621269607
2026-09-02,HPI,5.764583,14,198382816.35,34414080
2026-09-02,HPJ,3.970201,1,36422852.88,9174058
2026-09-02,HPL,0.86447,24,252265584.92,291815213
2026-09-02,HPO,0.171572,2873,1090185680.52,6354094906
2026-09-02,HPT,0.114784,10216,3310897180.62,28844678954
2026-09-02,HPV,7.871662,339477,8867195494.36,1126470501.001
2026-09-02,HPZ,539.802044,17,5258211.71,9741
2026-09-02,HRZ,2.205962,6395,257037018.21,116519238
2026-09-02,HSA,1637.210663,2369,4066066708.28,2483533
2026-09-02,HSL,417.667157,24274,26194540366.68,62716304
2026-09-02,HSP,46.013127,60,101453562.22,2204883
2026-09-02,HST,1.022512,3714,402996653.53,394124218.328
2026-09-02,HTF,1.464558,542,5212010411.2,3558758889
2026-09-02,HTJ,1.956467,243,39125720.53,19998151
2026-09-02,HTK,1.026189,900,121592339.17,118489251
2026-09-02,HTS,58.996802,2648,4833922380.48,81935329
2026-09-02,HTZ,11.849026,13,82185625.04,6936066
2026-09-02,HUI,92.736828,1,2188557247.79,23599656
2026-09-02,HUS,0.003537,12,2012528.65,568993837
2026-09-02,HVA,211.586521,16,101808662.98,481168
2026-09-02,HVB,1.805757,13,2078658316.07,1151128347
2026-09-02,HVC,26.462443,16,72182398.79,2727730
2026-09-02,HVI,1.28996,366,41666061.05,32300272
2026-09-02,HVK,4.880385,1400,454204716.56,93067391
2026-09-02,HVL,20.534462,11,2883038.51,140400
2026-09-02,HVN,5.914197,12,5897099.04,997109
2026-09-02,HVS,1.596369,10108,2675672496.57,1676099394
2026-09-02,HVT,4.79448,1821,757499801.21,157994145
2026-09-02,HVU,5.661333,791,16002655.83,2826658.74
2026-09-02,HVV,70.048193,1,3190845102.36,45552140
2026-09-02,HVZ,6.713054,1790,81947484.57,12207183
2026-09-02,HYK,11.549431,23,212269948.15,18379256
2026-09-02,HYP,10.804026,60,567112373.81,52490838
2026-09-02,HYU,1.820091,233,882280221.06,484745228
2026-09-02,HYV,6.413233,6551,6242010667.42,973301706
2026-09-02,HYY,12.561331,1,5922913100.5,471519535
2026-09-02,HZV,6.424759,3,1052340262.45,163794514
2026-09-02,IAC,5.227398,1,3624777440.33,693419042
2026-09-02,IAE,2.165132,445,285184893.16,131717103
2026-09-02,IAI,6.003344,1,68410084.42,11395330
2026-09-02,IAJ,0.968622,12,2048295.72,2114650
2026-09-02,IAM,1.751244,2805,78677371.75,44926557
2026-09-02,IAR,78.27332,22,147630526.11,1886090
2026-09-02,IAS,2.070117,17,3337968529.91,1612453728
2026-09-02,IAT,0.198715,8910,1875879883.13,9440028615.206
2026-09-02,IAU,2.673963,211,32420211.06,12124406
2026-09-02,IAY,1.505084,198,44160769.79,29341065
2026-09-02,IBB,15.784016,8800,1350552751.23,85564581
2026-09-02,IBC,19.702363,5,422199825.81,21428893
2026-09-02,IBE,16.988853,12,562768111.65,33125727
2026-09-02,IBG,1.656689,11,552910175.49,333744116
2026-09-02,IBJ,65.652895,23,821501081.28,12512793
2026-09-02,IBK,0.138006,120943,230175014.32,1667860464
2026-09-02,IBM,3.913754,16,212494212.37,54294216
2026-09-02,IBP,72.111664,4,4823734282.48,66892567
2026-09-02,IBR,0.309068,82,1867527091.99,6042440247
2026-09-02,ICA,0.553265,2833,600525086.6,1085420887
2026-09-02,ICC,1.348124,270,26492759.85,19651573
2026-09-02,ICD,135.777921,195,34809657.16,256372
2026-09-02,ICE,129.251356,4725,1686608056.35,13049055
2026-09-02,ICF,192.257956,523,21427149.24,111450
2026-09-02,ICG,71.180028,1,713731683.09,10027134
2026-09-02,ICH,2.5131,5300,1310371364.78,521416256
2026-09-02,ICN,4.364736,16,366351009.53,83934296
2026-09-02,ICS,49.914947,55,17013359.8,340847
2026-09-02,ICV,5.988929,45,5945437.32,992738
2026-09-02,ICZ,9.035441,22413,1040880473.17,115199737
2026-09-02,IDD,0.156637,25,32741912.79,209030711
2026-09-02,IDF,77.848053,4336,12852703907.73,165099877
2026-09-02,IDH,13.171466,19944,912842591.69,69304554
2026-09-02,IDI,1.752267,1152,84188444.73,48045444
2026-09-02,IDL,6.117624,3831,4396969255.69,718738071
2026-09-02,IDO,58.743317,15427,76741455492.94,1306386157
2026-09-02,IDP,1.919408,23,133045525.55,69315905
2026-09-02,IDV,71.91285,2,559956311.28,7786596
2026-09-02,IDY,0.237054,2500,733695696.18,3095062457.126
2026-09-02,IED,1.045277,1286,63935454.52,61166066
2026-09-02,IEN,1.233646,97,17795878.11,14425430
2026-09-02,IEV,5.163498,4169,102148950.87,19782899
2026-09-02,IEZ,4.128549,3,83278847.67,20171458
2026-09-02,IFD,60.710363,9,1214207268.7,20000000
2026-09-02,IFN,9.228402,429,3675792.68,398313
2026-09-02,IFV,4.715873,197,23879013.28,5063540
2026-09-02,IFY,7.671615,1,99730993.16,13000000
2026-09-02,IGF,68.962109,2,1457321485.38,21132206
2026-09-02,IGL,586.703021,16939,4754060442.2,8103010
2026-09-02,IGM,66.824988,3,1295604668.89,19388027
2026-09-02,IGZ,11.700462,3,786532562.45,67222350
2026-09-02,IH1,0.928001,90,176907152.69,190632502
2026-09-02,IHA,3.103181,313,5310308.41,1711247
2026-09-02,IHC,7.972897,498,410935178.91,51541514
2026-09-02,IHK,16.593119,28938,1621845519.77,97742051
2026-09-02,IHP,1.794905,274,65952579.6,36744327
2026-09-02,IHT,3.708981,3298,77907526.56,21005104
2026-09-02,IHV,1.847193,46,312365239.18,169102646
2026-09-02,IHY,6.145282,1,206474969.87,33598940
2026-09-02,IHZ,0.855153,68,2554840.25,2987584
2026-09-02,IIA,4.085145,11,1563921065.49,382831186
2026-09-02,IIC,6.725548,13,4910907.39,730187
2026-09-02,IIE,4.088754,3562,405816414.06,99251861
2026-09-02,IIF,1.578292,14,1206724023.37,764576106
2026-09-02,IIH,33.422577,21529,1779771933.05,53250589
2026-09-02,IIN,1.429498,141,1655442915.61,1158058671
2026-09-02,IIS,42.66307,146,1362620779.71,31939117.248
2026-09-02,IJA,14.017739,1215,177722541.2,12678402.471
2026-09-02,IJB,6.656049,7054,226801830.14,34074544
2026-09-02,IJC,15.256817,45725,4527739054.59,296768267
2026-09-02,IJE,68.410565,4,33286460.31,486569
2026-09-02,IJF,9.520168,2,873777513.67,91781736
2026-09-02,IJH,7.302448,394,33589896.2,4599813
2026-09-02,IJI,10.592338,297,200137338.85,18894538
2026-09-02,IJK,64.277274,3,288805056.71,4493113
2026-09-02,IJL,53.966178,12,357072664.18,6616601
2026-09-02,IJP,9.162111,12707,645327211.56,70434339
2026-09-02,IJT,7.458676,1615,1181320075.04,158382009
2026-09-02,IJV,5.711208,2823,3121989902.13,546642691
2026-09-02,IJZ,14.645066,15756,937668152.21,64026217
2026-09-02,IK2,48.023329,94,205156765.51,4272023
2026-09-02,IKL,10.137424,5421,277749721.75,27398451
2026-09-02,IKP,9.023241,12870,999689348.97,110790498
2026-09-02,IKV,1.53616,1199,145474360.84,94700015
2026-09-02,ILC,51.553689,220,1433261988.12,27801347.01
2026-09-02,ILE,5.254056,1,11696439506.65,2226173174
2026-09-02,ILH,4.051997,11445,189970787023.61,46883250911.47
2026-09-02,ILI,5.919976,15,800346097.14,135194151
2026-09-02,ILM,7.132722,13,310459902.39,43526148
2026-09-02,ILP,62.949994,6,3132802630.26,49766528
2026-09-02,ILU,1.285893,4,2362679161.37,1837384432
2026-09-02,ILZ,8.282509,6435,1152841129.06,139189837
2026-09-02,IMB,1.198996,179,4239145.05,3535580
2026-09-02,IMF,5.728939,19,381261167.83,66550045
2026-09-02,IMG,49.645784,138,906702942.31,18263443
2026-09-02,IMH,6.535917,1,701889764.1,107389633
2026-09-02,IML,1.750426,4627,870722117.78,497434520
2026-09-02,IMO,6.069404,2,5212390586.93,858797825
2026-09-02,IMS,15.288828,4,568340012.22,37173550
2026-09-02,IMT,71.741121,4,725121878.48,10107479
2026-09-02,IMY,75.024888,6,1610712848.26,21469047
2026-09-02,IMZ,75.050576,4,311275792.35,4147547.001
2026-09-02,INH,14.912562,382,235597682.59,15798605
2026-09-02,INV,48.34959,1,2060414254.08,42614927
2026-09-02,INZ,3.509741,16,120736229.75,34400325
2026-09-02,IOG,13.833896,18821,13375094639.91,966834970
2026-09-02,IOH,52.702188,32,143659844.8,2725880.1
2026-09-02,IOJ,52.20495,39,187225432.34,3586354.01
2026-09-02,IOL,67.128467,1,960286955.83,14305212
2026-09-02,IOM,3.746498,13,552938267.27,147588046
2026-09-02,ION,0.849566,15,50982282.19,60009826
2026-09-02,IOO,4.662,6418,26040894975.45,5585777896
2026-09-02,IOP,6.406266,6408,6705190237.03,1046661291
2026-09-02,IOT,59.990579,6,270109983.47,4502540
2026-09-02,IOV,57.818133,1,572829046.68,9907429
2026-09-02,IPA,0.749044,16,602161386.21,803906870
2026-09-02,IPB,0.8785,15029,1050058420.98,1195285683.571
2026-09-02,IPC,24.950595,1,14346592.21,575000
2026-09-02,IPE,9.683018,3,4034098211.09,416615784
2026-09-02,IPF,0.124137,22,137172861,1105011730
2026-09-02,IPG,9.661951,1727,351419872.78,36371523
2026-09-02,IPJ,19.710794,18554,1279191635.08,64898026
2026-09-02,IPK,57.525907,1,3277267014.11,56970280
2026-09-02,IPO,48.842469,1,538559480.18,11026459
2026-09-02,IPP,0.18303,163,6973372041.61,38099658533
2026-09-02,IPR,34.011438,1,20917034.33,615000
2026-09-02,IPU,48.227711,1,5626419388.1,116663621
2026-09-02,IPV,78.883064,11795,2072604948.93,26274397
2026-09-02,IRB,1.332083,771,1261461277.68,946983998
2026-09-02,IRE,47.38097,60,115427767.11,2436163.02
2026-09-02,IRF,7.51881,2002,537390780.45,71472851
2026-09-02,IRL,18.083095,16,273916788.23,15147672
2026-09-02,IRO,2.040739,81,39091506.5,19155563
2026-09-02,IRT,7.838779,1538,126017585.77,16076176
2026-09-02,IRV,7.09009,58,384374230.96,54212887
2026-09-02,IRY,4.052601,2294,1839434821.3,453889987
2026-09-02,ISR,19.379041,6,962356698.83,49659665
2026-09-02,ISS,0.268629,7,208379485.94,775713881
2026-09-02,IST,0.197095,3079,1638931574.72,8315442502.89
2026-09-02,ITA,73.454388,1,824256144.78,11221333
2026-09-02,ITC,1.162562,286,24678451.95,21227636
2026-09-02,ITD,69.095731,1,2556560852.98,37000272
2026-09-02,ITJ,10.411579,12,276086065.85,26517213
2026-09-02,ITL,4.623447,1,4744895968.08,1026267998
2026-09-02,ITP,13.131425,11227,1009882462.23,76905781
2026-09-02,ITR,4.474096,1,1098695260.69,245568075
2026-09-02,ITV,48.379289,30,851287578.42,17596116.02
2026-09-02,ITZ,61.639004,3,2048553698.24,33234698
2026-09-02,IUA,68.121511,52,420995159.34,6180062
2026-09-02,IUB,72.177377,3,347513139.5,4814710
2026-09-02,IUC,1.923276,1,933469169.36,485353634
2026-09-02,IUF,69.084456,7721,22427648126.72,324641018
2026-09-02,IUH,6.23409,719,12429582.56,1993808.661
2026-09-02,IUM,67.714605,1,411404013.01,6075558
2026-09-02,IUN,77.147319,4,302565305.4,3921916
2026-09-02,IUV,67.817401,6393,21371096434.41,315127034
2026-09-02,IUZ,4.817825,1245,1388900288.27,288283669
2026-09-02,IV2,22.92721,14,1404039139.19,61238989
2026-09-02,IV6,66.052044,1,1652495982.72,25018090
2026-09-02,IV7,5.082383,1,555528325.84,109304696
2026-09-02,IV8,2.324224,138,36269803.4,15605123
2026-09-02,IVF,6.534077,1288,81859914.26,12528152
2026-09-02,IVS,6.067283,26,263014665.33,43349658.29
2026-09-02,IVY,6.030974,13081,750161927.09,124384863
2026-09-02,IYB,5.960125,306,92554615.96,15528973
2026-09-02,IYP,2.985566,2,2288828716.45,766631358.323
2026-09-02,IYR,0.141868,7,231003809.32,1628295591
2026-09-02,IYS,1.343915,16,5874096368.4,4370883210
2026-09-02,IYV,1.118454,69,190035939.68,169909433
2026-09-02,IZA,1.977909,1,482084851.51,243734656
2026-09-02,IZB,10.939215,90,166843593.32,15251880
2026-09-02,IZE,65.374297,1,267297718.8,4088728
2026-09-02,IZL,52.513543,19,107569481.97,2048414.11
2026-09-02,IZS,10.406179,57,101344696.51,9738896
2026-09-02,IZV,10.486118,2,114764487.34,10944421
2026-09-02,IZY,48.473035,27,50109824.9,1033767.01
2026-09-02,JET,2.308236,17018,511289994.14,221506780
2026-09-02,JOT,58.890243,1,1160703656.5,19709609
2026-09-02,JUP,0.541232,55,55002719.69,101625114
2026-09-02,KAC,3.951694,1745,17283560555.7,4373709710
2026-09-02,KAN,6887.634884,38,5461598294.51,792957
2026-09-02,KAV,58.001979,5720,18048437574.17,311169339
2026-09-02,KBJ,4.195234,101,666436148.15,158855541
2026-09-02,KBP,1.747367,5,330813416.33,189321082
2026-09-02,KBZ,52.387619,1,162113066.99,3094492
2026-09-02,KCL,1.77499,174,11310658.18,6372239
2026-09-02,KCR,1.07418,593,68815836.21,64063575
2026-09-02,KCV,5.266636,13289,2576630445.04,489236465
2026-09-02,KDE,1.790392,3891,692577257.01,386830004
2026-09-02,KDI,58.137082,12,246393557.73,4238148
2026-09-02,KDK,15.659489,1,49292734.46,3147787
2026-09-02,KDL,52.983288,7058,25708145238.04,485212344
2026-09-02,KDO,56.999452,520,1093171403.64,19178630
2026-09-02,KDS,55.05441,1375,27476888707.46,499086063
2026-09-02,KDT,55.1056,1201,3255152147.76,59071168
2026-09-02,KDV,49.216913,214,23868857720.87,484972674
2026-09-02,KDZ,49.346118,824,4596277184.81,93143642
2026-09-02,KEI,1.890055,1,339488580.4,179618321
2026-09-02,KEO,1.831938,1,72256059.54,39442409
2026-09-02,KEU,53.603638,60,4607787607.02,85960353
2026-09-02,KFZ,4.526337,1,374255140.53,82683881
2026-09-02,KGM,2.97543,30639,2981104177.33,1001907156
2026-09-02,KH1,1.346426,1116,91403304.36,67885876
2026-09-02,KHA,4.572988,42830,8164470123.26,1785368953
2026-09-02,KHB,1.613134,247,15205945.69,9426339
2026-09-02,KHC,2.173157,1459,47775512.03,21984380
2026-09-02,KHD,1.427877,12,715927767.54,501393238
2026-09-02,KHF,0.116444,13,872665.76,7494290
2026-09-02,KHJ,1.180349,456,14805959.83,12543718
2026-09-02,KHP,1.218756,579,8161031820.38,6696197438
2026-09-02,KHT,2.275674,212,6781171.26,2979852
2026-09-02,KHU,36.874357,1,3522164.8,95518
2026-09-02,KIA,4.363457,353,5824460.79,1334827
2026-09-02,KIB,4.244306,1084,10898063.08,2567690
2026-09-02,KIE,4.715116,920,261463276.19,55452141
2026-09-02,KIH,1.555454,27,60215684.58,38712606
2026-09-02,KIK,1.422623,1390,171165578.43,120316922
2026-09-02,KIS,0.222043,766,91635587.64,412692965
2026-09-02,KJK,0.002284,1,48887537.82,21405755952
2026-09-02,KKB,62.637491,1,2627016.38,41940
2026-09-02,KKC,57.986177,52,126461648.29,2180893
2026-09-02,KKE,52.430153,2,90535339.67,1726780
2026-09-02,KKH,6.880354,5031,533761183.46,77577578
2026-09-02,KKL,2.52587,1637,3619287252.78,1432887340
2026-09-02,KKO,49.17346,257,2271970072.23,46203177
2026-09-02,KKP,49.284973,331,4371682938.15,88702147
2026-09-02,KKT,3.163386,41,8507909583.51,2689494439
2026-09-02,KLH,2.587525,2168,126094125.84,48731564
2026-09-02,KLI,1.327592,168,322661585.89,243042815
2026-09-02,KLL,58.296294,1,11447643.24,196370
2026-09-02,KLM,68.388449,1,1017420146.71,14877076
2026-09-02,KLS,41.670958,2,799290.65,19181
2026-09-02,KLU,4.897687,107381,98640137133.53,20140146947
2026-09-02,KMA,170.2192,1,12735460.13,74818
2026-09-02,KME,1.62969,1220,138039718.84,84703079
2026-09-02,KMF,3.472408,2267,1661730496.92,478552734
2026-09-02,KMN,0.971494,4947,420336946.17,432670479
2026-09-02,KMT,2.657985,1,65879137.36,24785369
2026-09-02,KNC,68.107481,16,365197488.19,5362076
2026-09-02,KNI,1.391092,447,16860539391.36,12120364201
2026-09-02,KNJ,2.121091,14841,876694637.75,413322550
2026-09-02,KNN,1.504625,16,445699094.13,296219302
2026-09-02,KNP,83.16145,2,194073044.01,2333690
2026-09-02,KNS,4.535245,1,5112089774.16,1127191620
2026-09-02,KNT,61.245132,3,175526893.64,2865973
2026-09-02,KNV,71.369739,5,320474393.05,4490340
2026-09-02,KNZ,69.966189,1,1031078506.3,14736811
2026-09-02,KO4,56.094222,856,4607018434.06,82130000
2026-09-02,KOB,1.43671,77,2884040455.63,2007392022
2026-09-02,KOD,1.013017,742,57988544.11,57243434
2026-09-02,KOP,7.653967,14,15698287.25,2051000
2026-09-02,KOT,1.519925,3535,151970830.84,99985732
2026-09-02,KOZ,65.220665,4,72945204.85,1118437
2026-09-02,KP3,53.50252,10,14139860.02,264284
2026-09-02,KPA,1.71966,14105,539778673.01,313886780
2026-09-02,KPB,6.353985,1,5092261.66,801428
2026-09-02,KPC,21.538922,23980,4755310963.62,220777572
2026-09-02,KPD,48.959717,548,306963520.42,6269716
2026-09-02,KPF,1.783612,265,402305672.13,225556698
2026-09-02,KPH,1.262917,11744,536107815.39,424499765
2026-09-02,KPI,1.490041,6705,6164020232.3,4136812915
2026-09-02,KPK,10.286411,1,475774028.83,46252674
2026-09-02,KPM,1.039548,16,1568054.18,1508400
2026-09-02,KPP,3.204045,674,449345362.24,140243148
2026-09-02,KPR,1.897242,1345,67727929154.61,35698089613
2026-09-02,KPS,48.294449,3270,23423773896.2,485020000
2026-09-02,KPU,3.987146,6138,601614877.37,150888587
2026-09-02,KRC,0.148065,147,30224314.6,204129320
2026-09-02,KRF,21.72756,597,44757187.49,2059927
2026-09-02,KRH,1.727047,41,2250557271.27,1303124471
2026-09-02,KRO,48.300686,58,303812617.83,6290027
2026-09-02,KRR,1.1567,601,22714616.43,19637431
2026-09-02,KRS,0.527213,1101,1466669505.42,2781927085
2026-09-02,KRT,75.432526,168,797940270.37,10578199
2026-09-02,KRV,48.423245,1022,5620970273.06,116080000.01
2026-09-02,KSA,4.169902,3759,15506334328,3718632944
2026-09-02,KSC,49.915233,1,24731500.48,495470
2026-09-02,KSK,2.961283,664,8195891130.12,2767682067
2026-09-02,KSL,56.798366,117,256531069.41,4516522
2026-09-02,KSM,52.026851,741,15833029194.86,304324190
2026-09-02,KSP,65.230876,361,1652624238.45,25335000
2026-09-02,KSR,5.111986,3821,202868665.08,39684902
2026-09-02,KST,1.99645,449,9020436.02,4518239
2026-09-02,KSV,5.798469,9755,44494860425.04,7673552725
2026-09-02,KSY,11.189119,85,4330990388.15,387071628
2026-09-02,KTE,46.052578,1,111244146.62,2415590
2026-09-02,KTI,2.146753,585,274661968.33,127942982
2026-09-02,KTJ,2.621545,21047,1634379614.49,623441408
2026-09-02,KTM,22.762378,5813,703500552.4,30906286
2026-09-02,KTN,8.147094,4252,408805909.77,50178129
2026-09-02,KTR,10.732187,630,24695319584.44,2301051871
2026-09-02,KTS,15.264774,755,132265437.32,8664749
2026-09-02,KTT,71.229361,1447,5214117202.82,73201797
2026-09-02,KTU,29.983286,1,974917013.64,32515349
2026-09-02,KTV,7.7847,46914,29449593786.15,3783009688
2026-09-02,KU3,1.152971,2746,261743389.11,227016548
2026-09-02,KUA,1.443002,2084,98737407.98,68424979
2026-09-02,KUB,0.754511,3625,608910575.01,807026601
2026-09-02,KUD,1.766221,2503,244651751,138517073
2026-09-02,KUP,49.354445,129,2038861100.48,41310587
2026-09-02,KUT,12.201535,41379,7884642184.12,646200831
2026-09-02,KVA,1.798557,1,706061349.38,392570970
2026-09-02,KVK,1.287011,137,859891114.59,668130372
2026-09-02,KVR,1.31021,45,114379875.4,87298877
2026-09-02,KVS,3.863153,2339,28595008924.85,7401987081
2026-09-02,KVT,1.445482,2988,86706106.78,59984197
2026-09-02,KYA,1.186803,1531,63413441.3,53432151
2026-09-02,KYR,0.54018,11,268791332.99,497595647
2026-09-02,KYS,54.326765,18,11251073.04,207100
2026-09-02,KZL,28.245854,65706,88994867454.64,3150723244
2026-09-02,KZO,2.15607,3,1116769440.74,517965287
2026-09-02,KZU,2.39029,5847,469448147.17,196397954
2026-09-02,LAI,1.323705,14,199626436.97,150808828
2026-09-02,LET,55.218556,2,702507648.3,12722311
2026-09-02,LFD,6.963331,1,4630656.63,665006
2026-09-02,LGK,1.426435,1,1727927205.8,1211360793
2026-09-02,LGO,7.524206,11,113332125.4,15062336
2026-09-02,LHM,83.902866,4,801913467.39,9557641
2026-09-02,LHP,57.139092,93,84358156.03,1476365
2026-09-02,LKF,1.03891,1119,110937502.56,106782596
2026-09-02,LKT,1.901897,406,229716709.79,120782931
2026-09-02,LLA,1.157996,742,27360704.28,23627629
2026-09-02,LPH,1.476122,2593,3822651095.05,2589658274
2026-09-02,LRT,3.712266,12,911202307.74,245457201
2026-09-02,LTC,1.610533,316,15766159.74,9789405
2026-09-02,LTL,1.096196,4869,237334468.81,216507327
2026-09-02,LTS,4.41042,13,2440621684.77,553376235
2026-09-02,LZV,6.74312,2,76764175.96,11384074
2026-09-02,MAC,0.738253,35786,4185848892.97,5669936312
2026-09-02,MAD,1.020607,367,22591434.46,22135286
2026-09-02,MAS,11.783582,201,746264014.89,63330829
2026-09-02,MAV,58.398635,1,913833816.9,15648205
2026-09-02,MBL,0.290943,215,21224671.09,72951419
2026-09-02,MBR,1.792439,548,489309175.92,272985125
2026-09-02,MCU,1.403866,152,191640415.69,136509010
2026-09-02,MD1,2.274573,667,224110136.73,98528451
2026-09-02,MD2,2.177059,735,281565392.45,129332931
2026-09-02,MDF,1.339153,940,505521703.56,377493707
2026-09-02,MET,5.937192,6588,738328046.66,124356447
2026-09-02,MGB,1.462968,473,55669638.5,38052529
2026-09-02,MGD,0.915293,1,615169482.78,672100883
2026-09-02,MGE,1.061415,67,722155061.25,680370252
2026-09-02,MGH,2.270788,752,492991987.05,217101737
2026-09-02,MHF,2.253005,3759,406451989.57,180404362
2026-09-02,MIK,3.435925,13,4824657888.1,1404180257
2026-09-02,MJB,7.678625,782,51357376.96,6688356
2026-09-02,MJE,58.153964,902,7111443372.52,122286477
2026-09-02,MJG,10.998344,7483,978558997.55,88973304
2026-09-02,MJH,4.453476,32,27139929.96,6094101
2026-09-02,MJK,35.861067,404,1822840327.27,50830622
2026-09-02,MJL,61.724672,581,948883752.5,15372844
2026-09-02,MKA,1.249806,1713,82319429.33,65865750
2026-09-02,MKG,17.637998,8182,1539316007.54,87272716
2026-09-02,MKL,61.131649,1,788941644.74,12905617
2026-09-02,MLS,18.098006,4,1353040156.2,74761834
2026-09-02,MLT,1.321542,79,20869575.93,15791834
2026-09-02,MMH,16.83778,1369,156036401.19,9267041
2026-09-02,MOD,61.555164,2,740293183.57,12026500
2026-09-02,MOZ,1.275727,122,336177997.94,263518807
2026-09-02,MP2,1.321633,13,3504050905.35,2651303752
2026-09-02,MP4,2.004208,15,3674161159.56,1833223343
2026-09-02,MPD,61.514768,694,3003832683.94,48831082
2026-09-02,MPE,1.402788,120,129766716.84,92506270
2026-09-02,MPF,8.425881,1982,1463689795.23,173713565.037
2026-09-02,MPI,3.138391,39,72701480.27,23165210
2026-09-02,MPK,10.014589,1518,249886212.73,24952218.961
2026-09-02,MPL,2.043044,895,675107904.44,330442114
2026-09-02,MPN,61.843567,292,374570343.42,6056739
2026-09-02,MPP,21.663648,1173,351154627.75,16209395
2026-09-02,MPS,24.376075,2468,148988379.89,6112074.324
2026-09-02,MRI,1.252263,114,13510289.92,10788704
2026-09-02,MSK,4.015072,1,1204110498.71,299897605
2026-09-02,MSO,59.587736,1,523936493.43,8792690
2026-09-02,MSR,2.004012,14,29219678.68,14580590
2026-09-02,MT1,46.270983,24,28841536.32,623318
2026-09-02,MT2,1.425108,1356,5479766155.17,3845159560
2026-09-02,MT5,1.08072,19,690714972.03,639124957
2026-09-02,MT6,0.440863,14,365486080.89,829024322
2026-09-02,MT7,0.293004,15,38221551.87,130447284
2026-09-02,MT8,0.820149,16,1445713620.59,1762744726
2026-09-02,MT9,0.413335,18,3187944227.2,7712730506
2026-09-02,MTD,1.321107,1537,148466577.42,112380392
2026-09-02,MTE,0.599234,17,1901597.44,3173378
2026-09-02,MTF,1.427008,42,70587709.07,49465524
2026-09-02,MTG,1.719344,390,256287184.36,149061047
2026-09-02,MTH,2.267806,3258,308164421.89,135886571
2026-09-02,MTI,0.018369,2,4685310.26,255061228
2026-09-02,MTK,1.772247,1028,305718264.3,172503234
2026-09-02,MTL,2.218135,16,12412136414.16,5595753399
2026-09-02,MTS,2.78801,663,28526363.82,10231802
2026-09-02,MTU,0.778028,19,804211221.71,1033653600
2026-09-02,MTV,5.402309,12770,145797878.83,26988068
2026-09-02,MTX,5.215415,2071,81490196.2,15624872
2026-09-02,MUL,2.905973,11,345949331.11,119047673
2026-09-02,MUT,1.947101,1570,818402531.37,420318551
2026-09-02,NAK,1.075739,163,122173854.36,113571995
2026-09-02,NAL,0.426777,12,511792409.46,1199204513
2026-09-02,NAU,3.108742,9606,2131753119.88,685728464
2026-09-02,NAV,1.105379,15,65078547.87,58874427
2026-09-02,NBE,1.769623,10,562329677.92,317768002
2026-09-02,NBH,7.090259,196,2224944263.23,313802945
2026-09-02,NBO,1.53442,394,2265351126.9,1476356156
2026-09-02,NBZ,73.098577,281,1504806219.67,20585985
2026-09-02,NCS,58.175161,1775,8710592201.05,149730436
2026-09-02,NCU,56.059867,12,130870470.76,2334477
2026-09-02,NDL,1.940962,1,10945304.9,5639113
2026-09-02,NDS,0.957223,13,563490528.55,588672037
2026-09-02,NES,2.174006,2,2171841160.57,999004311
2026-09-02,NFF,1.365674,32,1828577010.54,1338955639
2026-09-02,NFH,2.10031,48,116597421.03,55514386
2026-09-02,NFK,4.985037,80,1362588842.82,273335745
2026-09-02,NHP,5.680955,151,12192176.75,2146149
2026-09-02,NHT,66.634513,2,660692926.19,9915176
2026-09-02,NHV,4.480086,2,8256597566.6,1842955034
2026-09-02,NHY,5.876302,2008,138701328.29,23603505
2026-09-02,NIG,1.243317,15,527945383.88,424626364
2026-09-02,NIS,1.759967,41,1490940930.81,847141645
2026-09-02,NJF,12.695392,1769,1108899771.26,87346635
2026-09-02,NJG,3.10967,15,3311534399.87,1064914900
2026-09-02,NJR,5.905619,2488,1934048762.75,327492958
2026-09-02,NJY,7.610773,1379,316784404.54,41623155
2026-09-02,NKA,49.890719,17,132730465.38,2660424
2026-09-02,NKC,1.240995,1085,341063398.29,274830694
2026-09-02,NKH,1.840154,12,169545952.96,92136843
2026-09-02,NKJ,16.149204,1,1657529137.03,102638440
2026-09-02,NKK,8.03997,12,1514025769.41,188312373
2026-09-02,NKL,3.591029,2179,15357493057,4276627092
2026-09-02,NKM,0.998352,446,47372444.05,47450628
2026-09-02,NKP,1.107614,3237,174508783.37,157553804
2026-09-02,NKS,1.90635,11,25259525.03,13250200
2026-09-02,NKT,1.570726,567,80606728.79,51318133
2026-09-02,NKV,2.343302,1,16090284441.4,6866499553
2026-09-02,NLC,51.253118,19,182456383.1,3559908
2026-09-02,NLD,54.934458,1,1439279111.15,26199933
2026-09-02,NLE,1.616945,9590,370709674.36,229265549
2026-09-02,NLK,1.910026,992,5074939332.44,2657000640
2026-09-02,NLL,4.826889,25,1959138567.36,405880219
2026-09-02,NME,58.198478,51,62842309.37,1079793
2026-09-02,NMG,136.456147,12,3132121462.48,22953319
2026-09-02,NMP,1.028489,6255,857941121.7,834176269
2026-09-02,NMU,1.270789,373,878578814.43,691364844
2026-09-02,NNF,22.526694,17955,1947331397.21,86445502
2026-09-02,NOA,1.389044,11,528702075.99,380623067
2026-09-02,NOI,1.482159,14,1210501531.35,816715156
2026-09-02,NOV,50.235932,1,709428260.5,14121929
2026-09-02,NP1,4.949106,151,1397153343.59,282304191
2026-09-02,NPH,1.561073,737,161774168.86,103630104
2026-09-02,NPK,1.602873,1,950461348.3,592973692
2026-09-02,NRC,11.278602,3566,227709283.45,20189496
2026-09-02,NRG,5.643973,3328,7323559441.8,1297589394
2026-09-02,NRM,158.653297,11,410732284.81,2588867
2026-09-02,NSA,2.583985,347,1016634135.54,393436570
2026-09-02,NSD,65.839777,180,14981883065.24,227550634
2026-09-02,NSH,2.225844,1304,2174842255.85,977086534
2026-09-02,NSK,6.811447,85,401222189.55,58904107
2026-09-02,NSP,1.867953,2712,1432599998.49,766935856
2026-09-02,NSS,65.311179,1,1108060969.98,16965870
2026-09-02,NST,1.20253,3317,55307296.69,45992438
2026-09-02,NSY,1.438131,59,1183575318.27,822995348
2026-09-02,NTB,5.812273,1,3202353481.75,550964070
2026-09-02,NTD,0.375049,1,508349906.49,1355423321
2026-09-02,NTF,3.166947,11,259885294.92,82061773
2026-09-02,NTI,1.542397,1572,322952981.84,209383855
2026-09-02,NTO,67.05383,1,3630593806.18,54144466
2026-09-02,NTS,3.128175,33,230440009.67,73665955
2026-09-02,NUB,60.514395,896,2125833042.3,35129378
2026-09-02,NUG,49.660619,22,24151598.05,486333
2026-09-02,NUH,1.326362,1112,127651018.12,96241468
2026-09-02,NVB,4.884166,4685,6668383435.26,1365306495
2026-09-02,NVC,3.779287,89,135477974.41,35847493
2026-09-02,NVK,47.041748,20,160759999.04,3417390
2026-09-02,NVP,69.061707,1,61885781.25,896094
2026-09-02,NVT,4.70892,44,428353582.73,90966423
2026-09-02,NVZ,58.620396,339,529919529.43,9039849
2026-09-02,NYH,62.927942,1,1081720872.85,17189834
2026-09-02,NZH,3.520013,302,549609035.58,156138371
2026-09-02,NZT,6.142128,417,10075747913.25,1640432832
2026-09-02,NZU,51.41504,35,47558705.98,924996
2026-09-02,OAB,76.731919,3,667157716.77,8694657
2026-09-02,OAO,1.024337,398,925913447.44,903914488
2026-09-02,OBI,3.231232,480,323146091.89,100007074
2026-09-02,OBN,58.71528,238,265674313.98,4524790
2026-09-02,OBP,0.208803,835,39525904.29,189297653
2026-09-02,OBR,54.418808,10647,43506283972.45,799471462
2026-09-02,OCM,69.522649,2,508430606.94,7313165
2026-09-02,OCN,50.827733,4,118972727.63,2340705
2026-09-02,OCT,73.275534,5,455527177.89,6216634
2026-09-02,ODD,11.104199,31,473326671.31,42625916
2026-09-02,ODG,1.173269,42,66592151.17,56757787
2026-09-02,ODN,58.605326,5076,40007188537.75,682654487
2026-09-02,ODP,7.114372,146,301503546.5,42379500
2026-09-02,ODS,70.028376,107,117866440.32,1683124
2026-09-02,ODV,19.451766,3807,1606002918.81,82563349
2026-09-02,OFA,57.876397,125,234789088.06,4056733
2026-09-02,OFB,11.490419,13,1021469139.18,88897469
2026-09-02,OFI,4.085284,582,157057638.18,38444727
2026-09-02,OFK,52.366117,261,963796867.33,18404971
2026-09-02,OFO,69.080669,1,2170086601.88,31413804
2026-09-02,OFS,8.30542,435,187216399.58,22541473
2026-09-02,OGD,11.681946,3119,779719662.25,66745702
2026-09-02,OGF,9.548981,422,139685990.71,14628366
2026-09-02,OGV,72.559182,1,286100490.33,3942995
2026-09-02,OHB,24.108132,1051,1397684226.01,57975634
2026-09-02,OHI,0.103104,44,1015540555.62,9849630500
2026-09-02,OHK,2.923407,1254,31293214.8,10704364
2026-09-02,OIL,3.913776,661,44738109.48,11430933
2026-09-02,OIR,5.103912,231,19328914.46,3787078
2026-09-02,OIS,3.44447,2,656667354.59,190643928
2026-09-02,OJB,53.720656,6725,26501771019.73,493325528
2026-09-02,OJH,9.561994,27,22716131.74,2375669
2026-09-02,OJK,13.495256,27712,46884322673.03,3474133577
2026-09-02,OJT,12.813866,11180,4627954982.89,361167724
2026-09-02,OJU,69.387029,2,55888615.39,805462
2026-09-02,OJY,73.169919,6,2515888407.79,34384190
2026-09-02,OKD,0.615972,982,83430272.56,135444924
2026-09-02,OKF,4.780949,12,8476500280.48,1772974341
2026-09-02,OKP,6.544661,441,77252837.28,11803948
2026-09-02,OKT,0.16553,853,110305730.41,666377628
2026-09-02,OLA,54.024637,32,20673877.47,382674.99
2026-09-02,OLD,3.136837,5521,138978717.62,44305375
2026-09-02,OLE,5.136587,492,326400622.28,63544259
2026-09-02,OMB,64.737878,3,227481330.38,3513883
2026-09-02,OMC,72.476824,2,410146563.12,5659003
2026-09-02,OME,23.443998,68,78820080.42,3362058
2026-09-02,OMG,1.838096,706,1286415631.94,699863014
2026-09-02,OMT,1.006908,54,114628156.54,113841708
2026-09-02,ONB,52.893955,568,5515873332.99,104281733
2026-09-02,OND,48.329734,624,3468625007.17,71770000.01
2026-09-02,ONE,1.472973,705,33508476.68,22748868.476
2026-09-02,ONF,66.730253,862,3258741061.58,48834538
2026-09-02,ONK,60.738324,21444,97451603751.13,1604450008
2026-09-02,ONN,6.551136,591,1677525652.38,256066365
2026-09-02,ONS,54.614474,23583,162874242729.82,2982254190
2026-09-02,ONT,53.282096,374,4870576338.72,91411125
2026-09-02,ONY,67.137441,741,2393150389.84,35645541
2026-09-02,OPB,13.708359,418,50618279.12,3692512
2026-09-02,OPD,8.626376,21,68546398.67,7946141
2026-09-02,OPF,3.21261,1040,451952222.77,140680711
2026-09-02,OPH,25.790868,2489,914005100.26,35439098
2026-09-02,OPI,23.006271,1533,220095362.5,9566755
2026-09-02,OPJ,1.704026,2353,840314359.28,493134723
2026-09-02,OPL,9.730541,496,36146156.88,3714712
2026-09-02,OPZ,5.796543,1,725477798.02,125156982
2026-09-02,ORC,1.508319,56,1410090365.77,934875713
2026-09-02,ORI,61.500823,5,1706817900.55,27752765
2026-09-02,OSD,14.424275,851,613765226.06,42550855
2026-09-02,OSF,112.497886,17,3657879218.39,32515093
2026-09-02,OSH,0.571807,17,64498799.71,112798247
2026-09-02,OSL,0.157891,4090,1561787360.61,9891555474
2026-09-02,OSN,1.587338,101,35345621.55,22267231
2026-09-02,OTE,67.081396,2,195526573.22,2914766
2026-09-02,OTF,7.004141,1957,695759395.74,99335438
2026-09-02,OTJ,7.189989,22175,3206249693.88,445932501
2026-09-02,OTK,8.492972,65,4629561.23,545105
2026-09-02,OTM,1.288355,95,13520942.97,10494737
2026-09-02,OTZ,70.676343,4,316079235.84,4472207
2026-09-02,OUB,7.19901,14,899392110.44,124932746
2026-09-02,OUD,67.556053,120,149587206.81,2214268
2026-09-02,OUN,54.474783,314,230537007.46,4231995
2026-09-02,OUR,84.810716,11,31847102.16,375508
2026-09-02,OUY,66.34991,2,1688750190.7,25452185
2026-09-02,OVD,3.526786,3090,777153375.31,220357410
2026-09-02,OVR,68.960714,1,491893534.69,7132953
2026-09-02,OYL,0.163768,8221,3510146247.34,21433683343
2026-09-02,OYS,9.759913,11,15476870452.54,1585759101
2026-09-02,OYT,0.139603,65,1976966393.37,14161305122
2026-09-02,OZC,2.820268,1,279889131.36,99242027
2026-09-02,P1A,1.55139,319,743821457.26,479454857
2026-09-02,PA2,1.098486,536,52659201.23,47937992
2026-09-02,PAB,1.42935,648,129359345.82,90502224
2026-09-02,PAC,3.059291,1,783995992.94,256267233
2026-09-02,PAF,3.573265,3281,282794398.72,79141733
2026-09-02,PAI,6.456115,520,425595822.7,65921347
2026-09-02,PAL,57.532083,31223,151294207522.34,2629736312
2026-09-02,PAO,1.091966,231,24159819.59,22125071
2026-09-02,PAU,68.569491,3859,11178130762.16,163019014
2026-09-02,PBE,6.301394,11,49208646.76,7809168
2026-09-02,PBF,1.703406,2,1625446753.96,954233191
2026-09-02,PBH,1.225353,12,2938842486.93,2398364628
2026-09-02,PBI,2.335674,716,118554254.12,50758052
2026-09-02,PBK,58.64431,112,107599875.42,1834788
2026-09-02,PBN,1.742324,698,534102628.44,306546075
2026-09-02,PBR,4.110525,33350,3719849458.64,904957203
2026-09-02,PBS,70.231238,22,397431131.58,5658894
2026-09-02,PBY,1.352777,54,181478775.22,134152805
2026-09-02,PCE,1.291318,149,57590458.58,44598204
2026-09-02,PCH,4.047526,57,917277459.59,226626713
2026-09-02,PCN,65.878967,12,566921183.63,8605496
2026-09-02,PCS,7.708298,34,89323775050.19,11588002350
2026-09-02,PDC,0.251747,15,273063633.95,1084675311
2026-09-02,PDD,6.02883,175,836614431.69,138768961
2026-09-02,PDE,1.430277,14,13967719829.42,9765747500
2026-09-02,PDF,60.979995,55,473385993.45,7762972
2026-09-02,PDG,0.536855,11,583206243.69,1086338077
2026-09-02,PDH,19.074077,78,5351344174.59,280555872
2026-09-02,PDR,1.025612,2,2306720349.38,2249115622
2026-09-02,PDS,0.315421,41,85192067.95,270089633
2026-09-02,PEA,1.474233,102,69628525.53,47230332
2026-09-02,PFO,2.387153,286,76660880.22,32113940
2026-09-02,PFS,2.946019,92,15594872.95,5293542
2026-09-02,PGD,1.807085,157,185748226.76,102788893
2026-09-02,PGE,25.74217,45,10395393711.8,403827399
2026-09-02,PGH,5.850193,12,7770950646.28,1328323884
2026-09-02,PGS,1.319483,439,171107484.68,129677655
2026-09-02,PHB,2.491463,14,13084012338.31,5251536912
2026-09-02,PHE,3.653514,112384,24231321208.84,6632332425
2026-09-02,PHF,1.354786,12,398329445.19,294016510
2026-09-02,PHI,1.577371,136,80219688.37,50856577
2026-09-02,PHK,1.576366,247,78524169.08,49813411
2026-09-02,PHN,1018.253173,17,9638652164.99,9465870
2026-09-02,PHS,4.589031,16,186266465.17,40589501
2026-09-02,PHY,4.911216,45,617130566.57,125657393
2026-09-02,PID,1.911415,110,54285581.52,28400726
2026-09-02,PIL,3.889456,8063,457307793.36,117576273
2026-09-02,PIP,1.704151,380,20740984888.08,12170860221
2026-09-02,PIR,1.67661,902,107834974.15,64317269
2026-09-02,PIS,1.480018,202,1292842794.66,873531979
2026-09-02,PJL,5.264023,650,1263990256.7,240118667
2026-09-02,PJP,50.361599,14,405659252.59,8054932
2026-09-02,PK1,1.059633,147,9471841.47,8938797
2026-09-02,PKD,0.959253,141,23247226.16,24234725
2026-09-02,PKF,4.742067,1557,392438304.29,82756798
2026-09-02,PKH,0.798006,11,110759578.35,138795396
2026-09-02,PKL,2.525004,13,3031123181.36,1200442859
2026-09-02,PKM,1.083734,594,520349381.43,480145072
2026-09-02,PKN,2.731437,11,46786785.48,17129000
2026-09-02,PKP,1.273245,94,528458605.65,415048606
2026-09-02,PKR,1.555529,213,619976045.71,398562921
2026-09-02,PKT,1.614595,1147,15217289691.99,9424831806
2026-09-02,PKU,14.802237,45,8132113733.69,549384122
2026-09-02,PKV,2.086225,2938,15417378048.2,7390082460
2026-09-02,PKZ,14.249245,16,54175961650.34,3802023376
2026-09-02,PLA,1.292736,115,709085.2,548515
2026-09-02,PLR,1.692711,895,958626517.8,566326134
2026-09-02,PLS,26.882902,7,936458618.14,34834729
2026-09-02,PMG,1.602536,1,1401709034.37,874681642
2026-09-02,PMH,0.005276,43,58151.16,11021437
2026-09-02,PMP,0.743215,404,13058257.95,17569951
2026-09-02,PNU,1.25586,26150,38341153932.91,30529789882
2026-09-02,PO7,1.012069,43,1782639500.9,1761382199
2026-09-02,PO8,2.749127,48,261248135.89,95029485
2026-09-02,PO9,0.754096,150,217836174.62,288870527
2026-09-02,POB,4.317066,42,4467946341.58,1034949682
2026-09-02,POD,69.62333,1415,4293203524.59,61663289
2026-09-02,POF,2.460061,45,2635319622.33,1071241579
2026-09-02,POH,0.958443,4,1640299100.04,1711421252
2026-09-02,POI,0.052686,42,240047344.36,4556187573
2026-09-02,POS,1.188533,412,78384320.07,65950486
2026-09-02,POU,2.989701,73,7902716069.42,2643312925
2026-09-02,PP1,1.692261,244,33170472.91,19601270
2026-09-02,PPB,10.014282,1501,375802866.68,37526692
2026-09-02,PPD,35.345589,105,2281802891.19,64556935
2026-09-02,PPE,63.253722,66,756349993.78,11957399
2026-09-02,PPF,5.240994,22,338038881.22,64498999
2026-09-02,PPG,1.472047,1729,2263155267.67,1537420397
2026-09-02,PPH,1.641591,2431,62053306.66,37800717
2026-09-02,PPI,2.311616,2791,4277874318.89,1850598992
2026-09-02,PPJ,1.875124,6636,86056700020.92,45893878353
2026-09-02,PPK,2.278899,3141,5955475977.82,2613313216
2026-09-02,PPM,2.202345,146,131634150.81,59769984
2026-09-02,PPN,5.846566,13284,12621752783.4,2158831789
2026-09-02,PPO,2.828046,44,173030375.13,61183726
2026-09-02,PPP,3.161896,361,7916398523.11,2503687145
2026-09-02,PPS,3.848789,2305,1093732182.39,284175657
2026-09-02,PPT,3.325369,3778,1969873812.43,592377471
2026-09-02,PPU,1.835315,44,294095514.81,160242537
2026-09-02,PPV,1.165771,182,12824281522.24,11000690673
2026-09-02,PPZ,6.672381,8263,12678039346.35,1900077205
2026-09-02,PRD,2.373369,594,470982917.72,198444872
2026-09-02,PRF,69.46411,2,201793170.63,2904999
2026-09-02,PRH,2.216316,288,642030305.54,289683545
2026-09-02,PRR,1.3512,161,795137062.44,588467363
2026-09-02,PRU,3.716599,1426,2956505486.94,795486750
2026-09-02,PRV,1.361805,82,4650935720.62,3415272425
2026-09-02,PRY,3.220275,55461,111867882541.09,34738611279
2026-09-02,PSD,54.218315,1,2763082710.65,50962165
2026-09-02,PSE,1.902481,5749,25504699697.78,13406023036
2026-09-02,PSG,9.09009,16,358291599.79,39415627
2026-09-02,PSH,1.036967,358,16655232.31,16061487
2026-09-02,PSL,8.568911,53,254951350.22,29753064
2026-09-02,PSO,0.443127,1,906757691.97,2046269480
2026-09-02,PSR,2.990804,45,1241606703.61,415141394
2026-09-02,PSS,6.077546,11,213330660.84,35101447
2026-09-02,PST,0.009416,48,39756071.63,4222197261
2026-09-02,PTC,66.451588,16,1059504312.43,15944003
2026-09-02,PTE,1.721544,4759,46469223855.72,26992764598.92
2026-09-02,PTF,1.4602,284,806578616.72,552375378
2026-09-02,PTG,64.749297,1,117843720.41,1820000
2026-09-02,PTL,1.889888,1741,829638527.39,438988097
2026-09-02,PTN,1.62143,865,914194708.81,563819959
2026-09-02,PTO,1.849428,3370,208809010.49,112904618
2026-09-02,PTP,1.210444,302,96028696.39,79333429
2026-09-02,PTS,1.62224,959,9968578946.66,6144945281
2026-09-02,PUA,10.003915,1,4974663327.07,497271653
2026-09-02,PUC,7.481868,694,436114332.4,58289498
2026-09-02,PUH,1.646065,23,350335404.15,212832098
2026-09-02,PUK,1.242,11339,1644756119.73,1324280810
2026-09-02,PUR,10.573046,39347,125665525916.17,11885461065
2026-09-02,PUT,8.057414,1,7072696573.86,877787362
2026-09-02,PUV,57.645225,1,1230715924.45,21349833
2026-09-02,PVK,5.839684,8296,38370816558.25,6570701160
2026-09-02,PYB,1.889941,1145,805358752.51,426128934
2026-09-02,PYD,0.215285,44,39295782.94,182529203
2026-09-02,PYF,10.673399,10,3125510162.78,292831748
2026-09-02,PYH,6.703802,11,3835835298.65,572187994
2026-09-02,PYI,10.860806,44,2776187524.65,255615232
2026-09-02,PYL,9.596077,33,557162266.62,58061461
2026-09-02,PYR,1.22706,1128,58877422.42,47982504
2026-09-02,PYS,60.160001,43,1133349678.86,18838924
2026-09-02,RAF,3.753652,12,156747207.97,41758590
2026-09-02,RAI,2.113757,1,5519584527.34,2611267131
2026-09-02,RAN,59.343183,1,1102700424.31,18581754
2026-09-02,RAV,1.540477,12,1132826065.86,735373680
2026-09-02,RAY,4.197364,1,1833381054.86,436793424
2026-09-02,RBA,21.519532,5401,1881940925.08,87452690
2026-09-02,RBB,1.682715,38,16203605.04,9629439
2026-09-02,RBE,4.327528,16,3037438033.04,701887559
2026-09-02,RBF,1.804793,83,23723659.98,13144810
2026-09-02,RBH,34.317392,5136,986899088.64,28757986
2026-09-02,RBI,56.457383,83,54289081.04,961594
2026-09-02,RBK,8.866844,1122,36599194.13,4127646
2026-09-02,RBL,1.838832,818,318064700.62,172971023
2026-09-02,RBN,1.497613,144,37085576.08,24763130
2026-09-02,RBP,2.29906,1085,2629771209.42,1143776668
2026-09-02,RBR,3.920191,936,98761552.59,25193049
2026-09-02,RBT,6.661225,2689,1212672051.93,182049393
2026-09-02,RBV,6.996376,17845,8163499374.89,1166818314
2026-09-02,RCL,62.204014,1,167018460.83,2685011
2026-09-02,RCS,5.239738,1,2405872.69,459159
2026-09-02,RCV,1.793807,143,67636277.09,37705442
2026-09-02,RD1,1.945833,156,66702680.1,34279755
2026-09-02,RDF,1.588843,632,385202823.04,242442344
2026-09-02,RDH,4.162535,16,1087280265.28,261206263
2026-09-02,RDK,1.165312,2,1250517.04,1073118
2026-09-02,RDS,22.568548,11,965898135.34,42798417
2026-09-02,RDT,0.911605,57,75080263.56,82360518
2026-09-02,RDZ,50.734542,121,669916244.96,13204342
2026-09-02,RE6,0.953835,11,1745875961.51,2041888251
2026-09-02,RE7,0.694229,13,97130.94,139912
2026-09-02,RE8,2.859559,13,1110763857.91,388438857
2026-09-02,RFM,1.12308,465,28067756.48,24991764
2026-09-02,RGD,1.140508,134,28387793.88,24890477
2026-09-02,RGH,1.156857,27,39817611.09,34418783
2026-09-02,RHD,1.960457,12,152190719.5,77630222
2026-09-02,RHI,1.718937,445,48752893.87,28362233
2026-09-02,RHS,7.347943,1486,774138052.51,105354396
2026-09-02,RIA,1.385588,47,13331975.54,9621893
2026-09-02,RIH,11.70875,1614,185549029.9,15847040
2026-09-02,RIK,5.508276,3771,577045196.24,104759675
2026-09-02,RJG,3.473606,562,88561077.58,25495432
2026-09-02,RKC,1.767753,269,30775138.53,17409189
2026-09-02,RKH,1.054607,76,8727349.27,8275453
2026-09-02,RKL,2.783378,1,2178278095.79,782602250
2026-09-02,RKS,2.058163,150,91635381.76,44522904
2026-09-02,RKV,2.631346,218,702536073.12,266987368
2026-09-02,RLH,1.712303,36,278087410.29,162405507
2026-09-02,RO1,1.307737,22,220658587.27,168733112
2026-09-02,ROD,56.286033,615,1744351626.02,30990843
2026-09-02,ROF,3.272993,417,498109097.03,152187623
2026-09-02,ROY,1.422133,13,686569498.77,482774528
2026-09-02,RPC,5.264588,549,24133460.25,4584112
2026-09-02,RPD,14.51653,1837,264041734.65,18189039
2026-09-02,RPE,0,0,94.47,0
2026-09-02,RPG,6.23981,1706,909247490.79,145717177
2026-09-02,RPI,1.476194,318,13919247.46,9429148
2026-09-02,RPK,64.563301,5,115615182.61,1790726
2026-09-02,RPL,1.754637,22,123011081.21,70106292
2026-09-02,RPM,4.568448,3006,101447893.99,22206207
2026-09-02,RPN,5.016131,23,797861351.64,159059117
2026-09-02,RPO,6.555452,3,1592864575.4,242983168
2026-09-02,RPP,5.025744,7568,6637471241.84,1320694272
2026-09-02,RPS,64.027765,97,175461112.26,2740391
2026-09-02,RPT,5.219699,176,1233651285.59,236345292
2026-09-02,RPU,3.707998,12,2673931882.54,721125459
2026-09-02,RPX,63.495315,127,618053431.7,9733843
2026-09-02,RRA,1.520968,194,1360152509.26,894267573
2026-09-02,RRP,1.66512,87,816422854.8,490308853
2026-09-02,RS1,1.6349,125,805278183.39,492555107
2026-09-02,RSF,4.419447,12,1268249880.02,286970291
2026-09-02,RSK,1.915352,263,301812166.18,157575327
2026-09-02,RSY,1.067111,12,157339922.11,147444770
2026-09-02,RSZ,10.563496,25,2224119860.51,210547701
2026-09-02,RTA,2.415951,15,4436940034.66,1836519143
2026-09-02,RTB,2.719269,11,602094750.02,221417841
2026-09-02,RTD,2.000424,477,25267445.64,12631042
2026-09-02,RTG,5.62459,4806,245425281.39,43634344
2026-09-02,RTH,5.823876,244,17860510.17,3066774
2026-09-02,RTI,3.422436,63,45278700474.26,13229961080
2026-09-02,RTP,12.240185,1324,299685742.22,24483760
2026-09-02,RUH,4.476576,15,46037175.85,10284016
2026-09-02,RUT,2.498045,4710,180293272.31,72173763
2026-09-02,RVI,1.300447,11,19531465.63,15019044
2026-09-02,RVS,3.453347,19,4664405770.25,1350691155
2026-09-02,RYA,1.257674,1,378090240.31,300626629
2026-09-02,RYB,47.250075,11,4726661.25,100035
2026-09-02,RYD,1.430193,13,316037014.32,220975082
2026-09-02,RYF,12.463648,48,427152538.58,34271872
2026-09-02,RYU,49.59072,57,521480140.33,10515680
2026-09-02,RZR,4.613103,2,16322257.39,3538238
2026-09-02,SAP,1.873803,371,328321807.42,175216828
2026-09-02,SAR,53.176252,9,902071467.81,16963803
2026-09-02,SAS,1.605519,41218,946595573.99,589588573
2026-09-02,SAT,238.178704,4,1894145674.29,7952624
2026-09-02,SBH,1.764737,719,358654007.38,203233704
2026-09-02,SBI,3.619553,15,34191555.47,9446347
2026-09-02,SBR,1.277222,25,14725070.25,11528980
2026-09-02,SBS,72.244636,1,247408618.99,3424595
2026-09-02,SCZ,1.580647,164,83246954.99,52666366
2026-09-02,SD1,1.012813,199,47987602.12,47380524
2026-09-02,SDA,50.882471,1096,6584074760.46,129397702
2026-09-02,SEH,1.489244,45,104100356.49,69901499
2026-09-02,SER,58.200152,827,7266847590,124859599
2026-09-02,SFA,24.677682,18,1296372326.77,52532175
2026-09-02,SFS,1.412417,82,31463254.33,22276184
2026-09-02,SGK,0.997397,69,199845488.33,200367009
2026-09-02,SGT,1.970046,2669,191558558.03,97235561
2026-09-02,SHC,1.035498,131,79674953.56,76943605
2026-09-02,SHE,3.503793,638,56683272.88,16177687
2026-09-02,SHI,0.16817,46,696140590.25,4139493592
2026-09-02,SHU,1.455331,37,443509688.64,304748401
2026-09-02,SIA,0.902104,5,967708.11,1072723
2026-09-02,SIS,0.2636,14,62947155.95,238798338
2026-09-02,SJP,62.639937,29,327122916.21,5222274
2026-09-02,SKL,2.059028,740,132580013.35,64389618
2026-09-02,SKO,1.668445,3183,210254031.68,126017995
2026-09-02,SKS,51.435296,3,1285882393.73,25000000
2026-09-02,SKT,0.118377,2019,40850798.75,345089837
2026-09-02,SKZ,1.044764,685,122922466.11,117655756
2026-09-02,SLF,11.452241,6882,1318798013.88,115156327
2026-09-02,SLG,1.38721,740,464936401.66,335159338
2026-09-02,SLR,0.29229,5,1109735759.21,3796699149
2026-09-02,SLS,0.621297,13,374461.69,602710
2026-09-02,SMP,1.044856,1,1462798282.55,1400000000
2026-09-02,SNY,1.439329,478,489644794.38,340189557
2026-09-02,SOS,1.693218,528,37018435.41,21862769
2026-09-02,SPA,70.604705,201,3256268320.25,46119707
2026-09-02,SPD,82.938455,1,351186297.94,4234300
2026-09-02,SPE,109.13676,1253,4485665788.3,41101328
2026-09-02,SPN,10.071736,367,1767866422.57,175527475
2026-09-02,SPP,1.617263,711,532824438.28,329460631
2026-09-02,SPR,1.294614,164,9187137.36,7096430
2026-09-02,SPT,2.186488,912,97580010.78,44628647
2026-09-02,SRA,16.582074,1,2090617780.55,126076981
2026-09-02,SRE,63.8589,1,999468229.05,15651197
2026-09-02,SRL,1.786042,2817,63374400.45,35483156
2026-09-02,SRO,26.035737,6,7257588883.06,278754881
2026-09-02,SSD,54.121764,1,559220002.71,10332627
2026-09-02,SSE,0.00319,11,100485305.36,31504588703
2026-09-02,SSF,0.937694,15,1213044.98,1293647
2026-09-02,SSK,1.772642,594,51518731.23,29063243
2026-09-02,SSN,59.750489,4,779652406.36,13048469
2026-09-02,SSO,15.14443,1,7721812205.02,509878048
2026-09-02,SSS,1.405693,5246,245296736.16,174502311
2026-09-02,SST,1.618616,22,9550664.63,5900512
2026-09-02,ST1,184.181513,2432,628465936.18,3412209.66
2026-09-02,STI,1.282095,76,185331062.37,144553331
2026-09-02,STM,3.231891,12,385729.38,119351
2026-09-02,STS,86.701867,27,421996627.25,4867215
2026-09-02,STZ,24.471718,83,531181969.43,21705953
2026-09-02,SUA,0.602375,1173,2340238198.75,3885017096
2026-09-02,SUB,0.394989,755,108409934.35,274463077
2026-09-02,SUC,22.75629,542,590185150.68,25935034
2026-09-02,SUR,1.152404,89,216271890.77,187670227
2026-09-02,SVB,9.359423,1305,230933721.66,24673927
2026-09-02,SVS,2.725061,1,1128798754.26,414228781
2026-09-02,SVY,1.582508,2,3358110238.64,2122017742
2026-09-02,SYF,230.073271,6,1717923520.71,7466854
2026-09-02,SYL,4343.184935,1,1202219649.08,276806
2026-09-02,SYR,50.232078,22,311482185.24,6200862
2026-09-02,SYS,49.222382,121,1775205559.93,36065007
2026-09-02,T3B,0.127303,16,10034203403.46,78821384165
2026-09-02,TAL,2.756085,753,35034358.85,12711641
2026-09-02,TAO,21.098782,1,1115206412.53,52856435
2026-09-02,TAR,2.551202,6751,132150928.48,51799472
2026-09-02,TAU,0.63917,34591,2499283469.89,3910200760
2026-09-02,TAZ,2.501886,2,1179684423.8,471518068
2026-09-02,TB9,53.752547,10668,40516913732.88,753767332
2026-09-02,TBP,0.283527,194,468452011.93,1652231895
2026-09-02,TBT,54.638345,2532,482065240.15,8822837.519
2026-09-02,TBV,0.415461,7832,1182771259.68,2846890702
2026-09-02,TCA,0.781598,45915,13754863211.8,17598377541.442
2026-09-02,TCB,0.23778,4637,3181034216.17,13378052237
2026-09-02,TCC,0.079813,415,413326620.57,5178680087
2026-09-02,TCD,48.407224,11720,1444054784.37,29831390
2026-09-02,TCF,4.599784,2769,3243674789.76,705179775
2026-09-02,TCG,1.309691,1,185527019.46,141657132
2026-09-02,TCH,2.253297,58,242915008.6,107804233
2026-09-02,TCI,11.609644,15,1409751565.05,121429349
2026-09-02,TCS,41.722588,44,1415537105.6,33927356
2026-09-02,TDG,0.530491,2081,734402026.82,1384380777
2026-09-02,TDP,60.333046,44,329401961.22,5459727
2026-09-02,TE3,41.104547,2944,1120100785.57,27250046
2026-09-02,TE4,6.63513,1452,1846776650.02,278333162
2026-09-02,TEJ,2.732497,1325,720653014.63,263734259
2026-09-02,TFE,2.861972,115,35258217.05,12319553
2026-09-02,TFF,43.195651,8969,1331581048.89,30826739
2026-09-02,TFU,1.294265,1266,222992830.38,172293012
2026-09-02,TGA,0.47894,6191,804355211.85,1679449202
2026-09-02,TGE,0.299144,37310,3049011349.16,10192438896
2026-09-02,TGN,1.468002,1948,2546204195.19,1734469590
2026-09-02,TGR,6.893916,5661,111176042.38,16126690
2026-09-02,TGT,0.121457,62981,4278430080.78,35225743679
2026-09-02,TGV,10.959481,13,6974517323.55,636391228
2026-09-02,TGZ,6.24958,12,1135101986.5,181628509
2026-09-02,THD,2.690654,201,8516010.03,3165033
2026-09-02,THF,2.740729,132552,78156964357.13,28516851048
2026-09-02,THG,7.262633,177,175296687.17,24136796
2026-09-02,THH,137.558768,1,1755043820.82,12758502
2026-09-02,THO,50.880868,12,4866300773.7,95641072
2026-09-02,THS,64.47506,1,422999851.15,6560674
2026-09-02,THT,0.197316,350,6537873.82,33134069
2026-09-02,THV,50.497325,17,2277742741.55,45106206
2026-09-02,TI1,1687.694214,237267,224013321391.02,132733358.65
2026-09-02,TI2,0.12732,20737,3342216237.12,26250552346
2026-09-02,TI3,0.110045,21513,1941653988.65,17644131847
2026-09-02,TI4,0.065627,13912,1921940688.85,29286011557
2026-09-02,TI6,0.054698,4885,592782805.16,10837459461
2026-09-02,TI7,79.197496,9677,1184283480.89,14953547
2026-09-02,TIE,0.759072,18842,1732156337.12,2281938962
2026-09-02,TIL,1.401865,1645,89190426.35,63622679
2026-09-02,TIP,50.329056,74,820035060.42,16293472
2026-09-02,TIV,53.713283,121756,25799414149.44,480317208.112
2026-09-02,TJB,9.949731,1,812917213.27,81702428
2026-09-02,TJF,5.292274,541,53623052.52,10132327
2026-09-02,TJI,6.490835,907,594840938.89,91643210
2026-09-02,TJL,21.818555,4,1483458196.82,67990671
2026-09-02,TJT,68.757796,1843,2273279480.84,33062134
2026-09-02,TKF,68.636938,4248,977926530.74,14247817
2026-09-02,TKH,2.223607,1,454124160.4,204228599
2026-09-02,TKK,1.763556,112834,1808154195.02,1025288800
2026-09-02,TKM,0.217974,504234,75692326457.65,347254168036
2026-09-02,TLC,1.067524,316,449845377.44,421391195
2026-09-02,TLE,28.410673,914,532610850.76,18746858
2026-09-02,TLH,26.989553,326,126206307.69,4676117
2026-09-02,TLK,1.789998,1031,3599917936.2,2011129190
2026-09-02,TLT,71.515121,1,405037973.66,5663669
2026-09-02,TLU,53.930429,518,8969235230.38,166311216
2026-09-02,TLV,1.383284,10850,4095249033.1,2960526187
2026-09-02,TLY,9293.933893,110993,249314581636.54,26825517
2026-09-02,TLZ,19.678991,873,74919946.92,3807103
2026-09-02,TMC,0.164044,11539,152486877.71,929546821
2026-09-02,TMG,1.450236,35586,5073563935.73,3498440359
2026-09-02,TMH,0,12,0,0
2026-09-02,TMM,74.738828,1592,1333274545.91,17839115
2026-09-02,TMR,7.680354,1,9120612063.22,1187525000
2026-09-02,TMS,2.080412,85,394322996.21,189540830
2026-09-02,TMU,1.439181,91,59424775.41,41290685
2026-09-02,TMV,10.676231,13905,42064882102.36,3940050002
2026-09-02,TMZ,2.020999,2545,52906463.69,26178377
2026-09-02,TNB,50.476201,81,669880966.93,13271224
2026-09-02,TND,1.520475,495,193355617.76,127167907
2026-09-02,TNF,4.307621,3,5238600884.79,1216123947
2026-09-02,TNH,12.08206,3,151885862.68,12571189
2026-09-02,TNI,11.492838,2794,8069423784,702126288
2026-09-02,TNK,34.218936,74242,3845795767.93,112387941
2026-09-02,TNS,13.053511,16,95164771.1,7290358
2026-09-02,TO8,57.034486,101,729991857.78,12799131
2026-09-02,TOK,59.53356,6951,24752255742.41,415769787
2026-09-02,TOT,964.191099,636,116061610.99,120372
2026-09-02,TP1,68.474204,1,384221014.31,5611179
2026-09-02,TP2,2.204055,160500,207108051433.12,93966808020
2026-09-02,TPC,13.227296,12295,5764275942.7,435786430
2026-09-02,TPE,0.553667,34,2368537851.21,4277909763
2026-09-02,TPF,11.207277,511,124935251.91,11147690
2026-09-02,TPJ,79.074892,1482,2354348229.95,29773651
2026-09-02,TPL,21.322466,1528,503559522.8,23616383.006
2026-09-02,TPO,0.183292,3,107323260.61,585531154
2026-09-02,TPP,77.644126,395,1863536669.24,24001000
2026-09-02,TPR,0.472237,1,10164533.09,21524221
2026-09-02,TPV,10.577604,43,8034631.31,759589
2026-09-02,TPZ,28.688763,1505,146392131.63,5102769
2026-09-02,TRJ,2.198611,4474,2212976305.44,1006533984
2026-09-02,TRN,1.072934,1,1962529048.94,1829123080
2026-09-02,TRO,2.522659,371,27330676.58,10834074
2026-09-02,TRR,6.513895,456,2389143458.97,366776496
2026-09-02,TRU,1.526087,280,299593523.4,196314783
2026-09-02,TSI,0.209849,79673,23790796431.68,113370933109
2026-09-02,TSP,71.097084,5,1744492297.08,24536763
2026-09-02,TTA,0.62096,223418,26327282092.84,42397737581
2026-09-02,TTE,1.643566,46858,3753363611.94,2283670227
2026-09-02,TTL,38.183374,363,300188409.55,7861757
2026-09-02,TTP,51.889789,105,893225903.71,17213905
2026-09-02,TTS,70.781263,1,2200342168.92,31086506
2026-09-02,TTV,8.880013,35,2781755858.85,313260338
2026-09-02,TTZ,3.656769,7,234306909.83,64074841
2026-09-02,TUA,1.466183,31369,15193376697.31,10362540167.209
2026-09-02,TVE,1.1345,356,215839056.74,190250438
2026-09-02,TVN,2.984096,527,9236774.21,3095334
2026-09-02,TYH,2.066142,6243,1106617738.3,535596095.836
2026-09-02,TZC,0.312001,1136,31129725.78,99774388
2026-09-02,TZD,2.528137,7953,668491244.31,264420499.054
2026-09-02,TZH,8.555675,1,61562469593.38,7195513139
2026-09-02,TZL,0.139869,184611,91217652305.24,652165723832.17
2026-09-02,TZP,14.401163,14,1137045433.1,78955112
2026-09-02,TZT,0.171055,5835,330557189.18,1932457026.044
2026-09-02,TZV,960.303311,133537,30403174495.92,31659970.5
2026-09-02,UAB,5.494237,2,648553786.91,118042548
2026-09-02,UAP,71.57273,1,469978754.81,6566450
2026-09-02,UCN,2.067053,2,1126009762.71,544741624
2026-09-02,UCP,1.341238,27,28438675793.96,21203308940
2026-09-02,UFH,73.51938,1,270279224.28,3676299
2026-09-02,UHL,74.217939,1,2651343828.93,35723760
2026-09-02,UHS,7.04425,13,379064738.43,53811937
2026-09-02,ULH,6.581027,242,1274651747.4,193685852
2026-09-02,ULL,70.455806,3,288657084,4096995
2026-09-02,UNT,1.583467,255,34083081716.91,21524344076
2026-09-02,UP1,6.267163,1448,1386866931.03,221291011
2026-09-02,UP2,4.272877,317,2703084156.94,632614489.14
2026-09-02,UPD,22.259467,258,2448967479.04,110019141
2026-09-02,UPH,30.263613,522,105811305.8,3496321
2026-09-02,UPP,7.120374,912,2534486588.03,355948503
2026-09-02,UPS,5.041526,1,1064291412.93,211105000
2026-09-02,URA,1.908695,9230,658869032.81,345193386
2026-09-02,URC,55.981922,149,160227706.98,2862133
2026-09-02,URD,50.545604,13,11152806882.36,220648406
2026-09-02,URG,76.78501,1,576098884.99,7502752
2026-09-02,URM,49.351669,5,8514715375.85,172531457
2026-09-02,URS,3.936858,1,1031807699.06,262089128
2026-09-02,URV,3.439768,2,9237152885.14,2685399860
2026-09-02,USS,3.899497,1,4227189719.44,1084034643
2026-09-02,UST,4.267511,1,2000775663.22,468839001
2026-09-02,USY,0.264296,390,1343777526.67,5084374511
2026-09-02,UYH,5.114278,12,673134096.82,131618603
2026-09-02,UZY,9.33465,40,328864192.26,35230478
2026-09-02,VAY,1.570705,2970,48623600.31,30956537
2026-09-02,VCD,6.414475,12,4498477696.22,701301046
2026-09-02,VCG,5.80544,12,2010691859.08,346346139
2026-09-02,VCY,3.449673,12108,162735013.91,47174045
2026-09-02,VFK,5.534592,5641,3118391003.96,563436515
2026-09-02,VFO,1.006609,7391,362147087.73,359769407
2026-09-02,VFS,1.986988,1,6399483.35,3220695
2026-09-02,VHK,0.989002,1,2472504.57,2500000
2026-09-02,VHS,0.976542,441,53269824.95,54549441
2026-09-02,VK6,4.207057,161878,79282015288.84,18845005564.988
2026-09-02,VKI,3.144173,339,859786883.37,273454047
2026-09-02,VKK,1.097259,441,77465766.93,70599369
2026-09-02,VKR,1.005148,1,454252.38,451926
2026-09-02,VKT,0.123421,43709,4754913489.94,38526053984.964
2026-09-02,VKV,1.097307,917,526971699.38,480240792
2026-09-02,VLT,1.019573,655,70285683.64,68936424
2026-09-02,VMV,2.821014,148,7430853356.63,2634107454
2026-09-02,VNK,2.450349,240,3807099232.53,1553696959
2026-09-02,VPA,1.124016,3342,15102554787.85,13436246961
2026-09-02,VPH,0.989679,1,2474196.26,2500000
2026-09-02,VPP,54.538507,569,1560975076.28,28621522
2026-09-02,VPS,0.849573,5754,1085828970.29,1278088633
2026-09-02,VRK,1.325894,158,48457357.96,36546934
2026-09-02,VTF,2.140331,1,409123164.49,191149460
2026-09-02,VTL,1.121455,7008,3036309817.31,2707473403
2026-09-02,YA1,1.44012,24,32532421501.31,22590083771
2026-09-02,YAC,14.723734,9834,5452649867.23,370330649
2026-09-02,YAE,1.197918,611,72401064.79,60439095
2026-09-02,YAK,5.234629,108044,1135499525.94,216920715.414
2026-09-02,YAN,14.697404,3593,1868678441.19,127143432
2026-09-02,YAR,27.606939,1,772994292.57,28000000
2026-09-02,YAS,14.978251,61717,6468431333.99,431854908
2026-09-02,YAY,1807.248503,44055,13088809330.46,7242396
2026-09-02,YBE,1.860044,13995,5045735633.9,2712696687
2026-09-02,YBH,54.30677,601,647711252.48,11926897
2026-09-02,YBJ,59.233826,1,1958592766.78,33065444
2026-09-02,YBP,12.867314,55,957089944.44,74381488
2026-09-02,YBR,56.031173,2602,6498679532.14,115983285
2026-09-02,YBS,0.147298,11881,2072197281.37,14068070761
2026-09-02,YCG,61.259081,4,204005299.23,3330205
2026-09-02,YCH,2.711836,114,107530448.77,39652266
2026-09-02,YCK,4.613937,193,409700208.98,88796220
2026-09-02,YCL,10.450692,12,176274473.03,16867253
2026-09-02,YCP,8.516028,2000,1010597126.72,118670009
2026-09-02,YCY,4.138796,280,375845905.59,90810447
2026-09-02,YDH,1.145703,1,5132846541.75,4480085038
2026-09-02,YDI,0.47671,6923,1156876048.96,2426793061
2026-09-02,YDK,0.121335,48465,149605426.88,1232990872
2026-09-02,YDL,60.441872,8,1265425170.21,20936234
2026-09-02,YDM,1.941865,2,1317916975.71,678686262
2026-09-02,YDP,2.301586,2533,396495351.57,172270507
2026-09-02,YDZ,55.467841,2905,11562329587.71,208451048
2026-09-02,YEF,0.983631,13542,1997161850.88,2030398253.008
2026-09-02,YFV,0.106624,7522,939476336.41,8811091593
2026-09-02,YGM,3.419674,1914,560086144.24,163783502
2026-09-02,YHB,2.408859,7177,275752476.73,114474310
2026-09-02,YHI,1.503011,235,57075100.8,37973830
2026-09-02,YHK,2.060035,7205,1232701268.89,598388587
2026-09-02,YHP,4.666819,1,1773391232.74,380000000
2026-09-02,YHS,26.917678,8901,2913350807.89,108231878
2026-09-02,YHT,0.418716,85946,2502747625.15,5977200418.894
2026-09-02,YHY,0.973721,18,177528687.66,182319880
2026-09-02,YHZ,9.472865,17974,1433244920.42,151300053
2026-09-02,YIK,1.554453,1504,13119855428.63,8440177406
2026-09-02,YIS,1.44075,1,916356891.87,636027889
2026-09-02,YIT,2.557673,16470,2201414499.04,860709961
2026-09-02,YIV,3.60535,2,5757377605.07,1596898432
2026-09-02,YJA,67.949093,4,406806668.13,5986933
2026-09-02,YJH,3.735232,4064,188184855.81,50381033
2026-09-02,YJK,5.604541,14164,1004934756.74,179307250
2026-09-02,YJU,67.009458,1,446122634.91,6657607
2026-09-02,YJY,58.383941,9183,78496779404.61,1344492637
2026-09-02,YKS,0.353313,365,606636288.6,1716995443
2026-09-02,YKT,0.886073,86459,33015908983.11,37260930743
2026-09-02,YLB,1.841418,358300,111221251452.6,60399776857
2026-09-02,YLC,4.011189,1343,75272038.18,18765518
2026-09-02,YLE,8.822309,2248,244125407.84,27671374
2026-09-02,YLO,5.405328,5085,240806535.05,44549849
2026-09-02,YLR,2.388512,4,11698.93,4898
2026-09-02,YLY,2.278345,909,32548289.83,14285937
2026-09-02,YLZ,3.127223,17,3933290853.34,1257758532
2026-09-02,YMD,57.12857,1459,7844686397.64,137316345
2026-09-02,YMH,1.601758,314,426322299.94,266159058
2026-09-02,YMP,1.173055,117,579107453.3,493674675
2026-09-02,YNF,1.027591,207,577098.96,561604
2026-09-02,YNK,48.536198,1175,20219410948.15,416584157
2026-09-02,YNL,55.876827,1,222497611.86,3981930
2026-09-02,YOA,90.439864,140,1928872106.54,21327676
2026-09-02,YOS,57.173955,277,1192179191.16,20851788
2026-09-02,YOT,40.985085,9851,1933319545.63,47171295.059
2026-09-02,YOZ,50.021984,2183,48754378614.61,974659029
2026-09-02,YP1,64.922924,3,221578889.28,3412953
2026-09-02,YP2,74.053513,1,1376591713.46,18589148
2026-09-02,YP4,54.927332,29401,134488892968.94,2448487615
2026-09-02,YPC,5.592851,2338,52038594.84,9304485
2026-09-02,YPD,68.621809,2,100782174.98,1468661
2026-09-02,YPF,10.321218,599,1458601247.55,141320657
2026-09-02,YPI,56.799618,59,2042236346.87,35955107
2026-09-02,YPK,14.68121,224,208581672.29,14207390
2026-09-02,YPL,74.267336,1572,13722127477.99,184766658
2026-09-02,YPN,68.370088,1108,3805083699.98,55654217
2026-09-02,YPP,25.699263,1,4807273433.46,187058807
2026-09-02,YPR,1.696529,319,79190103.44,46677712
2026-09-02,YPT,4.192167,19368,128479516173.45,30647521504
2026-09-02,YPU,67.373288,1916,5345935037.14,79347991
2026-09-02,YPV,7.908203,3348,5529921183.12,699263955
2026-09-02,YRZ,48.937578,156,805193461.33,16453480
2026-09-02,YSA,49.371901,300,392120921.77,7942188
2026-09-02,YSH,0.968958,464,61370033.75,63336109
2026-09-02,YSL,44.093751,379,686328146.03,15565202
2026-09-02,YSO,1.662748,418,100562128.57,60479472
2026-09-02,YSU,0.177028,6139,251323820.76,1419680014
2026-09-02,YTD,0.942702,14939,1737894587.58,1843524577
2026-09-02,YTJ,70.736731,1,1242748158.66,17568640
2026-09-02,YTO,53.983949,4,713295482.32,13213103
2026-09-02,YTR,80.865273,2,626333727.38,7745398
2026-09-02,YTV,3.184781,2232,203819278.62,63997889
2026-09-02,YTY,59.713087,20724,120194610500.27,2012868824
2026-09-02,YUB,5.450349,592,391535272.69,71836730
2026-09-02,YUD,76.326202,2,256162946.33,3356160
2026-09-02,YUI,1.945437,7,932253666.21,479200096
2026-09-02,YUK,50.528443,147,1373210478.68,27176980
2026-09-02,YUN,59.04385,584,3252164304.68,55080492
2026-09-02,YUY,1.005478,2,995786809.39,990361196
2026-09-02,YVB,1.396922,738,128403763,91919057
2026-09-02,YVD,4.470145,82282,47291739487.38,10579465152
2026-09-02,YVF,74.255446,4,961851292.81,12953276
2026-09-02,YVG,63.879418,1217,6086421496.1,95279852
2026-09-02,YVO,70.903076,2,743251137.28,10482636
2026-09-02,YVS,77.115231,6,445549594.4,5777712
2026-09-02,YZC,5.084055,12311,646366087.17,127135939
2026-09-02,YZF,102.245594,1,485666569.85,4750000
2026-09-02,YZG,13.21487,60745,10984750926.36,831241691
2026-09-02,YZH,10.985229,5536,662437727.51,60302585
2026-09-02,YZK,7.901945,191,211089544.95,26713618
2026-09-02,YZL,5.60653,58,535269588.67,95472531
2026-09-02,YZT,0.976114,8646,628335193.69,643710885
2026-09-02,ZA2,2.077867,547,3959840682.48,1905724102
2026-09-02,ZAD,46.678307,49,15858114.59,339732
2026-09-02,ZAV,57.845387,4870,63603488883.25,1099542973
2026-09-02,ZAY,6.475346,3291,1491967278.7,230407357
2026-09-02,ZBD,680.168269,2058,934331099.19,1373676.389
2026-09-02,ZBI,2.307817,1872,195215691.26,84588913
2026-09-02,ZBJ,5.244182,20042,85850378687.93,16370596379.533
2026-09-02,ZBN,22.945066,166,142893906.97,6227653
2026-09-02,ZBO,3.318168,227,462382933.31,139348845
2026-09-02,ZBZ,68.594909,1,360111951.95,5249835
2026-09-02,ZCA,8.712993,1,65657612.72,7535598
2026-09-02,ZCB,75.213211,3,2417427.8,32141
2026-09-02,ZCC,80.276115,2,424279740.3,5285255
2026-09-02,ZCD,4.804866,461,1362560027.98,283579169
2026-09-02,ZCE,4.749337,1,13334874838,2807733694
2026-09-02,ZCF,4.145325,1,1910987242.2,460998205
2026-09-02,ZCG,6.821226,156,1045176950.28,153224205
2026-09-02,ZCH,2.477572,1,5098829700.83,2057994652
2026-09-02,ZCK,1.839795,2479,395657522.31,215055242
2026-09-02,ZCN,4.081617,6530,619651018.96,151815100
2026-09-02,ZDD,7.573295,1429,517639781.46,68350665
2026-09-02,ZDK,15.912402,1,3334252.88,209538
2026-09-02,ZDZ,12.77555,8596,1002463318.15,78467331
2026-09-02,ZFB,7.096018,15192,1011365365.49,142525753
2026-09-02,ZFZ,70.874498,3,22780984856.36,321427105
2026-09-02,ZHH,1.455701,1056,87773785.64,60296577
2026-09-02,ZIH,0.945577,8559,593587888.46,627752016
2026-09-02,ZJB,10.272548,1697,8279381760.58,805971553
2026-09-02,ZJH,62.42614,1,211374849.06,3385999
2026-09-02,ZJI,10.625405,1651,6693890720.85,629989204
2026-09-02,ZJL,14.983688,2581,405761265.14,27080200
2026-09-02,ZJT,68.924508,1,1371264054.46,19895159
2026-09-02,ZJV,10.774996,1349,678151341.94,62937500
2026-09-02,ZK1,50.963809,109,2214771319.94,43457727
2026-09-02,ZK2,58.74037,72,1153689947.65,19640495
2026-09-02,ZKK,25.405232,1,2379643918.62,93667474
2026-09-02,ZLB,50.795409,46,490538938.87,9657151
2026-09-02,ZLG,65.196944,1,1097447899.19,16832812
2026-09-02,ZLH,11.418137,3374,444216892.88,38904500
2026-09-02,ZMT,63.688195,315,1721569856.08,27031224
2026-09-02,ZMU,0.214677,14,19381649.02,90283015
2026-09-02,ZMY,6.389812,2820,190312229.13,29783700
2026-09-02,ZNF,55.684606,1,847509570.68,15219818
2026-09-02,ZOS,1.899586,11,582263789.65,306521428
2026-09-02,ZP1,63.797917,2,64687132.82,1013938
2026-09-02,ZP2,5.844414,1,624103844.59,106786382
2026-09-02,ZP3,4.716867,1,527448706.27,111821825
2026-09-02,ZP6,59.006563,1509,5623046777.34,95295278
2026-09-02,ZP7,68.467236,1,1293090916.53,18886273
2026-09-02,ZP8,4.128851,4323,62067596689.02,15032656860
2026-09-02,ZP9,61.198045,820,2623378290.44,42867028
2026-09-02,ZPA,67.599487,918,4448534011.58,65807216
2026-09-02,ZPC,19.481509,2790,3214825846.29,165019341
2026-09-02,ZPE,35.266057,7272,1267473636.46,35940327.836
2026-09-02,ZPF,23.392456,3430,753944862.66,32230257
2026-09-02,ZPG,10.790781,6493,1565369351.84,145065430.425
2026-09-02,ZPH,1.532965,55,501394925.77,327075363
2026-09-02,ZPJ,11.406565,314,115611405.81,10135515
2026-09-02,ZPK,8.5127,30021,20235462521.77,2377091132.001
2026-09-02,ZPN,73.061485,1,1966140457.31,26910765
2026-09-02,ZPO,1.053313,1868,2050088231.58,1946323982
2026-09-02,ZPR,1.562826,905,39739851761.98,25428192706
2026-09-02,ZR2,1.456054,1,1378401798.04,946669725
2026-09-02,ZR3,0.499098,140,151019824.7,302585216
2026-09-02,ZSB,12.290977,28,2662083124.96,216588410
2026-09-02,ZSF,52.86757,1616,41240775.44,780077
2026-09-02,ZSG,4.326594,918,49325770.13,11400600
2026-09-02,ZSK,59.144784,1,2574065566.3,43521430
2026-09-02,ZSN,57.365738,2,3124141612.15,54460061
2026-09-02,ZTF,7.658687,1,2105082642,274862095
2026-09-02,ZTG,1.370797,1051,43275457.51,31569559
2026-09-02,ZTV,1.014549,1551,669128570.62,659533158
2026-09-02,ZUD,4.316801,1,896813504.92,207749576
2026-09-02,ZUE,5.160035,1,7895849957.13,1530193061
2026-09-02,ZUS,50.901287,3353,59131568698.01,1161691042
2026-09-02,ZVB,97.830568,11,245420404.53,2508627
2026-09-02,ZVO,3.524593,306,809905634.07,229787017
2026-09-02,ZYC,4.993762,1,9157493567,1833786550
2026-09-02,ZYD,4.960057,1,9147277953.62,1844187892
2026-09-02,ZZL,84.94194,15,43262543.83,509319
2026-09-01,AAL,3.527634,4450,1906922598.56,540567019
2026-09-01,AAS,12.878898,150,17421478.42,1352715
2026-09-01,AAV,62.62115,1972,122343253.28,1953705
2026-09-01,ABG,122.587119,200,16108748240.52,131406532
2026-09-01,ABJ,0.730945,3,977523496.53,1337341991
2026-09-01,ABU,0.106227,37,61643866.21,580303972
2026-09-01,AC1,3.264044,194,324790208.04,99505453
2026-09-01,AC2,2.777814,45,20633384249.8,7427922197
2026-09-01,AC3,64.176,14,134163907.7,2090562
2026-09-01,AC4,4.053707,4096,2236787193.97,551788071
2026-09-01,AC5,3.752421,146,22912949.59,6106177
2026-09-01,AC6,58.074411,79,75742504.68,1304232
2026-09-01,AC7,4.982577,44,3214261175.69,645100136
2026-09-01,AC8,208.247576,96,3153600703.57,15143517
2026-09-01,ACC,44.475617,1314,118286505.29,2659581
2026-09-01,ACD,6.115411,1478,349893731.11,57215084.413
2026-09-01,ACN,12.720695,16,653041611.9,51336945
2026-09-01,ACU,57.386896,161,1446545294.42,25206892
2026-09-01,ADE,0.898564,25665,705101351.71,784697773
2026-09-01,ADP,1.264749,21185,3858914044.1,3051129587
2026-09-01,AED,116.921374,1387,66470396.49,568505.09
2026-09-01,AES,0.184426,35052,1333639823.87,7231294744
2026-09-01,AEV,2.137477,418,9405071.32,4400080
2026-09-01,AFA,1.293734,46768,5485734641.64,4240232749
2026-09-01,AFO,1.351266,81782,19702905758.91,14581065962
2026-09-01,AFS,0.354527,29048,913790424.83,2577494853
2026-09-01,AFT,0.982267,137760,19169450688.99,19515523694
2026-09-01,AFV,0.613321,14972,1279228799.34,2085741056
2026-09-01,AGC,9.455414,2464,104563949.69,11058633
2026-09-01,AHH,11.010748,15,235306405.06,21370610
2026-09-01,AHI,37.095763,2682,118958323.11,3206790
2026-09-01,AHN,70.259309,113,32821425.62,467147
2026-09-01,AHU,11.535451,598,122335950.62,10605216
2026-09-01,AHV,21.872802,194,133677881.26,6111603
2026-09-01,AHZ,31.65063,14,155462197.49,4911820
2026-09-01,AI1,1.261907,17,61729633.77,48917729
2026-09-01,AIH,18.039588,4,171568459.49,9510664
2026-09-01,AII,97.249515,3,383357586.78,3942000
2026-09-01,AIM,27.215565,1,58847862.48,2162287
2026-09-01,AIR,167.179238,3,1496806542.34,8953304
2026-09-01,AIS,0.108696,22081,14784595352.16,136017330534
2026-09-01,AJ1,1.343238,88,11640902.14,8666301
2026-09-01,AJE,63.797133,940,2847252699.93,44629791
2026-09-01,AJK,65.039967,133,133038993.01,2045496
2026-09-01,AJL,64.810752,1269,4599428701.85,70967063
2026-09-01,AJN,62.121613,267,410257218.1,6604098
2026-09-01,AK2,0.554668,9141,250718553.56,452015754
2026-09-01,AK3,53.854912,20424,8232305759.75,152860814
2026-09-01,AKE,0.531547,13396,1053768636.06,1982457710
2026-09-01,AKU,0.972047,16948,2320133038.34,2386853537
2026-09-01,AL4,4.034899,12,1285300828.17,318546011
2026-09-01,AL5,54.33703,2360,13664564900.09,251477951
2026-09-01,AL6,3.949077,12,5633725182.21,1426593054
2026-09-01,AL7,3.806378,110,8434047565.27,2215767096
2026-09-01,ALC,0.378593,24928,1652645529.08,4365226326
2026-09-01,ALE,13.665048,153511,87776613387.46,6423439709
2026-09-01,AN1,113.304546,2892,1364963922.19,12046859.248
2026-09-01,ANL,37.92341,3619,596613704.43,15732069
2026-09-01,ANZ,21.98781,158,260242106.38,11835745
2026-09-01,AOJ,1.639991,202,20458648.82,12474858
2026-09-01,AOY,0.350411,35739,1004165355.95,2865676189
2026-09-01,AP2,3.019619,34,843188460.59,279236705
2026-09-01,AP4,0.994431,11,247830408.86,249218342
2026-09-01,AP5,0.840803,16,876510.33,1042468
2026-09-01,AP6,7.566961,45,721320965.54,95325048
2026-09-01,AP7,2.692649,453,231389410.91,85933733
2026-09-01,APJ,6.897326,2882,83793891.39,12148751
2026-09-01,APP,34.396783,2,220672632.84,6415502
2026-09-01,APT,0.164676,13113,375951973.62,2282978794
2026-09-01,ARE,0.263111,2025,51991214.84,197601468
2026-09-01,ARF,8.970444,1,810478651.09,90349894
2026-09-01,ARL,16.173646,7380,4045325326.74,250118324
2026-09-01,ARM,18.565523,5068,3070560043.08,165390444
2026-09-01,ARP,41.812253,1,3159500939.34,75563996
2026-09-01,AS1,45.864847,38,6365994.84,138799
2026-09-01,AS3,0.749219,16,169209733.41,225848060
2026-09-01,ASJ,3.931738,750,60897912.3,15488803
2026-09-01,ATJ,22.797464,9,1032598201.54,45294433
2026-09-01,AU1,1.212695,966,56557258.92,46637644
2026-09-01,AUV,50.395395,535,425339751,8440052
2026-09-01,AVC,129.914856,12,263558527.71,2028702
2026-09-01,AVT,229.154618,19992,4151497508.14,18116578
2026-09-01,AVZ,94.26451,1,217041205.39,2302470
2026-09-01,AY6,1.392275,11,108962491.05,78262194
2026-09-01,AY7,1.694024,12,320345941.57,189103512
2026-09-01,AYA,18.795794,9608,1082530540.87,57594298
2026-09-01,AYR,0.141607,13083,1684856699.85,11898082007
2026-09-01,AZF,0.188026,4,625217456.89,3325162435
2026-09-01,AZJ,21.248661,66,1996745195.6,93970399
2026-09-01,AZV,27.570523,5,4619932323.53,167567815
2026-09-01,AZZ,64.292419,6,25495865731.46,396560996
2026-09-01,BA1,1.949925,34,397765236.94,203990002
2026-09-01,BAC,1.748339,12,1494293036.07,854692790
2026-09-01,BAG,1.071272,182,98486773.3,91934390
2026-09-01,BAI,1.100647,134,53914281.45,48984171
2026-09-01,BAL,50.439651,1,1108375512.91,21974290
2026-09-01,BAO,2.933783,4,68936216.94,23497385
2026-09-01,BAS,54.449884,1,1557853869.11,28610784
2026-09-01,BBF,3.639033,891,141908835.98,38996302
2026-09-01,BBI,1.244696,11,846300.96,679926
2026-09-01,BBN,0.57867,13,1331266684.39,2300561650
2026-09-01,BBO,0.691992,11,239642541.62,346308033
2026-09-01,BBP,2.282505,613,22824061.4,9999565
2026-09-01,BBS,1.633288,790,2485206509.16,1521596872
2026-09-01,BCC,78.762394,3,3285346340.76,41712119
2026-09-01,BCK,2.054661,2278,110476587.26,53768774
2026-09-01,BCO,2.047459,1142,109151469.44,53310697
2026-09-01,BDA,57.142636,788,5923255160.23,103657367
2026-09-01,BDC,9.220625,30,360211245.42,39065815
2026-09-01,BDI,0.000261,72,281893136.37,1078899892195
2026-09-01,BDO,3.008383,11,2979115066.03,990271266
2026-09-01,BDS,2.098243,7607,211027058.52,100573203
2026-09-01,BDY,1.750818,2351,106696815.91,60941115
2026-09-01,BFE,1.816621,56,10186693.81,5607494
2026-09-01,BFO,54.594523,1,11113421870.23,203562943
2026-09-01,BFS,1.103384,281,24023562.49,21772618
2026-09-01,BFT,1.159604,579,182205446,157127354
2026-09-01,BGH,2.225164,1,1045892517.97,470029440
2026-09-01,BGP,6.612644,28890,60231331764.16,9108509094
2026-09-01,BGR,1.047792,207,34248865.4,32686702
2026-09-01,BHA,1.791779,760,100528614.96,56105484
2026-09-01,BHE,1.882182,84,37853615.99,20111559
2026-09-01,BHF,3.111203,1494,190838670.5,61339187
2026-09-01,BHH,0.212975,71,412641618.96,1937513173
2026-09-01,BHI,2.372942,443,2385254897.37,1005188803
2026-09-01,BHL,1.26446,776,92482967.32,73140269
2026-09-01,BHN,1.165978,42,547722395.45,469753460
2026-09-01,BHO,1.21498,1,1488104707.98,1224797601
2026-09-01,BI5,1.119977,14,101490134.5,90618026
2026-09-01,BIA,0.228713,18,853621.55,3732290
2026-09-01,BID,3.294724,2020,229610017.7,69690209
2026-09-01,BIG,1.449818,3228,526280505.99,362997691
2026-09-01,BIH,9.079607,517,905684471.61,99749303
2026-09-01,BIK,1.108959,15,2579476411.19,2326034321
2026-09-01,BIO,2.374363,10011,841308682.28,354330295
2026-09-01,BIP,1.658979,229,3600662788.59,2170409200
2026-09-01,BIS,1.800363,60,796166346.59,442225562
2026-09-01,BIY,1.397515,328,85381257.91,61095037
2026-09-01,BJD,53.645953,109,749095784.51,13963696
2026-09-01,BKO,1.295636,1,1295466620.32,999869454
2026-09-01,BKY,50.18277,1028,7766238291.81,154759060
2026-09-01,BLA,4.572899,15,4277023333.3,935298004
2026-09-01,BLD,1.687231,717,511868815.2,303377991
2026-09-01,BLT,1.900342,3291,407036582.38,214191257
2026-09-01,BMU,3.045356,3639,414306001.04,136045191
2026-09-01,BNC,2.233837,245,634845524.22,284195071
2026-09-01,BNH,1.205341,175,59093155.38,49026108
2026-09-01,BOH,0.75679,11,189628560.48,250569682
2026-09-01,BOL,1.723101,278,122196244.29,70916482
2026-09-01,BON,1.442867,444,54493855.21,37767760
2026-09-01,BOP,50.227505,11,1358658632.64,27050092
2026-09-01,BOS,1.427273,884,2285146307.31,1601057322
2026-09-01,BP5,1.550756,11,55165729.23,35573439
2026-09-01,BPD,56.331035,11,154821849.33,2748429
2026-09-01,BPZ,1.612076,1313,867435637.54,538086024
2026-09-01,BRB,0.979235,11,559516679.97,571381465
2026-09-01,BRC,1.361069,38,118447232.71,87025129
2026-09-01,BRF,1.621716,1086,86450801.56,53308229
2026-09-01,BRG,5.177239,1623,1972643899.89,381022407
2026-09-01,BRH,7.393651,15,5738999025.54,776206408
2026-09-01,BRR,1.68878,521,858589728.84,508408368
2026-09-01,BRT,0.856472,341,13625021.67,15908318
2026-09-01,BRZ,55.618569,5,1569150001.07,28212700
2026-09-01,BS1,1.400771,170,219367234.2,156604648
2026-09-01,BSA,0.436756,1,890773567.06,2039522977
2026-09-01,BSC,0.137084,41,131234697.37,957330904
2026-09-01,BSD,1.202139,90,361881270.68,301031114
2026-09-01,BSE,0.456906,65,319699902.12,699706389
2026-09-01,BSF,1.250828,1,7071557879.55,5653503590
2026-09-01,BSH,1.005757,128,8377513.71,8329562
2026-09-01,BSM,1.79369,2801,2397000689.77,1336351562
2026-09-01,BSN,0.8799,18,666705259.95,757705538
2026-09-01,BST,10.458287,559,39799448.61,3805542
2026-09-01,BTE,5.186111,1021,225367016.42,43455876
2026-09-01,BTJ,1.385596,58,12563588.93,9067279
2026-09-01,BTK,1.695318,2074,314292085.37,185388293
2026-09-01,BTP,0.601223,21,836189844.12,1390813740
2026-09-01,BTY,59.800712,2,638067257.3,10669894
2026-09-01,BTZ,1.25733,190,7690990.46,6116921
2026-09-01,BUB,1.311727,2590,130768812.74,99692102
2026-09-01,BUC,0.750101,24,706338651.67,941657462
2026-09-01,BUP,4.21427,1,14137937594.82,3354777076
2026-09-01,BUT,1.956265,4,178915045.27,91457465
2026-09-01,BUV,1.232838,247,14347581.65,11637853
2026-09-01,BUY,1.761072,16590,337206755.14,191478166
2026-09-01,BV1,1.696524,494,87165775.64,51379047
2026-09-01,BVB,4.652572,1,5001529247.63,1075003028
2026-09-01,BVC,4.404931,1,7141901123.66,1621342207
2026-09-01,BVD,1.417415,374,241619214.32,170464645
2026-09-01,BVF,1.430854,542,1868715494.18,1306014492
2026-09-01,BVH,2.135145,13,144830381.63,67831653
2026-09-01,BVI,2.884667,28,287675635.09,99725773
2026-09-01,BVK,1.105362,22,34862,31539
2026-09-01,BVM,1.312856,126,13615773.15,10371112
2026-09-01,BVT,5.601279,10,20978287.12,3745267
2026-09-01,BVV,3.525268,1087,193188771.07,54801160
2026-09-01,BVZ,4.547346,629,3030251467.3,666377978
2026-09-01,BYZ,1.010646,40,83016370.87,82141874
2026-09-01,CAH,1.265041,220,20761298.55,16411558
2026-09-01,CBD,0.142579,17,1626820396.39,11409975961
2026-09-01,CBN,46.848258,6,599029051.96,12786581
2026-09-01,CBO,235.565741,3,1704377971.39,7235254
2026-09-01,CEY,67.357005,3,223250413.86,3314435
2026-09-01,CFO,2.546964,464,1861926309.3,731037666
2026-09-01,CGD,58.821864,2,651130627.67,11069534
2026-09-01,CHY,0.17582,41,169255551.81,962664615
2026-09-01,CIN,1.740835,525,21049945.15,12091866
2026-09-01,CJD,51.887049,1370,5260472168.03,101383144
2026-09-01,CJF,65.647612,3,1642321210.76,25017227
2026-09-01,CJG,66.557622,1,2016278903.51,30293734
2026-09-01,CJH,62.380305,1715,3100155453.02,49697664
2026-09-01,CKF,2.148514,2870,691155649.89,321690034
2026-09-01,CKL,1.597005,1210,739142201.6,462830112
2026-09-01,CKS,61.583562,2363,5659819285.36,91904708
2026-09-01,COT,59.885602,195,556371972.3,9290580
2026-09-01,CPT,3.709788,14354,992549745.98,267548925
2026-09-01,CPU,3.90424,17588,1728229299.26,442654515
2026-09-01,CRL,49.673455,3,1067979280.54,21500000
2026-09-01,CSD,65.041754,1,677783790.27,10420749
2026-09-01,CSH,4.871344,54,7708038626.23,1582322640
2026-09-01,CTF,9.357043,1,349687261.6,37371557
2026-09-01,CTG,7.596539,1,16456413.28,2166304
2026-09-01,CTM,6.373676,1,16459203.71,2582372
2026-09-01,CTP,63.299539,1,572979197.6,9051870.001
2026-09-01,CTV,10.888517,4,206236913.08,18940772
2026-09-01,CVA,4.209339,1,9727662643.66,2310971747
2026-09-01,CVB,4.286594,5,2028055658.32,473115896
2026-09-01,CVC,2.928848,2,735509081.05,251125767
2026-09-01,CVD,64.694123,2,1105272689.27,17084592
2026-09-01,CVE,2.80912,1,309065740.49,110022256
2026-09-01,CVF,4.815825,1,995831279.05,206783109
2026-09-01,CVK,5.182749,1904,636128268.11,122739539
2026-09-01,CVL,1.60042,812,73449990.49,45894204
2026-09-01,CYD,58.333698,404,1433576591.49,24575445
2026-09-01,DA1,49.109501,39,5142108.48,104707
2026-09-01,DAC,73.794398,1,524113866.49,7102353
2026-09-01,DAE,2.825171,1,1060020362.25,375205792
2026-09-01,DAH,3.612599,2526,579594107.77,160436900
2026-09-01,DAI,97.23545,4,374296683.77,3849385
2026-09-01,DAL,72.921527,1,699779401.27,9596335
2026-09-01,DAP,1.030047,742,1529703377.47,1485081265
2026-09-01,DAS,55.587612,25360,114927312159.86,2067498633.31
2026-09-01,DAT,99.346072,6,276439186.65,2782588
2026-09-01,DAV,58.551596,221,1209417520.39,20655586
2026-09-01,DAZ,13.466219,4,331900334.1,24646884
2026-09-01,DB2,2.115768,11,6564349.12,3102584
2026-09-01,DBA,0.75845,25333,10012008544.45,13200613389
2026-09-01,DBB,0.11522,1987,251043015.42,2178810738.85
2026-09-01,DBG,0.664502,4,2737061064.67,4118962935
2026-09-01,DBH,0.386712,8653,992567803.35,2566682900
2026-09-01,DBK,0.122437,85318,671586984.91,5485180206
2026-09-01,DBP,0.506688,1059,167231712.9,330048900
2026-09-01,DBZ,0.142146,2873,715506588.88,5033592500
2026-09-01,DCB,4.823563,22181,139602981567.96,28941879062
2026-09-01,DCD,66.541478,1,251738055.3,3783175
2026-09-01,DCE,74.606663,3,1298111106.01,17399399
2026-09-01,DCN,1.454752,2366,568365633.54,390695979
2026-09-01,DCP,72.271981,3,252032779.54,3487282
2026-09-01,DCV,48.030758,23,37913895.23,789366.999
2026-09-01,DDA,12.670959,1025,217940541.49,17200004
2026-09-01,DDC,13.235977,11,4162855425.35,314510632
2026-09-01,DDE,76.056987,1,419459837.59,5515073
2026-09-01,DDF,12.626267,660,113772421.33,9010773
2026-09-01,DDP,74.076433,1,77487059.92,1046042
2026-09-01,DEF,2.753343,92,71381609.33,25925429
2026-09-01,DEH,0.979889,182,25684139.46,26211282
2026-09-01,DEI,0.038049,13,6590028.19,173196936
2026-09-01,DFC,3.228976,1526,104446208.7,32346547
2026-09-01,DFD,2.760859,441,145205351.28,52594275
2026-09-01,DFI,5.950084,50680,34080354140.52,5727709649
2026-09-01,DFO,4.018532,2,1188020459.75,295635450
2026-09-01,DGF,1.515116,434,236486755.25,156084928
2026-09-01,DGH,10.915624,259,4036066815.67,369751361
2026-09-01,DHI,0.49294,46,2605519974.86,5285672299
2026-09-01,DHJ,7.005675,2914,217300412.26,31017771
2026-09-01,DHM,5.317894,1132,25598354.08,4813626
2026-09-01,DHP,4.441588,1,8383466.72,1887493
2026-09-01,DHS,318.415434,1,4204783434.92,13205338
2026-09-01,DHT,1.166071,774,77683724.29,66620064
2026-09-01,DHV,2.571372,1401,517639919.24,201308804
2026-09-01,DID,1.47034,155,27813746.52,18916539
2026-09-01,DIH,2.548597,11,194350332,76257782
2026-09-01,DIM,50.601371,1,115751042.06,2287508
2026-09-01,DIP,1.597779,1951,56597864153.23,35422828713
2026-09-01,DK1,1.494441,64,2973423122.38,1989655375
2026-09-01,DK8,48.251335,201,3002825401.29,62233001
2026-09-01,DKA,48.272507,239,2460875967.86,50978831.001
2026-09-01,DKC,0.606985,28,10835887.65,17851996
2026-09-01,DKH,3.813577,1408,213601524.64,56010810
2026-09-01,DKL,51.066711,100,380063385.25,7442488
2026-09-01,DKP,48.385441,628,4172276537.36,86230000
2026-09-01,DKR,0.929872,1651,220767402.48,237416913
2026-09-01,DKS,73.365967,2,235352887.26,3207930
2026-09-01,DL2,2.507337,651,8250925906.76,3290712311
2026-09-01,DLD,7.637065,579,64730996.77,8475900
2026-09-01,DLG,1.282372,37,4663179.37,3636370
2026-09-01,DLN,2.552978,43,5028757680.92,1969761627
2026-09-01,DLY,6.144518,311957,79836097965.73,12993061832
2026-09-01,DLZ,0.507424,44,10994770.53,21667812
2026-09-01,DMG,7.038125,15269,3135000498.86,445431221
2026-09-01,DMI,1.000028,1,939950913.01,939924797
2026-09-01,DMR,59.444539,1,17623471135.11,296469134
2026-09-01,DMV,71.431989,2,343328281.77,4806366
2026-09-01,DMZ,65.148601,5,651486006.67,10000000
2026-09-01,DNA,10.210612,5,2032151095.83,199023445
2026-09-01,DNF,1.370698,154,371980330.27,271380149
2026-09-01,DNH,1.167063,61,17255593.95,14785484
2026-09-01,DNK,1.732432,127,655907618.26,378605008
2026-09-01,DNL,56.05003,1,223342889.68,3984706
2026-09-01,DNM,53.260129,1076,1443236321.85,27097875
2026-09-01,DNP,1.452153,327,2010825431.09,1384720559
2026-09-01,DNU,47.746598,15,39252717.24,822105
2026-09-01,DOC,48.264754,174,4932815773,102203272
2026-09-01,DOD,70.542619,159,14726211421.25,208756232
2026-09-01,DOH,2.383144,15117,12921627134.63,5422093458
2026-09-01,DOL,53.184465,379,5880917453.2,110575850
2026-09-01,DOR,73.886217,1,532133115.38,7202062
2026-09-01,DOS,68.609448,3,2089992243.85,30462164
2026-09-01,DOV,61.056723,17178,74275699950.37,1216503213
2026-09-01,DP1,17.96035,7,5111099734.85,284576837
2026-09-01,DP2,66.947817,11,375228789.15,5604795
2026-09-01,DP3,71.25656,4,333536211.55,4680779
2026-09-01,DP4,75.182931,3,548402566.48,7294243
2026-09-01,DP5,84.207596,1,1823673306.75,21656874
2026-09-01,DP6,48.301247,212,1940627471.47,40177585
2026-09-01,DP7,61.730716,3,555686452.23,9001782
2026-09-01,DP8,48.355222,49,399244066.69,8256483
2026-09-01,DP9,48.278125,155,6101826191.01,126389046
2026-09-01,DPB,24.560289,3137,11320865706.87,460941877
2026-09-01,DPC,100.235518,1,335017472.87,3342303
2026-09-01,DPE,22.942956,1,1501769700.91,65456679
2026-09-01,DPG,102.16346,2,585824995.76,5734193
2026-09-01,DPI,8.942725,126,311333578.34,34814174
2026-09-01,DPK,8.728224,1358,872123336.35,99919909
2026-09-01,DPL,103.162245,1,2320127548.7,22490084
2026-09-01,DPN,58.460614,1,2293994.49,39240
2026-09-01,DPP,150.995725,2,54112941.88,358374
2026-09-01,DPT,18.040885,5007,297926075.7,16513939
2026-09-01,DPZ,83.666461,1,123933957.87,1481286
2026-09-01,DRA,1.230873,47,42204243.5,34288044
2026-09-01,DRD,56.069725,149,1732464676.14,30898398
2026-09-01,DRH,1.735163,71,639792562.05,368721809
2026-09-01,DRT,1.237638,515,42270702.45,34154345
2026-09-01,DSC,67.567193,1,1004055781.26,14860108
2026-09-01,DSD,72.774549,1416,3839523435.37,52759151
2026-09-01,DSH,2.257053,1414,4549220831.77,2015558221
2026-09-01,DSP,14.961294,1176,147254751.87,9842381
2026-09-01,DSV,49.629383,44,905213252.27,18239462
2026-09-01,DTH,1.360366,230,236699347.83,173996752
2026-09-01,DTL,4.128512,3200,161661556.84,39157344
2026-09-01,DTM,1.462522,2746,60227961.81,41180899
2026-09-01,DTO,47.971583,131,119194511.61,2484690
2026-09-01,DTP,1.898638,4,1720109052.66,905970033
2026-09-01,DTV,70.214034,4,4239214646.86,60375603
2026-09-01,DTZ,5.457939,8362,512298662.17,93863021
2026-09-01,DUC,0.315548,12,109293.38,346361
2026-09-01,DUD,53.149273,280,442604082.82,8327566
2026-09-01,DUH,1.160535,509,144400486.43,124425817
2026-09-01,DUT,47.827792,244,883276725.97,18467855
2026-09-01,DUV,1.332646,212,62414434.34,46834956
2026-09-01,DVC,69.437654,1,57286064.18,825000
2026-09-01,DVI,78.280898,2,197494798.75,2522899
2026-09-01,DVN,65.745897,1,314892473,4789538
2026-09-01,DVO,5.386821,1,34516524,6407587
2026-09-01,DVS,1.589558,316,355888671.48,223891626
2026-09-01,DVT,9.893316,11073,881829631.61,89133881
2026-09-01,DVU,8.805392,5,1438022716.39,163311605
2026-09-01,DVZ,67.356828,1,1415271762.42,21011556
2026-09-01,DXP,1.904814,1045,46854656.63,24598026
2026-09-01,DYJ,48.744915,154,1145066658.89,23490997
2026-09-01,DYN,4.493209,1629,58350778.08,12986438
2026-09-01,DYS,1.678154,13,19484697.38,11610791
2026-09-01,DZ2,1.399852,2,12461240841.13,8901825523
2026-09-01,DZE,1.004598,2848,193070240.74,192186500
2026-09-01,DZM,87.430729,4115,11378076907.02,130138191
2026-09-01,DZP,61.173704,2,463721148.49,7580400
2026-09-01,DZS,1.589978,123,52736370.61,33167983
2026-09-01,EBD,0.259793,579,79590881,306362460
2026-09-01,EBI,57.390225,25,813695539.31,14178295
2026-09-01,EBS,49.554272,34,4638246677.04,93599331
2026-09-01,EC2,85.723155,1934,64160935.65,748466.8
2026-09-01,ECA,2.049592,786,338226197.11,165021200
2026-09-01,ECB,54.062244,3170,879792955.73,16273704
2026-09-01,ECV,0.494371,2413,95100720.82,192366982.183
2026-09-01,EDD,1.150843,911,28448877.69,24720038
2026-09-01,EDN,1.045854,35,280900213.94,268584506
2026-09-01,EDP,1.183014,54,75523159.82,63839605
2026-09-01,EDT,2.284483,624,969078228.82,424200273
2026-09-01,EDU,3.637261,688,368295634.84,101256317
2026-09-01,EES,50.914117,1,406525246.14,7984529
2026-09-01,EGP,57.973973,49,264556052.16,4563359
2026-09-01,EGR,1.04421,130,274170726.99,262562730
2026-09-01,EHS,2.533165,3,597672231.42,235938967
2026-09-01,EIB,0.69062,502,307726601.57,445580456
2026-09-01,EID,1.946635,1834,90229553.78,46351560
2026-09-01,EIL,5.340671,1451,1061675116.81,198790583
2026-09-01,EJG,9.670393,1,661640625.51,68419205
2026-09-01,EKF,0.138245,4939,1541525419.03,11150641487
2026-09-01,EKL,1.843012,1316,2349170632.59,1274636437
2026-09-01,ELZ,13.860526,702,289770285.74,20906153
2026-09-01,EME,1.094001,15,36526673.7,33388148
2026-09-01,EML,1.252427,967,43136558.66,34442373
2026-09-01,ENA,1.151088,1643,37507645.26,32584513
2026-09-01,ENJ,1.395167,674,59730672.32,42812549
2026-09-01,ENO,48.830975,115,70460313.78,1442943
2026-09-01,ENR,1.218434,13453,1962679442.29,1610821633
2026-09-01,ENS,1.213494,1779,43219896.18,35616063
2026-09-01,EP1,1.080111,1926,13989906994.87,12952287915
2026-09-01,EPA,1.392504,157,560319323.48,402382614
2026-09-01,EPI,1.139895,340,287657851.9,252354636
2026-09-01,EPK,1.383871,1547,240496955.47,173785663
2026-09-01,EPO,62.89922,1,464824921.04,7389995
2026-09-01,EPP,1.497896,50,1939733016.99,1294971524
2026-09-01,EPT,1.351124,69,1290469579.99,955108439
2026-09-01,ESG,4.102065,81,11053614.16,2694646
2026-09-01,ESN,1.75934,12,41365266.39,23511812
2026-09-01,ESP,0.344544,274,24148420.6,70088024
2026-09-01,ETN,1.012119,12,223652326.57,220974318
2026-09-01,EUN,64.450448,3536,6205138822.59,96277668
2026-09-01,EUZ,63.259734,38735,144737284362.11,2287984393
2026-09-01,EVM,1.170053,615,45198578.47,38629501
2026-09-01,EYT,3.062891,496,43491127.64,14199373
2026-09-01,EZM,44.799418,1,4479941.83,100000
2026-09-01,FAK,1.302855,364,20556904.14,15778348
2026-09-01,FAL,1.265844,636,334662864.85,264379175
2026-09-01,FBC,2.014779,5778,172684907.53,85709086
2026-09-01,FBI,53.440352,5000,17022184101.86,318526799
2026-09-01,FBN,5.5126,414,2351706563.53,426605660
2026-09-01,FBV,7.757682,1922,654049714.67,84309938
2026-09-01,FBZ,4.818921,400,301425212.06,62550356
2026-09-01,FCK,1.833383,554,298741992,162945720
2026-09-01,FCS,2.361077,179,2232587296.07,945579884
2026-09-01,FD1,2.051286,142,19546140.55,9528723
2026-09-01,FDE,48.283056,881,4415968318.34,91460000
2026-09-01,FDG,2.674966,785,70194334.8,26241207
2026-09-01,FDO,61.87914,1,293143947.01,4737363
2026-09-01,FDV,6.120014,1,1499403310.79,245000000
2026-09-01,FDZ,0.304309,11,224376243.89,737329526
2026-09-01,FFD,0.051611,631,356282680.59,6903235186
2026-09-01,FFF,65.278954,1,1074672989.59,16462779
2026-09-01,FFH,8.805982,2140,1657665411.38,188243114
2026-09-01,FFO,59.274313,7,106803657.21,1801854
2026-09-01,FFP,7.825038,2391,2001504153.61,255782022
2026-09-01,FHI,1.432061,11,70133891.77,48974090
2026-09-01,FHP,3.442181,49,10417467730.35,3026415042
2026-09-01,FHZ,65.430755,3,744124939.45,11372709
2026-09-01,FI3,808.848501,9734,1672996198.05,2068367.804
2026-09-01,FI5,750.78097,53360,118154095868.43,157374921
2026-09-01,FIB,0.513325,12480,5171485088.37,10074480985.58
2026-09-01,FID,1.048924,1675,872554370.84,831856983
2026-09-01,FIL,0.376019,21003,13996999693.69,37224189221
2026-09-01,FIT,0.235436,587,245751269.04,1043813214
2026-09-01,FJB,7.257571,742,405191243.93,55830146
2026-09-01,FJC,60.606458,96,1293384900.21,21340711
2026-09-01,FJM,58.242064,1646,7877665023.91,135257313
2026-09-01,FJN,58.024739,1222,5064371850.74,87279529
2026-09-01,FJZ,66.724177,809,1504305905.51,22545140
2026-09-01,FKE,59.788868,12197,49592822089.4,829465808
2026-09-01,FKV,48.388079,475,2317305115.25,47890000.01
2026-09-01,FLS,62.984901,2298,4140163695.44,65732638
2026-09-01,FLY,1.633368,2274,110437404.25,67613289
2026-09-01,FMG,3.529111,10413,13426032553.4,3804366330
2026-09-01,FMS,55.282426,1,610954668.73,11051517
2026-09-01,FMV,1.437841,32,165199570.54,114894182
2026-09-01,FNN,0,1,0,0
2026-09-01,FNO,0.207874,6553,10927010344.56,52565477671.035
2026-09-01,FNT,2.212903,1833,645683454.96,291781169
2026-09-01,FP4,0.724271,131,121982539.7,168421151
2026-09-01,FPE,77.01026,1426,340055589.48,4415718
2026-09-01,FPG,2.303639,2068,877977851.37,381126500
2026-09-01,FPH,35.001762,4498,1279592079.49,36557933
2026-09-01,FPI,2.671017,216,83173364.54,31139210
2026-09-01,FPK,0.099306,1199,267090790.79,2689569228
2026-09-01,FPR,10.97331,30,165524839.1,15084312
2026-09-01,FPZ,69.639638,19444,133777223196.79,1920992517
2026-09-01,FR1,0.763925,20,202742955.6,265396484
2026-09-01,FRA,32.170301,2,525862880.73,16346222
2026-09-01,FRC,1.500272,210,73518975.13,49003768
2026-09-01,FRZ,15.244421,2,272884936.84,17900643
2026-09-01,FS1,1.511116,231,135664906.17,89777964
2026-09-01,FS2,2.346238,26,50453377.04,21503948
2026-09-01,FS3,1.223443,21,1038587090.9,848905511
2026-09-01,FS4,1.648875,20,846494271.16,513376841
2026-09-01,FS5,2.369997,28,41181647.43,17376244
2026-09-01,FS6,1.916317,362,125963412.26,65732042
2026-09-01,FSF,6.997795,7766,11780046000.84,1683393909.997
2026-09-01,FSG,3.781804,730,669788484.65,177108184
2026-09-01,FSH,4.857019,542,375931980.96,77399731
2026-09-01,FSK,6.185273,2601,5887778743.68,951902805
2026-09-01,FSM,2.555004,21,342986410.98,134241049
2026-09-01,FSP,20.64255,21,135022.92,6541
2026-09-01,FSR,47.96926,2472,4884804875.7,101831983
2026-09-01,FSU,1.411249,5421,1248513953.36,884687150
2026-09-01,FSV,56.003595,1653,10295140821.84,183830000.01
2026-09-01,FTL,1.548723,670,224316294.54,144839478.313
2026-09-01,FTY,48.256274,1240,7993169258.74,165640000
2026-09-01,FUA,5.407112,4775,326128062.9,60314650
2026-09-01,FUB,0.760983,2159,929533794.76,1221491187
2026-09-01,FUM,63.466198,2,456387461.92,7191032
2026-09-01,FUN,1.602399,379,2515105996.37,1569587456
2026-09-01,FUP,101.840449,2,303418647.35,2979353
2026-09-01,FVL,5.015056,56,1424948866.08,284134204
2026-09-01,FYA,0.051961,146,1502370251.38,28913355250.69
2026-09-01,FYB,101.45777,9,202475518.49,1995663
2026-09-01,FYD,11.686149,5223,3182684529.9,272346732.194
2026-09-01,FYF,0.109583,10,38201649.39,348608449
2026-09-01,FYG,16.907401,2,97387796.12,5760069
2026-09-01,FYH,86.869743,21,622928329.57,7170832
2026-09-01,FYI,10.758182,205,54103284.61,5029036
2026-09-01,FYM,0.447119,15,337688383.69,755254621
2026-09-01,FYO,1.200532,1550,1973112985.82,1643532460.005
2026-09-01,FYT,0.370218,96759,3353872648.48,9059184820
2026-09-01,FYZ,5.9781,2,259549244.69,43416680
2026-09-01,FZJ,5.743058,2118,1171007428.74,203899642.629
2026-09-01,FZP,6.718622,559,824933465.09,122783139
2026-09-01,GA1,2.03226,1532,341879265.2,168226170
2026-09-01,GAC,77.907135,1,430645478.55,5527677
2026-09-01,GAE,0.460541,14556,1414078728.92,3070470219
2026-09-01,GAF,1.64359,1530,184954909.23,112531028
2026-09-01,GAG,18.272719,232,855608567.4,46824370
2026-09-01,GAH,12.756526,2701,371108506.41,29091659
2026-09-01,GAJ,63.959246,1,507520963.11,7935068
2026-09-01,GAL,413.998896,59740,122356069593.78,295546850
2026-09-01,GAN,8.655338,11,23309343.47,2693060
2026-09-01,GAS,0.320837,2274,3310918964.53,10319640135
2026-09-01,GAU,67.454877,5,2182861945.79,32360328
2026-09-01,GAV,63.141194,1,248839447.14,3941000
2026-09-01,GBC,0.31157,1674,253816373.14,814636879.475
2026-09-01,GBG,0.592456,4126,215541461.13,363809936
2026-09-01,GBH,4.17564,2785,2129541609.39,509991608
2026-09-01,GBJ,1.457248,1816,721091523.05,494830953
2026-09-01,GBL,0.878571,1698,2687062129.12,3058445728.969
2026-09-01,GBN,6.943227,390,6385529874.87,919677474
2026-09-01,GBP,71.579445,2,3864143373.13,53983981
2026-09-01,GBV,13.083174,22207,2203218235.52,168400901
2026-09-01,GBZ,3.583537,3287,1263209408.71,352503539
2026-09-01,GCA,71.840551,2,827415140.94,11517383
2026-09-01,GCC,6.131891,2,1361649996.85,222060386
2026-09-01,GCD,4.080782,20,1108126831.36,271547672
2026-09-01,GCI,65.068443,3,222917719.17,3425896
2026-09-01,GCZ,61.364974,1,11948680.85,194715
2026-09-01,GDJ,62.361344,4,505215939.11,8101428
2026-09-01,GDP,67.213574,1,1561777965.03,23236050
2026-09-01,GEC,77.023019,2,161709905.05,2099501
2026-09-01,GEI,19.033363,11,711614195.2,37387728
2026-09-01,GEZ,61.844811,1,410306678.92,6634456
2026-09-01,GFB,70.925386,4,422798073.18,5961167
2026-09-01,GFD,71.034565,2,110470113.44,1555160
2026-09-01,GFI,54.298792,3,1666886750.55,30698413
2026-09-01,GFL,11.152149,1,328842614.19,29486927
2026-09-01,GFN,80.958266,3,936965310.7,11573436
2026-09-01,GFY,71.070372,3,413829057.42,5822807
2026-09-01,GGA,67.799881,3,8364080092.28,123364230
2026-09-01,GGC,5.453333,5,191591938.5,35132999
2026-09-01,GGD,66.501356,2,6001093627.2,90240169
2026-09-01,GGK,14.083266,11937,2549866806.99,181056497
2026-09-01,GGM,8.574626,1,2935016741.86,342290935
2026-09-01,GGN,70.078652,4,487987505.47,6963426
2026-09-01,GGP,10.538533,1,73000.42,6927
2026-09-01,GGR,68.82003,3,1620635718.83,23548896
2026-09-01,GHS,40.126819,15144,2752876614.38,68604407
2026-09-01,GID,1.725772,1930,39686241.12,22996230
2026-09-01,GIE,3.658223,4555,74970832.39,20493782
2026-09-01,GIH,2.299256,651,9048824.9,3935544
2026-09-01,GJA,67.31201,3,960095167.23,14263356
2026-09-01,GJB,10.567191,968,75827825.28,7175779
2026-09-01,GJD,64.841854,3,410040560.03,6323702
2026-09-01,GJE,64.543175,2,149528012.52,2316713
2026-09-01,GJF,64.793601,2,236358245.43,3647864
2026-09-01,GJH,3.978596,23721,92537084372.75,23258730450
2026-09-01,GJM,42.300158,68,429974933.04,10164854
2026-09-01,GJO,60.361784,1,590304985.94,9779449
2026-09-01,GKE,0,0,0.01,0
2026-09-01,GKF,4.506909,682,42694594.13,9473143
2026-09-01,GKG,1.421737,1879,45234766.16,31816549
2026-09-01,GKH,4.53366,1832,6586378864.08,1452772862
2026-09-01,GKK,66.641858,2,2040414217.8,30617607
2026-09-01,GKL,15.599465,4,877457507.83,56249207
2026-09-01,GKM,48.837232,14,132037317.12,2703620
2026-09-01,GKO,0,0,0.01,0
2026-09-01,GKV,8.752593,4272,390673805.23,44635209
2026-09-01,GL1,1527.261085,950,1435109205.52,939662
2026-09-01,GLC,4.376829,71,16954793.86,3873762
2026-09-01,GLG,8.12572,339,26627196.17,3276903
2026-09-01,GLL,1.020197,42,50143973.85,49151273
2026-09-01,GLM,0.484625,11,4910674.16,10132926
2026-09-01,GLP,69.256491,4,568043192.17,8202021
2026-09-01,GLS,0.172042,1452,389501920.54,2263995196.001
2026-09-01,GLV,8.356927,23,113659606.37,13600646
2026-09-01,GMA,2.194454,1503,2866295643.33,1306154417.556
2026-09-01,GMC,8.018348,21156,4279000389.63,533651097
2026-09-01,GMD,2.767135,107,15723097.99,5682086
2026-09-01,GME,28.127844,2,396860784.64,14109179
2026-09-01,GMI,1.46764,5181,717096662.06,488605196
2026-09-01,GMM,48.568854,26,450198358.81,9269281
2026-09-01,GMN,1.379117,28,81020834.09,58748333
2026-09-01,GMO,2.972535,4,2362139897.87,794654932
2026-09-01,GMP,63.545193,1,1626750958.78,25599906
2026-09-01,GMR,1.376903,4529,174139938.69,126472234
2026-09-01,GMV,0,0,0.01,0
2026-09-01,GMZ,13.939783,2,371252501.13,26632587.787
2026-09-01,GNH,1.486379,192,8240269.25,5543853
2026-09-01,GNK,69.770168,1,488438827.64,7000683
2026-09-01,GNL,61.774219,3,1757781954.46,28454944
2026-09-01,GNP,1.489321,8492,2425515568.71,1628604910
2026-09-01,GNS,1.554892,1540,73642156.54,47361590
2026-09-01,GNZ,1.617191,468,1981005.87,1224967
2026-09-01,GO1,4.861411,748,81916669.03,16850390
2026-09-01,GO3,4.963009,453,37314630.36,7518550
2026-09-01,GO4,5.38499,739,49383576.87,9170597
2026-09-01,GO6,4.310403,4023,5340139367.47,1238895622
2026-09-01,GO9,2.753905,1691,443580492.22,161073263
2026-09-01,GOF,53.350618,332,399910415.8,7495891
2026-09-01,GOH,16.373655,8999,601890735.67,36759705
2026-09-01,GOL,2.849476,11984,4550857142.23,1597085783
2026-09-01,GOP,1.232048,1709,2351767045.81,1908827275
2026-09-01,GP1,4.236039,1,193651062.46,45715125
2026-09-01,GP3,64.672001,473,744383270.04,11510132
2026-09-01,GPA,23.50403,5423,871673291.91,37086120
2026-09-01,GPB,12.295089,9520,1260211626.93,102497153
2026-09-01,GPC,72.850688,3593,6857769758.75,94134591
2026-09-01,GPF,9.287786,3058,693362589.13,74653158
2026-09-01,GPG,17.104564,2972,1065378851.55,62286234
2026-09-01,GPH,45.521191,1,2669226.06,58637
2026-09-01,GPI,18.666199,2803,742044520.66,39753382
2026-09-01,GPJ,58.581113,2,865370164.62,14772170
2026-09-01,GPL,53.604269,37395,99652827632.91,1859046482
2026-09-01,GPM,62.836056,2,1309319800.89,20837078
2026-09-01,GPN,1.407042,4886,5485200481.45,3898391951
2026-09-01,GPT,2.792885,3126,104047931.65,37254639
2026-09-01,GPU,21.312091,2459,356115136.98,16709535
2026-09-01,GPV,67.583404,1,579392526.27,8573000
2026-09-01,GPZ,1.986133,197,5445581831.79,2741800543
2026-09-01,GRL,1.823595,287,532538610.65,292026835
2026-09-01,GRO,54.640631,27321,191967373944.22,3513271533
2026-09-01,GRT,1.617232,1930,121387681.87,75058937
2026-09-01,GSE,65.614276,107,1404826788.56,21410383
2026-09-01,GSG,71.71498,1,88416825.1,1232892
2026-09-01,GSL,3.498647,1,50869609.53,14539796
2026-09-01,GSO,15.479777,7,23271084857.18,1503321709
2026-09-01,GSP,0.580426,14270,4292284409.53,7395062739
2026-09-01,GSR,57.868346,2,268691989.64,4643160
2026-09-01,GSU,0,0,0.01,0
2026-09-01,GTA,1.627002,75733,24891772961.71,15299163389
2026-09-01,GTF,15.078141,509,151810815.68,10068271.203
2026-09-01,GTH,1.53145,784,29295554.36,19129290
2026-09-01,GTK,7.090825,1,28572245635.22,4029467144
2026-09-01,GTL,0.136188,349176,213835788646.76,1570156438504
2026-09-01,GTM,7.922726,13413,1051814654.5,132759178
2026-09-01,GTN,52.783679,2,1478604652.12,28012535
2026-09-01,GTY,6.447034,527,415645906.95,64470875
2026-09-01,GTZ,12.065665,62272,12857571434.34,1065633018
2026-09-01,GUA,6.042377,1,2065651993.54,341860798
2026-09-01,GUB,2.596212,9726,4635833967.55,1785614741
2026-09-01,GUC,1.48323,1,291239630.32,196354952
2026-09-01,GUF,0.928673,3760,616446095.37,663792495
2026-09-01,GUH,0.450562,38500,4716765583.87,10468623748
2026-09-01,GUK,1.445751,2689,1160553294.7,802734043
2026-09-01,GUM,12.992418,52825,6814885375.01,524527872
2026-09-01,GUV,1.762806,1877,765882058.22,434467604
2026-09-01,GVA,4.120132,3425,97174851.7,23585376
2026-09-01,GVB,68.580628,3,3600458305.34,52499640
2026-09-01,GVC,64.926855,1,307705764.44,4739268
2026-09-01,GVD,18.435967,1,407711.41,22115
2026-09-01,GVI,5.656139,4581,1185688485.53,209628591
2026-09-01,GVL,67.192318,3,528945584.05,7872114
2026-09-01,GVZ,73.986767,2,409394975.16,5533354
2026-09-01,GYC,4.127432,1,20720048198.68,5020082762
2026-09-01,GYG,72.09824,4,507302828.67,7036272
2026-09-01,GYK,0.115908,276,84281019.15,727139467
2026-09-01,GYL,14.747609,7459,862359951.42,58474559.569
2026-09-01,GYN,69.531134,1,1433284551.55,20613565
2026-09-01,GYR,63.911664,5,594841640.7,9307247
2026-09-01,GZB,7.570602,1,1438414392.09,190000000
2026-09-01,GZD,62.501866,3,54795261.11,876698
2026-09-01,GZE,7.956335,4111,1466455400.65,184312931
2026-09-01,GZG,7.514153,4556,495452449.49,65935897
2026-09-01,GZH,4.784347,5609,364198921.25,76123008
2026-09-01,GZJ,8.764663,5218,1741604525.76,198707530
2026-09-01,GZL,5.735217,6027,378062100.17,65919407
2026-09-01,GZM,10.29127,1001,664561755.73,64575290
2026-09-01,GZN,50.718563,1080,387908100.49,7648247
2026-09-01,GZO,70.415988,1,85259537.46,1210798
2026-09-01,GZP,7.743731,10223,3890581222.97,502416906
2026-09-01,GZR,11.550672,1971,1056803197.93,91492788
2026-09-01,GZU,68.223877,2,465945135.82,6829649
2026-09-01,GZV,8.782371,1374,100443470.96,11436943
2026-09-01,GZY,7.670968,2307,68089617.94,8876274
2026-09-01,GZZ,7.0352,1248,66266231.42,9419239
2026-09-01,HAE,56.467135,1241,2928720129.92,51865924
2026-09-01,HAG,62.560319,45,427112062.75,6827204
2026-09-01,HAI,1.029307,330,11703637.31,11370402
2026-09-01,HAM,3.164128,7612,1594907499.49,504059125
2026-09-01,HAR,1.079875,68,36356672.38,33667475
2026-09-01,HAT,1.872233,82,3324333.81,1775598
2026-09-01,HB1,50.883409,335,18358380628.05,360793053
2026-09-01,HB2,58.100519,175,12062541186.3,207615034
2026-09-01,HBF,51.828215,10831,6385232486.77,123199930
2026-09-01,HBJ,1.552078,1,155207.79,100000
2026-09-01,HBN,4.34313,1066,533770674.99,122899999
2026-09-01,HBU,1.46031,2743,475436758.72,325572521
2026-09-01,HBV,18.974735,17,1091804887.28,57539929
2026-09-01,HCV,1.027171,681,171322500.17,166790697
2026-09-01,HDA,3.148312,521,96362134.71,30607557
2026-09-01,HDD,1.086569,147,10974424.4,10100070
2026-09-01,HDE,57.853625,4460,9325300142.5,161187829
2026-09-01,HDH,8634.067108,17,31931681210.65,3698336
2026-09-01,HDJ,6.684121,11,16573985.89,2479606
2026-09-01,HDK,3.019581,127,12145854.74,4022364
2026-09-01,HDS,17.143823,13,1563890369.44,91221799
2026-09-01,HDV,66.856937,2238,4993537461.98,74689893
2026-09-01,HEH,3.321444,1455,539180766.81,162333227
2026-09-01,HFA,3.13695,2,4939848858.02,1574729725
2026-09-01,HFI,1.824646,132,62258268.35,34120730
2026-09-01,HFO,1.026679,176,5815619.11,5664497
2026-09-01,HFR,1.437137,428,30387731.04,21144633
2026-09-01,HFV,64.233249,3253,8846271401.31,137721064
2026-09-01,HFY,1.322669,38,1051942424.43,795317836
2026-09-01,HGC,53.341061,284,473342602.47,8873888
2026-09-01,HGH,1.776593,19,40041842.82,22538553
2026-09-01,HGJ,31.430515,12,3428973067.71,109096943
2026-09-01,HGM,4.224914,1806,154613468.9,36595647.711
2026-09-01,HGR,1.34166,149,30445617.6,22692505
2026-09-01,HGT,96.285424,14,3409789805.51,35413354
2026-09-01,HGU,5.08004,2,2849996664.93,561018563
2026-09-01,HGV,4.884278,372,23456596.62,4802470
2026-09-01,HIA,1.564985,261,1379377921.32,881399857
2026-09-01,HIF,0.535845,55,11480143.61,21424365
2026-09-01,HIH,1.409508,4638,223961703.94,158893561
2026-09-01,HII,3.356836,1,1105631561.43,329367203
2026-09-01,HIM,4.01677,206,282352288.6,70293370
2026-09-01,HIP,2.195453,1253,2150103958.67,979344262
2026-09-01,HIS,3.081826,12,1255045.94,407241
2026-09-01,HIZ,2.069374,1049,209041342.1,101016691
2026-09-01,HJA,23.931171,13,2222057636.69,92852023
2026-09-01,HJB,4.695935,1553,108595079.12,23125339
2026-09-01,HKG,1.550843,1067,38200485.11,24632084
2026-09-01,HKH,8.785164,13373,798531880.14,90895499
2026-09-01,HKJ,1.422264,2291,14153243464.08,9951204020
2026-09-01,HKM,4.099433,911,50672522.81,12360861
2026-09-01,HKP,5.930784,76,178775634.83,30143678
2026-09-01,HKR,3.947331,1480,1447636309.1,366738014
2026-09-01,HKV,597.955056,36879,4186553023.43,7001451
2026-09-01,HLA,2.007729,10,44530752.96,22179665
2026-09-01,HLL,0.386567,1028923,50177951888.33,129803903413.95
2026-09-01,HLR,111.461071,13,3523251123.69,31609701
2026-09-01,HMC,8.170104,114,464587471.67,56864328
2026-09-01,HME,54.800546,8230,27946427017.52,509966214
2026-09-01,HMG,0.068779,6165,7440807340.55,108184717421
2026-09-01,HMK,301.678723,47,99059527.07,328361
2026-09-01,HML,48.323941,39,15709388.49,325085
2026-09-01,HMS,0.094022,3998,333653559.01,3548661295
2026-09-01,HMT,7.222209,22,616379939.23,85345075
2026-09-01,HMV,15.014697,13,13321557496.62,887234531
2026-09-01,HNS,48.539195,169,606470349.39,12494446
2026-09-01,HOA,0.243635,3344,2052682687.67,8425231297
2026-09-01,HOY,0.368485,2542,1367728194.66,3711762790
2026-09-01,HP3,59.095451,183,738700175.51,12500119
2026-09-01,HPC,11.867451,7,36994247723.3,3117286856
2026-09-01,HPD,0.216034,1456,288271677.66,1334379757
2026-09-01,HPF,29.136984,12,1257235204.14,43149120
2026-09-01,HPH,2.398955,9247,6345298507.18,2645026127
2026-09-01,HPI,5.635924,14,193955138.14,34414080
2026-09-01,HPJ,3.973986,1,36457576.1,9174058
2026-09-01,HPL,0.955243,24,278754417.56,291815213
2026-09-01,HPO,0.172077,2872,1096839087.65,6374128415
2026-09-01,HPT,0.114641,10226,3316348413.99,28928200420
2026-09-01,HPV,7.864176,339095,8983297566.08,1142306212.001
2026-09-01,HPZ,544.713589,17,5306055.07,9741
2026-09-01,HRZ,2.24963,6441,270071930.3,120051686
2026-09-01,HSA,1640.793025,2374,4078192705.47,2485501
2026-09-01,HSL,417.245001,24286,26200946972.32,62795113
2026-09-01,HSP,46.027156,60,101484494.74,2204883
2026-09-01,HST,1.022618,3716,402686053.23,393779527.328
2026-09-01,HTF,1.463128,540,5197968245.26,3552641450
2026-09-01,HTJ,1.979818,239,39603378.83,20003548
2026-09-01,HTK,1.03508,903,123808217.12,119612169
2026-09-01,HTS,59.627342,2640,4891786437.56,82039318
2026-09-01,HTZ,11.84113,13,82130856.63,6936066
2026-09-01,HUI,91.858544,1,2167830036.55,23599656
2026-09-01,HUS,0.003538,12,2012972.42,568993837
2026-09-01,HVA,242.602807,16,116732707.24,481168
2026-09-01,HVB,1.959824,13,2256009333.76,1151128347
2026-09-01,HVC,26.704238,16,72841950.87,2727730
2026-09-01,HVI,1.290094,368,41488569.4,32159327
2026-09-01,HVK,4.874945,1447,514033665.76,105443988
2026-09-01,HVL,20.536153,11,2883275.94,140400
2026-09-01,HVN,5.918889,12,5901777.22,997109
2026-09-01,HVS,1.599375,10107,2681746393.36,1676746931
2026-09-01,HVT,4.78891,1810,732217698.83,152898600
2026-09-01,HVU,5.655249,791,17312208.01,3061263.74
2026-09-01,HVV,70.060709,1,3191415238.49,45552140
2026-09-01,HVZ,6.71505,1791,89290964.09,13297140
2026-09-01,HYK,11.592123,23,213054597.27,18379256
2026-09-01,HYP,10.790935,62,566463601.82,52494396
2026-09-01,HYU,1.818076,233,884946881.15,486749238
2026-09-01,HYV,6.406763,6575,6240458250.89,974042327
2026-09-01,HYY,12.55236,1,5918682735.17,471519535
2026-09-01,HZV,6.408884,3,1049740025.42,163794514
2026-09-01,IAC,5.221477,1,3620671232.77,693419042
2026-09-01,IAE,2.162598,449,287108943.26,132761103
2026-09-01,IAI,5.973138,1,68065880.84,11395330
2026-09-01,IAJ,0.968579,12,2048204.75,2114650
2026-09-01,IAM,1.749359,2806,78560438.26,44908126
2026-09-01,IAR,78.821678,22,148822422.17,1888090
2026-09-01,IAS,2.090191,17,3370336571.51,1612453728
2026-09-01,IAT,0.198596,8922,1875067459.55,9441606495.206
2026-09-01,IAU,2.678307,212,33120106.55,12366059
2026-09-01,IAY,1.523436,197,44687860.21,29333597
2026-09-01,IBB,15.775243,8814,1352893405.65,85760545
2026-09-01,IBC,19.686097,5,421851268.32,21428893
2026-09-01,IBE,17.090115,12,566122489.12,33125727
2026-09-01,IBG,1.662121,11,554723118.14,333744116
2026-09-01,IBJ,65.888308,23,824446762.66,12512793
2026-09-01,IBK,0.137861,121065,230000868.42,1668358055
2026-09-01,IBM,3.940657,16,213954877.74,54294216
2026-09-01,IBP,72.148664,4,4826209357.14,66892567
2026-09-01,IBR,0.308734,82,1865507406.79,6042440247
2026-09-01,ICA,0.560067,2839,608308572.42,1086135073
2026-09-01,ICC,1.349643,269,26542164.27,19666069
2026-09-01,ICD,135.646173,195,34775880.74,256372
2026-09-01,ICE,129.11836,4700,1653681462.48,12807485
2026-09-01,ICF,192.88793,520,21353851.21,110706
2026-09-01,ICG,71.26669,1,714600650.59,10027134
2026-09-01,ICH,2.521635,5178,1296299158.5,514070935
2026-09-01,ICN,4.361086,16,366044662.99,83934296
2026-09-01,ICS,49.894475,56,17396058.05,348657
2026-09-01,ICV,6.00753,45,6264279.44,1042738
2026-09-01,ICZ,9.282944,22422,1072114682.49,115492961
2026-09-01,IDD,0.157412,25,32903871.23,209030711
2026-09-01,IDF,77.794498,4332,12842045510.73,165076526
2026-09-01,IDH,13.213079,19952,920075298.62,69633677
2026-09-01,IDI,1.764849,962,70557391.45,39979277
2026-09-01,IDL,6.111005,3800,4482471636.08,733508048
2026-09-01,IDO,58.725426,15411,76874408087,1309048108
2026-09-01,IDP,1.956082,23,135587570.82,69315905
2026-09-01,IDV,72.031682,2,560881605.09,7786596
2026-09-01,IDY,0.23797,2501,736695562.32,3095749343.126
2026-09-01,IED,1.047939,1282,63186164.86,60295666
2026-09-01,IEN,1.252598,98,18069260.05,14425430
2026-09-01,IEV,5.22682,4181,102927473.86,19692180
2026-09-01,IEZ,4.429999,3,89359532.84,20171458
2026-09-01,IFD,60.762233,9,1215244652.01,20000000
2026-09-01,IFN,9.225447,426,3675925.49,398455
2026-09-01,IFV,4.71079,194,23787807.76,5049643
2026-09-01,IFY,7.724381,1,100416949.83,13000000
2026-09-01,IGF,68.984609,2,1457796960.27,21132206
2026-09-01,IGL,586.072096,16942,4755928760.17,8114921
2026-09-01,IGM,66.928089,3,1297603604.4,19388027
2026-09-01,IGZ,11.664402,3,499108537.71,42789037
2026-09-01,IH1,0.929807,86,177239973.19,190620175
2026-09-01,IHA,3.106476,312,5315627.52,1711144
2026-09-01,IHC,8.018111,497,411546778.17,51327146
2026-09-01,IHK,16.599095,28890,1627731377.39,98061451
2026-09-01,IHP,1.807138,276,68412324.22,37856733
2026-09-01,IHT,3.743517,3303,78685854.21,21019234
2026-09-01,IHV,1.854765,46,313645678.44,169102646
2026-09-01,IHY,6.066224,1,203818698.52,33598940
2026-09-01,IHZ,0.852417,68,2546547.68,2987445
2026-09-01,IIA,4.121806,11,1577955980.27,382831186
2026-09-01,IIC,6.727423,13,4912276.53,730187
2026-09-01,IIE,5.289069,3579,541272597.41,102337977
2026-09-01,IIF,1.578129,13,506599834.6,321012874
2026-09-01,IIH,33.463415,21517,1785984103.38,53371245
2026-09-01,IIN,1.428021,145,1624323602.6,1137464668
2026-09-01,IIS,43.899163,146,1402100528.16,31939117.248
2026-09-01,IJA,14.04644,1215,178537185.83,12710493.471
2026-09-01,IJB,6.668191,7046,228628865.73,34286490
2026-09-01,IJC,15.658451,45885,4709176739.58,300743470
2026-09-01,IJE,68.443883,4,33302671.82,486569
2026-09-01,IJF,9.611495,2,882159663.05,91781736
2026-09-01,IJH,7.308613,392,33610938.7,4598812
2026-09-01,IJI,10.665663,283,207951479.58,19497286
2026-09-01,IJK,64.327476,3,289030617.74,4493113
2026-09-01,IJL,53.980596,12,357168066.25,6616601
2026-09-01,IJP,9.232742,12722,650698572.04,70477284
2026-09-01,IJT,7.381953,1623,1169335262.16,158404603
2026-09-01,IJV,5.70373,2820,2982557640.64,522913550
2026-09-01,IJZ,14.835717,15740,947161572.26,63843330
2026-09-01,IK2,47.987998,94,205005832.31,4272023
2026-09-01,IKL,10.056002,5420,276141309.93,27460347
2026-09-01,IKP,9.074472,12907,1004774919.77,110725437
2026-09-01,IKV,1.534507,1201,192635188.53,125535519
2026-09-01,ILC,51.538695,220,1432845153.32,27801347.01
2026-09-01,ILE,5.248308,1,11683642236.92,2226173174
2026-09-01,ILH,4.047807,11408,176687255736.23,43650119000.47
2026-09-01,ILI,5.913959,15,799532650.82,135194151
2026-09-01,ILM,7.142057,13,310866216.47,43526148
2026-09-01,ILP,62.987357,6,3134662082.54,49766528
2026-09-01,ILU,1.311656,4,2410017069.77,1837384432
2026-09-01,ILZ,8.275597,6446,1152989121.09,139323978
2026-09-01,IMB,1.202258,181,4250799.8,3535680
2026-09-01,IMF,5.737035,19,381799934.59,66550045
2026-09-01,IMG,49.619437,138,906221760.89,18263443
2026-09-01,IMH,6.526128,1,700838463.61,107389633
2026-09-01,IML,1.758661,4636,875740674.71,497958773
2026-09-01,IMO,6.063331,2,5207175800.01,858797825
2026-09-01,IMS,15.337844,4,570162109.73,37173550
2026-09-01,IMT,72.082614,4,728573509.44,10107479
2026-09-01,IMY,75.05897,6,1611444561.82,21469047
2026-09-01,IMZ,75.076755,4,311384369.32,4147547.001
2026-09-01,INH,14.982749,379,237019380.73,15819486
2026-09-01,INV,48.347298,1,2060316588.63,42614927
2026-09-01,INZ,3.501585,16,120455674.59,34400325
2026-09-01,IOG,14.169409,18859,13744359437.49,970002275
2026-09-01,IOH,52.739188,31,142702703.02,2705819.1
2026-09-01,IOJ,52.191195,39,187176101.01,3586354.01
2026-09-01,IOL,67.251692,1,962049708.83,14305212
2026-09-01,IOM,3.826831,13,564794459,147588046
2026-09-01,ION,0.856095,15,51374105.8,60009826
2026-09-01,IOO,4.657071,6361,24701294925.39,5304041098
2026-09-01,IOP,6.399306,6421,6788290087.28,1060785379
2026-09-01,IOT,59.993172,6,270121655.26,4502540
2026-09-01,IOV,57.887,1,573511347.46,9907429
2026-09-01,IPA,0.751053,16,603776502.69,803906870
2026-09-01,IPB,0.883033,15050,1062183360.95,1202880630.571
2026-09-01,IPC,24.960027,1,14352015.75,575000
2026-09-01,IPE,9.668783,3,4028167762.88,416615784
2026-09-01,IPF,0.124031,22,137056213.14,1105011730
2026-09-01,IPG,9.663173,1727,351524697.51,36377770
2026-09-01,IPJ,19.910855,18576,1294873191.67,65033529
2026-09-01,IPK,57.900415,1,3298602873.88,56970280
2026-09-01,IPO,48.804404,1,538139764.12,11026459
2026-09-01,IPP,0.18312,163,6976843746.2,38099877232
2026-09-01,IPR,34.023099,1,20924205.72,615000
2026-09-01,IPU,48.949169,1,5710587333.3,116663621
2026-09-01,IPV,78.899124,11809,2073281113.24,26277619
2026-09-01,IRB,1.329418,760,1262332287.25,949537594
2026-09-01,IRE,47.397508,60,115468056.24,2436163.02
2026-09-01,IRF,7.547192,1995,539001256.98,71417453
2026-09-01,IRL,17.980372,16,272360770.41,15147672
2026-09-01,IRO,2.059466,82,39779747.48,19315563
2026-09-01,IRT,7.921113,1537,127859556.76,16141616
2026-09-01,IRV,7.080202,57,383038135.23,54099887
2026-09-01,IRY,4.048255,2310,1778463593.01,439316101
2026-09-01,ISR,19.433032,6,965037859.71,49659665
2026-09-01,ISS,0.270439,7,209782931.42,775713881
2026-09-01,IST,0.196871,3079,1716794128.55,8720390601.89
2026-09-01,ITA,73.655951,1,826517956.6,11221333
2026-09-01,ITC,1.162857,284,24669574.67,21214633
2026-09-01,ITD,69.289731,1,2563738903.32,37000272
2026-09-01,ITJ,10.423781,12,276409616.88,26517213
2026-09-01,ITL,4.619638,1,4740986648.09,1026267998
2026-09-01,ITP,13.233494,11243,1018998019,77001436
2026-09-01,ITR,4.472648,1,1098339499.11,245568075
2026-09-01,ITV,48.403943,30,851721398.8,17596116.02
2026-09-01,ITZ,61.638532,3,2048538010.93,33234698
2026-09-01,IUA,68.19975,52,421478680.3,6180062
2026-09-01,IUB,72.30525,3,348128809.83,4814710
2026-09-01,IUC,1.953134,1,947960513.46,485353634
2026-09-01,IUF,69.267526,7713,22457070848,324207779
2026-09-01,IUH,6.296918,718,12607271.53,2002133.661
2026-09-01,IUM,67.764685,1,411708271.79,6075558
2026-09-01,IUN,77.214504,4,302828798.55,3921916
2026-09-01,IUV,67.846064,6393,21384613508.84,315193134
2026-09-01,IUZ,4.812704,1254,1478543339.77,307216762
2026-09-01,IV2,24.237182,14,1484260527.68,61238989
2026-09-01,IV6,66.11563,1,1654086772.29,25018090
2026-09-01,IV7,5.077387,1,554982222.93,109304696
2026-09-01,IV8,2.321512,138,35638754.86,15351526
2026-09-01,IVF,6.650227,1282,81609848.92,12271739
2026-09-01,IVS,6.038095,26,275803230.59,45677189.29
2026-09-01,IVY,6.055645,13092,753738562.47,124468760
2026-09-01,IYB,5.979285,312,92876667.44,15533073
2026-09-01,IYP,2.999342,2,2299389746.1,766631358.323
2026-09-01,IYR,0.141741,7,230796065.79,1628295591
2026-09-01,IYS,1.354445,16,5920120412.8,4370883210
2026-09-01,IYV,1.116527,69,189708507.16,169909433
2026-09-01,IZA,1.99212,1,485548662.77,243734656
2026-09-01,IZB,11.032464,88,173935203.8,15765762
2026-09-01,IZE,65.467229,1,267677694.32,4088728
2026-09-01,IZL,52.536524,19,107616557.21,2048414.11
2026-09-01,IZS,10.390986,57,108261756.76,10418815
2026-09-01,IZV,10.475391,2,114647089.13,10944421
2026-09-01,IZY,48.511101,27,50149175.82,1033767.01
2026-09-01,JET,2.338794,17051,520046196.09,222356542
2026-09-01,JOT,58.933446,1,1161555185.68,19709609
2026-09-01,JUP,0.541268,55,55006333.25,101625014
2026-09-01,KAC,3.947842,1753,18807211875.35,4763922019
2026-09-01,KAN,6971.716719,38,5528271574.23,792957
2026-09-01,KAV,57.988219,5723,17953628363.14,309608204
2026-09-01,KBJ,4.202826,101,667642251.97,158855541
2026-09-01,KBP,1.764726,5,334099895.32,189321082
2026-09-01,KBZ,52.407472,1,162174504.12,3094492
2026-09-01,KCL,1.785361,173,11375390.64,6371480
2026-09-01,KCR,1.085698,570,70152249.89,64614854
2026-09-01,KCV,5.304829,13171,2571858762.07,484814602
2026-09-01,KDE,1.797315,3822,689062246.28,383384193
2026-09-01,KDI,58.313208,12,247140006.65,4238148
2026-09-01,KDK,15.653576,1,49274124.44,3147787
2026-09-01,KDL,52.964548,7063,25744319683.57,486067016
2026-09-01,KDO,56.982941,520,1094461265.66,19206823
2026-09-01,KDS,55.032702,1380,27617513012.67,501838213
2026-09-01,KDT,55.102287,1200,3250922199.46,58997954
2026-09-01,KDV,49.196508,214,24036105411.06,488573404
2026-09-01,KDZ,49.329892,827,4592159380.85,93090806
2026-09-01,KEI,1.903703,1,341940026.35,179618321
2026-09-01,KEO,1.828948,1,72138133.18,39442409
2026-09-01,KEU,53.588304,57,4134470820,77152485
2026-09-01,KFZ,4.521869,1,373885719.46,82683881
2026-09-01,KGM,3.037369,30513,3057430921.81,1006605100
2026-09-01,KH1,1.367957,1085,92048668.28,67289169
2026-09-01,KHA,4.596557,41361,8171786509.41,1777806027
2026-09-01,KHB,1.630979,247,15388792.77,9435313
2026-09-01,KHC,2.207203,1451,48696107.1,22062361
2026-09-01,KHD,1.445436,12,724731684.21,501393238
2026-09-01,KHF,0.117203,13,878349.67,7494290
2026-09-01,KHJ,1.19631,456,15055777.91,12585176
2026-09-01,KHP,1.217034,319,8223081901.23,6756657879
2026-09-01,KHT,2.399263,211,7271790.05,3030843
2026-09-01,KHU,36.869072,1,3521660.06,95518
2026-09-01,KIA,4.362066,353,5822604.13,1334827
2026-09-01,KIB,4.320297,1074,11171874.31,2585904
2026-09-01,KIE,4.709504,917,234917080.77,49881495
2026-09-01,KIH,1.5541,27,60163264.61,38712606
2026-09-01,KIK,1.440158,1383,173703123.08,120613907
2026-09-01,KIS,0.222146,765,91602220.22,412351163
2026-09-01,KJK,0.002283,1,48868458.93,21405755952
2026-09-01,KKB,62.618187,1,2626206.77,41940
2026-09-01,KKC,57.973913,52,126574038.86,2183293
2026-09-01,KKE,52.408371,2,90497727.57,1726780
2026-09-01,KKH,6.879491,5039,533383522.28,77532410
2026-09-01,KKL,2.52287,1633,3588448742.11,1422367484
2026-09-01,KKO,49.158753,257,2271290588.42,46203177
2026-09-01,KKP,49.253162,331,4362195115.06,88566803
2026-09-01,KKT,3.160097,42,8602267356.23,2722152839
2026-09-01,KLH,2.68763,2196,133367536.12,49622726
2026-09-01,KLI,1.3262,166,317678171.29,239540244
2026-09-01,KLL,58.314022,1,11451124.43,196370
2026-09-01,KLM,68.386415,1,1017389886.5,14877076
2026-09-01,KLS,41.683449,2,882897.14,21181
2026-09-01,KLU,4.892763,107068,97872947451.61,20003615642
2026-09-01,KMA,170.155362,1,12730683.9,74818
2026-09-01,KME,1.642869,1205,128162287.22,78011266
2026-09-01,KMF,3.525364,2241,1582641476.68,448929928
2026-09-01,KMN,0.979008,4977,426513148.47,435658273
2026-09-01,KMT,2.689626,1,66663365.46,24785369
2026-09-01,KNC,68.084673,16,365075192.99,5362076
2026-09-01,KNI,1.389713,446,16779483172.12,12074061454
2026-09-01,KNJ,2.124139,14768,871796431.56,410423527
2026-09-01,KNN,1.508756,15,446921954.91,296218809
2026-09-01,KNP,83.43105,2,194702206.93,2333690
2026-09-01,KNS,4.530624,1,5106881054.93,1127191620
2026-09-01,KNT,61.27868,3,175623041.04,2865973
2026-09-01,KNV,71.559184,5,321325065.2,4490340
2026-09-01,KNZ,69.916004,1,1030338930.92,14736811
2026-09-01,KO4,56.079141,856,4605779850.25,82130000
2026-09-01,KOB,1.435218,72,2770180352.69,1930145416
2026-09-01,KOD,1.019425,734,58454942.64,57341101
2026-09-01,KOP,7.669289,14,15729712.45,2051000
2026-09-01,KOT,1.519442,3531,151277827.28,99561460
2026-09-01,KOZ,65.193479,4,72914798.58,1118437
2026-09-01,KP3,53.491109,10,14136844.15,264284
2026-09-01,KPA,1.731034,14067,542156210.63,313197848
2026-09-01,KPB,6.44067,1,5161733.11,801428
2026-09-01,KPC,21.713395,23811,4776589009.33,219983522
2026-09-01,KPD,48.99219,548,307179758.92,6269974
2026-09-01,KPF,1.778947,267,472207688.12,265442284
2026-09-01,KPH,1.25907,11755,536990773.5,426497884
2026-09-01,KPI,1.488537,6635,5977045264.28,4015382397
2026-09-01,KPK,10.305467,1,476655384.41,46252674
2026-09-01,KPM,1.040222,16,1569070.2,1508400
2026-09-01,KPP,3.200296,672,450434798.92,140747873
2026-09-01,KPR,1.895394,1347,68120917971.18,35940237074
2026-09-01,KPS,48.273638,3270,23413680056.59,485020000
2026-09-01,KPU,4.047846,6132,607335394.54,150039147
2026-09-01,KRC,0.147827,147,30168625.62,204080320
2026-09-01,KRF,21.765963,597,44946648.62,2064997
2026-09-01,KRH,1.702224,41,2218210110.9,1303124471
2026-09-01,KRO,48.280714,58,303686992.98,6290027
2026-09-01,KRR,1.157494,598,22576026.59,19504234
2026-09-01,KRS,0.528123,1104,1498660513.25,2837713694
2026-09-01,KRT,75.411445,168,797717273.09,10578199
2026-09-01,KRV,48.404417,1022,5618784722.85,116080000.01
2026-09-01,KSA,4.165208,3738,15335805832.9,3681882625
2026-09-01,KSC,49.895973,1,24721957.5,495470
2026-09-01,KSK,2.958177,666,8196284516.19,2770721506
2026-09-01,KSL,56.78559,117,256473364.6,4516522
2026-09-01,KSM,52.006826,741,15830123548.54,304385497
2026-09-01,KSP,65.222879,361,1652421636.02,25335000
2026-09-01,KSR,5.148475,3816,204461595.08,39713042
2026-09-01,KST,2.025036,448,9201178.19,4543711
2026-09-01,KSV,5.793035,9777,44720383876.7,7719681682
2026-09-01,KSY,11.176874,85,4326250653.3,387071628
2026-09-01,KTE,46.026884,1,111182081.86,2415590
2026-09-01,KTI,2.187242,579,279701238.94,127878494
2026-09-01,KTJ,2.656824,20934,1660329282.45,624929983
2026-09-01,KTM,22.814106,5787,699735014.2,30671157
2026-09-01,KTN,8.139014,4248,407828748.03,50107880
2026-09-01,KTR,10.722415,634,24686953744.75,2302368864
2026-09-01,KTS,15.4154,749,129438611.82,8396708
2026-09-01,KTT,71.239845,1445,5201351507.9,73011831
2026-09-01,KTU,30.139462,1,979995122.14,32515349
2026-09-01,KTV,7.777378,46406,28737413112.13,3695000047
2026-09-01,KU3,1.166972,2644,259850755.54,222670939
2026-09-01,KUA,1.456802,2077,99937538.6,68600617
2026-09-01,KUB,0.756487,3630,611309951.44,808090875
2026-09-01,KUD,1.77328,2453,251423146.32,141784209
2026-09-01,KUP,49.486774,129,2046794811.05,41360441
2026-09-01,KUT,12.378581,41522,8208511554.87,663122155
2026-09-01,KVA,1.79662,1,705300753.72,392570970
2026-09-01,KVK,1.284753,138,858433084.37,668169652
2026-09-01,KVR,1.308861,45,114196940.11,87249126
2026-09-01,KVS,3.859021,2340,27839913166.82,7214243221
2026-09-01,KVT,1.454807,2983,87294419.9,60004122
2026-09-01,KYA,1.189761,1535,63545429.4,53410251
2026-09-01,KYR,0.569689,11,283474863.81,497595647
2026-09-01,KYS,54.314429,18,11248518.32,207100
2026-09-01,KZL,28.591808,65888,87796726255.46,3070695191
2026-09-01,KZO,2.202535,3,1140836518.9,517965287
2026-09-01,KZU,2.428285,5857,479600758.68,197505976
2026-09-01,LAI,1.282253,14,193375097.38,150808828
2026-09-01,LET,55.227887,2,702626352.1,12722311
2026-09-01,LFD,7.076071,1,4705629.67,665006
2026-09-01,LGK,1.42694,1,1728538967.12,1211360793
2026-09-01,LGO,7.503568,11,113021265.02,15062336
2026-09-01,LHM,83.839124,4,801304247.84,9557641
2026-09-01,LHP,57.122553,93,84333738.44,1476365
2026-09-01,LKF,1.052026,1086,111381208.17,105873095
2026-09-01,LKT,1.899526,441,322705992.47,169887649
2026-09-01,LLA,1.172716,743,27808722.32,23713092
2026-09-01,LPH,1.474134,2585,3762846956.65,2552582068
2026-09-01,LRT,3.709635,12,910556729.31,245457201
2026-09-01,LTC,1.612526,315,15782556.29,9787476
2026-09-01,LTL,1.085902,4970,253691854.64,233623259
2026-09-01,LTS,4.684706,13,2592404712.73,553376235
2026-09-01,LZV,7.235445,2,82368839.37,11384074
2026-09-01,MAC,0.740392,35832,4216519064,5694982053
2026-09-01,MAD,1.027622,366,22742117.81,22130810
2026-09-01,MAS,11.828999,199,750769716.44,63468574
2026-09-01,MAV,58.500766,1,915431980.42,15648205
2026-09-01,MBL,0.290665,214,21152507.67,72772876
2026-09-01,MBR,1.793252,540,472543246.19,263511952
2026-09-01,MCU,1.404509,151,192103172.66,136776047
2026-09-01,MD1,2.286002,663,225269966.79,98543193
2026-09-01,MD2,2.184161,752,283225144.5,129672313
2026-09-01,MDF,1.321328,942,499837059.83,378283909
2026-09-01,MET,5.993966,6587,745599910.32,124391755
2026-09-01,MGB,1.46938,476,62790608.9,42732710
2026-09-01,MGD,0.964064,1,647948062.34,672100883
2026-09-01,MGE,1.157916,67,787811783.65,680370252
2026-09-01,MGH,2.273318,755,493843001.51,217234493
2026-09-01,MHF,2.297305,3778,443802662.49,193184033
2026-09-01,MIK,3.446107,13,4838956019.5,1404180257
2026-09-01,MJB,7.807885,779,52112165.2,6674300
2026-09-01,MJE,58.14028,904,7106910452.52,122237293
2026-09-01,MJG,11.23077,7501,1000173850.42,89056567
2026-09-01,MJH,4.428179,32,26985770.12,6094101
2026-09-01,MJK,36.064765,406,1833723531.78,50845292
2026-09-01,MJL,61.709718,581,948653869.58,15372844
2026-09-01,MKA,1.25678,1712,85614033.86,68121739
2026-09-01,MKG,17.912379,8191,1566791254.04,87469749
2026-09-01,MKL,61.163493,1,789352615.9,12905617
2026-09-01,MLS,18.083727,4,1351972608.84,74761834
2026-09-01,MLT,1.335723,79,21107203.25,15802080
2026-09-01,MMH,16.830742,1340,153506284.61,9120589
2026-09-01,MOD,61.553935,2,745695145.08,12114500
2026-09-01,MOZ,1.28978,121,339895397.95,263529822
2026-09-01,MP2,1.314896,13,3486189254.72,2651303752
2026-09-01,MP4,2.133866,15,3911853428.46,1833223343
2026-09-01,MPD,61.488787,694,3002563992.54,48831082
2026-09-01,MPE,1.401471,119,119642392.55,85369127
2026-09-01,MPF,8.416742,1975,1469473629.44,174589361.037
2026-09-01,MPI,3.135517,40,72915984.1,23254852
2026-09-01,MPK,10.003273,1517,253350548.31,25326764.961
2026-09-01,MPL,2.040676,896,665768165.8,326248846
2026-09-01,MPN,61.975268,292,375368021.84,6056739
2026-09-01,MPP,21.773389,1178,354634313.06,16287511
2026-09-01,MPS,24.647852,2467,150527448.3,6107122.324
2026-09-01,MRI,1.258986,114,13575165.85,10782621
2026-09-01,MSK,4.013868,1,1203749527.82,299897605
2026-09-01,MSO,59.563712,1,523725254.04,8792690
2026-09-01,MSR,2.003579,14,30510601.85,15228050
2026-09-01,MT1,46.288999,24,28852766.38,623318
2026-09-01,MT2,1.423575,1378,5547692136.59,3897013966
2026-09-01,MT5,1.165508,19,744905220.03,639124957
2026-09-01,MT6,0.450164,14,373197237.41,829024322
2026-09-01,MT7,0.348995,15,45525395.69,130447284
2026-09-01,MT8,0.872225,16,1597760119.53,1831820940
2026-09-01,MT9,0.418508,18,3227840920.66,7712730506
2026-09-01,MTD,1.349836,1528,151173206.61,111993764
2026-09-01,MTE,0.602204,17,1911022.32,3173378
2026-09-01,MTF,1.428419,43,70657474.66,49465524
2026-09-01,MTG,1.723422,397,267792306.48,155384058
2026-09-01,MTH,2.295199,3246,310635230.48,135341303
2026-09-01,MTI,0.018366,2,4684425.46,255061228
2026-09-01,MTK,1.814677,929,309072296.22,170318076
2026-09-01,MTL,2.157309,16,12071768832.22,5595753399
2026-09-01,MTS,2.784806,664,28456213.08,10218384
2026-09-01,MTU,0.791219,19,817845878.46,1033653600
2026-09-01,MTV,5.478681,12775,147986008.28,27011246
2026-09-01,MTX,5.264404,2073,82393844.36,15651126
2026-09-01,MUL,2.848072,11,329356352.45,115641860
2026-09-01,MUT,1.944659,1568,831574719.09,427619769
2026-09-01,NAK,1.087802,163,123547130.75,113574993
2026-09-01,NAL,0.426696,12,511696061.11,1199204513
2026-09-01,NAU,3.14806,9618,2174163989.15,690636207
2026-09-01,NAV,1.113722,15,65569735.99,58874427
2026-09-01,NBE,1.775836,10,564303990.82,317768002
2026-09-01,NBH,7.084117,199,2220516712.64,313450045
2026-09-01,NBO,1.532753,392,2260902037.7,1475059875
2026-09-01,NBZ,73.071408,281,1504492931.49,20589352
2026-09-01,NCS,58.149723,1776,8711569745.8,149812748
2026-09-01,NCU,56.194116,12,131183871.99,2334477
2026-09-01,NDL,1.935001,1,10911691.54,5639113
2026-09-01,NDS,0.973132,13,572855426.9,588672037
2026-09-01,NES,2.174402,2,2172236685.36,999004311
2026-09-01,NFF,1.364869,33,1827499115.47,1338955639
2026-09-01,NFH,2.12701,48,119158529.22,56021616
2026-09-01,NFK,5.099919,80,1463107380.1,286888350
2026-09-01,NHP,5.692636,151,12200958.55,2143288
2026-09-01,NHT,67.017364,2,664488956.66,9915176
2026-09-01,NHV,4.475681,2,8248478984.94,1842955034
2026-09-01,NHY,5.891951,2013,139752419.48,23719208
2026-09-01,NIG,1.251527,15,531431542.66,424626364
2026-09-01,NIS,1.753409,41,1500412455.49,855711645
2026-09-01,NJF,12.827034,1768,1164101612.91,90753762
2026-09-01,NJG,3.106262,15,3307905040.48,1064914900
2026-09-01,NJR,5.898603,2492,1934297487.27,327924652
2026-09-01,NJY,7.602315,1376,318831423.7,41938729
2026-09-01,NKA,49.872142,17,132681043.81,2660424
2026-09-01,NKC,1.251738,1086,344423950,275156603
2026-09-01,NKH,1.83087,12,168690617.74,92136843
2026-09-01,NKJ,15.839188,1,1625709582.97,102638440
2026-09-01,NKK,8.064431,12,1518632133.38,188312373
2026-09-01,NKL,3.58732,2173,14842278160.21,4137427464
2026-09-01,NKM,1.014404,451,47179958.09,46510033
2026-09-01,NKP,1.1189,3239,177427030.57,158572765
2026-09-01,NKS,1.904444,11,25234265.89,13250200
2026-09-01,NKT,1.593272,555,78407060.23,49211340
2026-09-01,NKV,2.341273,1,16076347235.91,6866499553
2026-09-01,NLC,51.270349,19,182517725.07,3559908
2026-09-01,NLD,54.9491,1,1439662729.34,26199933
2026-09-01,NLE,1.641754,9579,376071363.79,229066800
2026-09-01,NLK,1.90802,991,5101716469.97,2673826911
2026-09-01,NLL,4.832139,25,1961269740.06,405880219
2026-09-01,NME,58.183622,51,62901906.73,1081093
2026-09-01,NMG,136.190999,12,3126035447.17,22953319
2026-09-01,NMP,1.027438,5885,809087042.36,787480422
2026-09-01,NMU,1.264743,372,820928724.3,649087268
2026-09-01,NNF,22.881764,17992,2006510108.02,87690360
2026-09-01,NOA,1.388814,11,528614531.14,380623067
2026-09-01,NOI,1.479784,14,1208562384.29,816715156
2026-09-01,NOV,50.686618,1,715792822.61,14121929
2026-09-01,NP1,5.001381,151,1417079630.38,283337661
2026-09-01,NPH,1.576961,737,188342081.07,119433579
2026-09-01,NPK,1.608672,1,953900381.75,592973692
2026-09-01,NRC,11.339974,3567,229633656.75,20249928
2026-09-01,NRG,5.638213,3338,7328927854.89,1299867171
2026-09-01,NRM,158.950828,11,411502554.32,2588867
2026-09-01,NSA,2.581344,351,1123117790.94,435090327
2026-09-01,NSD,65.812283,180,14975889544.86,227554629
2026-09-01,NSH,2.220394,1302,2144289332.9,965724797
2026-09-01,NSK,6.800749,85,400693528.85,58919032
2026-09-01,NSP,1.866046,2724,1444063196.41,773862789
2026-09-01,NSS,65.46172,1,1110615023.04,16965870
2026-09-01,NST,1.214413,3323,56178064.25,46259457
2026-09-01,NSY,1.43754,60,1191134721.16,828592181
2026-09-01,NTB,5.814486,1,3203573024.2,550964070
2026-09-01,NTD,0.380792,1,516134661.75,1355423321
2026-09-01,NTF,3.164797,11,259708893.24,82061773
2026-09-01,NTI,1.565558,1581,330202733.37,210916979
2026-09-01,NTO,67.019293,1,3628723849.7,54144466
2026-09-01,NTS,3.124975,33,230204286.24,73665955
2026-09-01,NUB,60.496453,900,2127657833.71,35169960
2026-09-01,NUG,49.637673,22,24140438.37,486333
2026-09-01,NUH,1.32817,1122,129584992.36,97566574
2026-09-01,NVB,4.879203,4688,6672950826.12,1367631391
2026-09-01,NVC,3.839096,90,137622059.94,35847516
2026-09-01,NVK,47.021822,19,104038883.81,2212566
2026-09-01,NVP,69.071318,1,61894393.38,896094
2026-09-01,NVT,4.704574,44,427958361.53,90966445
2026-09-01,NVZ,58.601397,339,530296872.1,9049219
2026-09-01,NYH,62.90494,1,1081325473.45,17189834
2026-09-01,NZH,3.535745,300,552068180.95,156139120
2026-09-01,NZT,6.135778,422,10672761723.5,1739430869
2026-09-01,NZU,51.394955,35,47540127.91,924996
2026-09-01,OAB,76.93085,3,668887349.45,8694657
2026-09-01,OAO,1.023579,370,844469685.77,825016483
2026-09-01,OBI,3.228624,480,323377510.98,100159542
2026-09-01,OBN,58.709296,238,267498219.99,4556318
2026-09-01,OBP,0.208866,832,39529268.54,189256237
2026-09-01,OBR,54.398216,10646,46873990348.94,861682497
2026-09-01,OCM,69.558086,2,508689756.8,7313165
2026-09-01,OCN,50.808868,4,118928572.39,2340705
2026-09-01,OCT,73.321379,5,455812178.91,6216634
2026-09-01,ODD,11.136963,31,474723263.76,42625916
2026-09-01,ODG,1.18413,43,67208841.98,56757987
2026-09-01,ODN,58.56567,4977,39108044833.91,667763977
2026-09-01,ODP,7.215276,144,303469790.04,42059347
2026-09-01,ODS,70.088684,107,118384483.8,1689067
2026-09-01,ODV,19.6013,3814,1622188075.24,82759210
2026-09-01,OFA,57.863761,125,234737829.71,4056733
2026-09-01,OFB,11.479367,13,1020486665.66,88897469
2026-09-01,OFI,4.091683,584,157310179.48,38446328
2026-09-01,OFK,52.34767,261,963458868.86,18405000
2026-09-01,OFO,69.119826,1,2171316665.08,31413804
2026-09-01,OFS,8.315228,433,187501764.12,22549204
2026-09-01,OGD,11.829982,3120,790017198.84,66780930
2026-09-01,OGF,9.539588,423,139549661.11,14628479
2026-09-01,OGV,72.564366,1,286120931.3,3942995
2026-09-01,OHB,24.137871,1053,1423495991.71,58973552
2026-09-01,OHI,0.102939,44,1013911970.92,9849630500
2026-09-01,OHK,2.945568,1242,31526354.56,10702980
2026-09-01,OIL,3.969762,656,45224543.84,11392257
2026-09-01,OIR,5.121362,232,19322396.26,3772902
2026-09-01,OIS,3.446375,2,657030432.5,190643928
2026-09-01,OJB,53.699708,6730,26558249915.81,494569730
2026-09-01,OJH,9.608179,27,22825853.51,2375669
2026-09-01,OJK,13.683944,27774,47623986165.4,3480282196
2026-09-01,OJT,12.979013,11172,4686247853.08,361063500
2026-09-01,OJU,69.457819,2,55945634.03,805462
2026-09-01,OJY,73.160755,6,2515573303.71,34384190
2026-09-01,OKD,0.614908,980,83264854.15,135410211
2026-09-01,OKF,4.776175,12,8468035873.68,1772974341
2026-09-01,OKP,6.537918,442,76847130.03,11754068
2026-09-01,OKT,0.165367,857,112922118.35,682855959
2026-09-01,OLA,54.015882,31,20502969.82,379572.99
2026-09-01,OLD,3.175612,5514,140848913.92,44353317
2026-09-01,OLE,5.131122,495,327926863.18,63909386
2026-09-01,OMB,64.722554,3,227427483.75,3513883
2026-09-01,OMC,72.589821,2,410786013.34,5659003
2026-09-01,OME,25.334385,68,85175671.32,3362058
2026-09-01,OMG,1.852949,705,1296469301.64,699678985
2026-09-01,OMT,1.005904,45,114220906.44,113550490
2026-09-01,ONB,52.872944,567,5513642764.95,104280986
2026-09-01,OND,48.311156,624,3467291693.08,71770000.01
2026-09-01,ONE,1.478138,697,33386589.46,22586929.476
2026-09-01,ONF,66.72078,861,3257334572.98,48820391
2026-09-01,ONK,60.721311,21479,95333925378.67,1570024150
2026-09-01,ONN,6.545769,586,1469530617.76,224500822
2026-09-01,ONS,54.591924,23580,162554922718.48,2977636833
2026-09-01,ONT,53.261453,374,4868689364.31,91411125
2026-09-01,ONY,67.130866,741,2392789151.8,35643651
2026-09-01,OPB,13.807021,419,50977896.24,3692172
2026-09-01,OPD,8.617355,21,68474820.11,7946153
2026-09-01,OPF,3.246765,1042,458220571.37,141131407
2026-09-01,OPH,26.038942,2491,923099163.71,35450717
2026-09-01,OPI,23.050803,1535,221022690.03,9588503
2026-09-01,OPJ,1.702254,2364,964798486.02,566776953
2026-09-01,OPL,9.821616,497,36575411.84,3723971
2026-09-01,OPZ,5.792995,1,725033714.29,125156982
2026-09-01,ORC,1.531483,56,1431746294.74,934875713
2026-09-01,ORI,61.550915,5,1708208077.81,27752765
2026-09-01,OSD,14.409104,852,611347457.31,42427862
2026-09-01,OSF,112.414855,17,3655179467.75,32515093
2026-09-01,OSH,0.580053,17,65428997.59,112798247
2026-09-01,OSL,0.157702,4116,1542041888.34,9778172095
2026-09-01,OSN,1.585901,102,35318079.59,22270041
2026-09-01,OTE,67.039291,2,195403845.23,2914766
2026-09-01,OTF,6.997404,1936,710718033.47,101568808
2026-09-01,OTJ,7.300961,22218,3277039949.28,448850509
2026-09-01,OTK,8.488773,65,4627527.48,545135
2026-09-01,OTM,1.301853,94,13662489.24,10494645
2026-09-01,OTZ,70.753071,4,316422378.08,4472207
2026-09-01,OUB,7.197715,14,899230356.55,124932746
2026-09-01,OUD,67.553336,120,149581189.68,2214268
2026-09-01,OUN,54.461041,314,231296694.04,4247012
2026-09-01,OUR,84.819623,11,31850446.92,375508
2026-09-01,OUY,66.413834,2,1690377196.13,25452185
2026-09-01,OVD,3.513147,3083,768392840.51,218719226
2026-09-01,OVR,68.94868,1,491807696.81,7132953
2026-09-01,OYL,0.163599,8187,3405464569.41,20815932921
2026-09-01,OYS,9.960319,11,16290239657.21,1635513894
2026-09-01,OYT,0.139458,65,1974901664.59,14161218057
2026-09-01,OZC,2.859989,1,283831105.52,99242027
2026-09-01,P1A,1.549572,319,503523041.84,324943387
2026-09-01,PA2,1.1124,533,46743880.18,42020747
2026-09-01,PAB,1.427791,650,127802562.33,89510684
2026-09-01,PAC,3.090124,1,791897609.1,256267233
2026-09-01,PAF,3.620347,3285,289530894.42,79973243
2026-09-01,PAI,6.458229,518,427650570.8,66217935
2026-09-01,PAL,57.51112,31262,152080817188.77,2644372358
2026-09-01,PAO,1.083172,233,26150362.73,24142394
2026-09-01,PAU,68.559772,3853,11179585509.19,163063342
2026-09-01,PBE,6.285628,11,49085528.59,7809168
2026-09-01,PBF,1.657681,2,1581813927.6,954233191
2026-09-01,PBH,1.256575,12,3013725920.28,2398364628
2026-09-01,PBI,2.354421,709,117916427.11,50082989
2026-09-01,PBK,58.703798,112,107709023.72,1834788
2026-09-01,PBN,1.742545,694,530400245.68,304382583
2026-09-01,PBR,4.646153,34950,5018971327.28,1080242484
2026-09-01,PBS,70.282057,22,397718709.64,5658894
2026-09-01,PBY,1.351897,54,181360777.68,134152805
2026-09-01,PCE,1.301884,149,56807679.05,43634992
2026-09-01,PCH,4.086172,57,926035728.65,226626713
2026-09-01,PCN,65.946627,12,567503438.98,8605496
2026-09-01,PCS,9.26465,36,114059508693.44,12311259897
2026-09-01,PDC,0.279531,15,303200673.86,1084675311
2026-09-01,PDD,6.028357,175,836556454.75,138770231
2026-09-01,PDE,1.575818,14,15389042864.68,9765747500
2026-09-01,PDF,61.042253,55,473869302.72,7762972
2026-09-01,PDG,0.555148,11,603078340.74,1086338077
2026-09-01,PDH,19.264998,78,5404908438.94,280555872
2026-09-01,PDR,1.015499,2,2283974681.54,2249115622
2026-09-01,PDS,0.310505,41,83864107.09,270089633
2026-09-01,PEA,1.491741,101,70437313.82,47218194
2026-09-01,PFO,2.379669,286,76421063.05,32114158
2026-09-01,PFS,2.96566,90,15685051.15,5288890
2026-09-01,PGD,1.808904,156,185739975.23,102680953
2026-09-01,PGE,25.667837,45,10365375666.15,403827399
2026-09-01,PGH,6.474692,12,8600488163.48,1328323884
2026-09-01,PGS,1.329724,436,172535390.72,129752787
2026-09-01,PHB,2.769388,14,14543544270.92,5251536912
2026-09-01,PHE,4.024337,112796,28297401315.23,7031568919
2026-09-01,PHF,1.351215,12,397279483.82,294016510
2026-09-01,PHI,1.591079,133,80515091.24,50604092
2026-09-01,PHK,1.586844,247,82879092.73,52228893
2026-09-01,PHN,1135.309575,17,10746692848.52,9465870
2026-09-01,PHS,4.615607,16,187345200.27,40589501
2026-09-01,PHY,4.800137,45,603172722.83,125657393
2026-09-01,PID,1.915446,114,54704547.54,28559686
2026-09-01,PIL,3.934491,8095,466117801.52,118469672
2026-09-01,PIP,1.702472,385,20734297508.07,12178934971
2026-09-01,PIR,1.703099,900,112739539.25,66196711
2026-09-01,PIS,1.478306,203,1285280276.07,869427863
2026-09-01,PJL,5.258438,788,1293740172.94,246031263
2026-09-01,PJP,50.348301,14,405552144.33,8054932
2026-09-01,PK1,1.05858,145,9171379.4,8663848
2026-09-01,PKD,0.963704,146,20449843.41,21220054
2026-09-01,PKF,4.7978,1556,397287735.65,82806234
2026-09-01,PKH,0.81963,11,113760808.81,138795396
2026-09-01,PKL,2.52128,12,1526652870.11,605506954
2026-09-01,PKM,1.082599,587,520950992.17,481204130
2026-09-01,PKN,2.731314,11,61924071.02,22671900
2026-09-01,PKP,1.271921,95,530379966.85,416991356
2026-09-01,PKR,1.553848,212,618405224.21,397983036
2026-09-01,PKT,1.612928,1129,12951801223.08,8029995711
2026-09-01,PKU,15.207328,45,8954664561,588838785
2026-09-01,PKV,2.083755,2971,15844384546.9,7603764958
2026-09-01,PKZ,15.887056,16,60402956600.53,3802023376
2026-09-01,PLA,1.291258,116,708274.4,548515
2026-09-01,PLR,1.690876,886,947734248.27,560498986
2026-09-01,PLS,26.884441,7,936512211.32,34834729
2026-09-01,PMG,1.604162,1,1403131194.43,874681642
2026-09-01,PMH,0.005049,43,55650.16,11021437
2026-09-01,PMP,0.758487,411,14074851.86,18556475
2026-09-01,PNU,1.253905,25455,38078177494.68,30367679180
2026-09-01,PO7,1.007679,43,1774908302.94,1761382199
2026-09-01,PO8,2.872732,48,272994265.09,95029485
2026-09-01,PO9,0.771121,150,247882551.93,321457326
2026-09-01,POB,4.407633,42,4561678790.2,1034949682
2026-09-01,POD,69.613759,1410,4282426069.93,61516949
2026-09-01,POF,2.679974,45,2870899242.76,1071241579
2026-09-01,POH,0.9675,4,1655799322.52,1711421252
2026-09-01,POI,0.055254,42,251746251.55,4556187573
2026-09-01,POS,1.225024,417,81925399.97,66876541
2026-09-01,POU,2.915693,72,7677087907.26,2633023776
2026-09-01,PP1,1.718193,244,33860054.72,19706785
2026-09-01,PPB,10.037101,1502,376749765.98,37535716
2026-09-01,PPD,35.624714,105,2299822362.52,64556935
2026-09-01,PPE,63.365932,66,757880250.3,11960374
2026-09-01,PPF,5.275905,22,340290582.9,64498999
2026-09-01,PPG,1.470615,1714,2258502098.15,1535753959
2026-09-01,PPH,1.674655,2444,64170299.78,38318512
2026-09-01,PPI,2.309048,2780,4617997760.68,1999957560
2026-09-01,PPJ,1.873201,6653,86486892559.62,46170645324
2026-09-01,PPK,2.276786,3133,5962981185.71,2619034773
2026-09-01,PPM,2.198692,147,131746436.66,59920381
2026-09-01,PPN,5.840172,13281,12579975160.99,2154041918
2026-09-01,PPO,2.850739,44,174418841.55,61183726
2026-09-01,PPP,3.158728,362,7940595120.99,2513858807
2026-09-01,PPS,3.660215,2339,1043656874.87,285135398
2026-09-01,PPT,3.321571,3778,1979447993.8,595937326
2026-09-01,PPU,1.859761,44,298012743.83,160242537
2026-09-01,PPV,1.164573,181,12310425098.83,10570764002
2026-09-01,PPZ,6.665062,8248,12928170178.93,1939692272
2026-09-01,PRD,2.370701,586,455744814.58,192240516
2026-09-01,PRF,69.452682,2,201759973.13,2904999
2026-09-01,PRH,2.214139,290,649275204.83,293240548
2026-09-01,PRR,1.349824,161,799176712.43,592059998
2026-09-01,PRU,3.712048,1431,2964183986.5,798530623
2026-09-01,PRV,1.360386,82,4674304491.26,3436014369
2026-09-01,PRY,3.215995,54925,110654742682.53,34407617623
2026-09-01,PSD,54.261734,1,2765295462.04,50962165
2026-09-01,PSE,1.900154,5787,25402749175.99,13368787629
2026-09-01,PSG,9.038896,16,356273769.35,39415627
2026-09-01,PSH,1.034578,359,16748447.33,16188683
2026-09-01,PSL,8.561772,52,254698944.27,29748393
2026-09-01,PSO,0.443508,1,907536577.4,2046269480
2026-09-01,PSR,3.048567,45,1265586192.98,415141394
2026-09-01,PSS,6.071395,11,213114743.49,35101447
2026-09-01,PST,0.010146,48,42838140.12,4222197261
2026-09-01,PTC,66.443219,16,1059370878.55,15944003
2026-09-01,PTE,1.719747,4710,45288029927.52,26334119111.92
2026-09-01,PTF,1.462531,282,803905586.22,549667234
2026-09-01,PTG,64.855012,1,118036121.29,1820000
2026-09-01,PTL,1.888,1830,843512902.17,446776017
2026-09-01,PTN,1.647685,875,929960600.27,564404230
2026-09-01,PTO,1.843863,3444,219359827.28,118967549
2026-09-01,PTP,1.209156,300,81593924.73,67480052
2026-09-01,PTS,1.620494,946,8518861621.05,5256952430
2026-09-01,PUA,10.021116,1,4983216926.98,497271653
2026-09-01,PUC,7.474062,700,440738851.7,58969117
2026-09-01,PUH,1.653791,23,351979892.66,212832098
2026-09-01,PUK,1.281594,10887,1675907620.03,1307674249
2026-09-01,PUR,10.562394,39265,125528610148.34,11884485284
2026-09-01,PUT,8.110699,1,7119469478.78,877787362
2026-09-01,PUV,57.620712,1,1230192577.2,21349833
2026-09-01,PVK,5.834008,8270,37336569587.11,6399814418
2026-09-01,PYB,1.887906,1133,789233913.15,418047183
2026-09-01,PYD,0.23906,44,43635471.31,182529203
2026-09-01,PYF,10.665776,10,4123601665.09,386619940
2026-09-01,PYH,6.794717,11,3887855687.64,572187994
2026-09-01,PYI,12.293823,44,3142488521.4,255615232
2026-09-01,PYL,9.623446,33,558751308.72,58061461
2026-09-01,PYR,1.257251,1134,61187294.05,48667530
2026-09-01,PYS,60.158396,43,1133319456.07,18838924
2026-09-01,RAF,3.74507,12,156388863.4,41758590
2026-09-01,RAI,2.120194,1,5536394004.85,2611267131
2026-09-01,RAN,59.346223,1,1102756913.89,18581754
2026-09-01,RAV,1.558631,12,1146176518.52,735373680
2026-09-01,RAY,4.192818,1,1831395147.93,436793424
2026-09-01,RBA,21.789041,5419,1919695974.05,88103740
2026-09-01,RBB,1.681769,39,16196750.63,9630781
2026-09-01,RBE,4.323243,16,3034430554.43,701887559
2026-09-01,RBF,1.802758,83,23671914.35,13130943
2026-09-01,RBH,34.867345,5110,1000481360,28693936
2026-09-01,RBI,56.466396,83,54303394.2,961694
2026-09-01,RBK,8.870281,1116,37468014.92,4223994
2026-09-01,RBL,1.85574,819,322010240.43,173521197
2026-09-01,RBN,1.503723,144,40234988.42,26756908
2026-09-01,RBP,2.296364,1076,2631442509.92,1145916911
2026-09-01,RBR,3.932717,953,101117164.84,25711782
2026-09-01,RBT,6.653987,2714,1329768382.79,199845351
2026-09-01,RBV,6.986734,17768,8121571305.71,1162427454
2026-09-01,RCL,62.188991,1,166978123.71,2685011
2026-09-01,RCS,5.24567,1,2408596.77,459159
2026-09-01,RCV,1.805889,143,68091560.86,37705280
2026-09-01,RD1,1.956047,154,67044781.01,34275654
2026-09-01,RDF,1.597283,637,393936894.8,246629328
2026-09-01,RDH,4.593085,16,1199742493.27,261206263
2026-09-01,RDK,1.165863,2,1251108.88,1073118
2026-09-01,RDS,22.560268,11,965543762.26,42798417
2026-09-01,RDT,0.911522,58,75096125.66,82385430
2026-09-01,RDZ,50.713986,121,669644808.94,13204342
2026-09-01,RE6,0.945569,11,1472136283.9,1556878694
2026-09-01,RE7,0.684154,13,95721.3,139912
2026-09-01,RE8,2.936873,13,1140795410.81,388438857
2026-09-01,RFM,1.109636,461,28303987.07,25507460
2026-09-01,RGD,1.141465,133,28425656.84,24902785
2026-09-01,RGH,1.156912,27,39819416.12,34418696
2026-09-01,RHD,1.964389,12,152495980.21,77630222
2026-09-01,RHI,1.725358,442,49668254.82,28787211
2026-09-01,RHS,7.363648,1491,778565395.03,105730943
2026-09-01,RIA,1.383364,47,13310580.02,9621893
2026-09-01,RIH,12.120836,1566,202270228.95,16687812
2026-09-01,RIK,5.556089,3798,588823919.65,105978120
2026-09-01,RJG,3.520513,560,89932783.95,25545364
2026-09-01,RKC,1.773804,268,30856702.73,17395780
2026-09-01,RKH,1.06982,76,8851130.48,8273478
2026-09-01,RKL,2.776354,1,2172780623.3,782602250
2026-09-01,RKS,2.055912,148,91510473.83,44510894
2026-09-01,RKV,2.628749,220,597829086.07,227419627
2026-09-01,RLH,1.712486,35,278117090.92,162405449
2026-09-01,RO1,1.306465,22,220143921.18,168503485
2026-09-01,ROD,56.264281,615,1743677512.97,30990843
2026-09-01,ROF,3.281455,420,506740280.49,154425472
2026-09-01,ROY,1.420602,13,685830281.34,482774528
2026-09-01,RPC,5.298384,548,24273715.21,4581343
2026-09-01,RPD,14.65142,1842,266720315.76,18204400
2026-09-01,RPE,0,0,94.47,0
2026-09-01,RPG,6.335093,1710,926030064.9,146174652
2026-09-01,RPI,1.482297,320,13984572.33,9434392
2026-09-01,RPK,64.581174,5,115647187.54,1790726
2026-09-01,RPL,1.753301,22,126053940.84,71895200
2026-09-01,RPM,4.563454,3000,101574967.38,22258354
2026-09-01,RPN,5.016116,23,797859054.99,159059117
2026-09-01,RPO,6.54679,3,1590759824.51,242983168
2026-09-01,RPP,5.020432,7584,6624304138.15,1319468950
2026-09-01,RPS,64.014623,97,175449230.19,2740768
2026-09-01,RPT,5.214691,177,1232445712.96,236341075
2026-09-01,RPU,3.702723,12,2670127994.55,721125459
2026-09-01,RPX,63.470516,127,617812039.45,9733843
2026-09-01,RRA,1.519294,194,1361907697.52,896408388
2026-09-01,RRP,1.663501,85,819665402.95,492735169
2026-09-01,RS1,1.633198,124,804428826.11,492548137
2026-09-01,RSF,4.412015,12,1266117156.26,286970291
2026-09-01,RSK,1.920496,265,307338125.72,160030594
2026-09-01,RSY,1.075886,12,158633780.58,147444770
2026-09-01,RSZ,11.654936,25,2453919926.53,210547701
2026-09-01,RTA,2.382438,15,4375393384.13,1836519143
2026-09-01,RTB,2.716593,11,541442644.88,199309461
2026-09-01,RTD,2.042887,486,25903128.36,12679666
2026-09-01,RTG,5.69062,4815,248320638.15,43636837
2026-09-01,RTH,5.900646,245,18156876.27,2984759
2026-09-01,RTI,3.418922,63,55474282423.87,16225666000
2026-09-01,RTP,12.47641,1336,308633607.96,24737373
2026-09-01,RUH,4.677792,15,48106484.82,10284016
2026-09-01,RUT,2.535831,4709,194127990.37,76553999
2026-09-01,RVI,1.332699,11,20015871.04,15019044
2026-09-01,RVS,3.391874,19,4581374205.86,1350691155
2026-09-01,RYA,1.24333,1,373778196.56,300626629
2026-09-01,RYB,47.241957,11,4725849.17,100035
2026-09-01,RYD,1.437289,13,317605023.23,220975082
2026-09-01,RYF,12.309298,48,421866737.05,34272202
2026-09-01,RYU,49.584547,57,522941241.67,10546456
2026-09-01,RZR,4.583707,2,16218244.95,3538238
2026-09-01,SAP,1.87184,367,380790663.56,203431232
2026-09-01,SAR,53.235694,9,903079824.24,16963803
2026-09-01,SAS,1.607742,41244,948567032.14,589999486
2026-09-01,SAT,238.998325,4,1900663817.02,7952624
2026-09-01,SBH,1.736096,735,365475358.93,210515596
2026-09-01,SBI,3.658898,15,34563216.58,9446347
2026-09-01,SBR,1.276843,25,14720697.31,11528980
2026-09-01,SBS,72.261847,1,247467560.83,3424595
2026-09-01,SCZ,1.579222,164,83171898.29,52666366
2026-09-01,SD1,1.018842,202,47805806.28,46921705
2026-09-01,SDA,50.868651,1096,6582286492.73,129397702
2026-09-01,SEH,1.503026,45,105063759.52,69901499
2026-09-01,SER,58.176821,827,7264905620.81,124876290
2026-09-01,SFA,24.636552,18,1292574671.73,52465730
2026-09-01,SFS,1.418531,82,31599298.9,22276079
2026-09-01,SGK,0.99283,67,198948227.16,200385035
2026-09-01,SGT,1.991059,2626,203005588.77,101958620
2026-09-01,SHC,1.034386,129,74689767.76,72206839
2026-09-01,SHE,3.526417,637,57043364.67,16176012
2026-09-01,SHI,0.169281,46,700738288.94,4139493592
2026-09-01,SHU,1.451943,37,441623392.39,304160226
2026-09-01,SIA,0.877204,11,940996.88,1072723
2026-09-01,SIS,0.254252,13,53887050.44,211943093
2026-09-01,SJP,62.632082,29,327081892.8,5222274
2026-09-01,SKL,2.056806,744,133663565.06,64985982
2026-09-01,SKO,1.668234,3187,211016547.19,126490995
2026-09-01,SKS,51.54331,3,1288582757.53,25000000
2026-09-01,SKT,0.118207,2021,40348385.35,341335852
2026-09-01,SKZ,1.045173,693,123351692.91,118020405
2026-09-01,SLF,11.440426,6865,1228428530.97,107376114
2026-09-01,SLG,1.402288,738,471407289.37,336170144
2026-09-01,SLR,0.298179,5,1132094613.3,3796699149
2026-09-01,SLS,0.61558,13,371015.94,602710
2026-09-01,SMP,1.044032,1,1461644778.48,1400000000
2026-09-01,SNY,1.474433,480,511058006.23,346613187
2026-09-01,SOS,1.690667,533,38801626.59,22950480
2026-09-01,SPA,70.583607,201,3255295295.43,46119707
2026-09-01,SPD,82.933295,1,351164449.26,4234300
2026-09-01,SPE,109.158395,1255,4488139548.84,41115844
2026-09-01,SPN,10.060594,367,1767867745.49,175722009
2026-09-01,SPP,1.615553,714,552248234.42,341832284
2026-09-01,SPR,1.308036,164,9282385.81,7096430
2026-09-01,SPT,2.204445,890,97897994.15,44409354
2026-09-01,SRA,17.306126,1,2181904143.55,126076981
2026-09-01,SRE,64.152374,1,1004061444.04,15651197
2026-09-01,SRL,1.785855,2859,67178686.8,37617102
2026-09-01,SRO,25.779556,6,7186177181.03,278754881
2026-09-01,SSD,54.211192,1,560144022.98,10332627
2026-09-01,SSE,0.003281,11,103380594.25,31504588703
2026-09-01,SSF,0.947008,15,1225093.64,1293647
2026-09-01,SSK,1.764648,593,50402233.16,28562196
2026-09-01,SSN,59.787052,4,780129498.07,13048469
2026-09-01,SSO,15.127569,1,7713215127.92,509878048
2026-09-01,SSS,1.412567,5243,247857479.61,175466045
2026-09-01,SST,1.614887,22,9528658.87,5900512
2026-09-01,ST1,185.559496,2439,636942183.34,3432549.66
2026-09-01,STI,1.28955,74,186407440.16,144552329
2026-09-01,STM,3.230713,12,385588.78,119351
2026-09-01,STS,86.706457,27,422018969.04,4867215
2026-09-01,STZ,24.49089,83,531598105.99,21705953
2026-09-01,SUA,0.602497,1169,2331668637.88,3870011700
2026-09-01,SUB,0.396047,756,108727046.1,274530335
2026-09-01,SUC,22.82736,538,589699212.53,25833001
2026-09-01,SUR,1.151177,90,216043130.02,187671549
2026-09-01,SVB,9.414237,1307,241249296.21,25626005
2026-09-01,SVS,2.724013,1,1128364548.27,414228781
2026-09-01,SVY,1.719181,2,3648133457.21,2122017742
2026-09-01,SYF,231.021229,6,1725001787.97,7466854
2026-09-01,SYL,4295.431597,1,1189001238.66,276806
2026-09-01,SYR,50.273295,22,311737765.54,6200862
2026-09-01,SYS,49.201378,121,1774448043.98,36065007
2026-09-01,T3B,0.122509,16,13761965228.05,112334010047
2026-09-01,TAL,2.798728,755,35492546.09,12681669
2026-09-01,TAO,21.099663,1,1115252959.35,52856435
2026-09-01,TAR,2.549509,6755,131865751.43,51722017
2026-09-01,TAU,0.635468,34585,2486670361.83,3913131579
2026-09-01,TAZ,2.514661,2,1185708067.35,471518068
2026-09-01,TB9,53.731084,10691,40542492440.62,754544468
2026-09-01,TBP,0.283464,197,468347734.39,1652231895
2026-09-01,TBT,54.819895,2515,462272245.13,8432563.519
2026-09-01,TBV,0.415043,7864,1200709227.97,2892974637
2026-09-01,TCA,0.793411,46043,13997244431.25,17641854041.442
2026-09-01,TCB,0.237528,4653,3233544552.24,13613341527
2026-09-01,TCC,0.080697,407,415456524.22,5148323530
2026-09-01,TCD,48.727732,11716,1455428748.99,29868592
2026-09-01,TCF,4.597405,2763,3247721942.22,706424988
2026-09-01,TCG,1.318623,1,186792317.89,141657132
2026-09-01,TCH,2.253243,58,242909130.69,107804233
2026-09-01,TCI,11.59677,15,1408188284.16,121429349
2026-09-01,TCS,41.915672,44,1423345388.18,33957356
2026-09-01,TDG,0.530395,2082,733761274.78,1383423401
2026-09-01,TDP,60.302037,44,329232658.01,5459727
2026-09-01,TE3,41.305012,2927,1138403966.43,27560916
2026-09-01,TE4,6.632262,1444,1829764169.39,275888407
2026-09-01,TEJ,2.766351,1322,729713672.5,263782035
2026-09-01,TFE,2.859279,115,35325139.94,12354562
2026-09-01,TFF,43.728677,8976,1347337372.82,30811300
2026-09-01,TFU,1.293248,1282,249830155.94,193180461
2026-09-01,TGA,0.480874,6194,807744243.24,1679740350
2026-09-01,TGE,0.297726,37381,3035546380.73,10195776051
2026-09-01,TGN,1.466468,1949,2374149033.42,1618957421
2026-09-01,TGR,6.98124,5671,112539026.05,16120206
2026-09-01,TGT,0.121326,62311,4119666896.52,33955359103
2026-09-01,TGV,10.9382,13,6960974833.57,636391228
2026-09-01,TGZ,6.255585,12,1136192552.93,181628509
2026-09-01,THD,2.71047,202,8578581.13,3164979
2026-09-01,THF,2.724426,121141,74819592001.69,27462515341
2026-09-01,THG,7.25672,177,175184009.35,24140934
2026-09-01,THH,143.531432,1,1831246057.25,12758502
2026-09-01,THO,50.930715,12,4871068154.38,95641072
2026-09-01,THS,64.443981,1,422795951.51,6560674
2026-09-01,THT,0.199501,355,9469505.84,47465952
2026-09-01,THV,50.380784,17,2272486001.03,45106206
2026-09-01,TI1,1686.014103,235809,222378304780,131895874.65
2026-09-01,TI2,0.127035,20726,3341064314.53,26300312294
2026-09-01,TI3,0.110012,21507,1951379608.72,17737919693
2026-09-01,TI4,0.065564,13926,1928810640.45,29418557844
2026-09-01,TI6,0.05467,4860,585942258.86,10717802678
2026-09-01,TI7,79.2137,9668,1184310014.46,14950823
2026-09-01,TIE,0.758121,18673,1735581472.11,2289318579
2026-09-01,TIL,1.402973,1645,90060821.98,64192832
2026-09-01,TIP,50.302296,77,890029505.63,17693616
2026-09-01,TIV,53.651398,119181,24809154558.38,462413942.112
2026-09-01,TJB,10.006084,1,817521397.46,81702428
2026-09-01,TJF,5.337543,541,54079934.95,10131991
2026-09-01,TJI,6.519999,905,597298995.72,91610291
2026-09-01,TJL,21.676399,4,1473792884.65,67990671
2026-09-01,TJT,68.884546,1839,2292802680.18,33284718
2026-09-01,TKF,69.149906,4246,985886181.98,14257231
2026-09-01,TKH,2.270529,1,463706936.01,204228599
2026-09-01,TKK,1.769198,112834,1803237218.63,1019240200
2026-09-01,TKM,0.217748,503702,74772076308.1,343388286964
2026-09-01,TLC,1.066846,310,438614104.91,411131729
2026-09-01,TLE,28.517518,914,534733633.15,18751058
2026-09-01,TLH,27.12323,326,126885644.51,4678117
2026-09-01,TLK,1.78819,1029,3661341368.76,2047512415
2026-09-01,TLT,71.558733,1,405284976.78,5663669
2026-09-01,TLU,53.909526,518,8965758846.43,166311216
2026-09-01,TLV,1.381811,10676,4016304183.64,2906551264
2026-09-01,TLY,9200.361325,111462,268781591425.07,29214243
2026-09-01,TLZ,20.127678,874,76715539.36,3811445
2026-09-01,TMC,0.16349,11584,154831482.02,947040611
2026-09-01,TMG,1.458213,35577,5081302811.01,3484610642
2026-09-01,TMH,0,12,0,0
2026-09-01,TMM,74.714823,1561,1310374861.3,17538352
2026-09-01,TMR,7.708878,1,9154099376.38,1187475000
2026-09-01,TMS,2.107602,85,405006548.09,192164604
2026-09-01,TMU,1.439802,91,59443990.56,41286219
2026-09-01,TMV,10.510656,13693,42254106556.74,4020120659
2026-09-01,TMZ,2.013461,2550,52524433.22,26086639
2026-09-01,TNB,50.45904,81,693900155,13751751
2026-09-01,TND,1.518972,488,193798722.43,127585473
2026-09-01,TNF,4.303127,3,5233135584.89,1216123947
2026-09-01,TNH,12.07087,3,151745193.46,12571189
2026-09-01,TNI,11.487512,2770,8008317223.33,697132441
2026-09-01,TNK,34.178365,74014,3707481093.46,108474500
2026-09-01,TNS,13.053664,16,95165884.1,7290358
2026-09-01,TO8,57.018478,101,729786972.19,12799131
2026-09-01,TOK,59.517799,6958,24786334153.34,416452463
2026-09-01,TOT,963.256865,638,117258221.42,121731
2026-09-01,TP1,68.555501,1,384677188.92,5611179
2026-09-01,TP2,2.201198,159117,204468208007.36,92889514720
2026-09-01,TPC,13.471298,12328,5931321222.61,440293218
2026-09-01,TPE,0.553684,34,2368608656.2,4277909763
2026-09-01,TPF,11.194004,510,124742404.27,11143681
2026-09-01,TPJ,79.068051,1478,2358567315.04,29829587
2026-09-01,TPL,21.357115,1519,503973887.88,23597470.006
2026-09-01,TPO,0.183093,3,107206486.9,585531154
2026-09-01,TPP,78.102177,395,1874530361.22,24001000
2026-09-01,TPR,0.474982,1,10223627.42,21524221
2026-09-01,TPV,10.57356,43,8048477.94,761189
2026-09-01,TPZ,28.686883,1513,146887913.28,5120386
2026-09-01,TRJ,2.195988,4458,2198523645.88,1001154731
2026-09-01,TRN,1.057448,1,1934202135.42,1829123080
2026-09-01,TRO,2.554056,376,27574209.39,10796245
2026-09-01,TRR,6.507291,458,2386734761.65,366778569
2026-09-01,TRU,1.526107,276,296657987.1,194388784
2026-09-01,TSI,0.209607,76750,22925929123.71,109375664259
2026-09-01,TSP,71.316047,5,1749864943.98,24536763
2026-09-01,TTA,0.632631,224217,26933357254.19,42573588447
2026-09-01,TTE,1.685335,46884,3867888879.64,2295026775
2026-09-01,TTL,38.321362,364,301588431.84,7869982
2026-09-01,TTP,51.863073,105,892766017.84,17213905
2026-09-01,TTS,70.950245,1,2205595224.7,31086506
2026-09-01,TTV,8.879187,35,2801497101.41,315512796
2026-09-01,TTZ,3.670437,7,235182688.24,64074841
2026-09-01,TUA,1.489814,31452,15466237185.81,10381318222.209
2026-09-01,TVE,1.141024,354,217073767.78,190244772
2026-09-01,TVN,2.977298,525,9212860.76,3094370
2026-09-01,TYH,2.075345,6246,1112082260.06,535854049.836
2026-09-01,TZC,0.314082,1136,31337319.42,99774388
2026-09-01,TZD,2.548856,7933,676503067.95,265414399.054
2026-09-01,TZH,8.597257,1,61861676403.17,7195513139
2026-09-01,TZL,0.139723,184130,93839331260.09,671608004732.17
2026-09-01,TZP,14.383127,14,1136021369.84,78982922
2026-09-01,TZT,0.170805,5842,349660936.7,2047131026.044
2026-09-01,TZV,959.205215,132050,30261814250.64,31548842.5
2026-09-01,UAB,5.508522,2,650239926.01,118042548
2026-09-01,UAP,71.574187,1,469988323.34,6566450
2026-09-01,UCN,2.067317,2,1126153419.99,544741624
2026-09-01,UCP,1.339919,27,28410727000.15,21203308940
2026-09-01,UFH,73.571425,1,270470557.92,3676299
2026-09-01,UHL,74.272843,1,2653305215.51,35723760
2026-09-01,UHS,7.024261,13,377989066.63,53811937
2026-09-01,ULH,6.607279,241,1282688566.33,194132638
2026-09-01,ULL,70.742415,3,289831322.06,4096995
2026-09-01,UNT,1.581918,257,34051749760.51,21525614472
2026-09-01,UP1,6.359535,1456,1408301721.29,221447274
2026-09-01,UP2,4.26848,316,2611962885.84,611918783.14
2026-09-01,UPD,22.300819,257,2449004614.18,109816803
2026-09-01,UPH,30.223293,522,106071549.48,3509596
2026-09-01,UPP,7.113285,911,2536270310.49,356554005
2026-09-01,UPS,5.081704,1,1072773024.66,211105000
2026-09-01,URA,1.952039,9244,676142150.3,346377325
2026-09-01,URC,55.966118,150,160690926.05,2871218
2026-09-01,URD,50.540883,12,11048703384.1,218609228
2026-09-01,URG,76.778167,1,576047548.77,7502752
2026-09-01,URM,49.329506,5,8510891610.29,172531457
2026-09-01,URS,3.934078,1,1031079048.5,262089128
2026-09-01,URV,3.43654,2,9228484824.31,2685399860
2026-09-01,USS,3.894994,1,4222308839.12,1084034643
2026-09-01,UST,4.262889,1,1998608438,468839001
2026-09-01,USY,0.26457,390,1345196007.3,5084470149
2026-09-01,UYH,5.113077,12,672976115.37,131618603
2026-09-01,UZY,9.332623,40,330816583.34,35447331
2026-09-01,VAY,1.573295,2974,48788572.08,31010444
2026-09-01,VCD,6.408005,12,4493940883.28,701301046
2026-09-01,VCG,5.799576,12,2008660615.13,346346139
2026-09-01,VCY,3.487312,12108,164460512.92,47159683
2026-09-01,VFK,5.528778,5615,3115488233.88,563503927
2026-09-01,VFO,1.018994,7248,370923428.23,364009405
2026-09-01,VFS,1.9896,1,6407894.3,3220695
2026-09-01,VHS,0.983173,430,51464422.85,52345225
2026-09-01,VK6,4.202652,161145,79092877366.56,18819753258.988
2026-09-01,VKI,3.141063,343,873714488.25,278158878
2026-09-01,VKK,1.095889,441,74937383.68,68380480
2026-09-01,VKR,1.004171,1,524515.67,522337
2026-09-01,VKT,0.123277,43272,4707684860.19,38187710484.964
2026-09-01,VKV,1.096184,916,515587442.25,470347449
2026-09-01,VLT,1.032551,669,70913854.96,68678309
2026-09-01,VMV,2.817511,149,7382174168.29,2620104733
2026-09-01,VNK,2.459313,241,3821378930.6,1553839730
2026-09-01,VPA,1.122891,3302,8378896298.09,7461896186
2026-09-01,VPP,54.387393,571,1558983934.1,28664436
2026-09-01,VPS,0.86369,5793,1118619903.21,1295163639
2026-09-01,VRK,1.336232,155,46083915.54,34487965
2026-09-01,VTF,2.13399,1,407911003.88,191149460
2026-09-01,VTL,1.120524,6916,2942572891.55,2626068217
2026-09-01,YA1,1.438704,24,32500451371.72,22590083771
2026-09-01,YAC,14.80796,9826,5487819381.5,370599277
2026-09-01,YAE,1.196673,609,72360033.89,60467693
2026-09-01,YAK,5.24402,108046,1137924831.61,216994739.414
2026-09-01,YAN,14.689645,3583,1868055352.22,127168179
2026-09-01,YAR,27.540335,1,771129381.53,28000000
2026-09-01,YAS,14.976808,61751,6479738307.33,432651502
2026-09-01,YAY,1833.335014,44002,13304858697.07,7257189
2026-09-01,YBE,1.864411,13973,5068862335.39,2718746612
2026-09-01,YBH,54.479044,601,651374108.36,11956416
2026-09-01,YBJ,59.212726,1,1957895066.16,33065444
2026-09-01,YBP,12.85352,55,956063969.59,74381488
2026-09-01,YBR,56.051255,2592,6480960998.49,115625619
2026-09-01,YBS,0.14714,11894,2076227539.83,14110599744
2026-09-01,YCG,61.303155,4,204152073.25,3330205
2026-09-01,YCH,2.723435,114,107990350.77,39652266
2026-09-01,YCK,4.664882,192,414217910.07,88794939
2026-09-01,YCL,10.457771,12,176393871.71,16867253
2026-09-01,YCP,8.466545,1994,996612423.59,117711823
2026-09-01,YCY,4.144979,280,376456919.77,90822402
2026-09-01,YDH,1.154241,1,5171098393.11,4480085038
2026-09-01,YDI,0.482944,6913,1172084300.12,2426958906
2026-09-01,YDK,0.121215,48467,149484117.97,1233212923
2026-09-01,YDL,60.454708,8,1265693908.36,20936234
2026-09-01,YDM,1.954706,2,1326632356.99,678686262
2026-09-01,YDP,2.321759,2514,397682270.42,171284928
2026-09-01,YDZ,55.443543,2906,11511952440.74,207633782
2026-09-01,YEF,0.984601,13382,1981941469.41,2012938667.008
2026-09-01,YFV,0.106793,7509,938986522.14,8792564704
2026-09-01,YGM,3.413444,1914,548826568.8,160783800
2026-09-01,YHB,2.453791,7168,279969629.56,114096748
2026-09-01,YHI,1.538413,235,58419344.09,37973765
2026-09-01,YHK,2.105808,7141,1252611841.09,594836582
2026-09-01,YHP,4.667281,1,1773566806.67,380000000
2026-09-01,YHS,27.27068,8846,2951197204.23,108218687
2026-09-01,YHT,0.418242,85912,2473856767.7,5914891727.894
2026-09-01,YHY,0.998498,18,182046104.51,182319880
2026-09-01,YHZ,9.642649,17943,1466612578.88,152096440
2026-09-01,YIK,1.552922,1496,13077904590.23,8421480438
2026-09-01,YIS,1.439057,1,1065442901.09,740375889
2026-09-01,YIT,2.616048,16454,2264352988.74,865562461
2026-09-01,YIV,3.618145,2,5777810736.27,1596898432
2026-09-01,YJA,68.011987,4,407183207.76,5986933
2026-09-01,YJH,3.777627,4065,190437537.59,50411948
2026-09-01,YJK,5.713071,14107,1027814586.43,179905794
2026-09-01,YJU,67.094556,1,446689187.9,6657607
2026-09-01,YJY,58.360105,9189,77686135375.08,1331151405
2026-09-01,YKS,0.353128,365,606569370.13,1717701601
2026-09-01,YKT,0.90158,86598,33678749693.95,37355264504
2026-09-01,YLB,1.839586,356994,111386754493.8,60549912502
2026-09-01,YLC,3.969068,1344,74443531.22,18755921
2026-09-01,YLE,8.811672,2247,243910965.2,27680441
2026-09-01,YLO,5.467072,5077,244476729.43,44718039
2026-09-01,YLR,2.383312,4,11673.46,4898
2026-09-01,YLY,2.265965,903,32293918.48,14251730
2026-09-01,YLZ,3.111537,17,3913562152.14,1257758532
2026-09-01,YMD,57.10556,1461,7856143934.95,137572312
2026-09-01,YMH,1.601783,315,425979456.82,265940758
2026-09-01,YMP,1.171789,114,560293195.89,478152017
2026-09-01,YNF,1.032038,172,502214.66,486624
2026-09-01,YNK,48.540882,1176,20199378111.32,416131252
2026-09-01,YNL,55.904322,1,222607097.01,3981930
2026-09-01,YOA,90.509688,140,1930361307.12,21327676
2026-09-01,YOS,57.156816,277,1191242875.06,20841659
2026-09-01,YOT,40.972987,9837,1925263676.75,46988609.059
2026-09-01,YOZ,50.00059,2172,48497363375.36,969935828
2026-09-01,YP1,64.923314,3,221580217.87,3412953
2026-09-01,YP2,74.218349,1,1379655879.7,18589148
2026-09-01,YP4,54.904768,29424,134547625289.56,2450563587
2026-09-01,YPC,5.604236,2336,52220342.77,9318013
2026-09-01,YPD,68.645097,2,100816376.34,1468661
2026-09-01,YPF,10.379524,597,1461667283.62,140822185
2026-09-01,YPI,56.995222,59,2049269289.74,35955107
2026-09-01,YPK,14.752051,224,209624248.79,14209838
2026-09-01,YPL,74.30787,1570,13745387684.54,184978894
2026-09-01,YPN,68.360811,1097,3785347909.13,55373069
2026-09-01,YPP,25.758709,1,4818393289.43,187058807
2026-09-01,YPR,1.711879,320,80012276.91,46739435
2026-09-01,YPT,4.187919,19329,126870237610.96,30294341956
2026-09-01,YPU,67.36358,1911,5340418054.29,79277527
2026-09-01,YPV,7.966284,3350,5572268195.96,699481451
2026-09-01,YRZ,48.920245,156,804908273.58,16453480
2026-09-01,YSA,49.554839,296,399961021.26,8071079
2026-09-01,YSH,0.980773,457,62227391.75,63447271
2026-09-01,YSL,44.086561,378,686214638.15,15565166
2026-09-01,YSO,1.649302,414,97450534.01,59085923
2026-09-01,YSU,0.177323,6137,250750224.11,1414088668
2026-09-01,YTD,0.956629,14914,1761916077.95,1841796390
2026-09-01,YTJ,70.762228,1,1243196104.32,17568640
2026-09-01,YTO,54.040966,4,714048854.49,13213103
2026-09-01,YTR,81.108058,2,628214186.4,7745398
2026-09-01,YTV,3.172415,2234,202846324.44,63940665
2026-09-01,YTY,59.695858,20727,120465180514.66,2017982211
2026-09-01,YUB,5.432691,588,392034166.74,72162065
2026-09-01,YUD,76.457744,2,256604421.99,3356160
2026-09-01,YUI,1.958874,7,938692759.72,479200096
2026-09-01,YUK,50.506903,147,1372625104.62,27176980
2026-09-01,YUN,59.02147,583,3252165063.96,55101390
2026-09-01,YUY,1.0044,2,994718375.58,990361196
2026-09-01,YVB,1.399542,721,124062986.81,88645416
2026-09-01,YVD,4.465445,81829,46403185400.63,10391615927
2026-09-01,YVF,74.309367,4,962549739.19,12953276
2026-09-01,YVG,63.861907,1215,6077254882.71,95162440
2026-09-01,YVO,70.971393,2,743967274,10482636
2026-09-01,YVS,77.155175,6,445780379.29,5777712
2026-09-01,YZC,5.133762,12320,647496224.5,126125095
2026-09-01,YZF,102.329453,1,486064901.78,4750000
2026-09-01,YZG,13.490173,60813,11209891611.55,830967202
2026-09-01,YZH,10.923451,5527,663647295.16,60754363
2026-09-01,YZK,7.916193,191,211470161.18,26713618
2026-09-01,YZL,5.682303,58,542503881.61,95472531
2026-09-01,YZT,0.979536,8566,422749135.61,431580935
2026-09-01,ZA2,2.07548,552,3995363781.03,1925031294
2026-09-01,ZAD,46.670075,52,16479016.82,353096
2026-09-01,ZAV,57.831315,4875,63634355194.14,1100344247
2026-09-01,ZAY,6.4694,3293,1492769179.24,230743050
2026-09-01,ZBD,683.753214,2056,939408130.1,1373899.389
2026-09-01,ZBI,2.311344,1863,188599357.62,81597270
2026-09-01,ZBJ,5.238717,20019,85318420761.2,16286128143.533
2026-09-01,ZBN,23.331556,166,145309814.55,6228038
2026-09-01,ZBO,3.31655,224,462155794.73,139348345
2026-09-01,ZBZ,68.617794,1,360232096.4,5249835
2026-09-01,ZCA,8.704524,1,65593794.63,7535598
2026-09-01,ZCB,75.139052,3,2415044.27,32141
2026-09-01,ZCC,80.56806,2,425822744.57,5285255
2026-09-01,ZCD,4.855274,464,1376887560.6,283585969
2026-09-01,ZCE,4.744282,1,13320679221,2807733694
2026-09-01,ZCF,4.151254,1,1913720532.12,460998205
2026-09-01,ZCG,6.814172,156,1044548061.09,153290529
2026-09-01,ZCH,2.476772,1,5097183830.7,2057994652
2026-09-01,ZCK,1.871449,2425,401065712.73,214307621
2026-09-01,ZCN,4.082127,6532,621108687.97,152153200
2026-09-01,ZDD,7.589018,1415,518490087.26,68321103
2026-09-01,ZDK,15.907639,1,3333254.95,209538
2026-09-01,ZDZ,12.945686,8586,1016607666.91,78528681
2026-09-01,ZFB,7.200298,15203,1028580741.64,142852519
2026-09-01,ZFZ,70.897281,3,22788307665.1,321427105
2026-09-01,ZHH,1.455977,1050,87511247.39,60104847
2026-09-01,ZIH,0.956724,8635,607234881.72,634702050
2026-09-01,ZJB,10.292409,1706,8328091689.21,809148917
2026-09-01,ZJH,62.416541,1,211342344.83,3385999
2026-09-01,ZJI,10.647885,1657,6740810919.46,633065727
2026-09-01,ZJL,15.163636,2581,412326560.61,27191800
2026-09-01,ZJT,68.914696,1,1371068837.96,19895159
2026-09-01,ZJV,10.929062,1336,687817246.72,62934700
2026-09-01,ZK1,50.944931,109,2221206929.84,43600156
2026-09-01,ZK2,58.724891,72,1153385932.64,19640495
2026-09-01,ZKK,25.397406,1,2378910822.31,93667474
2026-09-01,ZLB,50.771217,46,490305307.48,9657151
2026-09-01,ZLG,65.178873,1,1097143720.54,16832812
2026-09-01,ZLH,11.573226,3366,448168529.52,38724600
2026-09-01,ZMT,63.75073,314,1723569652.3,27036077
2026-09-01,ZMU,0.214785,14,19391400.8,90283015
2026-09-01,ZMY,6.506686,2808,193745047.76,29776300
2026-09-01,ZNF,55.667148,1,847243866.19,15219818
2026-09-01,ZOS,1.911851,11,586023430.92,306521428
2026-09-01,ZP1,63.764047,2,64652790.68,1013938
2026-09-01,ZP2,5.847091,1,624389725.25,106786382
2026-09-01,ZP3,4.654348,1,520457657.53,111821825
2026-09-01,ZP6,58.996987,1504,5624465836.91,95334798
2026-09-01,ZP7,68.712135,1,1297716141.94,18886273
2026-09-01,ZP8,4.124622,4299,61328034185.06,14868765385
2026-09-01,ZP9,61.180972,816,2246509143.03,36719082
2026-09-01,ZPA,67.570299,916,4427583124.04,65525581
2026-09-01,ZPC,19.598951,2788,3234551489.09,165036973
2026-09-01,ZPE,35.727192,7236,1284185835.97,35944213.836
2026-09-01,ZPF,23.394178,3427,753346468.72,32202306
2026-09-01,ZPG,10.78054,6486,1583136794.01,146851346.425
2026-09-01,ZPH,1.531434,55,557513248.54,364046454
2026-09-01,ZPJ,11.643813,315,118769849.34,10200254
2026-09-01,ZPK,8.503716,29835,20112987415.06,2365199738.001
2026-09-01,ZPN,73.254424,1,1971332595.04,26910765
2026-09-01,ZPO,1.052223,1762,1922332153.81,1826924680
2026-09-01,ZPR,1.561214,907,37055144346.1,23734826384
2026-09-01,ZR2,1.447757,1,1370547711.17,946669725
2026-09-01,ZR3,0.506709,140,153351401.86,302641774
2026-09-01,ZSB,12.260817,24,3669854905.28,299315692
2026-09-01,ZSF,52.828706,1605,41280667.57,781406
2026-09-01,ZSG,4.344927,917,49706396.96,11440100
2026-09-01,ZSK,59.181487,1,2575662929.33,43521430
2026-09-01,ZSN,57.33652,2,3122550371.68,54460061
2026-09-01,ZTF,7.653267,1,2103593081.83,274862095
2026-09-01,ZTG,1.361665,1041,40093012.65,29444118
2026-09-01,ZTV,1.026791,1490,616122032.89,600046150
2026-09-01,ZUD,4.31765,1,896989934.79,207749576
2026-09-01,ZUE,5.159085,1,7894395305.16,1530193061
2026-09-01,ZUS,50.882821,3362,59298078175.54,1165385027
2026-09-01,ZVB,97.959727,11,245744416.96,2508627
2026-09-01,ZVO,3.47161,310,800071339.03,230461150
2026-09-01,ZYC,4.988423,1,9147702744.27,1833786550
2026-09-01,ZYD,4.954953,1,9137863443.18,1844187892
2026-09-01,ZZL,84.924506,15,43253664.4,509319
2026-08-31,AAL,3.523949,4455,1889029187.54,536054659
2026-08-31,AAS,12.965949,150,17539233.13,1352715
2026-08-31,AAV,63.920651,1975,124460027.48,1947102
2026-08-31,ABG,115.75602,200,15200597279.67,131315825
2026-08-31,ABJ,0.766705,3,1025346600.58,1337341991
2026-08-31,ABU,0.106093,37,61566418.46,580303972
2026-08-31,AC1,3.260459,197,334172070.92,102492352
2026-08-31,AC2,2.7776,44,20631798143.54,7427922197
2026-08-31,AC3,64.009325,14,133815462.35,2090562
2026-08-31,AC4,4.049333,4076,2295160515.86,566799714
2026-08-31,AC5,3.749941,147,22897599.5,6106123
2026-08-31,AC6,57.926461,79,75549544.37,1304232
2026-08-31,AC7,5.207089,44,3359094015.98,645100136
2026-08-31,AC8,214.048808,96,3241451762.2,15143517
2026-08-31,ACC,45.799513,1320,121796751.35,2659346
2026-08-31,ACD,6.207434,1475,355184107.88,57219148.413
2026-08-31,ACN,12.698173,16,651885406.05,51336945
2026-08-31,ACU,57.254646,159,1445968480.8,25255042
2026-08-31,ADE,0.905655,25678,710792754.84,784838289
2026-08-31,ADP,1.294127,21181,3951392704.88,3053326327
2026-08-31,AED,119.066281,1388,67579293.49,567577.09
2026-08-31,AES,0.178363,35052,1289796298.04,7231294744
2026-08-31,AEV,2.190712,417,9676909.58,4417245
2026-08-31,AFA,1.30026,46730,5508078915.96,4236137318
2026-08-31,AFO,1.396436,81811,20390230091.27,14601618467
2026-08-31,AFS,0.355925,29048,917395663.17,2577494853
2026-08-31,AFT,0.988587,137760,19292791686,19515523694
2026-08-31,AFV,0.615836,14971,1284440487.47,2085686012
2026-08-31,AGC,9.444917,2464,104447871.68,11058633
2026-08-31,AHH,10.976356,15,234571433.23,21370610
2026-08-31,AHI,37.509651,2674,120493452,3212332
2026-08-31,AHN,70.493674,112,32427583.38,460007
2026-08-31,AHU,11.52018,600,124238518.98,10784425
2026-08-31,AHV,21.964196,195,134166469.18,6108417
2026-08-31,AHZ,31.617548,13,55299754.94,1749021
2026-08-31,AI1,1.260669,17,61669077.32,48917729
2026-08-31,AIH,18.51735,4,176112291.5,9510664
2026-08-31,AII,97.083287,3,382702317.98,3942000
2026-08-31,AIM,27.443388,1,59340480.88,2162287
2026-08-31,AIR,166.932811,3,1480178376.76,8866911
2026-08-31,AIS,0.108581,22035,14829005095.09,136571283893
2026-08-31,AJ1,1.342333,89,11626660.74,8661532
2026-08-31,AJE,63.657331,940,2841013394.03,44629791
2026-08-31,AJK,64.922893,133,132799517.14,2045496
2026-08-31,AJL,64.672173,1270,4598397297.43,71103182
2026-08-31,AJN,61.991215,268,409396061.26,6604098
2026-08-31,AK2,0.553896,9127,246166228.33,444426432
2026-08-31,AK3,55.029818,20386,8395618059.03,152564889
2026-08-31,AKE,0.530966,13403,1053287197.67,1983719677
2026-08-31,AKU,0.98919,16930,2365258685.89,2391106661
2026-08-31,AL4,4.029845,12,1283691142.09,318546011
2026-08-31,AL5,54.220459,2362,13644552539.04,251649520
2026-08-31,AL6,3.945092,12,5628040353.52,1426593054
2026-08-31,AL7,3.802552,111,8768433375.69,2305933757
2026-08-31,ALC,0.387115,24873,1676000116.98,4329466723
2026-08-31,ALE,13.651342,148615,88414305448.53,6476601863
2026-08-31,AN1,113.843918,2896,1372489095.02,12055884.248
2026-08-31,ANL,37.884686,3634,602306652.84,15898420
2026-08-31,ANZ,21.935938,158,259628173.56,11835745
2026-08-31,AOJ,1.680991,203,20970234.4,12474921
2026-08-31,AOY,0.360585,35739,1033320967.61,2865676189
2026-08-31,AP2,3.038825,34,848551539.46,279236705
2026-08-31,AP4,1.037069,11,258456497.93,249218342
2026-08-31,AP5,0.857391,16,893802.36,1042468
2026-08-31,AP6,8.419927,45,802629899.73,95325048
2026-08-31,AP7,2.686595,452,231023044.99,85991014
2026-08-31,APJ,7.02685,2887,86149464.92,12260040
2026-08-31,APP,34.365456,2,220471650.97,6415502
2026-08-31,APT,0.164539,13097,374242442.23,2274497132
2026-08-31,ARE,0.262843,2011,48947819.93,186224593
2026-08-31,ARF,8.959363,1,809477497.07,90349894
2026-08-31,ARL,16.211353,7384,4066272179.99,250828674
2026-08-31,ARM,18.664987,5078,3087426513.2,165412733
2026-08-31,ARP,42.374015,1,3201949875.96,75563996
2026-08-31,AS1,45.805358,38,6357737.87,138799
2026-08-31,AS3,0.760774,16,171819336.37,225848060
2026-08-31,ASJ,4.017939,752,62272050.12,15498505
2026-08-31,ATJ,23.306244,9,1055643125.38,45294433
2026-08-31,AU1,1.252626,970,58258496.47,46509074
2026-08-31,AUV,50.425863,535,425596906.2,8440052
2026-08-31,AVC,134.319907,12,272495063.85,2028702
2026-08-31,AVT,228.905318,19952,4208737879.53,18386370
2026-08-31,AVZ,94.067246,1,216587012.35,2302470
2026-08-31,AY6,1.405095,11,109965786.64,78262194
2026-08-31,AY7,1.700894,12,321645058.77,189103512
2026-08-31,AYA,19.27657,9613,1111927551.06,57682853
2026-08-31,AYR,0.141467,13080,1687674040.29,11929817754
2026-08-31,AZF,0.187832,4,624570926.94,3325162435
2026-08-31,AZJ,21.205715,66,1959709495.01,92414216
2026-08-31,AZV,27.52337,5,4612031047.85,167567815
2026-08-31,AZZ,64.160289,6,25443468007.03,396560996
2026-08-31,BA1,1.935734,34,392802619.88,202921792
2026-08-31,BAC,1.720669,12,1470642989.67,854692790
2026-08-31,BAG,1.094012,180,100070240.23,91470877
2026-08-31,BAI,1.139886,137,55024123.32,48271609
2026-08-31,BAL,50.319105,1,1105726596.87,21974290
2026-08-31,BAO,3.049745,4,71661025.54,23497385
2026-08-31,BAS,54.339254,1,1554688672.08,28610784
2026-08-31,BBF,3.634662,892,141771127.11,39005316
2026-08-31,BBI,1.312412,11,892343.13,679926
2026-08-31,BBN,0.648697,13,1492366397.94,2300561650
2026-08-31,BBO,0.784961,11,271838299.34,346308033
2026-08-31,BBP,2.278695,610,22787105.43,10000069
2026-08-31,BBS,1.6308,790,2493606749.31,1529069758
2026-08-31,BCC,78.527634,3,3275554013.1,41712119
2026-08-31,BCK,2.09406,2278,112595020.66,53768774
2026-08-31,BCO,2.101139,1046,97706372.09,46501628
2026-08-31,BDA,57.260603,788,5935483372.94,103657367
2026-08-31,BDC,9.287846,30,362837260.59,39065815
2026-08-31,BDI,0.000255,72,274622641.53,1078899892195
2026-08-31,BDO,3.185149,11,3154161598.65,990271266
2026-08-31,BDS,2.186943,7640,220600645.16,100871708
2026-08-31,BDY,1.768602,2290,99992889.48,56537809
2026-08-31,BFE,1.84074,55,10231838.01,5558547
2026-08-31,BFO,54.6111,1,11116796229.84,203562943
2026-08-31,BFS,1.109474,274,24541960.8,22120362
2026-08-31,BFT,1.181472,568,185288962.28,156828960
2026-08-31,BGH,2.150816,1,1010946685.8,470029440
2026-08-31,BGP,6.605817,28947,60329196819.56,9132737552
2026-08-31,BGR,1.069858,188,34738749.43,32470419
2026-08-31,BHA,1.838793,746,101061770.84,54960928
2026-08-31,BHE,1.937375,81,38202005.4,19718439
2026-08-31,BHF,3.144455,1499,194538838.21,61867268
2026-08-31,BHH,0.205926,71,398983928.71,1937513173
2026-08-31,BHI,2.371014,442,2402046244.12,1013088023
2026-08-31,BHL,1.295091,780,94749467.44,73160489
2026-08-31,BHN,1.222167,42,574117299.28,469753460
2026-08-31,BHO,1.215059,1,1488201390.6,1224797601
2026-08-31,BI5,1.367703,14,123938521.68,90618026
2026-08-31,BIA,0.230115,18,858855.77,3732290
2026-08-31,BID,3.357908,2017,233525039.54,69544799
2026-08-31,BIG,1.476535,3235,536208396.93,363153150
2026-08-31,BIH,9.160439,518,913747451.09,99749303
2026-08-31,BIK,1.161134,15,2700837747.43,2326034321
2026-08-31,BIO,2.44735,10024,868017380.06,354676459
2026-08-31,BIP,1.657236,232,3339145275.32,2014888270
2026-08-31,BIS,1.798789,60,795470640.41,442225562
2026-08-31,BIY,1.427009,329,87166790.23,61083540
2026-08-31,BJD,53.528549,109,747624190.74,13966831
2026-08-31,BKO,1.294021,1,763851922.03,590293213
2026-08-31,BKY,50.073565,1022,7664152966.06,153057865
2026-08-31,BLA,4.569461,15,4273807753.65,935298004
2026-08-31,BLD,1.685104,716,511473553.87,303526446
2026-08-31,BLT,1.970387,3261,419318689.41,212810358
2026-08-31,BMU,3.369405,3574,439389369.89,130405624
2026-08-31,BNC,2.232983,244,634568138.91,284179536
2026-08-31,BNH,1.231419,176,60360790.14,49017256
2026-08-31,BOH,0.771842,11,193400323.93,250569682
2026-08-31,BOL,1.721207,269,121861965.36,70800276
2026-08-31,BON,1.442405,426,51927776.32,36000825
2026-08-31,BOP,50.093947,11,1355045871.49,27050092
2026-08-31,BOS,1.593647,891,2550924685.37,1600684050
2026-08-31,BP5,1.707164,11,60729696.55,35573439
2026-08-31,BPD,56.176305,11,154396586.56,2748429
2026-08-31,BPZ,1.609953,1292,848209160.09,526853451
2026-08-31,BRB,0.970305,11,554414399.94,571381465
2026-08-31,BRC,1.357746,38,133194147.6,98099482
2026-08-31,BRF,1.63665,1086,87246938.06,53308229
2026-08-31,BRG,5.172018,1623,1988181807.4,384411223
2026-08-31,BRH,7.876581,15,6113852720.34,776206408
2026-08-31,BRR,1.686888,499,740151005.51,438767223
2026-08-31,BRT,0.91476,345,14724098.62,16096129
2026-08-31,BRZ,55.542657,5,1567008324.37,28212700
2026-08-31,BS1,1.399264,155,168205791.92,120210153
2026-08-31,BSA,0.440587,1,898586833.4,2039522977
2026-08-31,BSC,0.136929,41,131086364.94,957330904
2026-08-31,BSD,1.19958,90,361110960.09,301031114
2026-08-31,BSE,0.505486,65,353692051.09,699706389
2026-08-31,BSF,1.288826,1,7286380100.81,5653503590
2026-08-31,BSH,1.024695,128,8533559.93,8327903
2026-08-31,BSM,1.786679,2805,2388290883.93,1336720488
2026-08-31,BSN,0.930392,18,704963369.86,757705538
2026-08-31,BST,10.699885,559,40699281.04,3803712
2026-08-31,BTE,5.263534,1021,228731462.5,43455876
2026-08-31,BTJ,1.385376,58,12593728.98,9090476
2026-08-31,BTK,1.709566,2074,316933505.18,185388293
2026-08-31,BTP,0.600498,21,838361489.52,1396110129
2026-08-31,BTY,59.707577,2,637073517.43,10669894
2026-08-31,BTZ,1.276853,190,7811493.13,6117769
2026-08-31,BUB,1.330881,2570,130985745.47,98420350
2026-08-31,BUC,0.797145,24,749341165.57,940030807
2026-08-31,BUP,4.210474,1,14125200162.25,3354777076
2026-08-31,BUT,2.005036,4,183375521.89,91457465
2026-08-31,BUV,1.258143,250,14654318.03,11647581
2026-08-31,BUY,1.818347,16606,346013138.1,190289901
2026-08-31,BV1,1.74595,496,90071091,51588585
2026-08-31,BVB,4.647705,1,4996296994.86,1075003028
2026-08-31,BVC,4.397846,1,7130413305.57,1621342207
2026-08-31,BVD,1.428176,374,242368977.49,169705311
2026-08-31,BVF,1.429198,543,1754230865.55,1227423130
2026-08-31,BVH,2.189187,13,148496162.29,67831653
2026-08-31,BVI,2.994891,28,302675573.63,101063959
2026-08-31,BVK,1.14582,22,36138.03,31539
2026-08-31,BVM,1.335754,126,13853256.59,10371112
2026-08-31,BVT,5.645997,10,21145765.17,3745267
2026-08-31,BVV,3.558437,1087,195006454.57,54801160
2026-08-31,BVZ,4.542652,630,3031814496.34,667410617
2026-08-31,BYZ,0.876007,40,71956822.66,82141874
2026-08-31,CAH,1.303984,223,22475243.64,17235828
2026-08-31,CBD,0.161402,17,1841590018.66,11409975961
2026-08-31,CBN,46.754937,6,597835791.39,12786581
2026-08-31,CBO,242.620969,3,1755424334.26,7235254
2026-08-31,CEY,67.22992,3,222829198.38,3314435
2026-08-31,CFO,2.544362,466,2087635561.97,820494857
2026-08-31,CGD,58.701917,2,649802860.95,11069534
2026-08-31,CHY,0.180131,41,173405434.61,962664615
2026-08-31,CIN,1.760441,525,21287020.6,12091866
2026-08-31,CJD,51.987585,1358,5270664771.34,101383144
2026-08-31,CJF,65.53366,3,1639470459.14,25017227
2026-08-31,CJG,66.476475,1,2013820663.63,30293734
2026-08-31,CJH,62.509921,1715,3106597043.35,49697664
2026-08-31,CKF,2.174251,2857,696518510.04,320348778
2026-08-31,CKL,1.61674,1192,741181589.5,458442021
2026-08-31,CKS,61.454021,2363,5647913838.29,91904708
2026-08-31,COT,59.953979,195,557007235.25,9290580
2026-08-31,CPT,3.787322,14354,1017185994.6,268576583
2026-08-31,CPU,3.954032,17588,1750270245.17,442654515
2026-08-31,CRL,49.56351,3,1065615461.62,21500000
2026-08-31,CSD,64.934759,1,676668826.78,10420749
2026-08-31,CSH,4.631363,54,7328310060.99,1582322640
2026-08-31,CTF,9.343497,1,349181041.61,37371557
2026-08-31,CTG,7.615889,1,16498329.99,2166304
2026-08-31,CTM,6.389905,1,16501111.68,2582372
2026-08-31,CTP,63.247984,1,572512529.58,9051870.001
2026-08-31,CTV,10.874875,4,205978532.79,18940772
2026-08-31,CVA,4.204432,1,9716324304.56,2310971747
2026-08-31,CVB,4.281073,5,2025443537.51,473115896
2026-08-31,CVC,2.934197,2,736852502.14,251125767
2026-08-31,CVD,64.567548,2,1103110211.4,17084592
2026-08-31,CVE,2.807522,1,308889958.16,110022256
2026-08-31,CVF,4.810471,1,994724108.88,206783109
2026-08-31,CVK,5.194466,1905,637548180.91,122736033
2026-08-31,CVL,1.601142,641,80369073.08,50194856
2026-08-31,CYD,58.460072,404,1436682277.72,24575445
2026-08-31,DA1,49.020591,39,5132700.95,104705
2026-08-31,DAC,73.644366,1,523048280.99,7102353
2026-08-31,DAE,2.773319,1,1040565407.94,375205792
2026-08-31,DAH,3.733607,2527,599833527.45,160657900
2026-08-31,DAI,97.061429,4,373626807,3849385
2026-08-31,DAL,72.978942,1,700330377.07,9596335
2026-08-31,DAP,1.028902,732,1575699914.76,1531438692
2026-08-31,DAS,55.464424,25369,114813786679.78,2070043809.31
2026-08-31,DAT,99.118935,6,275807159.9,2782588
2026-08-31,DAV,58.671135,221,1211886676.53,20655586
2026-08-31,DAZ,13.510809,4,332999353.09,24646884
2026-08-31,DB2,2.113772,11,6558154.85,3102584
2026-08-31,DBA,0.783233,25316,10345362496.8,13208536189
2026-08-31,DBB,0.115179,1969,241882930.14,2100067838.85
2026-08-31,DBG,0.66589,4,2742777741.98,4118962935
2026-08-31,DBH,0.385883,8653,990438375.44,2566682900
2026-08-31,DBK,0.122313,85332,786587682.55,6430925506
2026-08-31,DBP,0.508171,1058,167535926.68,329684000
2026-08-31,DBZ,0.142008,2881,717807309.86,5054708400
2026-08-31,DCB,4.81863,22342,138835728595.45,28812285180
2026-08-31,DCD,66.427355,1,251306308.14,3783175
2026-08-31,DCE,74.495694,3,1296180304.89,17399399
2026-08-31,DCN,1.45332,2472,952494593.85,655392201
2026-08-31,DCP,72.138046,3,251565709.56,3487282
2026-08-31,DCV,47.924907,23,37830340.15,789366.999
2026-08-31,DDA,12.98083,1027,223168906.4,17192191
2026-08-31,DDC,12.3905,11,3896943843.84,314510632
2026-08-31,DDE,76.057307,1,419461601.93,5515073
2026-08-31,DDF,12.985278,658,117561159.98,9053419
2026-08-31,DDP,74.021503,1,77429601.49,1046042
2026-08-31,DEF,2.780989,92,72098951.37,25925649
2026-08-31,DEH,1.013241,157,24123645,23808401
2026-08-31,DEI,0.03801,13,6583156.51,173196936
2026-08-31,DFC,3.221122,1526,104192160.29,32346547
2026-08-31,DFD,2.767182,441,145537911.64,52594275
2026-08-31,DFI,5.779373,50619,33290194606.34,5760173650
2026-08-31,DFO,4.007721,2,1184824433.83,295635450
2026-08-31,DGF,1.511732,399,283451006.47,187500848
2026-08-31,DGH,10.904078,259,4008511807.71,367615840
2026-08-31,DHI,0.544138,46,2876133041.31,5285672299
2026-08-31,DHJ,7.265674,2918,225377035.35,31019424
2026-08-31,DHM,5.389332,1135,25945547.27,4814242
2026-08-31,DHP,4.624101,1,8727958.58,1887493
2026-08-31,DHS,336.673159,1,4445882860.98,13205338
2026-08-31,DHT,1.185552,774,78981540.34,66620064
2026-08-31,DHV,2.865735,1430,623988629.58,217741200
2026-08-31,DID,1.479229,155,27981886.43,18916539
2026-08-31,DIH,2.517402,11,191971460.92,76257782
2026-08-31,DIM,50.419554,1,115335132.17,2287508
2026-08-31,DIP,1.596132,1953,61181993702.34,38331422749
2026-08-31,DK1,1.493005,65,3135121420.7,2099873541
2026-08-31,DK8,48.143301,201,2996102102.58,62233001
2026-08-31,DKA,48.342093,239,2464423368.06,50978831.001
2026-08-31,DKC,0.60827,28,10858838.35,17851996
2026-08-31,DKH,3.899542,1406,218336952.08,55990407
2026-08-31,DKL,50.964187,100,379300351.64,7442488
2026-08-31,DKP,48.279602,628,4163150046.58,86230000
2026-08-31,DKR,1.031461,1665,253560077.07,245826179
2026-08-31,DKS,73.189428,2,234786560.38,3207930
2026-08-31,DL2,2.50486,652,9612126595.69,3837390591
2026-08-31,DLD,7.812557,576,64665533.59,8277128
2026-08-31,DLG,1.278457,37,4648943.58,3636370
2026-08-31,DLN,2.531688,42,5163304943.59,2039471315
2026-08-31,DLY,6.138541,312871,83365893503.28,13580734912
2026-08-31,DLZ,0.50716,44,10988359.33,21666434
2026-08-31,DMG,7.34155,15269,3270155497.39,445431221
2026-08-31,DMI,1.019795,1,808530402.46,792836412
2026-08-31,DMR,59.395428,1,17608911232.94,296469134
2026-08-31,DMV,71.254576,2,342475569.5,4806366
2026-08-31,DMZ,65.062403,5,650624026.71,10000000
2026-08-31,DNA,10.922059,5,2173745717.66,199023445
2026-08-31,DNF,1.369049,152,439434563.75,320977985
2026-08-31,DNH,1.188815,61,17629437.98,14829424
2026-08-31,DNK,1.782089,126,674698253.12,378599703
2026-08-31,DNL,55.924941,1,222844448.16,3984706
2026-08-31,DNM,53.29137,1071,1439602668.18,27013805
2026-08-31,DNP,1.450579,326,1943461509.61,1339783587
2026-08-31,DNU,47.85401,15,39341020.95,822105
2026-08-31,DOC,48.173675,174,4923507174.59,102203272
2026-08-31,DOD,70.475363,159,14712171305.12,208756232
2026-08-31,DOH,2.380703,13226,11115911296.43,4669170904
2026-08-31,DOL,53.068865,379,5868134894.47,110575850
2026-08-31,DOR,73.884396,1,532120000.14,7202062
2026-08-31,DOS,68.449696,3,2085125870.33,30462164
2026-08-31,DOV,61.183341,17173,74392724527.8,1215898372
2026-08-31,DP1,18.200252,7,5179370084.74,284576837
2026-08-31,DP2,66.796545,11,374380941.18,5604795
2026-08-31,DP3,71.166582,4,333115044.85,4680779
2026-08-31,DP4,75.061413,3,547516188.62,7294243
2026-08-31,DP5,84.678788,1,1833877833.92,21656874
2026-08-31,DP6,48.202172,212,1936646855.29,40177585
2026-08-31,DP7,61.6005,3,554514272.78,9001782
2026-08-31,DP8,48.435557,49,399907350.58,8256483
2026-08-31,DP9,48.191008,155,6090815548.48,126389046
2026-08-31,DPB,24.513514,3137,11299305069.95,460941877
2026-08-31,DPC,100.066174,1,334451474.66,3342303
2026-08-31,DPE,22.910408,1,1499639253.5,65456679
2026-08-31,DPG,101.87174,2,584152221.02,5734193
2026-08-31,DPI,8.951356,126,380387934.48,42495005
2026-08-31,DPK,8.719637,1359,865399508.55,99247192
2026-08-31,DPL,103.382932,1,2325090825.81,22490084
2026-08-31,DPN,58.331634,1,2288933.33,39240
2026-08-31,DPP,150.573316,2,53961561.38,358374
2026-08-31,DPT,18.326096,5002,302568524.64,16510255
2026-08-31,DPZ,83.479758,1,123657396.12,1481286
2026-08-31,DRA,1.299597,48,44563017.3,34289863
2026-08-31,DRD,56.315152,149,1740047980.37,30898398
2026-08-31,DRH,1.883762,71,694584282.38,368721809
2026-08-31,DRT,1.252154,515,42766490.58,34154345
2026-08-31,DSC,67.427779,1,1001984085.37,14860108
2026-08-31,DSD,72.796222,1416,3840666845.94,52759151
2026-08-31,DSH,2.254519,1382,4409968442.94,1956057132
2026-08-31,DSP,15.06285,1166,146899372.61,9752429
2026-08-31,DSV,49.532442,44,903445089.47,18239462
2026-08-31,DTH,1.404162,227,244421829.42,174069514
2026-08-31,DTL,4.236985,3205,165848617.91,39143070
2026-08-31,DTM,1.477956,2746,60863540.64,41180899
2026-08-31,DTO,48.033504,131,119348366.28,2484690
2026-08-31,DTP,1.908455,4,1729003027.98,905970033
2026-08-31,DTV,70.103566,4,4232545053.31,60375603
2026-08-31,DTZ,5.481995,8362,514556601.61,93863021
2026-08-31,DUC,0.449756,12,155777.9,346361
2026-08-31,DUD,53.232927,280,443300710.46,8327566
2026-08-31,DUH,1.256794,517,150876585.97,120048779
2026-08-31,DUT,47.885925,244,884350326.82,18467855
2026-08-31,DUV,1.331847,208,62361986.31,46823688
2026-08-31,DVC,69.277979,1,57154332.28,825000
2026-08-31,DVI,78.215239,2,197329147.57,2522899
2026-08-31,DVN,65.837898,1,315333116.14,4789538
2026-08-31,DVO,5.37097,1,34414960.54,6407587
2026-08-31,DVS,1.587964,315,356393942.78,224434515
2026-08-31,DVT,10.03305,11073,894284722.43,89133881
2026-08-31,DVU,8.801678,5,1472622792.75,167311605
2026-08-31,DVZ,67.184926,1,1411659838.02,21011556
2026-08-31,DXP,1.953179,1044,48093394.59,24623138
2026-08-31,DYJ,48.797253,154,1146296133.8,23490997
2026-08-31,DYN,4.537976,1629,58932146.07,12986438
2026-08-31,DYS,1.673164,13,19426756.47,11610791
2026-08-31,DZ2,1.422308,2,12661134553.84,8901825523
2026-08-31,DZE,1.026783,2846,198326908.37,193153700
2026-08-31,DZM,87.23821,4115,11353022825.06,130138191
2026-08-31,DZP,61.153518,2,463568128.12,7580400
2026-08-31,DZS,1.584268,123,52546983.1,33167983
2026-08-31,EBD,0.261114,580,79990471.35,306343435
2026-08-31,EBI,57.463145,25,794729425.63,13830246
2026-08-31,EBS,49.479617,34,4481259080.59,90567780
2026-08-31,EC2,87.095876,1934,65237842.05,749034.8
2026-08-31,ECA,2.070038,760,338652421.32,163597218
2026-08-31,ECB,54.010198,3177,792249943.94,14668525
2026-08-31,ECV,0.493862,2413,90156996.68,182555187.183
2026-08-31,EDD,1.154659,898,27355699.74,23691592
2026-08-31,EDN,1.047618,34,281260788.91,268476411
2026-08-31,EDP,1.181901,56,75914500.66,64230853
2026-08-31,EDT,2.281637,626,968450882.65,424454357
2026-08-31,EDU,3.64135,685,368832245.34,101289972
2026-08-31,EES,50.730124,1,405056149.59,7984529
2026-08-31,EGP,57.855778,49,264016686.5,4563359
2026-08-31,EGR,1.056006,129,277112917.24,262415931
2026-08-31,EHS,2.646155,3,624331156.8,235938967
2026-08-31,EIB,0.690239,503,307543744.32,445561328
2026-08-31,EID,1.995473,1838,92491288.24,46350566
2026-08-31,EIL,5.335193,1455,991807666.63,185899117
2026-08-31,EJG,9.825524,1,672254556.73,68419205
2026-08-31,EKF,0.138106,4950,1548380203.99,11211542066
2026-08-31,EKL,1.841239,1326,2433563889.1,1321699211
2026-08-31,ELZ,14.123762,705,295271347.17,20905998
2026-08-31,EME,1.139311,15,38039476.23,33388148
2026-08-31,EML,1.267356,967,43650748.02,34442373
2026-08-31,ENA,1.15846,1627,37399376.22,32283710
2026-08-31,ENJ,1.427861,673,61351681.69,42967539
2026-08-31,ENO,48.722743,114,70177461.8,1440343
2026-08-31,ENR,1.217136,12912,1959843475.89,1610209134
2026-08-31,ENS,1.219504,1780,42923796.18,35197763
2026-08-31,EP1,1.079019,1851,13875535470.93,12859398798
2026-08-31,EPA,1.390999,158,548610293.57,394400151
2026-08-31,EPI,1.159312,340,292557871.82,252354636
2026-08-31,EPK,1.431069,1547,248699294.82,173785663
2026-08-31,EPO,62.950523,1,465204052.98,7389995
2026-08-31,EPP,1.496305,50,1937672016.51,1294971524
2026-08-31,EPT,1.34977,71,1553079627.43,1150625592
2026-08-31,ESG,4.097176,81,11040235.15,2694596
2026-08-31,ESN,1.761372,12,41413044.7,23511812
2026-08-31,ESP,0.363595,275,25453324.62,70004524
2026-08-31,ETN,1.011098,8,202224615.77,200004936
2026-08-31,EUN,64.551167,3532,6216337523.44,96300932
2026-08-31,EUZ,63.387134,38752,144173005594.31,2274483736
2026-08-31,EVM,1.179379,615,45558823.02,38629501
2026-08-31,EYT,3.096526,496,43996187.91,14208239
2026-08-31,EZM,44.692733,1,4469273.3,100000
2026-08-31,FAK,1.343862,366,21228408.53,15796573
2026-08-31,FAL,1.30613,636,345312515.01,264378397
2026-08-31,FBC,2.077377,5791,178564864.19,85956899
2026-08-31,FBI,53.324585,5000,16985309391.15,318526799
2026-08-31,FBN,5.507986,33,222569423.03,40408496
2026-08-31,FBV,7.902546,1922,666263158.4,84309938
2026-08-31,FBZ,4.832934,400,302301724.39,62550356
2026-08-31,FCK,1.890736,554,308085758.76,162944927
2026-08-31,FCS,2.358483,178,2230134428.93,945579884
2026-08-31,FD1,2.062269,143,19657737.64,9532094
2026-08-31,FDE,48.176498,881,4406222462.26,91460000
2026-08-31,FDG,2.678358,792,70553693.18,26342140
2026-08-31,FDO,61.766458,1,292610132.14,4737363
2026-08-31,FDV,6.119153,1,1499192483.39,245000000
2026-08-31,FDZ,0.317755,11,234289867.96,737329526
2026-08-31,FFD,0.051566,1031,2397467364.42,46493409186
2026-08-31,FFF,65.137062,1,1072337061.45,16462779
2026-08-31,FFH,8.844878,2125,1661108289.3,187804545
2026-08-31,FFO,59.150897,7,106581280.85,1801854
2026-08-31,FFP,7.911529,2384,2014277676.43,254600315
2026-08-31,FHI,1.496966,11,73312541.75,48974090
2026-08-31,FHP,3.438485,48,11770866629.48,3423270936
2026-08-31,FHZ,65.333865,3,743023036.58,11372709
2026-08-31,FI3,808.913807,9719,1665100378.18,2058439.804
2026-08-31,FI5,750.036935,53445,118485253998.5,157972559
2026-08-31,FIB,0.530064,12480,5312140862.27,10021694077.58
2026-08-31,FID,1.063127,1673,884356792.73,831845198
2026-08-31,FIL,0.37564,21058,14019179094.52,37320810221
2026-08-31,FIT,0.235135,575,232750840.93,989859214
2026-08-31,FJB,7.310117,742,408124915.5,55830146
2026-08-31,FJC,60.472802,96,1290532595.71,21340711
2026-08-31,FJM,58.112545,1646,7860146718.12,135257313
2026-08-31,FJN,57.895973,1222,5053133274.68,87279529
2026-08-31,FJZ,66.634179,809,1502276893.88,22545140
2026-08-31,FKE,59.912396,12183,49648008380.1,828676728
2026-08-31,FKV,48.277989,475,2312032905.84,47890000.01
2026-08-31,FLS,63.162806,2298,4152965836.52,65750180
2026-08-31,FLY,1.673246,2274,113133692.82,67613289
2026-08-31,FMG,3.573721,10441,13120082909.35,3671266667
2026-08-31,FMS,55.182587,1,609851302.03,11051517
2026-08-31,FMV,1.433698,31,164723463.07,114894079
2026-08-31,FNN,0,1,0,0
2026-08-31,FNO,0.210317,6542,11036892668.62,52477511418.035
2026-08-31,FNT,2.318294,1833,675229745.02,291261482
2026-08-31,FP4,0.798009,133,134402021.12,168421723
2026-08-31,FPE,76.91608,1424,340079679.27,4421438
2026-08-31,FPG,2.369453,2073,910426272.67,384234841
2026-08-31,FPH,35.703927,4501,1306309879.47,36587289
2026-08-31,FPI,2.667995,212,70108225.72,26277498
2026-08-31,FPK,0.099256,1197,265783247.73,2677753228
2026-08-31,FPR,11.24694,30,169652345.11,15084312
2026-08-31,FPZ,69.486716,19423,133195278392.7,1916845219
2026-08-31,FR1,0.757251,20,200971734.88,265396484
2026-08-31,FRA,32.594416,2,532795563.57,16346222
2026-08-31,FRC,1.493858,209,73644596.44,49298266
2026-08-31,FRZ,15.49252,2,277326066.67,17900643
2026-08-31,FS1,1.536047,232,137903214.07,89777964
2026-08-31,FS2,2.480453,26,53339541.8,21503948
2026-08-31,FS3,1.278993,21,1085744367.54,848905511
2026-08-31,FS4,1.613926,20,828552429.25,513376841
2026-08-31,FS5,2.354888,14,30743449.3,13055162
2026-08-31,FS6,1.913849,363,125857525.58,65761483
2026-08-31,FSF,6.990524,7751,12079432171.33,1727972371.997
2026-08-31,FSG,3.865,731,684849405.91,177192601
2026-08-31,FSH,4.870985,542,377012903.22,77399731
2026-08-31,FSK,6.17939,2600,5779721640.28,935322308
2026-08-31,FSM,2.824538,21,379168985.88,134241049
2026-08-31,FSP,20.614582,21,134427.69,6521
2026-08-31,FSR,48.067917,2473,4878222449.1,101486037
2026-08-31,FSU,1.429084,5246,1238558244.79,866679969
2026-08-31,FSV,56.118648,1653,10316291114.52,183830000.01
2026-08-31,FTL,1.547167,671,254581707.04,164547051
2026-08-31,FTY,48.149546,1240,7975490851.98,165640000
2026-08-31,FUA,5.549202,4777,335214136.42,60407626
2026-08-31,FUB,0.760312,2156,921290095.72,1211726124
2026-08-31,FUM,63.358055,2,455609804.41,7191032
2026-08-31,FUN,1.598811,371,2509474147.6,1569587456
2026-08-31,FUP,101.122719,2,301280274.96,2979353
2026-08-31,FVL,5.0097,55,1423427030.35,284134204
2026-08-31,FYA,0.053016,146,1532864973.38,28913355250.69
2026-08-31,FYB,101.419708,9,202399558.03,1995663
2026-08-31,FYD,12.008931,5228,3271446416.89,272417783.194
2026-08-31,FYF,0.110694,10,38588768.02,348608449
2026-08-31,FYG,16.87824,2,97219828.97,5760069
2026-08-31,FYH,87.781015,21,629462911.58,7170832
2026-08-31,FYI,10.774709,204,54178047.05,5028261
2026-08-31,FYM,0.446235,15,337021165.48,755254621
2026-08-31,FYO,1.199316,1552,1987750729.93,1657403882.005
2026-08-31,FYT,0.369838,96783,3362776108.57,9092574806
2026-08-31,FYZ,6.159854,2,267440417.48,43416680
2026-08-31,FZJ,5.78597,2115,1178758437.36,203727035.629
2026-08-31,FZP,6.734599,558,827132128.62,122818317
2026-08-31,GA1,2.03198,1525,339778429.84,167215476
2026-08-31,GAC,77.813635,1,430128639.96,5527677
2026-08-31,GAE,0.469571,14560,1441369679.28,3069544159
2026-08-31,GAF,1.693068,1538,190881479.7,112742978
2026-08-31,GAG,18.232547,232,854677526.65,46876475
2026-08-31,GAH,12.865933,2699,375492695.31,29185034
2026-08-31,GAJ,63.847834,1,506636900.8,7935068
2026-08-31,GAL,413.580298,59681,133460575365.75,322695680
2026-08-31,GAN,8.590481,11,23134679.42,2693060
2026-08-31,GAS,0.320296,2273,3303953237.63,10315321600
2026-08-31,GAU,67.330143,5,2178825510.91,32360328
2026-08-31,GAV,63.048684,1,248474862.75,3941000
2026-08-31,GBC,0.313399,1669,255217864.1,814353644.475
2026-08-31,GBG,0.593384,4118,215221941.5,362702602
2026-08-31,GBH,4.298957,2785,2192844623.98,510087651
2026-08-31,GBJ,1.487106,1819,732402958.56,492502298
2026-08-31,GBL,0.877678,1691,2699379631.15,3075590850.969
2026-08-31,GBN,6.936404,388,6379482793.26,919710428
2026-08-31,GBP,71.684443,2,3869811583.23,53983981
2026-08-31,GBV,13.303763,22255,2237349769.06,168174200
2026-08-31,GBZ,3.607634,3288,1274973503.95,353409875
2026-08-31,GCA,71.9833,2,829059239.11,11517383
2026-08-31,GCC,6.262043,2,1390551657.03,222060386
2026-08-31,GCD,4.200219,20,1140559559.88,271547672
2026-08-31,GCI,64.97304,3,222590877.26,3425896
2026-08-31,GCZ,61.234392,1,11923254.59,194715
2026-08-31,GDJ,62.26078,4,504401225.93,8101428
2026-08-31,GDP,67.15033,1,1560308435.38,23236050
2026-08-31,GEC,76.864725,2,161377567.88,2099501
2026-08-31,GEI,18.63578,11,696749470.43,37387728
2026-08-31,GEZ,61.716836,1,409457634.29,6634456
2026-08-31,GFB,70.804989,4,422080362.98,5961167
2026-08-31,GFD,70.92819,2,110304683.25,1555160
2026-08-31,GFI,54.18144,3,1663284208.51,30698413
2026-08-31,GFL,11.360734,1,334993139.29,29486927
2026-08-31,GFN,80.989541,3,937327269.97,11573436
2026-08-31,GFY,70.980139,3,413303648.69,5822807
2026-08-31,GGA,67.666043,3,8347569239,123364230
2026-08-31,GGC,5.492177,5,192956636.42,35132999
2026-08-31,GGD,66.343314,2,5986831883.23,90240169
2026-08-31,GGK,14.546663,11942,2634374865.28,181098231
2026-08-31,GGM,8.566067,1,2932087018.55,342290935
2026-08-31,GGN,69.915713,4,486852894.99,6963426
2026-08-31,GGP,10.537858,1,72995.74,6927
2026-08-31,GGR,68.701618,3,1621214176.18,23597904
2026-08-31,GHS,41.175257,15126,2827353056.65,68666312
2026-08-31,GID,1.759744,1930,40497279.13,23013164
2026-08-31,GIE,3.744019,4561,75526960.39,20172698
2026-08-31,GIH,2.347377,651,9262846.6,3946042
2026-08-31,GJA,67.215823,3,958723207.61,14263356
2026-08-31,GJB,10.772471,968,77775473.05,7219836
2026-08-31,GJD,64.70837,3,409918012.39,6334853
2026-08-31,GJE,64.447215,2,149305700.83,2316713
2026-08-31,GJF,64.716734,2,236077844.44,3647864
2026-08-31,GJH,3.974633,23908,93974817841.44,23643646699
2026-08-31,GJM,43.140894,67,438416613.73,10162437
2026-08-31,GJO,60.256215,1,589272582.43,9779449
2026-08-31,GKE,0,0,0.01,0
2026-08-31,GKF,4.63564,683,43922057.42,9474864
2026-08-31,GKG,1.45422,1874,45255476.84,31120107
2026-08-31,GKH,4.52855,1835,6728425221.17,1485779300
2026-08-31,GKK,66.57587,2,2038393816.6,30617607
2026-08-31,GKL,15.918831,4,895421626.83,56249207
2026-08-31,GKM,48.728816,14,131744202.69,2703620
2026-08-31,GKO,0,0,0.01,0
2026-08-31,GKV,8.962066,4254,397090002.84,44307863
2026-08-31,GL1,1565.945215,949,1474517504,941615
2026-08-31,GLC,4.446729,71,17223573.84,3873313
2026-08-31,GLG,8.422325,340,28095586.23,3335847
2026-08-31,GLL,1.051972,40,51784568.82,49226203
2026-08-31,GLM,0.516752,11,5236214.52,10132926
2026-08-31,GLP,69.110004,4,566841705.06,8202021
2026-08-31,GLS,0.171833,1450,384730930.76,2238982704.001
2026-08-31,GLV,8.433053,23,114694970.7,13600646
2026-08-31,GMA,2.182572,1504,2848307951.62,1305023529.556
2026-08-31,GMC,8.438368,21188,4495974306.81,532801381
2026-08-31,GMD,2.786874,107,15835255.59,5682086
2026-08-31,GME,28.385488,2,400495934.18,14109179
2026-08-31,GMI,1.464684,5181,715758686.97,488677804
2026-08-31,GMM,48.4607,26,449195844.62,9269281
2026-08-31,GMN,1.37771,28,82538436.71,59909875
2026-08-31,GMO,3.102727,4,2465597211.81,794654932
2026-08-31,GMP,63.574812,1,1627509217.68,25599906
2026-08-31,GMR,1.414354,4539,179524415.04,126930297
2026-08-31,GMV,0,0,0.01,0
2026-08-31,GMZ,14.152884,2,376927913.49,26632587.787
2026-08-31,GNH,1.523085,190,8393136.79,5510616
2026-08-31,GNK,70.043484,1,490352229.3,7000683
2026-08-31,GNL,61.65351,3,1754347161.8,28454944
2026-08-31,GNP,1.487894,7267,3180963137.32,2137895653
2026-08-31,GNS,1.604895,1532,76150145.49,47448673
2026-08-31,GNZ,1.630951,468,1997861.73,1224967
2026-08-31,GO1,4.898676,748,82535375.29,16848506
2026-08-31,GO3,5.053281,455,37993251.88,7518531
2026-08-31,GO4,5.47537,740,50336557.48,9193271
2026-08-31,GO6,4.305745,4043,5483562638.07,1273545539
2026-08-31,GO9,2.846613,1694,458564726.66,161091374
2026-08-31,GOF,53.205407,327,397898555.02,7478536
2026-08-31,GOH,16.682206,9005,614262196.25,36821400
2026-08-31,GOL,2.949217,11990,4713047878.22,1598067524
2026-08-31,GOP,1.230697,1723,2353854969.79,1912619413
2026-08-31,GP1,4.330919,1,197988498.42,45715125
2026-08-31,GP3,65.257132,467,743708773.64,11396590
2026-08-31,GPA,23.471085,5418,846434207.98,36062849
2026-08-31,GPB,12.321525,9522,1262111598.74,102431445
2026-08-31,GPC,72.73508,3593,6857391294.49,94279009
2026-08-31,GPF,9.368011,3040,695241607.07,74214435
2026-08-31,GPG,17.242823,2970,1074240810.2,62300752
2026-08-31,GPH,45.426563,1,2663677.39,58637
2026-08-31,GPI,18.824966,2805,747731181.72,39720187
2026-08-31,GPJ,58.460559,2,863589313.84,14772170
2026-08-31,GPL,53.485859,37398,99452180599.25,1859410745
2026-08-31,GPM,62.730462,2,1307119535.83,20837078
2026-08-31,GPN,1.405619,4890,5667055619.02,4031716403
2026-08-31,GPT,2.836863,3126,105686295.48,37254639
2026-08-31,GPU,21.575004,2455,360836534.15,16724749
2026-08-31,GPV,67.697866,1,580373806.86,8573000
2026-08-31,GPZ,1.984139,194,5456392990.58,2750005235
2026-08-31,GRL,1.838404,287,536213629.62,291673465
2026-08-31,GRO,54.520352,27312,190649131923.33,3496843388
2026-08-31,GRT,1.666353,1941,125236131.62,75155815
2026-08-31,GSE,65.461123,106,1389279713.98,21222974
2026-08-31,GSG,71.536009,1,88196173.67,1232892
2026-08-31,GSL,3.488139,1,50716831.55,14539796
2026-08-31,GSO,15.464604,7,10248274611.54,662692360
2026-08-31,GSP,0.588196,14271,4347806573.64,7391765822
2026-08-31,GSR,57.768856,2,268230039.75,4643160
2026-08-31,GSU,0,0,0.01,0
2026-08-31,GTA,1.682584,75483,25744854338.52,15300785436
2026-08-31,GTF,15.075782,506,135927290.36,9016268.203
2026-08-31,GTH,1.564459,784,30621383.53,19573141
2026-08-31,GTK,7.085412,1,28550433054.83,4029467144
2026-08-31,GTL,0.136045,349697,223289118498.38,1641294357917
2026-08-31,GTM,8.098965,13424,1071240503.36,132268807
2026-08-31,GTN,52.677646,2,1475634395.96,28012535
2026-08-31,GTY,6.50342,528,419307240.65,64474886
2026-08-31,GTZ,12.644963,62342,13480012098.46,1066038121
2026-08-31,GUA,6.048307,1,2067679012.8,341860798
2026-08-31,GUB,2.593688,9580,4575111405.92,1763940301
2026-08-31,GUC,1.481671,1,790933199.24,533811783
2026-08-31,GUF,0.970568,3720,643001675.47,662500147
2026-08-31,GUH,0.454347,38499,4712159213.91,10371267961
2026-08-31,GUK,1.515125,2697,1215248617.14,802078347
2026-08-31,GUM,13.515468,52849,7078495426.12,523732920
2026-08-31,GUV,1.761912,1852,755736877.9,428929923
2026-08-31,GVA,4.174727,3428,98546421.06,23605475
2026-08-31,GVB,68.460357,3,3594144109.84,52499640
2026-08-31,GVC,64.825298,1,307224460.25,4739268
2026-08-31,GVD,18.403878,1,407001.76,22115
2026-08-31,GVI,5.752952,4585,1207181902.33,209836961
2026-08-31,GVL,67.057221,3,527882085.52,7872114
2026-08-31,GVZ,74.059715,2,409798618.48,5533354
2026-08-31,GYC,4.122769,1,20696641321.5,5020082762
2026-08-31,GYG,72.20044,4,508021936.66,7036272
2026-08-31,GYK,0.115763,277,84173944.99,727125824
2026-08-31,GYL,14.732874,7468,842800846.14,57205462.569
2026-08-31,GYN,69.42895,1,1431178180.59,20613565
2026-08-31,GYR,63.8044,5,593843309.34,9307247
2026-08-31,GZB,7.589314,1,1441969567.53,190000000
2026-08-31,GZD,62.35648,3,54667801.22,876698
2026-08-31,GZE,7.913649,4122,1458947963.26,184358448
2026-08-31,GZG,7.646208,4531,500536950.27,65462113
2026-08-31,GZH,4.90385,5626,374533811.53,76375464
2026-08-31,GZJ,8.873441,5203,1762577385.36,198635159
2026-08-31,GZL,5.733986,6028,379109828.16,66116282
2026-08-31,GZM,10.250949,1003,672013504.28,65556225
2026-08-31,GZN,51.453308,1081,393561055.2,7648897
2026-08-31,GZO,70.48431,1,85342261.16,1210798
2026-08-31,GZP,7.801689,10187,3911928851.92,501420734
2026-08-31,GZR,11.816623,1975,1079239836.11,91332337
2026-08-31,GZU,68.132571,2,465321546.45,6829649
2026-08-31,GZV,8.8413,1375,101071718.5,11431771
2026-08-31,GZY,7.83831,2310,69757748.84,8899591
2026-08-31,GZZ,7.153326,1245,67157070.37,9388230
2026-08-31,HAE,56.351352,1241,2923196478.97,51874469
2026-08-31,HAG,62.421024,45,426161066.47,6827204
2026-08-31,HAI,1.07527,336,12200698.9,11346637
2026-08-31,HAM,3.267035,7609,1648994824.94,504737452
2026-08-31,HAR,1.122612,68,37795513.9,33667475
2026-08-31,HAT,1.87133,82,3370324.51,1801032
2026-08-31,HB1,50.772109,336,18406810390.04,362537830
2026-08-31,HB2,58.22136,174,12081471364.8,207509261
2026-08-31,HBF,53.569532,10843,6604115922.18,123281196
2026-08-31,HBJ,1.587187,1,158718.71,100000
2026-08-31,HBN,4.383487,1070,538550727.11,122858968
2026-08-31,HBU,1.488103,2738,482092368.84,323964421
2026-08-31,HBV,19.733158,17,1135444489.48,57539929
2026-08-31,HCV,1.065179,685,178641842.05,167710653
2026-08-31,HDA,3.146568,523,96577686.54,30693019
2026-08-31,HDD,1.093085,152,10869036.03,9943453
2026-08-31,HDE,57.97827,4457,9342065828.53,161130469
2026-08-31,HDH,9507.508554,17,35161961155.78,3698336
2026-08-31,HDJ,6.676496,11,16555079.24,2479606
2026-08-31,HDK,3.017154,127,12136092.92,4022364
2026-08-31,HDS,17.147726,13,1564246376.8,91221799
2026-08-31,HDV,66.938695,2238,4999643951.95,74689893
2026-08-31,HEH,3.31451,1459,537788623.64,162252837
2026-08-31,HFA,3.14166,2,4947264610.81,1574729725
2026-08-31,HFI,1.873714,132,63932241.4,34120597
2026-08-31,HFO,1.052857,175,5968869.32,5669210
2026-08-31,HFR,1.471486,431,31303272.59,21273238
2026-08-31,HFV,64.132561,3255,8830295352.12,137688177
2026-08-31,HFY,1.321395,36,828074014.97,626666606
2026-08-31,HGC,53.298324,284,472963353.58,8873888
2026-08-31,HGH,1.803864,19,40656490.37,22538553
2026-08-31,HGJ,36.824011,12,4017386987.74,109096943
2026-08-31,HGM,4.327394,1804,157548181.3,36407173.711
2026-08-31,HGR,1.335162,152,30297567.01,22692053
2026-08-31,HGT,96.112295,14,3403658727.85,35413354
2026-08-31,HGU,5.109241,2,2866378927.25,561018563
2026-08-31,HGV,5.019098,372,24303147.85,4842135
2026-08-31,HIA,1.564296,262,1379047387.87,881576883
2026-08-31,HIF,0.53668,56,11498023.46,21424365
2026-08-31,HIH,1.440014,4641,228889524.83,158949510
2026-08-31,HII,3.351456,1,1103859643.57,329367203
2026-08-31,HIM,4.029458,207,283437556.68,70341360
2026-08-31,HIP,2.193212,1305,2193517687.89,1000139605
2026-08-31,HIS,3.078907,12,1253857.16,407241
2026-08-31,HIZ,2.085555,1053,210489579.11,100927347
2026-08-31,HJA,23.476681,13,2179857283.37,92852023
2026-08-31,HJB,4.790868,1550,110444264.99,23053079
2026-08-31,HKG,1.590539,1059,38443271.32,24169965
2026-08-31,HKH,9.002384,13408,821982264.4,91307179
2026-08-31,HKJ,1.420568,2297,14422740806.43,10152800229
2026-08-31,HKM,4.301981,911,54529379.31,12675411
2026-08-31,HKP,6.087981,77,188176269.68,30909470
2026-08-31,HKR,4.057213,1485,1488123132.56,366784536
2026-08-31,HKV,597.358164,37121,4330252314.31,7249005
2026-08-31,HLA,2.061655,10,45726816.58,22179665
2026-08-31,HLL,0.38618,1030680,52734592592.78,136554502790.95
2026-08-31,HLR,115.984305,13,3633939182.53,31331301
2026-08-31,HMC,8.307688,113,474295162.16,57091115
2026-08-31,HME,54.688302,8225,27574994178.62,504221066
2026-08-31,HMG,0.068918,6160,7450007325.11,108099987427
2026-08-31,HMK,318.528249,48,107777536.72,338361
2026-08-31,HML,48.24085,39,15682280.15,325083
2026-08-31,HMS,0.096265,3997,345151424.23,3585446066
2026-08-31,HMT,7.223097,22,616455768.81,85345075
2026-08-31,HMV,14.761319,13,13096751661.29,887234531
2026-08-31,HNS,48.466791,169,605565698.21,12494446
2026-08-31,HOA,0.246731,3328,2075534920.31,8412141348
2026-08-31,HOY,0.369308,2528,1365585700.55,3697688572
2026-08-31,HP3,58.962246,185,737028368.76,12500005
2026-08-31,HPC,11.993365,7,37386760176.33,3117286856
2026-08-31,HPD,0.218404,1453,290404455.75,1329668449
2026-08-31,HPF,32.314235,12,1394330806.11,43149120
2026-08-31,HPH,2.396526,9528,6509465829.5,2716209431
2026-08-31,HPI,6.288334,14,216407220.86,34414080
2026-08-31,HPJ,4.066396,1,37305352.79,9174058
2026-08-31,HPL,1.103259,24,321947830.69,291815213
2026-08-31,HPO,0.172167,2874,1100279494.56,6390758205
2026-08-31,HPT,0.114527,10214,3284954621.77,28682906166
2026-08-31,HPV,7.855509,339245,9365564390.59,1192228909.001
2026-08-31,HPZ,555.424254,17,5410387.66,9741
2026-08-31,HRZ,2.372433,6476,295054777.22,124367988
2026-08-31,HSA,1661.923565,2371,4128194867.46,2483986
2026-08-31,HSL,416.83791,24268,26097919751.56,62609276
2026-08-31,HSP,45.943828,60,101300765.44,2204883
2026-08-31,HST,1.02194,3707,391020430.84,382625559.328
2026-08-31,HTF,1.461692,543,5266791774.21,3603215191
2026-08-31,HTJ,2.017182,234,40007735.62,19833482
2026-08-31,HTK,1.05354,910,125987017.36,119584497
2026-08-31,HTS,59.636378,2629,4859073616.94,81478349
2026-08-31,HTZ,12.897962,13,89461118.08,6936066
2026-08-31,HUI,89.060296,1,2101792360.55,23599656
2026-08-31,HUS,0.003531,12,2009177.03,568993837
2026-08-31,HVA,269.872504,16,129854012.88,481168
2026-08-31,HVB,1.867676,13,2149935328.66,1151128347
2026-08-31,HVC,27.103725,16,73931643.5,2727730
2026-08-31,HVI,1.314463,365,42247107.7,32140210
2026-08-31,HVK,4.869498,1450,513616424.22,105476257
2026-08-31,HVL,20.54431,11,2884421.16,140400
2026-08-31,HVN,5.912164,12,5895071.83,997109
2026-08-31,HVS,1.636662,10109,2743627225.91,1676355340
2026-08-31,HVT,4.783261,1803,734537141.52,153564086
2026-08-31,HVU,5.740641,791,17574763.31,3061463.74
2026-08-31,HVV,70.031009,1,3190062305.86,45552140
2026-08-31,HVZ,6.821869,1795,91810253.67,13458226
2026-08-31,HYK,11.658411,23,214272927.1,18379256
2026-08-31,HYP,10.774739,61,565613142.41,52494372
2026-08-31,HYU,1.816229,232,876320127.71,482494196
2026-08-31,HYV,6.400364,6588,6235834163.31,974293732
2026-08-31,HYY,12.651316,1,5965342813.6,471519535
2026-08-31,HZV,6.410837,3,1050059935.82,163794514
2026-08-31,IAC,5.235149,1,3630151858.06,693419042
2026-08-31,IAE,2.188447,447,290317366.76,132659103
2026-08-31,IAI,6.127441,1,69824206.75,11395330
2026-08-31,IAJ,0.975438,12,2062710.96,2114650
2026-08-31,IAM,1.761551,2806,79107959.34,44908126
2026-08-31,IAR,79.280293,22,149688327.61,1888090
2026-08-31,IAS,2.109452,17,3401393944.07,1612453728
2026-08-31,IAT,0.198391,8919,1872060292.92,9436212869.206
2026-08-31,IAU,2.674919,212,33188928.28,12407454
2026-08-31,IAY,1.573582,197,46158618.96,29333466
2026-08-31,IBB,15.843849,8833,1359272459.71,85791811
2026-08-31,IBC,19.695818,5,422059584.2,21428893
2026-08-31,IBE,17.948761,12,594565746.19,33125727
2026-08-31,IBG,1.652358,11,551464648.21,333744116
2026-08-31,IBJ,65.813807,23,823514547.38,12512793
2026-08-31,IBK,0.137816,121258,230126234.39,1669808008
2026-08-31,IBM,3.928479,16,213293698.33,54294216
2026-08-31,IBP,72.101129,4,4823029633.47,66892567
2026-08-31,IBR,0.308031,81,1751856135.96,5687281191
2026-08-31,ICA,0.579891,2838,629454785.63,1085470867
2026-08-31,ICC,1.361621,269,26805890.65,19686747
2026-08-31,ICD,135.59028,194,34761008.93,256368
2026-08-31,ICE,128.992841,4688,1628844841.45,12627405
2026-08-31,ICF,197.721405,518,21548271.9,108983
2026-08-31,ICG,71.13964,1,713326703.13,10027134
2026-08-31,ICH,2.531332,5104,1274818529.3,503615615
2026-08-31,ICN,4.336097,16,393592798.05,90771209
2026-08-31,ICS,49.784999,55,17293665.68,347367
2026-08-31,ICV,6.001401,44,4882794.24,813609
2026-08-31,ICZ,9.540622,22469,1103528537.68,115666313
2026-08-31,IDD,0.159672,25,33376329.81,209030711
2026-08-31,IDF,77.736609,4332,12832489277.49,165076526
2026-08-31,IDH,13.431185,19976,946176149.82,70446214
2026-08-31,IDI,1.813376,798,55277735.86,30483327
2026-08-31,IDL,6.10496,3969,4865469664.96,796969978
2026-08-31,IDO,58.846619,15411,77033055028.51,1309048108
2026-08-31,IDP,1.917178,23,132890909.72,69315905
2026-08-31,IDV,71.969418,2,560396783.26,7786596
2026-08-31,IDY,0.238348,2501,736022286.87,3088011981.126
2026-08-31,IED,1.066053,1282,64278357.91,60295666
2026-08-31,IEN,1.272963,97,18077990.37,14201508
2026-08-31,IEV,5.336716,4181,105091574.58,19692180
2026-08-31,IEZ,4.650327,3,93803875.77,20171458
2026-08-31,IFD,60.669725,9,1213394494.94,20000000
2026-08-31,IFN,9.446716,425,3707751.18,392491
2026-08-31,IFV,4.706561,190,23572495.55,5008433
2026-08-31,IFY,7.723942,1,100411242.62,13000000
2026-08-31,IGF,68.873373,2,1455446312.63,21132206
2026-08-31,IGL,585.488811,16956,4775241476.06,8155991
2026-08-31,IGM,66.972066,3,1298456228.65,19388027
2026-08-31,IGZ,11.948552,3,593892148.02,49704109
2026-08-31,IH1,0.952981,85,181654198.15,190616732
2026-08-31,IHA,3.198892,313,5472565.23,1710769
2026-08-31,IHC,8.07657,500,414298356.06,51296326
2026-08-31,IHK,17.048531,28901,1678187533.1,98435900
2026-08-31,IHP,1.87781,274,71158906.29,37894626
2026-08-31,IHT,3.82336,3308,80452231.36,21042286
2026-08-31,IHV,1.89928,46,321173193.03,169102646
2026-08-31,IHY,6.415237,1,215545158.61,33598940
2026-08-31,IHZ,0.876076,69,2617817.35,2988118
2026-08-31,IIA,4.213674,11,1613125633.63,382831186
2026-08-31,IIC,6.726296,13,4911453.61,730187
2026-08-31,IIE,6.605156,3607,679610752.66,102890951
2026-08-31,IIF,1.572124,13,504672163.49,321012874
2026-08-31,IIH,34.146446,21522,1834605274.3,53727562
2026-08-31,IIN,1.426547,149,1586888604.99,1112398444
2026-08-31,IIS,47.8409,146,1527996099.1,31939117.248
2026-08-31,IJA,14.293058,1215,181672282.37,12710525.471
2026-08-31,IJB,6.705713,7046,229915366.5,34286490
2026-08-31,IJC,16.015753,45885,4816633056.2,300743470
2026-08-31,IJE,68.476515,4,33318549.54,486569
2026-08-31,IJF,9.815208,2,900856834.55,91781736
2026-08-31,IJH,7.338587,394,33763570.26,4600827
2026-08-31,IJI,10.877932,264,210771093.08,19376026
2026-08-31,IJK,64.268864,3,288767268.67,4493113
2026-08-31,IJL,53.899598,12,356632135.1,6616601
2026-08-31,IJP,9.335447,12722,657936960.9,70477284
2026-08-31,IJT,7.427412,1623,1176536268.29,158404603
2026-08-31,IJV,5.697164,2823,2970822442.6,521456327
2026-08-31,IJZ,14.960425,15740,955123376.12,63843330
2026-08-31,IK2,47.960458,94,204888179.33,4272023
2026-08-31,IKL,10.118879,5420,277867934.27,27460347
2026-08-31,IKP,9.251913,12907,1024422118.79,110725437
2026-08-31,IKV,1.53424,1201,186727068.42,121706570
2026-08-31,ILC,51.430491,220,1429836920.85,27801347.01
2026-08-31,ILE,5.242828,1,11671442903.85,2226173174
2026-08-31,ILH,4.0436,11463,172138401724.14,42570584101.47
2026-08-31,ILI,5.908413,15,798782902.73,135194151
2026-08-31,ILM,7.26341,13,316148252.96,43526148
2026-08-31,ILP,62.872676,6,3128954772.19,49766528
2026-08-31,ILU,1.328481,4,2440930478.46,1837384432
2026-08-31,ILZ,8.274501,6446,1152836396.91,139323978
2026-08-31,IMB,1.227692,181,4361008.46,3552202
2026-08-31,IMF,5.778348,19,384549306.09,66550045
2026-08-31,IMG,49.664294,138,907041010.07,18263443
2026-08-31,IMH,6.538206,1,702135582.22,107389633
2026-08-31,IML,1.792428,4637,894088217.61,498814151
2026-08-31,IMO,6.057343,2,5202032814.25,858797825
2026-08-31,IMS,15.418992,4,573178664.7,37173550
2026-08-31,IMT,71.966958,4,727404515.88,10107479
2026-08-31,IMY,74.957123,6,1609257991.72,21469047
2026-08-31,IMZ,75.011774,4,311114860.12,4147547.001
2026-08-31,INH,15.162981,377,239287628.07,15781041
2026-08-31,INV,48.375815,1,2061531811.04,42614927
2026-08-31,INZ,3.516273,16,120960919.45,34400325
2026-08-31,IOG,14.769721,18913,14334568684.26,970537546
2026-08-31,IOH,52.720244,31,142651443.87,2705819.1
2026-08-31,IOJ,52.095121,39,186831547.27,3586354.01
2026-08-31,IOL,67.326754,1,963123488.6,14305212
2026-08-31,IOM,3.968567,13,585712993.1,147588046
2026-08-31,ION,0.872171,15,52338825.97,60009826
2026-08-31,IOO,4.65231,6323,37785862686.55,8121956570
2026-08-31,IOP,6.393244,6428,6781375190.94,1060709518
2026-08-31,IOT,59.855718,6,269502766.52,4502540
2026-08-31,IOV,57.788294,1,572533419.23,9907429
2026-08-31,IPA,0.764165,16,614317445.37,803906870
2026-08-31,IPB,0.907039,15066,1091917084.26,1203826460.571
2026-08-31,IPC,25.062951,1,14411196.61,575000
2026-08-31,IPE,9.697712,3,4040219731.1,416615784
2026-08-31,IPF,0.124138,22,137173610.26,1105011730
2026-08-31,IPG,9.704639,1727,353033107.8,36377770
2026-08-31,IPJ,20.137021,18576,1309581566.03,65033529
2026-08-31,IPK,57.902988,1,3298749439.95,56970280
2026-08-31,IPO,48.975442,1,540025701.36,11026459
2026-08-31,IPP,0.182899,163,6968439700.78,38099877232
2026-08-31,IPR,34.075863,1,20956656.02,615000
2026-08-31,IPU,48.856977,1,5699831904.63,116663621
2026-08-31,IPV,78.77181,11809,2069935598.96,26277619
2026-08-31,IRB,1.338333,763,1268981853.21,948180996
2026-08-31,IRE,47.337498,60,115321861.99,2436163.02
2026-08-31,IRF,7.54873,1995,539111035.15,71417453
2026-08-31,IRL,18.1412,16,274796951,15147672
2026-08-31,IRO,2.096659,84,40498141.01,19315563
2026-08-31,IRT,8.060791,1537,130084816.64,16137971
2026-08-31,IRV,7.068281,57,382193228.27,54071592
2026-08-31,IRY,4.044238,2319,1812974206.4,448285782
2026-08-31,ISR,19.49867,6,968297438.28,49659665
2026-08-31,ISS,0.274326,7,212798141.5,775713881
2026-08-31,IST,0.196663,3078,1698788900.95,8638065781.89
2026-08-31,ITA,73.58644,1,825737945.78,11221333
2026-08-31,ITC,1.19094,282,25243802.89,21196540
2026-08-31,ITD,69.305404,1,2564318816.33,37000272
2026-08-31,ITJ,10.418216,12,276262062.83,26517213
2026-08-31,ITL,4.616035,1,4737289379.16,1026267998
2026-08-31,ITP,13.317867,11243,1025494862.29,77001436
2026-08-31,ITR,4.471445,1,1098044084.19,245568075
2026-08-31,ITV,48.360337,30,850954100.33,17596116.02
2026-08-31,ITZ,61.534615,3,2045084342.64,33234698
2026-08-31,IUA,68.082997,52,420757145.1,6180062
2026-08-31,IUB,72.175853,3,347505803.5,4814710
2026-08-31,IUC,2.02513,1,982904216.82,485353634
2026-08-31,IUF,69.391662,7713,22497316533.08,324207779
2026-08-31,IUH,6.36214,717,12736200.23,2001873.661
2026-08-31,IUM,67.605137,1,410738933.14,6075558
2026-08-31,IUN,77.108414,4,302412720.77,3921916
2026-08-31,IUV,67.786371,6393,21365798727.21,315193134
2026-08-31,IUZ,4.808265,1243,1401230791.47,291421264
2026-08-31,IV2,22.831325,14,1398167256.01,61238989
2026-08-31,IV6,66.110367,1,1653955109.52,25018090
2026-08-31,IV7,5.061833,1,553282110.61,109304696
2026-08-31,IV8,2.319247,138,35600737.1,15350126
2026-08-31,IVF,6.846068,1284,83955015.74,12263246
2026-08-31,IVS,6.060198,26,276812828.39,45677189.29
2026-08-31,IVY,6.186493,13092,770025152.53,124468760
2026-08-31,IYB,6.017519,313,94107208.72,15638873
2026-08-31,IYP,3.057613,2,2344061776.12,766631358.323
2026-08-31,IYR,0.141502,7,230407839.84,1628295591
2026-08-31,IYS,1.362061,16,5953407782.81,4370883210
2026-08-31,IYV,1.13566,69,192959336.49,169909433
2026-08-31,IZA,2.032179,1,495312485.46,243734656
2026-08-31,IZB,11.05343,87,101262074.05,9161145
2026-08-31,IZE,65.436598,1,267552450.04,4088728
2026-08-31,IZL,52.499209,19,107540121.04,2048414.11
2026-08-31,IZS,10.093514,56,104159432.24,10319442
2026-08-31,IZV,10.441792,2,114279372.87,10944421
2026-08-31,IZY,48.519913,27,50158285.03,1033767.01
2026-08-31,JET,2.388097,17051,534353097.61,223756860
2026-08-31,JOT,58.843061,1,1159773721.23,19709609
2026-08-31,JUP,0.540226,55,54900467.26,101625014
2026-08-31,KAC,3.944008,1760,19026087755.37,4824049413
2026-08-31,KAN,7218.606138,38,5724044267.19,792957
2026-08-31,KAV,58.109951,5733,18093014690.04,311358284
2026-08-31,KBJ,4.309322,101,685852487.54,159155541
2026-08-31,KBP,1.806556,5,342019116.72,189321082
2026-08-31,KBZ,52.323471,1,161914561.02,3094492
2026-08-31,KCL,1.81818,175,11692204.7,6430719
2026-08-31,KCR,1.119262,564,71747258.9,64102263
2026-08-31,KCV,5.335913,13139,2577093631.86,482971488
2026-08-31,KDE,1.807947,3807,689086958.86,381143411
2026-08-31,KDI,58.26563,12,246938362.94,4238148
2026-08-31,KDK,15.619354,1,49166400.19,3147787
2026-08-31,KDL,52.850384,7066,25617183741.79,484711402
2026-08-31,KDO,57.096216,520,1096636919.99,19206823
2026-08-31,KDS,54.911822,1379,27785565443.87,506003340
2026-08-31,KDT,54.993798,1195,3234557802.98,58816774
2026-08-31,KDV,49.087547,213,23226209824.3,473158901
2026-08-31,KDZ,49.224861,827,4167919413.84,84671025
2026-08-31,KEI,1.944754,1,349313366.11,179618321
2026-08-31,KEO,1.826738,1,72050938.32,39442409
2026-08-31,KEU,53.69857,57,4142978090.03,77152485
2026-08-31,KFZ,4.517404,1,373516524.59,82683881
2026-08-31,KGM,3.179088,30428,3205801743.82,1008403047
2026-08-31,KH1,1.406645,1077,94155630.96,66936299
2026-08-31,KHA,4.665072,40248,8018388784.91,1718813395
2026-08-31,KHB,1.679643,250,15940637.19,9490492
2026-08-31,KHC,2.264562,1445,49522526,21868474
2026-08-31,KHD,1.471197,12,737648342.15,501393238
2026-08-31,KHF,0.121689,13,911975.46,7494290
2026-08-31,KHJ,1.225577,458,15583043.48,12714860
2026-08-31,KHP,1.215297,76,9829412888.44,8088076442
2026-08-31,KHT,2.503517,212,7632948.22,3048890
2026-08-31,KHU,36.952767,1,3529654.4,95518
2026-08-31,KIA,4.35815,356,5817280.63,1334805
2026-08-31,KIB,4.403419,1073,11482566.8,2607648
2026-08-31,KIE,4.704075,934,235919637.29,50152181
2026-08-31,KIH,1.552345,27,60095309.78,38712606
2026-08-31,KIK,1.465168,1392,177530637.95,121167460
2026-08-31,KIS,0.221735,762,91429246.97,412336441
2026-08-31,KJK,0.002278,1,48760299.24,21405755952
2026-08-31,KKB,62.467713,1,2619895.89,41940
2026-08-31,KKC,58.096092,53,126840789.93,2183293
2026-08-31,KKE,52.280537,2,90276986,1726780
2026-08-31,KKH,6.881922,5039,533572023.43,77532410
2026-08-31,KKL,2.51987,1640,3638936321.12,1444096800
2026-08-31,KKO,49.0554,257,2266515319.65,46203177
2026-08-31,KKP,49.241372,331,4361150896.65,88566803
2026-08-31,KKT,3.156822,43,8677132394.38,2748692487
2026-08-31,KLH,2.8041,2227,140433322.14,50081424
2026-08-31,KLI,1.324807,164,317619001.78,239747438
2026-08-31,KLL,58.197426,1,11428228.62,196370
2026-08-31,KLM,68.280234,1,1015810226.43,14877076
2026-08-31,KLS,41.60443,2,881223.44,21181
2026-08-31,KLU,4.887766,107563,100732779650.13,20609163757
2026-08-31,KMA,169.77471,1,12702204.23,74818
2026-08-31,KME,1.646049,1197,127199584.54,77275692
2026-08-31,KMF,3.634477,2240,1637979395.62,450678096
2026-08-31,KMN,1.000968,4985,436961925.57,436539313
2026-08-31,KMT,2.78446,1,69013873.83,24785369
2026-08-31,KNC,67.951243,16,364359727.26,5362076
2026-08-31,KNI,1.388331,449,16731673751.09,12051649290
2026-08-31,KNJ,2.113817,14761,868263733.45,410756323
2026-08-31,KNN,1.507284,15,446485876.41,296218809
2026-08-31,KNP,83.383648,2,194591586.26,2333690
2026-08-31,KNS,4.525866,1,5101518285.67,1127191620
2026-08-31,KNT,61.215577,3,175442192.11,2865973
2026-08-31,KNV,71.696979,5,321943813.25,4490340
2026-08-31,KNZ,69.818243,1,1028898255,14736811
2026-08-31,KO4,56.195645,856,4615348353.2,82130000
2026-08-31,KOB,1.433712,72,2770899924.95,1932674751
2026-08-31,KOD,1.044068,731,59822034.4,57297089
2026-08-31,KOP,7.827641,14,16054491.41,2051000
2026-08-31,KOT,1.52463,3531,151996438.12,99693960
2026-08-31,KOZ,65.139274,4,72854173.77,1118437
2026-08-31,KP3,53.615109,10,14169615.46,264284
2026-08-31,KPA,1.771092,14062,554536432.81,313104295
2026-08-31,KPB,6.775143,1,5429789.6,801428
2026-08-31,KPC,22.21669,23757,4875832658.06,219467104
2026-08-31,KPD,49.050033,547,307829522.96,6275827
2026-08-31,KPF,1.785974,271,478923784.18,268158389
2026-08-31,KPH,1.288642,11767,550301864.67,427040262
2026-08-31,KPI,1.487065,6655,5930876262.45,3988311164
2026-08-31,KPK,10.295125,1,476177079.72,46252674
2026-08-31,KPM,1.064872,16,1606253.06,1508400
2026-08-31,KPP,3.197425,676,449772103.43,140666975
2026-08-31,KPR,1.893532,1361,73695378441.03,38919522998
2026-08-31,KPS,48.165909,3270,23361429343.99,485020000
2026-08-31,KPU,4.147249,6132,618515060.21,149138648
2026-08-31,KRC,0.148034,147,30346679.09,204998320
2026-08-31,KRF,21.734576,597,44880834.09,2064951
2026-08-31,KRH,1.784538,41,2325474950.91,1303124471
2026-08-31,KRO,48.346252,58,304099230.01,6290027
2026-08-31,KRR,1.18018,592,23027801.8,19512103
2026-08-31,KRS,0.529708,1105,1507277564.26,2845487405
2026-08-31,KRT,75.274042,166,728755402.1,9681364
2026-08-31,KRV,48.298382,1022,5606476177.21,116080000.01
2026-08-31,KSA,4.160504,3754,15819916010.39,3802403655
2026-08-31,KSC,49.775762,1,24662396.88,495470
2026-08-31,KSK,2.954983,672,8236301185.04,2787258029
2026-08-31,KSL,56.906172,118,257018036.92,4516523
2026-08-31,KSM,51.893721,739,14955598175.23,288196679
2026-08-31,KSP,65.300293,361,1654382913.42,25335000
2026-08-31,KSR,5.215081,3819,207990589.24,39882525
2026-08-31,KST,2.086159,450,9479451.28,4543973
2026-08-31,KSV,5.787601,9824,45126422773.04,7797086507
2026-08-31,KSY,11.165015,85,4321660619.51,387071628
2026-08-31,KTE,45.918245,1,110919652.49,2415590
2026-08-31,KTI,2.244137,575,285850324.72,127376498
2026-08-31,KTJ,2.668167,20931,1665081819.7,624054568
2026-08-31,KTM,23.029545,5782,703472491.1,30546522
2026-08-31,KTN,8.130124,4248,408668971.86,50266022
2026-08-31,KTR,10.692649,636,24620164368.55,2302531741
2026-08-31,KTS,15.740192,747,132613796.08,8425170
2026-08-31,KTT,71.109457,1440,5189003946.35,72972065
2026-08-31,KTU,30.594682,1,994796759.74,32515349
2026-08-31,KTV,7.770876,45895,28769241532.16,3702187566
2026-08-31,KU3,1.185457,2592,262671832.73,221578484
2026-08-31,KUA,1.485103,2071,102327623.24,68902704
2026-08-31,KUB,0.756672,3634,611715938.42,808429089
2026-08-31,KUD,1.789622,2436,248727784.76,138983426
2026-08-31,KUP,49.478283,129,2046443607.26,41360441
2026-08-31,KUT,12.819825,41550,8510426080.43,663848871
2026-08-31,KVA,1.794695,1,704545344.14,392570970
2026-08-31,KVK,1.285154,138,858767515.49,668221453
2026-08-31,KVR,1.307429,45,114071922.66,87249051
2026-08-31,KVS,3.854897,2345,29629081511.78,7686089493
2026-08-31,KVT,1.493095,2986,89505607.16,59946367
2026-08-31,KYA,1.225033,1538,65462739.09,53437551
2026-08-31,KYR,0.598706,11,297913640.63,497595647
2026-08-31,KYS,54.216368,18,11228209.86,207100
2026-08-31,KZL,29.605686,65913,90980505163.09,3073075357
2026-08-31,KZO,2.282931,3,1182479082.85,517965287
2026-08-31,KZU,2.507327,5862,493399115.01,196782887
2026-08-31,LAI,1.255041,14,189271227.57,150808828
2026-08-31,LET,55.131287,2,701397378.99,12722311
2026-08-31,LFD,7.289108,1,4847300.6,665006
2026-08-31,LGK,1.428,1,1704823793.5,1193853791
2026-08-31,LGO,8.293107,11,124913558.01,15062336
2026-08-31,LHM,83.698494,4,799960162.59,9557641
2026-08-31,LHP,57.003641,93,84158180.26,1476365
2026-08-31,LKF,1.088521,1067,114993218.39,105641735
2026-08-31,LKT,1.897658,444,402707047.85,212212618
2026-08-31,LLA,1.208958,746,28681223.19,23723915
2026-08-31,LPH,1.475826,2590,3783226664.96,2563463742
2026-08-31,LRT,3.706868,12,909877521.35,245457201
2026-08-31,LTC,1.610428,317,15771438.29,9793322
2026-08-31,LTL,1.10847,5058,271737246.75,245146224
2026-08-31,LTS,4.732892,13,2619070123.64,553376235
2026-08-31,LZV,7.59524,2,86464775.03,11384074
2026-08-31,MAC,0.759071,35900,4334975735.14,5710894865
2026-08-31,MAD,1.045655,364,23139094.56,22128803
2026-08-31,MAS,12.237203,198,776159822.58,63426243
2026-08-31,MAV,58.421318,1,914188761.71,15648205
2026-08-31,MBL,0.290384,212,21145652.29,72819647
2026-08-31,MBR,1.791035,529,470443033.72,262665486
2026-08-31,MCU,1.402289,151,189195375,134918991
2026-08-31,MD1,2.327259,660,229375036.14,98560175
2026-08-31,MD2,2.221809,763,289740551.44,130407505
2026-08-31,MDF,1.328814,942,502668816.32,378283909
2026-08-31,MET,6.102333,6596,759096031.32,124394394
2026-08-31,MGB,1.479998,476,63311340.37,42777983
2026-08-31,MGD,1.014453,1,681814860.72,672100883
2026-08-31,MGE,1.122175,67,763494762.73,680370252
2026-08-31,MGH,2.288009,758,497016522.29,217226617
2026-08-31,MHF,2.42304,3781,474871780.07,195981811
2026-08-31,MIK,3.438874,13,4828799672.99,1404180257
2026-08-31,MJB,7.896398,779,52702926.66,6674300
2026-08-31,MJE,58.262864,902,6668796183.75,114460494
2026-08-31,MJG,11.743211,7501,1045810068.5,89056567
2026-08-31,MJH,4.460504,32,27182761.21,6094101
2026-08-31,MJK,36.602881,407,1864237520.69,50931442
2026-08-31,MJL,61.833345,581,950554363.68,15372844
2026-08-31,MKA,1.285873,1714,87614068.6,68135850
2026-08-31,MKG,18.478648,8193,1618079961.02,87564845
2026-08-31,MKL,61.083279,1,788317402.92,12905617
2026-08-31,MLS,18.097367,4,1352992350.16,74761834
2026-08-31,MLT,1.374446,79,21719109.43,15802080
2026-08-31,MMH,17.175997,1342,156654074.72,9120523
2026-08-31,MOD,61.414521,2,744006220.38,12114500
2026-08-31,MOZ,1.293354,121,330837267.15,255797987
2026-08-31,MP2,1.31743,13,3492906683.4,2651303752
2026-08-31,MP4,2.095768,15,3842010704.38,1833223343
2026-08-31,MPD,61.335516,694,2995079632.15,48831082
2026-08-31,MPE,1.399968,119,119514071.83,85369127
2026-08-31,MPF,8.408197,1977,1464034410.82,174119898.037
2026-08-31,MPI,3.134148,40,72915428.94,23264834
2026-08-31,MPK,9.992304,1520,252658770.56,25285335.961
2026-08-31,MPL,2.038476,903,671806260.93,329562982
2026-08-31,MPN,61.862865,292,374687228.72,6056739
2026-08-31,MPP,21.992831,1184,358483269.35,16300006
2026-08-31,MPS,25.183085,2474,154389191.88,6130670.324
2026-08-31,MRI,1.254132,114,13532216.4,10790105
2026-08-31,MSK,4.007447,1,1201823767.74,299897605
2026-08-31,MSO,59.433411,1,522579555.15,8792690
2026-08-31,MSR,2.002355,14,30491960.2,15228050
2026-08-31,MT1,46.215529,24,28806878.96,623316
2026-08-31,MT2,1.422059,1404,5734984092.5,4032872754
2026-08-31,MT5,1.319385,19,843251632.03,639124957
2026-08-31,MT6,0.450535,14,309754696.03,687525881
2026-08-31,MT7,0.443379,15,57867642.91,130514947
2026-08-31,MT8,0.889208,16,1610370675.66,1811015909
2026-08-31,MT9,0.42415,18,3271354848.52,7712730506
2026-08-31,MTD,1.377007,1528,154216149.37,111993764
2026-08-31,MTE,0.62392,17,1979935.54,3173378
2026-08-31,MTF,1.424902,43,70528592.7,49497158
2026-08-31,MTG,1.740899,399,270847133.72,155578875
2026-08-31,MTH,2.351384,3235,318254883.61,135347893
2026-08-31,MTI,0.018337,2,4677090.1,255061228
2026-08-31,MTK,1.871099,914,315821330.17,168789179
2026-08-31,MTL,2.139736,15,11973435213,5595753399
2026-08-31,MTS,2.795409,664,28564563.16,10218384
2026-08-31,MTU,0.805847,19,832967077.57,1033653600
2026-08-31,MTV,5.539305,12775,149623537.2,27011246
2026-08-31,MTX,5.327652,2075,82987155.36,15576686
2026-08-31,MUL,3.079894,11,329964690.93,107135073
2026-08-31,MUT,1.970595,1582,843426289.35,428005838
2026-08-31,NAK,1.122983,164,127752584.6,113761782
2026-08-31,NAL,0.426223,12,511128738.56,1199204513
2026-08-31,NAU,3.246564,9644,2245553318.24,691670667
2026-08-31,NAV,1.127465,15,66378871.01,58874427
2026-08-31,NBE,1.771723,10,562996923.74,317768002
2026-08-31,NBH,7.063011,199,2231028377.55,315874987
2026-08-31,NBO,1.531219,394,2265251052.44,1479378031
2026-08-31,NBZ,72.904397,281,1498644801.66,20556302
2026-08-31,NCS,58.022658,1778,8690067449.01,149770241
2026-08-31,NCU,55.940039,12,130590734.02,2334477
2026-08-31,NDL,1.959017,1,11047117.53,5639113
2026-08-31,NDS,1.053911,13,620407692.96,588672037
2026-08-31,NES,2.189171,2,2186991305.87,999004311
2026-08-31,NFF,1.365138,33,1828301671.07,1339279649
2026-08-31,NFH,2.178341,48,122034185.93,56021616
2026-08-31,NFK,5.345351,80,1533518795.35,286888350
2026-08-31,NHP,5.730609,152,12282156.93,2143255
2026-08-31,NHT,67.149291,2,665797034.76,9915176
2026-08-31,NHV,4.470194,2,8238366394.18,1842955034
2026-08-31,NHY,6.03124,2013,143028095.53,23714543
2026-08-31,NIG,1.268926,15,538694883.77,424528138
2026-08-31,NIS,1.750588,41,1596799647.53,912150645
2026-08-31,NJF,13.189135,1770,1195921526.38,90674748
2026-08-31,NJG,3.102938,15,3304365070.08,1064914900
2026-08-31,NJR,5.890745,2492,1933472842.27,328222118
2026-08-31,NJY,7.591842,1376,318353383.18,41933617
2026-08-31,NKA,49.769444,17,132407823.44,2660424
2026-08-31,NKC,1.279739,1084,353210420.29,276001999
2026-08-31,NKH,1.833133,12,168899101.09,92136843
2026-08-31,NKJ,15.759393,1,1617519557.13,102638440
2026-08-31,NKK,8.101479,12,1525608716.74,188312373
2026-08-31,NKL,3.583631,2270,15468831909.86,4316524899
2026-08-31,NKM,1.035417,456,50102930.44,48389110
2026-08-31,NKP,1.148141,3245,182477780.43,158933266
2026-08-31,NKS,1.89937,11,25167036.52,13250200
2026-08-31,NKT,1.624054,545,81671153.2,50288457
2026-08-31,NKV,2.338839,1,16059634117.27,6866499553
2026-08-31,NLC,51.191491,19,182236998.44,3559908
2026-08-31,NLD,54.840372,1,1436814075.22,26199933
2026-08-31,NLE,1.652084,9562,378471166.47,229087174
2026-08-31,NLK,1.906008,1002,5228970897.85,2743415609
2026-08-31,NLL,5.198687,25,2110044357.81,405880219
2026-08-31,NME,58.306048,51,63034260.8,1081093
2026-08-31,NMG,136.354432,12,3129786766.69,22953319
2026-08-31,NMP,1.026404,4220,949343524.03,924921868
2026-08-31,NMU,1.277488,375,861280444.27,674198596
2026-08-31,NNF,23.649273,18036,2088906929.77,88328590
2026-08-31,NOA,1.418575,11,539942231.97,380623067
2026-08-31,NOI,1.478544,14,1207549408.59,816715156
2026-08-31,NOV,51.187302,1,722863450.66,14121929
2026-08-31,NP1,5.294663,151,1500177406.6,283337661
2026-08-31,NPH,1.608166,740,192146932.7,119482055
2026-08-31,NPK,1.619421,1,960274129.11,592973692
2026-08-31,NRC,11.588616,3568,234770925.17,20258755
2026-08-31,NRG,5.633092,3350,7369210871.71,1308200095
2026-08-31,NRM,158.970752,11,411554134.3,2588867
2026-08-31,NSA,2.578792,353,1021253927.62,396020338
2026-08-31,NSD,65.666418,179,14942697735.95,227554633
2026-08-31,NSH,2.227161,1305,2179813068.46,978740692
2026-08-31,NSK,6.802706,86,400806501.87,58918683
2026-08-31,NSP,1.864143,2733,1450323950.25,778010929
2026-08-31,NSS,65.601666,1,1112989343.03,16965870
2026-08-31,NST,1.239526,3325,57362868.99,46278070
2026-08-31,NSY,1.433792,60,1188028966.55,828592110
2026-08-31,NTB,5.844794,1,3220271343.54,550964070
2026-08-31,NTD,0.384005,1,520489574.94,1355423321
2026-08-31,NTF,3.160683,11,259371257.46,82061773
2026-08-31,NTI,1.579499,1581,333143233.38,210916979
2026-08-31,NTO,66.880466,1,3621207114.21,54144466
2026-08-31,NTS,3.115208,33,229484803.54,73665955
2026-08-31,NUB,60.6203,899,2131088627.37,35154703
2026-08-31,NUG,49.521005,22,24083698.82,486333
2026-08-31,NUH,1.363819,1128,133119066.72,97607544
2026-08-31,NVB,4.874695,4701,6720464455,1378643060
2026-08-31,NVC,3.921432,90,140574615.01,35847776
2026-08-31,NVK,46.920374,19,103814424.87,2212566
2026-08-31,NVP,68.918445,1,61757404.89,896094
2026-08-31,NVT,4.690376,45,426696157.6,90972696
2026-08-31,NVZ,58.684407,340,529565913.57,9023963
2026-08-31,NYH,62.766474,1,1078945263.09,17189834
2026-08-31,NZH,3.645064,297,572420106.48,157039804
2026-08-31,NZT,6.129406,418,10795858792.74,1761322101
2026-08-31,NZU,51.281505,35,47435187.01,924996
2026-08-31,OAB,77.005454,3,669536013.27,8694657
2026-08-31,OAO,1.022203,350,782188759.38,765199133
2026-08-31,OBI,3.226916,476,322800444.54,100033733
2026-08-31,OBN,58.585715,238,270520829.09,4617522
2026-08-31,OBP,0.209661,828,39642378.45,189078462
2026-08-31,OBR,54.285891,10645,46750474070.83,861190134
2026-08-31,OCM,69.496757,2,508241247.33,7313165
2026-08-31,OCN,50.693625,4,118658822.43,2340705
2026-08-31,OCT,73.15177,5,454757779.26,6216634
2026-08-31,ODD,11.117298,31,473885015.81,42625916
2026-08-31,ODG,1.193481,41,67613793.48,56652576
2026-08-31,ODN,58.428774,4977,39016630202.21,667763977
2026-08-31,ODP,7.239518,145,304489820.46,42059407
2026-08-31,ODS,69.959334,107,118166002.35,1689067
2026-08-31,ODV,19.755619,3818,1638704773.58,82948794
2026-08-31,OFA,57.98651,126,235542304.02,4062019
2026-08-31,OFB,11.46072,13,1018829007.13,88897469
2026-08-31,OFI,4.114901,584,158264305.34,38461264
2026-08-31,OFK,52.234912,262,966474474.09,18502462
2026-08-31,OFO,69.274383,1,2176171894.45,31413804
2026-08-31,OFS,8.370691,434,188752050.99,22549161
2026-08-31,OGD,12.211418,3121,817599019.69,66953649
2026-08-31,OGF,9.530202,426,140004759.2,14690639
2026-08-31,OGV,72.46097,1,285713244.25,3942995
2026-08-31,OHB,24.651157,1055,1454519403.97,59004104
2026-08-31,OHI,0.103101,44,1015503482.79,9849630500
2026-08-31,OHK,3.011439,1238,31147035.54,10342908
2026-08-31,OIL,4.102393,655,46713437.55,11386874
2026-08-31,OIR,5.175497,231,20697909.64,3999212
2026-08-31,OIS,3.448097,2,657358767.15,190643928
2026-08-31,OJB,53.581785,6729,26437974821.95,493413476
2026-08-31,OJH,9.716155,27,23082368.11,2375669
2026-08-31,OJK,14.133795,27777,49189596071.19,3480282309
2026-08-31,OJT,13.134851,11152,4740515908.09,360911273
2026-08-31,OJU,69.307115,2,55824247.26,805462
2026-08-31,OJY,72.969445,6,2511497375.5,34418480
2026-08-31,OKD,0.623621,979,84446444.52,135413140
2026-08-31,OKF,4.771406,12,8459580762.55,1772974341
2026-08-31,OKP,6.53193,441,76730349.22,11746964
2026-08-31,OKT,0.165205,862,112836259.48,683008879
2026-08-31,OLA,54.159248,31,20611546.94,380572.99
2026-08-31,OLD,3.218749,5527,142703988.56,44335233
2026-08-31,OLE,5.12615,499,328370199,64057865
2026-08-31,OMB,64.595709,3,226981765.44,3513883
2026-08-31,OMC,72.503994,2,410300320.92,5659003
2026-08-31,OME,27.506823,68,92479535.25,3362058
2026-08-31,OMG,1.88672,703,1318699401.62,698937606
2026-08-31,OMT,1.004957,34,121452984.9,120853911
2026-08-31,ONB,52.756504,567,5501598463.64,104282847
2026-08-31,OND,48.205561,624,3459713134.23,71770000.01
2026-08-31,ONE,1.517104,692,33685435.65,22203768.476
2026-08-31,ONF,66.798916,861,3261149202.61,48820391
2026-08-31,ONK,60.847134,21479,95531470208.79,1570024150
2026-08-31,ONN,6.538186,582,1435683968.8,219584440
2026-08-31,ONS,54.475901,23580,162209448185.05,2977636833
2026-08-31,ONT,53.144873,374,4858032616.64,91411125
2026-08-31,ONY,67.212486,741,2395698411.33,35643651
2026-08-31,OPB,13.901676,419,51304398.61,3690519
2026-08-31,OPD,8.608609,21,68403179,7945904
2026-08-31,OPF,3.253395,1043,459204462.85,141146225
2026-08-31,OPH,26.711273,2490,947886604.42,35486388
2026-08-31,OPI,23.492582,1535,226136307.72,9625860
2026-08-31,OPJ,1.700459,2492,1394902301.82,820309186
2026-08-31,OPL,9.98872,496,37185278.24,3722727
2026-08-31,OPZ,5.784665,1,723991206.52,125156982
2026-08-31,ORC,1.57472,56,1272167721.14,807869008
2026-08-31,ORI,61.42329,5,1704666121.19,27752765
2026-08-31,OSD,14.393594,852,610617448.72,42422861
2026-08-31,OSF,112.300528,17,4151462143.37,36967432
2026-08-31,OSH,0.593629,17,66960364.44,112798247
2026-08-31,OSL,0.157551,4127,1485716398.94,9430055478
2026-08-31,OSN,1.577762,102,35136818.16,22270041
2026-08-31,OTE,66.920386,2,195057264.8,2914766
2026-08-31,OTF,6.990523,1935,691508015.97,98920779
2026-08-31,OTJ,7.559122,22280,3397396770.66,449443300
2026-08-31,OTK,8.480778,64,4623024.63,545118
2026-08-31,OTM,1.303519,95,13679024.47,10493917
2026-08-31,OTZ,70.629611,4,315870239,4472207
2026-08-31,OUB,7.212925,14,901332355.37,124960731
2026-08-31,OUD,67.438078,120,148778313.41,2206147
2026-08-31,OUN,54.375337,314,232587946.25,4277453
2026-08-31,OUR,84.631669,11,31779868.87,375508
2026-08-31,OUY,66.481693,2,1692104337.32,25452185
2026-08-31,OVD,3.514978,3081,768514887.42,218640005
2026-08-31,OVR,68.786269,1,490649223.58,7132953
2026-08-31,OYL,0.163444,8189,3531410378.88,21606264541
2026-08-31,OYS,10.049283,11,16435741429.39,1635513894
2026-08-31,OYT,0.139314,65,1972851131.96,14161218057
2026-08-31,OZC,2.939442,1,291716209.38,99242027
2026-08-31,P1A,1.547714,320,510273082.35,329694718
2026-08-31,PA2,1.149866,535,48659889.91,42317864
2026-08-31,PAB,1.42629,656,129722790.91,90951178
2026-08-31,PAC,3.107365,1,796315813.77,256267233
2026-08-31,PAF,3.737157,3297,299237951.64,80071008
2026-08-31,PAI,6.509953,521,430494806.51,66128716
2026-08-31,PAL,57.382916,31262,151741796019.71,2644372358
2026-08-31,PAO,1.118893,233,26987976.61,24120254
2026-08-31,PAU,68.640184,3850,11184066231.84,162937591
2026-08-31,PBE,6.269521,11,48959745.42,7809168
2026-08-31,PBF,1.650576,2,1575034619.17,954233191
2026-08-31,PBH,1.333786,12,3198904930.33,2398364628
2026-08-31,PBI,2.385458,696,119720648.68,50187706
2026-08-31,PBK,58.589358,112,107499051.8,1834788
2026-08-31,PBN,1.741932,695,531975410.8,305393829
2026-08-31,PBR,4.777442,35887,5588958907.87,1169864408
2026-08-31,PBS,70.219188,22,397362944.08,5658894
2026-08-31,PBY,1.471712,54,197434320.41,134152805
2026-08-31,PCE,1.308881,149,57112467.36,43634567
2026-08-31,PCH,4.118373,57,933333241.89,226626713
2026-08-31,PCN,65.968907,12,567695163.68,8605496
2026-08-31,PCS,10.259597,35,124518567372.23,12136789107
2026-08-31,PDC,0.331397,13,359200596.61,1083898739
2026-08-31,PDD,6.019683,174,835349742.83,138769715
2026-08-31,PDE,1.639143,14,16007454987.62,9765747500
2026-08-31,PDF,60.929204,55,473160480.11,7765742
2026-08-31,PDG,0.592966,11,644162038.83,1086338077
2026-08-31,PDH,19.812078,78,5558394706.47,280555872
2026-08-31,PDR,1.036491,2,2331187435.79,2249115622
2026-08-31,PDS,0.328742,41,88789822.07,270089633
2026-08-31,PEA,1.54302,101,72859257.23,47218609
2026-08-31,PFO,2.387478,285,76672420.06,32114401
2026-08-31,PFS,2.996166,91,15943727.38,5321377
2026-08-31,PGD,1.809196,155,185498426.93,102530843
2026-08-31,PGE,25.634889,45,10352070671.32,403827399
2026-08-31,PGH,7.178596,12,9535500788.63,1328323884
2026-08-31,PGS,1.368037,436,177506198.42,129752494
2026-08-31,PHB,3.081783,14,16184097060.29,5251536912
2026-08-31,PHE,4.106306,112816,29322874215.06,7140938074
2026-08-31,PHF,1.335107,12,392543646.61,294016510
2026-08-31,PHI,1.635013,131,82738799.55,50604370
2026-08-31,PHK,1.628551,246,84969438.82,52174872
2026-08-31,PHN,1138.906394,17,10780739870.22,9465870
2026-08-31,PHS,4.677928,16,189874779.84,40589501
2026-08-31,PHY,4.75779,45,597851512.27,125657393
2026-08-31,PID,1.911477,115,55143354.03,28848554
2026-08-31,PIL,3.991353,8095,476317735.39,119337405
2026-08-31,PIP,1.700791,385,20670642197.7,12153544206
2026-08-31,PIR,1.757683,906,117219309.29,66689664
2026-08-31,PIS,1.476594,202,1285479284.18,870570442
2026-08-31,PJL,5.253546,695,1272219776.27,242164034
2026-08-31,PJP,50.235135,14,404640594.64,8054932
2026-08-31,PK1,1.057529,139,8541332.05,8076686
2026-08-31,PKD,0.981713,151,26460198.14,26953095
2026-08-31,PKF,4.953863,1555,412286885.48,83225324
2026-08-31,PKH,0.910969,11,126438356.75,138795396
2026-08-31,PKL,2.518062,12,1524703829.85,605506954
2026-08-31,PKM,1.081477,571,521128724.43,481867722
2026-08-31,PKN,2.73335,11,61970231.85,22671900
2026-08-31,PKP,1.270597,97,539900642.39,424918736
2026-08-31,PKR,1.552296,211,620340997.19,399628116
2026-08-31,PKT,1.611249,1130,12804894695.05,7947184929
2026-08-31,PKU,15.56993,45,11168178358.32,717291515
2026-08-31,PKV,2.081317,2989,17343595665.91,8332989983
2026-08-31,PKZ,17.511776,16,66580182490.54,3802023376
2026-08-31,PLA,1.28361,116,813797.2,633991
2026-08-31,PLR,1.689173,883,942599269.65,558024025
2026-08-31,PLS,26.990301,7,940199827.6,34834729
2026-08-31,PMG,1.633784,1,1429040468.48,874681642
2026-08-31,PMH,0.005491,43,60519.32,11021437
2026-08-31,PMP,0.822788,415,15785019.4,19184797
2026-08-31,PNU,1.252351,25319,40297310523.91,32177318695
2026-08-31,PO7,1.037012,43,1826573857.07,1761382199
2026-08-31,PO8,2.835519,48,269457871.56,95029485
2026-08-31,PO9,0.81799,150,262849627.95,321336076
2026-08-31,POB,4.413504,42,4567754182.68,1034949682
2026-08-31,POD,69.69562,1410,4287461905.05,61516949
2026-08-31,POF,2.818755,45,3019567144.92,1071241579
2026-08-31,POH,1.005142,4,1720221098,1711421252
2026-08-31,POI,0.057766,42,263191311.49,4556187573
2026-08-31,POS,1.266652,421,85297517.06,67340923
2026-08-31,POU,2.89465,72,7621682381.99,2633023776
2026-08-31,PP1,1.741365,246,34279680,19685517
2026-08-31,PPB,10.320008,1504,387495352.6,37547970
2026-08-31,PPD,36.177176,106,2335487625.6,64556935
2026-08-31,PPE,63.276833,66,756814586.05,11960374
2026-08-31,PPF,5.244969,22,338295230.39,64498999
2026-08-31,PPG,1.469187,1729,2329358185.41,1585474023
2026-08-31,PPH,1.72373,2448,66642822.58,38661985
2026-08-31,PPI,2.307115,2786,4791965583.73,2077038179
2026-08-31,PPJ,1.871273,6661,86407304885.12,46175677905
2026-08-31,PPK,2.274462,3127,5933568246.32,2608778500
2026-08-31,PPM,2.198374,147,132951944.13,60477404
2026-08-31,PPN,5.834291,13322,12320712690.76,2111775305
2026-08-31,PPO,3.158505,44,193249092.53,61183726
2026-08-31,PPP,3.155759,368,7935840356.81,2514716872
2026-08-31,PPS,3.485677,2339,993889842.55,285135398
2026-08-31,PPT,3.317874,3804,2356278552.58,710177159
2026-08-31,PPU,1.859868,44,298030032.08,160242537
2026-08-31,PPV,1.163363,184,12657027453.3,10879692444
2026-08-31,PPZ,6.657977,8278,13097695649.12,1967218608
2026-08-31,PRD,2.368133,592,459381590.64,193984735
2026-08-31,PRF,69.304458,2,201329381.09,2904999
2026-08-31,PRH,2.212178,290,658411155.41,297630282
2026-08-31,PRR,1.348449,161,732573883,543271434
2026-08-31,PRU,3.707505,1447,2979137435.07,803542412
2026-08-31,PRV,1.359007,84,4567613234.23,3360993923
2026-08-31,PRY,3.211599,55256,112667761460.81,35081518852
2026-08-31,PSD,54.146423,1,2759418964.93,50962165
2026-08-31,PSE,1.897803,5856,26429308805.62,13926268948
2026-08-31,PSG,9.027139,16,368646928.1,40837627
2026-08-31,PSH,1.06887,360,17333543.92,16216703
2026-08-31,PSL,8.544293,52,254178999.85,29748393
2026-08-31,PSO,0.445909,1,912449348.33,2046269480
2026-08-31,PSR,3.211053,45,1333041157.15,415141394
2026-08-31,PSS,6.065217,11,227943873.62,37582147
2026-08-31,PST,0.011474,48,48443810.56,4222197261
2026-08-31,PTC,66.317562,16,1057367414.58,15944003
2026-08-31,PTE,1.717949,4716,49549883415.84,28842470508.92
2026-08-31,PTF,1.462525,280,793920858.43,542842493
2026-08-31,PTG,64.709401,1,117771108.97,1820000
2026-08-31,PTL,1.886238,1773,915797282.34,485515337
2026-08-31,PTN,1.688462,881,828314462.19,490573242
2026-08-31,PTO,1.848163,3554,226783795.3,122707653
2026-08-31,PTP,1.207896,296,90499236.69,74923054
2026-08-31,PTS,1.618743,954,9636901929.87,5953322713
2026-08-31,PUA,10.156619,1,5050598910.29,497271653
2026-08-31,PUC,7.466327,702,436345615.29,58441805
2026-08-31,PUH,1.678899,23,357323623.54,212832098
2026-08-31,PUK,1.326588,10489,1667268491.68,1256810037
2026-08-31,PUR,10.55168,39371,126774442436.54,12014622060
2026-08-31,PUT,8.125345,1,7132324877.81,877787362
2026-08-31,PUV,57.553066,1,1228748343.72,21349833
2026-08-31,PVK,5.828351,8332,42171294136.65,7235545014
2026-08-31,PYB,1.886054,1147,811921548.44,430486802
2026-08-31,PYD,0.254827,44,46513374.45,182529203
2026-08-31,PYF,10.662323,10,3122266652.05,292831749
2026-08-31,PYH,6.926564,11,3963296730.48,572187994
2026-08-31,PYI,11.558665,44,2954570781.83,255615232
2026-08-31,PYL,9.709056,33,563721994.7,58061461
2026-08-31,PYR,1.383086,1141,67634303.05,48901009
2026-08-31,PYS,60.036744,43,1134873680.73,18902985
2026-08-31,RAF,3.845888,12,160598849.25,41758590
2026-08-31,RAI,2.171533,1,5670453646.53,2611267131
2026-08-31,RAN,59.237248,1,1100731977.66,18581754
2026-08-31,RAV,1.557279,12,1145181982.15,735373680
2026-08-31,RAY,4.188276,1,1829411411.33,436793424
2026-08-31,RBA,22.512076,5411,1986919061.46,88260144
2026-08-31,RBB,1.679346,40,16181836.79,9635794
2026-08-31,RBE,4.318958,16,3031422746.86,701887559
2026-08-31,RBF,1.801624,82,23651921.38,13128110
2026-08-31,RBH,35.815619,5095,1034359399.16,28880121
2026-08-31,RBI,56.354655,86,57123782.87,1013648
2026-08-31,RBK,8.854727,1110,42612055.74,4812351
2026-08-31,RBL,1.88745,818,326856949.46,173173841
2026-08-31,RBN,1.536757,144,41118869.53,26756908
2026-08-31,RBP,2.2938,1077,2963451340.09,1291492446
2026-08-31,RBR,3.822616,972,102972336.26,26937660
2026-08-31,RBT,6.646846,2720,1331445687.57,200312392
2026-08-31,RBV,6.982302,17674,8647111957.57,1238432847
2026-08-31,RCL,62.060277,1,166632526.68,2685011
2026-08-31,RCS,5.225358,1,2399269.97,459159
2026-08-31,RCV,1.819526,142,66173045.48,36368280
2026-08-31,RD1,1.971025,154,67923266.6,34460894
2026-08-31,RDF,1.646465,644,406824901.28,247089984
2026-08-31,RDH,4.194777,16,1095702023.62,261206263
2026-08-31,RDK,1.191393,2,1278505.42,1073118
2026-08-31,RDS,22.511846,11,963471389.35,42798417
2026-08-31,RDT,0.911665,59,75155438.83,82437546
2026-08-31,RDZ,50.601917,121,668165020.87,13204342
2026-08-31,RE6,1.018443,11,1348592517.78,1324170531
2026-08-31,RE7,0.694906,13,97225.67,139912
2026-08-31,RE8,3.263601,13,1267709379.51,388438857
2026-08-31,RFM,1.120698,461,29718325.29,26517692
2026-08-31,RGD,1.15784,133,28887569.63,24949534
2026-08-31,RGH,1.16345,27,40044341.42,34418609
2026-08-31,RHD,1.989447,12,154441230.37,77630222
2026-08-31,RHI,1.764248,440,49910131.53,28289745
2026-08-31,RHS,7.580074,1493,806497701.2,106397081
2026-08-31,RIA,1.387263,47,13348092.69,9621893
2026-08-31,RIH,13.114502,1512,209632084.28,15984754
2026-08-31,RIK,5.604272,3821,599621425.87,106993627
2026-08-31,RJG,3.634932,557,92862917.72,25547363
2026-08-31,RKC,1.78138,268,30993510.26,17398593
2026-08-31,RKH,1.100036,76,9101010.06,8273378
2026-08-31,RKL,2.869777,1,2245894296.94,782602250
2026-08-31,RKS,2.05389,146,90320298.34,43975228
2026-08-31,RKV,2.626228,225,611834997.95,216748001
2026-08-31,RLH,1.715022,35,279063577.64,162717196
2026-08-31,RO1,1.305193,22,219929532.32,168503485
2026-08-31,ROD,56.143534,615,1739935447.19,30990843
2026-08-31,ROF,3.386758,421,522711065.14,154339651
2026-08-31,ROY,1.419047,13,685079852.1,482774528
2026-08-31,RPC,5.346909,548,24581526.03,4597334
2026-08-31,RPD,14.839832,1848,270624273.13,18236344
2026-08-31,RPE,0,0,94.47,0
2026-08-31,RPG,6.545428,1714,956480127.58,146129508
2026-08-31,RPI,1.513438,321,14290163.6,9442189
2026-08-31,RPK,64.449948,5,115412196.95,1790726
2026-08-31,RPL,1.74581,22,125515341.06,71895200
2026-08-31,RPM,4.611304,3000,102839445.68,22301596
2026-08-31,RPN,5.147613,23,818774856.3,159059117
2026-08-31,RPO,6.67375,3,1621608805.86,242983168
2026-08-31,RPP,5.015385,7605,6610106659.51,1317965826
2026-08-31,RPS,63.897361,97,175127843.5,2740768
2026-08-31,RPT,5.208567,177,1231721032.91,236479819
2026-08-31,RPU,3.699177,12,2667571034.49,721125459
2026-08-31,RPX,63.331434,127,616458236.73,9733843
2026-08-31,RRA,1.517682,196,1426847396.5,940149399
2026-08-31,RRP,1.661889,84,823977624.24,495807903
2026-08-31,RS1,1.6315,125,810520227.34,496794543
2026-08-31,RSF,4.416405,12,1247377008.73,282441717
2026-08-31,RSK,1.953696,266,312278878.2,159840057
2026-08-31,RSY,1.093944,12,161296364.31,147444770
2026-08-31,RSZ,10.667716,25,2246063056.02,210547701
2026-08-31,RTA,2.458423,15,4514941348.35,1836519143
2026-08-31,RTB,2.713903,11,557054581.71,205259555
2026-08-31,RTD,2.080317,491,26352755.8,12667665
2026-08-31,RTG,5.813717,4815,254302746.37,43741853
2026-08-31,RTH,6.06454,246,18661194.8,3169438
2026-08-31,RTI,3.415412,64,53745748589.91,15736243686
2026-08-31,RTP,12.559693,1342,311741055.2,24820755
2026-08-31,RUH,5.198934,15,53465924.96,10284016
2026-08-31,RUT,2.563317,4709,196232131.29,76553999
2026-08-31,RVI,1.416761,11,21278391.21,15019044
2026-08-31,RVS,3.387199,19,4636449319.99,1368815305
2026-08-31,RYA,1.32452,1,398185967.49,300626629
2026-08-31,RYB,47.15046,11,4716696.25,100035
2026-08-31,RYD,1.471111,13,325078804.16,220975082
2026-08-31,RYF,12.453679,48,432854722.71,34757178
2026-08-31,RYU,49.643449,57,523562446.53,10546456
2026-08-31,RZR,4.668578,2,16518539.95,3538238
2026-08-31,SAP,1.869917,368,381913725.17,204241023
2026-08-31,SAR,53.15604,9,901728598.98,16963803
2026-08-31,SAS,1.64833,41279,973392602.58,590532426
2026-08-31,SAT,245.34088,4,1951103772.48,7952624
2026-08-31,SBH,1.853219,745,399959963.46,215819058
2026-08-31,SBI,3.708458,15,35031378.64,9446347
2026-08-31,SBR,1.309144,25,15093097.26,11528980
2026-08-31,SBS,72.127478,1,247007400.71,3424595
2026-08-31,SCZ,1.575363,164,82968631.93,52666366
2026-08-31,SD1,1.04249,207,45809166.03,43942067
2026-08-31,SDA,50.761778,1096,6568457445.17,129397702
2026-08-31,SEH,1.522302,45,106411217.01,69901499
2026-08-31,SER,58.120521,828,7257875080.54,124876290
2026-08-31,SFA,24.668656,18,1294259027.23,52465730
2026-08-31,SFS,1.431332,82,31884213.72,22275906
2026-08-31,SGK,1.001505,68,200740592.35,200438880
2026-08-31,SGT,2.012662,2600,203782739.6,101250350
2026-08-31,SHC,1.048094,126,74878215.83,71442257
2026-08-31,SHE,3.604973,635,58314524.16,16176132
2026-08-31,SHI,0.16918,46,700317935.96,4139493592
2026-08-31,SHU,1.454842,35,405185773.08,278508504
2026-08-31,SIA,0.938275,11,867468.62,924536
2026-08-31,SIS,0.282192,13,59808684.13,211943093
2026-08-31,SJP,62.511184,29,326450528.68,5222274
2026-08-31,SKL,2.054789,747,135620719.09,66002270
2026-08-31,SKO,1.720956,3193,215640796.17,125302941
2026-08-31,SKS,51.482695,3,1287067383.85,25000000
2026-08-31,SKT,0.118138,2019,40572570.91,343433363
2026-08-31,SKZ,1.044425,697,123969623.9,118696534
2026-08-31,SLF,11.428626,6898,1300448541.61,113788700
2026-08-31,SLG,1.440804,735,484705553.99,336413246
2026-08-31,SLR,0.312471,5,1186358536.45,3796699149
2026-08-31,SLS,0.63269,13,381328.82,602710
2026-08-31,SMP,1.04339,1,1460746543.82,1400000000
2026-08-31,SNY,1.560773,482,541175892.83,346735753
2026-08-31,SOS,1.709591,519,41102649.37,24042394
2026-08-31,SPA,70.425639,198,3178207668.19,45128560
2026-08-31,SPD,82.804531,1,350619227.24,4234300
2026-08-31,SPE,108.971169,1252,4353630209.14,39952129
2026-08-31,SPN,10.056658,366,1504273947.97,149579905
2026-08-31,SPP,1.613957,714,541987420.91,335812731
2026-08-31,SPR,1.326966,163,8716722.56,6568911
2026-08-31,SPT,2.231325,874,97183805.83,43554305
2026-08-31,SRA,17.08995,1,2154649340.57,126076981
2026-08-31,SRE,64.150228,1,1004027863.21,15651197
2026-08-31,SRL,1.78394,2914,69672491.5,39055396
2026-08-31,SRO,25.007047,6,6970836284.55,278754881
2026-08-31,SSD,54.147263,1,559483473.58,10332627
2026-08-31,SSE,0.00348,11,109636950.64,31504588703
2026-08-31,SSF,0.956715,15,1237651.53,1293647
2026-08-31,SSK,1.775493,593,50711988.11,28562196
2026-08-31,SSN,59.678239,4,778709646.94,13048469
2026-08-31,SSO,15.109174,1,7703836308.26,509878048
2026-08-31,SSS,1.436266,5245,252010347.69,175462143
2026-08-31,SST,1.617152,22,9542027.66,5900512
2026-08-31,ST1,190.052886,2443,652598405.21,3433772.66
2026-08-31,STI,1.302049,72,188158266.13,144509346
2026-08-31,STM,3.220242,12,384339.15,119351
2026-08-31,STS,86.54134,27,421215307.73,4867215
2026-08-31,STZ,25.027166,83,543238496.93,21705953
2026-08-31,SUA,0.602116,1169,2325572433.41,3862333628
2026-08-31,SUB,0.404112,756,111944826.58,277014451
2026-08-31,SUC,23.046524,537,595349229.03,25832496
2026-08-31,SUR,1.177911,90,221074784.16,187683759
2026-08-31,SVB,9.545828,1309,248382088.18,26019962
2026-08-31,SVS,2.783905,1,1153173520.92,414228781
2026-08-31,SVY,1.820086,2,3862255430.35,2122017742
2026-08-31,SYF,238.915935,6,1783950406.94,7466854
2026-08-31,SYL,4126.486744,1,1142236289.63,276806
2026-08-31,SYR,50.140262,22,310912842.78,6200862
2026-08-31,SYS,49.091134,121,1770472097.65,36065007
2026-08-31,T3B,0.119358,16,13401012474.01,112275362952
2026-08-31,TAL,2.890856,759,37159181.76,12854039
2026-08-31,TAO,21.335844,1,1127736629.99,52856435
2026-08-31,TAR,2.564112,6755,132621029.74,51722017
2026-08-31,TAU,0.650878,34612,2549543184.24,3917081749
2026-08-31,TAZ,2.512439,2,1184660276.01,471518068
2026-08-31,TB9,53.612333,10698,40656465884.1,758341671
2026-08-31,TBP,0.283569,197,468521793.91,1652231895
2026-08-31,TBT,54.725412,2498,457932918.93,8367829.519
2026-08-31,TBV,0.414686,7871,1201776240.38,2898036377
2026-08-31,TCA,0.820625,46050,14489071270.59,17656145541.442
2026-08-31,TCB,0.237303,4661,3204854234.74,13505323227
2026-08-31,TCC,0.081514,402,418138681.15,5129667941
2026-08-31,TCD,49.896068,11715,1491790050.67,29897948
2026-08-31,TCF,4.59586,2768,3249672571.15,707086867
2026-08-31,TCG,1.347225,1,190844039.81,141657132
2026-08-31,TCH,2.259959,58,243633132.2,107804233
2026-08-31,TCI,11.581725,15,1406361271.18,121429349
2026-08-31,TCS,43.443938,44,1475241275.65,33957356
2026-08-31,TDG,0.531851,2082,735774548.61,1383423401
2026-08-31,TDP,60.184885,44,328593038.97,5459727
2026-08-31,TE3,41.475675,2925,1140753228.49,27504151
2026-08-31,TE4,6.621762,1446,1826094974.31,275771753
2026-08-31,TEJ,2.804456,1326,740314217.73,263977830
2026-08-31,TFE,2.856374,115,35289245.06,12354562
2026-08-31,TFF,43.945294,8976,1354011621.78,30811300
2026-08-31,TFU,1.293397,1287,251083527.3,194127205
2026-08-31,TGA,0.491422,6196,825208082.35,1679223556
2026-08-31,TGE,0.29689,37381,3027022772.61,10195776051
2026-08-31,TGN,1.464929,1967,3074825466.66,2098959114
2026-08-31,TGR,7.097978,5671,114420867.72,16120206
2026-08-31,TGT,0.121204,61980,4052897684.52,33438678969
2026-08-31,TGV,10.949002,13,6967848554.04,636391228
2026-08-31,TGZ,6.270849,12,1138964910.38,181628509
2026-08-31,THD,2.782229,202,8805528.88,3164919
2026-08-31,THF,2.733932,111839,68019022810.6,24879558981
2026-08-31,THG,7.248205,177,174978437.91,24140934
2026-08-31,THH,153.336363,1,1956342294.06,12758502
2026-08-31,THO,50.988649,12,4876609055.96,95641072
2026-08-31,THS,64.377532,1,422359997.9,6560674
2026-08-31,THT,0.205333,355,10177124.79,49564009
2026-08-31,THV,50.491536,17,2277481606.78,45106206
2026-08-31,TI1,1684.305653,237116,231348445794.8,137355381.65
2026-08-31,TI2,0.130312,20736,3448340512.54,26462259113
2026-08-31,TI3,0.112225,21538,1992172671.19,17751672975
2026-08-31,TI4,0.065493,13929,1933330283.87,29519790729
2026-08-31,TI6,0.054667,4843,581531919.79,10637702393
2026-08-31,TI7,79.290862,9668,1184186658.05,14934718
2026-08-31,TIE,0.772211,18665,1769001693.86,2290827496
2026-08-31,TIL,1.436295,1649,92327302.32,64281576
2026-08-31,TIP,50.184964,76,885406688.48,17642868
2026-08-31,TIV,53.596395,118348,25132185647.6,468915601.112
2026-08-31,TJB,10.155576,1,829735209.05,81702428
2026-08-31,TJF,5.384748,539,54348820.48,10093103
2026-08-31,TJI,6.614618,908,606037345.44,91620909
2026-08-31,TJL,21.061593,4,1431991850.67,67990671
2026-08-31,TJT,68.968782,1836,2285296721.24,33135234
2026-08-31,TKF,70.902288,4255,1011306351.26,14263381
2026-08-31,TKH,2.323122,1,474447923.33,204228599
2026-08-31,TKK,1.786553,112873,1820926466.82,1019240200
2026-08-31,TKM,0.217533,505350,75274414765.51,346036337649
2026-08-31,TLC,1.065238,303,419983562.49,394262627
2026-08-31,TLE,28.539586,914,535136010.41,18750658
2026-08-31,TLH,27.880251,328,130630600.44,4685417
2026-08-31,TLK,1.786386,1045,3596428192.31,2013242158
2026-08-31,TLT,71.449539,1,404666538.51,5663669
2026-08-31,TLU,53.791513,518,8946131962.33,166311216
2026-08-31,TLV,1.380132,10630,3902681429.83,2827760464
2026-08-31,TLY,9145.58081,111176,273338637911.78,29887510
2026-08-31,TLZ,20.587008,876,77762503.5,3777261
2026-08-31,TMC,0.165072,11594,156419558.83,947584863
2026-08-31,TMG,1.463566,35577,5099959081.38,3484610642
2026-08-31,TMH,0,12,0,0
2026-08-31,TMM,74.116158,1532,1240640667.45,16739139
2026-08-31,TMR,7.774898,1,9232497584.75,1187475000
2026-08-31,TMS,2.185003,85,419880298.07,192164604
2026-08-31,TMU,1.442901,91,59572869.73,41286859
2026-08-31,TMV,10.38183,13562,41564803571.7,4003610665
2026-08-31,TMZ,2.033954,2550,53059022.06,26086639
2026-08-31,TNB,50.364733,81,692603271.21,13751751
2026-08-31,TND,1.518258,486,193716429.29,127591226
2026-08-31,TNF,4.298635,3,5227673489.72,1216123947
2026-08-31,TNH,12.034262,3,151284976.76,12571189
2026-08-31,TNI,11.465641,2759,7976066350.98,695649417
2026-08-31,TNK,34.145815,74048,3718464292.48,108899561
2026-08-31,TNS,13.285958,16,96859391.72,7290358
2026-08-31,TO8,57.140945,101,731354435.04,12799131
2026-08-31,TOK,59.642686,6968,24825410264.68,416235618
2026-08-31,TOT,962.322548,639,117213773.27,121803
2026-08-31,TP1,68.462953,1,384157882.66,5611179
2026-08-31,TP2,2.19851,159813,208077123133.49,94644628943
2026-08-31,TPC,13.98571,12374,6165998360.05,440878460
2026-08-31,TPE,0.552701,34,2364404764.03,4277909763
2026-08-31,TPF,11.201207,511,124822897.85,11143701
2026-08-31,TPJ,78.94471,1475,2350662017.68,29776055
2026-08-31,TPL,21.324549,1518,503157356.49,23595217.006
2026-08-31,TPO,0.183178,3,107256568.93,585531154
2026-08-31,TPP,78.242858,390,1872664575.26,23934000
2026-08-31,TPR,0.486474,1,10470977.2,21524221
2026-08-31,TPV,10.630884,43,8092112.09,761189
2026-08-31,TPZ,28.642565,1515,146754246.63,5123642
2026-08-31,TRJ,2.192514,4422,2200803790.91,1003781054
2026-08-31,TRN,1.10306,1,2017633381.77,1829123080
2026-08-31,TRO,2.639507,376,28496764.15,10796245
2026-08-31,TRR,6.50069,460,2387330126.7,367242577
2026-08-31,TRU,1.524471,272,295428065.96,193790594
2026-08-31,TSI,0.209386,77496,22874894763.46,109247532722
2026-08-31,TSP,71.271689,5,1748776537.1,24536763
2026-08-31,TTA,0.651439,224535,27730207358.37,42567611429
2026-08-31,TTE,1.719242,47006,3954221596.66,2299979220
2026-08-31,TTL,39.186152,367,308423155.06,7870718
2026-08-31,TTP,51.762155,105,891028815.59,17213905
2026-08-31,TTS,71.002002,1,2207204168.98,31086506
2026-08-31,TTV,8.906891,35,2810236963.99,315512662
2026-08-31,TTZ,3.729094,7,238941126.83,64074841
2026-08-31,TUA,1.535739,31477,15946211464.92,10383413967.209
2026-08-31,TVE,1.158143,354,220330656.53,190244772
2026-08-31,TVN,2.986196,529,11082544.6,3711258
2026-08-31,TYH,2.132802,6245,1142373234.44,535620812.836
2026-08-31,TZC,0.32101,1136,32024284.77,99760888
2026-08-31,TZD,2.610266,7921,695586471.29,266481099.054
2026-08-31,TZH,8.633514,1,62122566965.98,7195513139
2026-08-31,TZL,0.139584,184844,94298525680.33,675566280332.17
2026-08-31,TZP,14.361324,14,1134299324.09,78982922
2026-08-31,TZT,0.170736,5842,341864360.23,2002295026.044
2026-08-31,TZV,958.277192,133928,31774108090.29,33157533.5
2026-08-31,UAB,5.503247,2,649617277.46,118042548
2026-08-31,UAP,71.443031,1,469127089.07,6566450
2026-08-31,UCN,2.090426,2,1138741958.62,544741624
2026-08-31,UCP,1.338602,27,28382783026.78,21203308940
2026-08-31,UFH,73.427327,1,269940810.41,3676299
2026-08-31,UHL,74.14178,1,2648623154.31,35723760
2026-08-31,UHS,7.049651,13,379355393.73,53811937
2026-08-31,ULH,6.644857,241,1289982236.98,194132440
2026-08-31,ULL,70.68301,3,289587938.31,4096995
2026-08-31,UNT,1.580371,255,24011675901.16,15193695998
2026-08-31,UP1,6.535814,1457,1447447603.56,221464009
2026-08-31,UP2,4.264025,308,3018553488.33,707911714.14
2026-08-31,UPD,22.263179,256,2445052977.87,109824970
2026-08-31,UPH,30.982822,524,108737186.54,3509596
2026-08-31,UPP,7.106905,918,2562659590.36,360587308
2026-08-31,UPS,5.081471,1,1072723897.88,211105000
2026-08-31,URA,1.998171,9244,693733564.8,347184227
2026-08-31,URC,55.849405,150,161838507.15,2897766
2026-08-31,URD,50.427179,12,11023846690.44,218609228
2026-08-31,URG,76.610648,1,574790689.88,7502752
2026-08-31,URM,49.218598,5,8491756369.74,172531457
2026-08-31,URS,3.972815,1,1041231670.64,262089128
2026-08-31,URV,3.484082,2,9356153525.11,2685399860
2026-08-31,USS,3.890823,1,4217787363.56,1084034643
2026-08-31,UST,4.258339,1,1996475536.3,468839001
2026-08-31,USY,0.264212,390,1343545388.33,5085111402
2026-08-31,UYH,5.109852,12,672551603.06,131618603
2026-08-31,UZY,9.343374,39,329383509.76,35253165
2026-08-31,VAY,1.602631,2978,49732223.95,31031619
2026-08-31,VCD,6.399681,12,1618101756.3,252840995
2026-08-31,VCG,5.793215,12,2006457585.13,346346139
2026-08-31,VCY,3.53953,12108,166923092.29,47159683
2026-08-31,VFK,5.522984,5620,3127152266.62,566206993
2026-08-31,VFO,1.053904,7023,374901200.36,355725993
2026-08-31,VFS,1.986335,1,6397380.39,3220695
2026-08-31,VHS,1.004587,428,52528943.55,52289072
2026-08-31,VK6,4.19845,162124,80665986020.81,19213279157.988
2026-08-31,VKI,3.137955,348,883228073.41,281466119
2026-08-31,VKK,1.094808,434,80951063.57,73940857
2026-08-31,VKR,1.003126,1,523969.67,522337
2026-08-31,VKT,0.123171,43433,4764893765.16,38685055384.964
2026-08-31,VKV,1.095061,897,492844334.09,450061226
2026-08-31,VLT,1.067493,664,71918229.18,67371139
2026-08-31,VMV,2.812536,149,7319134210.02,2602325141
2026-08-31,VNK,2.464395,242,3829274180.04,1553839745
2026-08-31,VPA,1.121747,3280,8784437006.15,7831033949
2026-08-31,VPP,54.252586,576,1562645697.85,28803156
2026-08-31,VPS,0.903869,5819,1229159600.46,1359886722
2026-08-31,VRK,1.357995,153,46718502.11,34402561
2026-08-31,VTF,2.199257,1,420386880.72,191149460
2026-08-31,VTL,1.119231,7031,3071717381.74,2744488424
2026-08-31,YA1,1.437288,24,32468459460.35,22590083771
2026-08-31,YAC,14.960089,9826,5545655115.38,370696677
2026-08-31,YAE,1.19533,603,69938304.33,58509640
2026-08-31,YAK,5.285089,108051,1146646904.89,216958868.414
2026-08-31,YAN,14.698085,3580,1869144726.15,127169271
2026-08-31,YAR,27.781793,1,777890196.39,28000000
2026-08-31,YAS,15.095804,61819,6533778873.68,432820871
2026-08-31,YAY,1850.354168,44009,13453501423.88,7270771
2026-08-31,YBE,1.861434,13971,5061683076.08,2719238858
2026-08-31,YBH,54.430226,601,651167947.19,11963352
2026-08-31,YBJ,59.090781,1,1953862920.22,33065444
2026-08-31,YBP,12.839813,55,955044429.15,74381488
2026-08-31,YBR,55.971454,2592,6471734068.66,115625619
2026-08-31,YBS,0.146978,11903,2075275695.47,14119604803
2026-08-31,YCG,61.204007,4,203821888.61,3330205
2026-08-31,YCH,2.738894,114,109472648.66,39969656
2026-08-31,YCK,4.726968,192,419772269.57,88803705
2026-08-31,YCL,10.550144,12,177951951.87,16867253
2026-08-31,YCP,8.663707,1994,1021925843.08,117954804
2026-08-31,YCY,4.151853,279,322077640.26,77574431
2026-08-31,YDH,1.183401,1,5301734995.45,4480085038
2026-08-31,YDI,0.491878,6916,1193632324.78,2426684390
2026-08-31,YDK,0.121111,48474,149378369.27,1233400974
2026-08-31,YDL,60.331102,8,1263106069.34,20936234
2026-08-31,YDM,1.936115,2,1314014540.61,678686262
2026-08-31,YDP,2.351606,2499,402652309.36,171224424
2026-08-31,YDZ,55.330264,2906,11498775556.13,207820726
2026-08-31,YEF,1.001734,13359,2015280833.89,2011791713.008
2026-08-31,YFV,0.106668,7495,907349255.98,8506260567
2026-08-31,YGM,3.444124,1914,554544962.78,161011909
2026-08-31,YHB,2.520026,7155,285374469.48,113242675
2026-08-31,YHI,1.55052,234,58851887.03,37956216
2026-08-31,YHK,2.154048,7108,1264541950.35,587053813
2026-08-31,YHP,4.731129,1,1797828932.85,380000000
2026-08-31,YHS,27.809087,8803,3005146786.19,108063483
2026-08-31,YHT,0.417826,85933,2471846783.23,5915976236.894
2026-08-31,YHY,1.041483,18,189883032.32,182319880
2026-08-31,YHZ,9.903215,18008,1504818366.28,151952512
2026-08-31,YIK,1.551391,1509,13120137646.32,8457016590
2026-08-31,YIS,1.437545,1,1064323386.09,740375889
2026-08-31,YIT,2.67473,16523,2317623781.34,866488928
2026-08-31,YIV,3.624286,2,5787616568.72,1596898432
2026-08-31,YJA,67.907669,4,406558665.43,5986933
2026-08-31,YJH,3.858165,4065,193055299.39,50038109
2026-08-31,YJK,5.752507,14106,1034346633.22,179807963
2026-08-31,YJU,67.048167,1,446380343.25,6657607
2026-08-31,YJY,58.234894,9179,77529006654.2,1331315318
2026-08-31,YKS,0.353063,363,607355575.83,1720245100
2026-08-31,YKT,0.930467,86618,34795895996.43,37396179006
2026-08-31,YLB,1.837798,356326,111809132718.63,60838632781
2026-08-31,YLC,3.971692,1344,75117688.13,18913273
2026-08-31,YLE,9.00736,2251,249352336.08,27683177
2026-08-31,YLO,5.549275,5088,248314363.96,44747174
2026-08-31,YLR,2.350768,4,11514.06,4898
2026-08-31,YLY,2.311186,901,32854752.07,14215539
2026-08-31,YLZ,3.368486,17,4229792572.67,1255695290
2026-08-31,YMD,56.983986,1461,7828899381.91,137387711
2026-08-31,YMH,1.599551,317,425761584.17,266175731
2026-08-31,YMP,1.170567,114,558776819.19,477355822
2026-08-31,YNF,1.034304,172,503317.06,486624
2026-08-31,YNK,48.447524,1175,20159866102.74,416117573
2026-08-31,YNL,55.804208,1,222208448.26,3981930
2026-08-31,YOA,90.316062,140,1931769530.69,21388992
2026-08-31,YOS,57.279886,277,1193807848.33,20841659
2026-08-31,YOT,40.960554,9827,1922795644.71,46942618.059
2026-08-31,YOZ,49.889135,2172,48389259008.22,969935828
2026-08-31,YP1,64.807687,3,221185588.58,3412953
2026-08-31,YP2,74.082655,1,1377133444.07,18589148
2026-08-31,YP4,54.785785,29426,134279491793.39,2450991482
2026-08-31,YPC,5.646721,2339,52671605.48,9327821
2026-08-31,YPD,68.551141,2,100678386.82,1468661
2026-08-31,YPF,10.455908,597,1472744681.44,140852873
2026-08-31,YPI,56.983716,59,2048855606,35955107
2026-08-31,YPK,14.724071,226,209226572.44,14209832
2026-08-31,YPL,74.149557,1567,13721213448.49,185047814
2026-08-31,YPN,68.443723,1097,3789939021.41,55373069
2026-08-31,YPP,25.907623,1,4846249127.63,187058807
2026-08-31,YPR,1.742172,323,81429483.4,46740208
2026-08-31,YPT,4.18367,19340,135838976611.47,32468855449
2026-08-31,YPU,67.445131,1911,5346883226.24,79277527
2026-08-31,YPV,8.075441,3350,5649251561.76,699559508
2026-08-31,YRZ,48.815063,156,803177658.95,16453480
2026-08-31,YSA,49.568733,297,402047482.58,8110909
2026-08-31,YSH,0.996132,451,62553595.09,62796513
2026-08-31,YSL,44.011673,377,685018056.32,15564463
2026-08-31,YSO,1.663859,414,98412632.04,59147236
2026-08-31,YSU,0.178246,6130,249539708.36,1399970025
2026-08-31,YTD,0.963061,14914,1775206374.15,1843295069
2026-08-31,YTJ,70.617065,1,1240645797.13,17568640
2026-08-31,YTO,53.950711,4,712856300.16,13213103
2026-08-31,YTR,81.192163,2,628865618.23,7745398
2026-08-31,YTV,3.149967,2234,201543436.23,63982719
2026-08-31,YTY,59.822019,20727,120719769846.29,2017982211
2026-08-31,YUB,5.565801,584,401442593.61,72126649
2026-08-31,YUD,76.330832,2,256178484.66,3356160
2026-08-31,YUI,2.013293,7,964770377.03,479200096
2026-08-31,YUK,50.394453,147,1369569037.85,27176980
2026-08-31,YUN,58.891437,584,3240249351.27,55020721
2026-08-31,YUY,1.003322,2,993651065.07,990361196
2026-08-31,YVB,1.397181,704,119735140.96,85697670
2026-08-31,YVD,4.4612,81833,46683302072.19,10464292482
2026-08-31,YVF,74.170726,4,960753889.49,12953276
2026-08-31,YVG,63.997556,1215,6092190617.63,95194114
2026-08-31,YVO,70.793681,2,742104392.51,10482636
2026-08-31,YVS,76.9867,6,444806980.89,5777712
2026-08-31,YZC,5.197157,12320,657364575.05,126485414
2026-08-31,YZF,102.07163,1,484840244.1,4750000
2026-08-31,YZG,14.10432,60813,11735031662.18,832016832
2026-08-31,YZH,11.182175,5532,680494178.03,60855259
2026-08-31,YZK,7.909862,191,211307568.99,26714444
2026-08-31,YZL,5.749288,58,548899091.2,95472531
2026-08-31,YZT,1.005617,8566,434005017.65,431580935
2026-08-31,ZA2,2.073102,555,3999620414.95,1929292589
2026-08-31,ZAD,46.559334,50,16236869.27,348735
2026-08-31,ZAV,57.952909,4869,63444972656.85,1094767702
2026-08-31,ZAY,6.463445,3289,1493734250.84,231104971
2026-08-31,ZBD,690.306911,2061,948514415.63,1374047.389
2026-08-31,ZBI,2.319691,1859,189125143.03,81530308
2026-08-31,ZBJ,5.233434,20114,84333750745.78,16114418120.533
2026-08-31,ZBN,24.015552,166,149569768.47,6228038
2026-08-31,ZBO,3.347857,224,466517620.45,139348145
2026-08-31,ZBZ,68.511659,1,359674907.14,5249835
2026-08-31,ZCA,8.67846,1,65397386.88,7535598
2026-08-31,ZCB,74.913728,3,2407802.12,32141
2026-08-31,ZCC,80.550705,2,425731018.45,5285255
2026-08-31,ZCD,4.984538,465,1413618882.52,283600769
2026-08-31,ZCE,4.738617,1,13304773770.98,2807733694
2026-08-31,ZCF,4.155921,1,1915871892.15,460998205
2026-08-31,ZCG,6.807021,156,1043351848.09,153275835
2026-08-31,ZCH,2.511993,1,5169668295.22,2057994652
2026-08-31,ZCK,1.910658,2409,409170695.42,214151704
2026-08-31,ZCN,4.122513,6541,658066912.03,159627600
2026-08-31,ZDD,7.608224,1414,519881383.36,68331505
2026-08-31,ZDK,15.874261,1,3326260.85,209538
2026-08-31,ZDZ,13.273758,8589,1041341301.47,78451130
2026-08-31,ZFB,7.299572,15203,1042762225.9,142852519
2026-08-31,ZFZ,70.85216,3,22773804556.63,321427105
2026-08-31,ZHH,1.491342,1054,90510223.43,60690468
2026-08-31,ZIH,0.975428,8856,623128692.98,638825795
2026-08-31,ZJB,10.426841,1715,8437072334.31,809168582
2026-08-31,ZJH,62.27779,1,210872535.97,3385999
2026-08-31,ZJI,10.798389,1665,6836224138.44,633078144
2026-08-31,ZJL,15.412056,2585,419309648.09,27206600
2026-08-31,ZJT,68.773236,1,1368254464.58,19895159
2026-08-31,ZJV,11.084903,1338,697821270.47,62952400
2026-08-31,ZK1,50.83434,109,2216385134.79,43600156
2026-08-31,ZK2,58.847183,72,1155787798.73,19640495
2026-08-31,ZKK,25.449128,1,2383755520.82,93667474
2026-08-31,ZLB,50.678239,46,489407405.39,9657151
2026-08-31,ZLG,65.168368,1,1096966894.69,16832812
2026-08-31,ZLH,11.849458,3363,463194115.45,39089900
2026-08-31,ZMT,63.836876,313,1714166883.62,26852299
2026-08-31,ZMU,0.214506,14,19366250.79,90283015
2026-08-31,ZMY,6.598001,2805,194409436.79,29464900
2026-08-31,ZNF,55.780198,1,848964464.05,15219818
2026-08-31,ZOS,1.921636,11,589022539.75,306521428
2026-08-31,ZP1,63.675152,2,64562656.77,1013938
2026-08-31,ZP2,5.851961,1,624909757.76,106786382
2026-08-31,ZP3,4.96048,1,554689877.51,111821825
2026-08-31,ZP6,58.882112,1501,5624150823.09,95515439
2026-08-31,ZP7,68.813044,1,1299621927.61,18886273
2026-08-31,ZP8,4.120224,4332,61570617376.42,14943513105
2026-08-31,ZP9,61.307099,814,2216895063.7,36160495
2026-08-31,ZPA,67.416696,913,4414887781.39,65486564
2026-08-31,ZPC,19.930808,2787,3289151827.67,165028526
2026-08-31,ZPE,36.469073,7218,1310773758.29,35942063.836
2026-08-31,ZPF,23.353539,3426,751519744.21,32180123
2026-08-31,ZPG,10.770181,6473,1575557692.64,146288876.425
2026-08-31,ZPH,1.529906,57,600998091.4,392833338
2026-08-31,ZPJ,11.76663,318,119927674.33,10192185
2026-08-31,ZPK,8.495241,29944,20458088561.56,2408182107.001
2026-08-31,ZPN,73.192397,1,1969663408.72,26910765
2026-08-31,ZPO,1.051131,1736,1777089883.5,1690645534
2026-08-31,ZPR,1.559598,910,40668236977.78,26076097510
2026-08-31,ZR2,1.483006,1,1403916707.52,946669725
2026-08-31,ZR3,0.527534,142,159653940.99,302641774
2026-08-31,ZSB,12.1753,24,3644258249.53,299315692
2026-08-31,ZSF,53.353879,1604,41687466.42,781339
2026-08-31,ZSG,4.385553,917,50193535.23,11445200
2026-08-31,ZSK,59.054764,1,2570147762.76,43521430
2026-08-31,ZSN,57.218966,2,3116148384.08,54460061
2026-08-31,ZTF,7.64113,1,2100257040.01,274862095
2026-08-31,ZTG,1.35753,1037,39485344.43,29086174
2026-08-31,ZTV,1.054048,1456,628652264.23,596417213
2026-08-31,ZUD,4.341886,1,902025065.3,207749576
2026-08-31,ZUE,5.154952,1,7888072085.91,1530193061
2026-08-31,ZUS,50.772154,3356,58791109026.03,1157940025
2026-08-31,ZVB,97.759069,11,245241040.78,2508627
2026-08-31,ZVO,3.623516,311,835198676.98,230493994
2026-08-31,ZYC,4.983089,1,9137921014.21,1833786550
2026-08-31,ZYD,4.949854,1,9128459939.29,1844187892
2026-08-31,ZZL,85.066801,15,43326137.95,509319
2026-08-28,AAL,3.513154,4459,1949381458.91,554880809
2026-08-28,AAS,12.929161,145,17464813.85,1350808
2026-08-28,AAV,63.482708,1976,122978510.95,1937197
2026-08-28,ABG,114.90447,200,15088075318.49,131309733
2026-08-28,ABJ,0.752478,3,1006320069.81,1337341991
2026-08-28,ABU,0.105787,37,61388490.32,580303972
2026-08-28,AC1,3.250882,196,330939810.79,101799995
2026-08-28,AC2,2.80874,44,20863104411.39,7427922197
2026-08-28,AC3,63.958892,14,133710029.16,2090562
2026-08-28,AC4,4.036158,4070,2253869016.71,558419440
2026-08-28,AC5,3.749732,147,22934101.6,6116197
2026-08-28,AC6,57.879818,79,75488710.31,1304232
2026-08-28,AC7,4.715279,44,3041826809.57,645100136
2026-08-28,AC8,207.773984,96,3146428865.79,15143517
2026-08-28,ACC,45.629808,1324,122030259.55,2674354
2026-08-28,ACD,6.171752,1476,352750059.84,57155575.413
2026-08-28,ACN,12.687953,16,651360759.91,51336945
2026-08-28,ACU,57.207401,159,1444775303.22,25255042
2026-08-28,ADE,0.899322,25700,706426798.91,785510127
2026-08-28,ADP,1.278628,21175,3902958744.48,3052458817
2026-08-28,AED,118.780975,1389,67453944.7,567885.09
2026-08-28,AES,0.178161,35205,1292684144.86,7255718527
2026-08-28,AEV,2.180338,416,9647652.35,4424842
2026-08-28,AFA,1.292175,46682,5472249354.38,4234914068
2026-08-28,AFO,1.396732,81819,20410394877.44,14612966054
2026-08-28,AFS,0.358424,29015,922549181.38,2573901211
2026-08-28,AFT,0.985425,137820,19236545145.94,19521069038
2026-08-28,AFV,0.61477,14978,1284059447.54,2088681207
2026-08-28,AGC,9.433913,2466,104409476.52,11067462
2026-08-28,AHH,10.965087,15,234330595.16,21370610
2026-08-28,AHI,37.345023,2674,119932159.44,3211463
2026-08-28,AHN,70.518751,112,32550186.3,461582
2026-08-28,AHU,11.492485,601,123313591.76,10729933
2026-08-28,AHV,21.884282,195,133679303.27,6108462
2026-08-28,AHZ,31.524244,13,55136564.02,1749021
2026-08-28,AI1,1.257062,17,61492604.49,48917729
2026-08-28,AIH,18.580851,4,176716228.96,9510664
2026-08-28,AII,96.951244,3,382181804.55,3942000
2026-08-28,AIM,27.372451,1,59187095.87,2162287
2026-08-28,AIR,166.751823,3,1478573572.84,8866911
2026-08-28,AIS,0.108262,21763,14882213853.66,137464579910
2026-08-28,AJ1,1.340877,89,11663947.94,8698748
2026-08-28,AJE,63.601798,941,2790490468.97,43874396
2026-08-28,AJK,64.877247,134,132706149.72,2045496
2026-08-28,AJL,64.616145,1275,4656294885.04,72060858
2026-08-28,AJN,61.958016,269,419552424.32,6771560
2026-08-28,AK2,0.551936,9096,179159036.09,324600914
2026-08-28,AK3,54.685951,20393,8347575583.55,152645706
2026-08-28,AKE,0.530345,13393,1051840173.04,1983313347
2026-08-28,AKU,0.987678,16902,2357665609.7,2387078793
2026-08-28,AL4,4.018056,12,1279935570.62,318546011
2026-08-28,AL5,54.185316,2364,13892982322.35,256397553
2026-08-28,AL6,3.933136,12,5610985071.23,1426593054
2026-08-28,AL7,3.791069,107,9503502167.89,2506813023
2026-08-28,ALC,0.384017,24897,1657675717.12,4316668477
2026-08-28,ALE,13.611236,147859,91504252874.14,6722699571
2026-08-28,AN1,113.547984,2897,1369455033.07,12060584.248
2026-08-28,ANL,37.769924,3629,623832011.38,16516634
2026-08-28,ANZ,21.926039,158,259511012.28,11835745
2026-08-28,AOJ,1.67208,204,20880267.4,12487602
2026-08-28,AOY,0.362848,35831,1045569551.59,2881567362
2026-08-28,AP2,2.998373,34,837255841.11,279236705
2026-08-28,AP4,1.061906,11,264646509.07,249218342
2026-08-28,AP5,0.851939,16,888119.09,1042468
2026-08-28,AP6,7.645648,45,728821729.93,95325048
2026-08-28,AP7,2.683941,452,230795834.03,85991384
2026-08-28,APJ,6.986698,2891,85340155.48,12214662
2026-08-28,APP,34.406665,2,220736029.34,6415502
2026-08-28,APT,0.164065,13076,317144617.96,1933037248
2026-08-28,ARE,0.2611,1993,48950498,187477650
2026-08-28,ARF,8.932553,1,807055218.33,90349894
2026-08-28,ARL,16.166986,7388,4063158558.04,251324435
2026-08-28,ARM,18.612253,5087,3083802692.48,165686692
2026-08-28,ARP,42.250224,1,3192595760.16,75563996
2026-08-28,AS1,45.78451,39,6357453.97,138856
2026-08-28,AS3,0.758366,16,171275559.61,225848060
2026-08-28,ASJ,3.994609,753,62469068.71,15638344
2026-08-28,ATJ,23.219009,9,1051691859.36,45294433
2026-08-28,AU1,1.254448,959,58808179.56,46879734
2026-08-28,AUV,50.376504,535,425697124.28,8450311
2026-08-28,AVC,134.042856,12,271933010.42,2028702
2026-08-28,AVT,228.22513,19954,4482043484.46,19638694
2026-08-28,AVZ,93.911378,1,216228130.73,2302470
2026-08-28,AY6,1.399586,11,109534701.17,78262194
2026-08-28,AY7,1.695349,12,320596445.34,189103512
2026-08-28,AYA,19.130553,9645,1103942883.97,57705750
2026-08-28,AYR,0.141051,13088,1677015961.08,11889453900
2026-08-28,AZF,0.187253,4,622646199.78,3325162435
2026-08-28,AZJ,21.139731,66,1953611655.83,92414216
2026-08-28,AZV,27.472123,5,4603443632.7,167567815
2026-08-28,AZZ,64.094003,6,25417181804.8,396560996
2026-08-28,BA1,1.925468,34,390716338.78,202920235
2026-08-28,BAC,1.741095,12,1488101668.3,854692790
2026-08-28,BAG,1.090673,176,99592066.08,91312506
2026-08-28,BAI,1.143382,138,55432961.74,48481573
2026-08-28,BAL,50.267108,1,1104584013.83,21974290
2026-08-28,BAO,3.05041,4,71676659.26,23497385
2026-08-28,BAS,54.274384,1,1552832681,28610784
2026-08-28,BBF,3.623753,888,140629338.28,38807650
2026-08-28,BBI,1.307624,11,889087.43,679926
2026-08-28,BBN,0.585323,13,1346570966.04,2300561650
2026-08-28,BBO,0.856989,11,296782178.54,346308033
2026-08-28,BBP,2.272429,612,22684926.35,9982678
2026-08-28,BBS,1.632557,789,1973186731.59,1208647883
2026-08-28,BCC,78.129455,3,3258945141.7,41712119
2026-08-28,BCK,2.10053,2281,113732967.23,54144893
2026-08-28,BCO,2.085645,940,86192152.43,41326375
2026-08-28,BDA,57.220015,786,5888031802.51,102901612
2026-08-28,BDC,9.239255,30,360939035.49,39065815
2026-08-28,BDI,0.00025,72,269657964.47,1078899892195
2026-08-28,BDO,2.959079,11,2930290885.13,990271266
2026-08-28,BDS,2.181704,7677,222254832.66,101872132
2026-08-28,BDY,1.755134,2289,98944842.4,56374521
2026-08-28,BFE,1.837939,57,10216171.38,5558493
2026-08-28,BFO,54.5527,1,11104908216.22,203562943
2026-08-28,BFS,1.104158,264,24427966.32,22123610
2026-08-28,BFT,1.169719,561,176720155.32,151079167
2026-08-28,BGH,2.12764,1,1000053534.8,470029440
2026-08-28,BGP,6.585848,28950,60067752507.06,9120731944
2026-08-28,BGR,1.05513,171,33704066.09,31943058
2026-08-28,BHA,1.831512,737,100158985.14,54686493
2026-08-28,BHE,1.911657,80,37696785.23,19719429
2026-08-28,BHF,3.134497,1498,195054995.89,62228477
2026-08-28,BHH,0.19342,71,374753164.62,1937513173
2026-08-28,BHI,2.36845,439,2427565425.19,1024959368
2026-08-28,BHL,1.291554,785,95498626.97,73940879
2026-08-28,BHN,1.228892,42,577276335.71,469753460
2026-08-28,BHO,1.213704,1,1486541669.3,1224797601
2026-08-28,BI5,1.346108,14,121981645.53,90618026
2026-08-28,BIA,0.230289,18,859506.43,3732290
2026-08-28,BID,3.347417,2012,233993713.8,69902764
2026-08-28,BIG,1.462428,3241,531438282.23,363394446
2026-08-28,BIH,9.121335,519,909841889.03,99748769
2026-08-28,BIK,1.170575,15,2722797960.51,2326034321
2026-08-28,BIO,2.429091,10045,899376280.87,370252190
2026-08-28,BIP,1.651862,232,3883350352.2,2350892106
2026-08-28,BIS,1.794376,60,793519004.04,442225562
2026-08-28,BIY,1.419394,328,86696461.8,61079920
2026-08-28,BJD,53.485537,109,747023461,13966831
2026-08-28,BKO,1.290716,1,1291901517.98,1000918213
2026-08-28,BKY,50.0308,1017,7546699364.75,150841070
2026-08-28,BLA,4.513973,15,4221910287.24,935298004
2026-08-28,BLD,1.680476,721,510679553.91,303889772
2026-08-28,BLT,1.973703,3210,413531832.37,209520796
2026-08-28,BMU,3.406878,3536,438921773.45,128834014
2026-08-28,BNC,2.22927,242,633491018.08,284169715
2026-08-28,BNH,1.21976,176,56325427.46,46177471
2026-08-28,BOH,0.779202,11,195244456.42,250569682
2026-08-28,BOL,1.716799,261,123770455.49,72093716
2026-08-28,BON,1.438883,374,38651233.29,26861969
2026-08-28,BOP,50.034973,11,1353450616.4,27050092
2026-08-28,BOS,1.581766,896,2532630689.69,1601141513
2026-08-28,BP5,1.712155,11,60907244.67,35573439
2026-08-28,BPD,56.036937,11,154013543.21,2748429
2026-08-28,BPZ,1.604082,1278,744721310.02,464266314
2026-08-28,BRB,0.942029,11,538257947.96,571381465
2026-08-28,BRC,1.357292,38,133149607.65,98099482
2026-08-28,BRF,1.628561,1084,86344369.79,53018825
2026-08-28,BRG,5.156263,1608,1924438687.36,373223536
2026-08-28,BRH,7.732653,15,6079461188.24,786206408
2026-08-28,BRR,1.682333,447,381480088.48,226756525
2026-08-28,BRT,0.905148,345,15340955.33,16948561
2026-08-28,BRZ,55.458551,5,1564635459.92,28212700
2026-08-28,BS1,1.365896,137,112962052.76,82701815
2026-08-28,BSA,0.438969,1,895287349.37,2039522977
2026-08-28,BSC,0.136466,41,130642831.29,957330904
2026-08-28,BSD,1.199276,90,361039404.18,301047795
2026-08-28,BSE,0.477622,65,334195174.65,699706389
2026-08-28,BSF,1.283957,1,7258856610.18,5653503590
2026-08-28,BSH,1.015881,128,7491132.69,7374024
2026-08-28,BSM,1.784594,2795,2376361565.39,1331597809
2026-08-28,BSN,0.933533,18,707343137.33,757705538
2026-08-28,BST,10.673931,560,42806891.64,4010415
2026-08-28,BTE,5.228549,1015,226908345.67,43397961
2026-08-28,BTJ,1.383435,58,12576080.09,9090476
2026-08-28,BTK,1.713293,2081,317180623.79,185129213
2026-08-28,BTP,0.598317,19,727828820.83,1216460246
2026-08-28,BTY,59.620745,2,636147033.13,10669894
2026-08-28,BTZ,1.263342,192,7728832.05,6117769
2026-08-28,BUB,1.326798,2536,121914768.65,91886471
2026-08-28,BUC,0.797745,24,749905323.63,940030807
2026-08-28,BUP,4.199107,1,14087069335.47,3354777076
2026-08-28,BUT,2.002823,4,183173131.57,91457465
2026-08-28,BUV,1.258758,250,14620511.3,11615029
2026-08-28,BUY,1.81455,16628,345698776.47,190514887
2026-08-28,BV1,1.737891,492,89532765.9,51518060
2026-08-28,BVB,4.633173,1,4980674594.95,1075003028
2026-08-28,BVC,4.387731,1,7114013224.5,1621342207
2026-08-28,BVD,1.428012,370,241670911.4,169235853
2026-08-28,BVF,1.424846,544,1777437179.53,1247458740
2026-08-28,BVH,2.179468,13,147836930.79,67831653
2026-08-28,BVI,2.98872,28,302051902.11,101063959
2026-08-28,BVK,1.196739,22,37743.95,31539
2026-08-28,BVM,1.329295,125,13786103.22,10370985
2026-08-28,BVT,5.631161,10,21090201.28,3745267
2026-08-28,BVV,3.568813,1096,195269405.27,54715507
2026-08-28,BVZ,4.530059,631,3022943771.59,667307789
2026-08-28,BYZ,0.793115,40,65147973.45,82141874
2026-08-28,CAH,1.305991,230,25235600.8,19322958
2026-08-28,CBD,0.152749,17,1742857884.6,11409975961
2026-08-28,CBN,46.781015,6,598169241.68,12786581
2026-08-28,CBO,240.882772,3,1742848043.07,7235254
2026-08-28,CEY,67.132474,3,222506221.24,3314435
2026-08-28,CFO,2.536725,468,2082575095.71,820970090
2026-08-28,CGD,58.642471,2,649144827.45,11069534
2026-08-28,CHY,0.173948,41,167453776.4,962664615
2026-08-28,CIN,1.750145,524,21128947.77,12072683
2026-08-28,CJD,51.948243,1274,5033355474.7,96891737
2026-08-28,CJF,65.453958,3,1637476534.12,25017227
2026-08-28,CJG,66.419894,1,2012106601.96,30293734
2026-08-28,CJH,62.469802,1716,3114620448,49858017
2026-08-28,CKF,2.160455,2844,688748464.73,318797919
2026-08-28,CKL,1.607764,1173,734563069.84,456884984
2026-08-28,CKS,61.386342,2360,5592486238.13,91103103
2026-08-28,COT,59.905158,195,556517300.18,9289973
2026-08-28,CPT,3.798361,14499,1023030288.03,269334656
2026-08-28,CPU,3.949715,17605,1695121860.28,429175764
2026-08-28,CRL,49.532599,3,1064950887.14,21500000
2026-08-28,CSD,64.865229,1,675944269.4,10420749
2026-08-28,CSH,4.627837,54,7322731353.63,1582322640
2026-08-28,CTF,9.322534,1,348397602.01,37371557
2026-08-28,CTG,7.601097,1,16466287.5,2166304
2026-08-28,CTM,6.377496,1,16469066.43,2582372
2026-08-28,CTP,63.162086,1,571734991.58,9051870.001
2026-08-28,CTV,10.846403,4,205439250.47,18940772
2026-08-28,CVA,4.192235,1,9688136022.89,2310971747
2026-08-28,CVB,4.271348,5,2020842589.87,473115896
2026-08-28,CVC,2.923066,2,734057091.11,251125767
2026-08-28,CVD,64.482627,2,1101659373.27,17084592
2026-08-28,CVE,2.801326,1,308208211.74,110022256
2026-08-28,CVF,4.796071,1,991746496.77,206783109
2026-08-28,CVK,5.175498,1905,635118562.86,122716418
2026-08-28,CVL,1.597184,459,83950158.98,52561357
2026-08-28,CYD,58.417713,404,1435641295.84,24575445
2026-08-28,DA1,49.014208,39,5132032.63,104705
2026-08-28,DAC,73.562906,1,522469726.21,7102353
2026-08-28,DAE,2.726618,1,1023042906.1,375205792
2026-08-28,DAH,3.706144,2529,596221807.78,160873900
2026-08-28,DAI,96.960021,4,373236449.77,3849385
2026-08-28,DAL,72.879269,1,699373875.84,9596335
2026-08-28,DAP,1.025494,678,1134305333.28,1106106602
2026-08-28,DAS,55.416639,25374,114845910505.71,2072408444.31
2026-08-28,DAT,99.005823,6,275492413.71,2782588
2026-08-28,DAV,58.632929,221,1210912878.36,20652437
2026-08-28,DAZ,13.479338,4,332223669.75,24646884
2026-08-28,DB2,2.107825,11,6539703.18,3102584
2026-08-28,DBA,0.783061,25344,10357218169.07,13226577889
2026-08-28,DBB,0.114943,1964,238564417.16,2075494838.85
2026-08-28,DBG,0.661377,4,2724186520.12,4118962935
2026-08-28,DBH,0.385545,8666,986616292.74,2559017200
2026-08-28,DBK,0.121961,85320,801456229.73,6571419506
2026-08-28,DBP,0.507209,1058,167217821.07,329682000
2026-08-28,DBZ,0.141583,2880,718156644.08,5072334900
2026-08-28,DCB,4.803869,22172,139756606465.4,29092512882
2026-08-28,DCD,66.355244,1,251033501.33,3783175
2026-08-28,DCE,74.384892,3,1294252415.44,17399399
2026-08-28,DCN,1.449111,1876,634437796.74,437811787
2026-08-28,DCP,72.037066,3,253461121.72,3518482
2026-08-28,DCV,47.892199,23,37804521.22,789366.999
2026-08-28,DDA,12.823387,1027,215633969.75,16815680
2026-08-28,DDC,12.513111,11,3935506391.58,314510632
2026-08-28,DDE,75.920444,1,418706788.34,5515073
2026-08-28,DDF,12.951273,656,116047812.48,8960340
2026-08-28,DDP,73.889231,1,77291238.48,1046042
2026-08-28,DEF,2.771755,92,71859272.59,25925553
2026-08-28,DEH,1.008674,129,25386440.64,25168127
2026-08-28,DEI,0.037891,13,6562557.64,173196936
2026-08-28,DFC,3.192308,1529,103286764.42,32354886
2026-08-28,DFD,2.740354,441,144208850.81,52624165
2026-08-28,DFI,5.741176,50623,32993469031.07,5746813495
2026-08-28,DFO,4.003028,2,1183437120.1,295635450
2026-08-28,DGF,1.507917,362,349788170.4,231967802
2026-08-28,DGH,10.869434,258,4050683461.85,372667366
2026-08-28,DHI,0.541819,46,2863876878.75,5285672299
2026-08-28,DHJ,7.309346,2922,226858232.29,31036736
2026-08-28,DHM,5.369532,1139,25855900.36,4815299
2026-08-28,DHP,4.651043,1,8778810.89,1887493
2026-08-28,DHS,334.553117,1,4417886991.49,13205338
2026-08-28,DHT,1.186973,776,80340802.28,67685462
2026-08-28,DHV,2.873025,1430,657496252.98,228851545
2026-08-28,DID,1.478644,156,27971588.89,18917049
2026-08-28,DIH,2.510081,11,191413223.65,76257782
2026-08-28,DIM,50.365111,1,115210594.06,2287508
2026-08-28,DIP,1.591202,1919,60498485632.38,38020630928
2026-08-28,DK1,1.48871,64,3121450561.16,2096748979
2026-08-28,DK8,48.104896,201,2993712045.96,62233001
2026-08-28,DKA,48.29633,239,2462090459.18,50978831.001
2026-08-28,DKC,0.607139,27,10738637.31,17687290
2026-08-28,DKH,3.861566,1413,216255273.84,56001958
2026-08-28,DKL,50.890457,100,378802350.65,7443485
2026-08-28,DKP,48.245576,628,4160215984.59,86230000
2026-08-28,DKR,1.041093,1674,281230141.63,270129683
2026-08-28,DKS,73.143179,2,234638199.76,3207930
2026-08-28,DL2,2.497162,660,10230245192.02,4096749246
2026-08-28,DLD,7.755814,576,62191603.43,8018707
2026-08-28,DLG,1.268641,39,4613247.38,3636370
2026-08-28,DLN,2.529328,42,5158695638.6,2039551854
2026-08-28,DLY,6.120319,312027,86547185828.8,14140960457
2026-08-28,DLZ,0.506461,43,10974092.78,21668197
2026-08-28,DMG,7.180244,15279,3200654094.22,445758403
2026-08-28,DMI,1.014317,1,804187699.67,792836412
2026-08-28,DMR,59.309604,1,17583466916.92,296469134
2026-08-28,DMV,71.190558,2,342167878.57,4806366
2026-08-28,DMZ,64.939475,5,649394749.15,10000000
2026-08-28,DNA,11.328066,5,2254550770.26,199023445
2026-08-28,DNF,1.365083,147,462186699.19,338577785
2026-08-28,DNH,1.186274,63,17591507.71,14829210
2026-08-28,DNK,1.770111,125,672721168.5,380044720
2026-08-28,DNL,55.893923,1,222720848.37,3984706
2026-08-28,DNM,53.625401,1055,1420704388.24,26493124
2026-08-28,DNP,1.446216,313,1945810176.95,1345449296
2026-08-28,DNU,47.818889,15,39312147.38,822105
2026-08-28,DOC,48.187949,174,4924966051.09,102203272
2026-08-28,DOD,70.37561,159,14537597927.75,206571538
2026-08-28,DOH,2.336393,12219,9867637479.77,4223449735
2026-08-28,DOL,53.022677,385,5877978909.78,110857830
2026-08-28,DOR,73.776703,1,531344386.49,7202062
2026-08-28,DOS,68.357251,3,2082309781.98,30462164
2026-08-28,DOV,61.142656,17171,74611847388.57,1220291238
2026-08-28,DP1,18.132513,7,5160093252.33,284576837
2026-08-28,DP2,66.71931,11,373948056.59,5604795
2026-08-28,DP3,71.09188,4,332765377.34,4680779
2026-08-28,DP4,74.928917,3,546549725.42,7294243
2026-08-28,DP5,84.548868,1,1831064184,21656874
2026-08-28,DP6,48.165171,212,1935160264.35,40177585
2026-08-28,DP7,61.532131,3,553898826.1,9001782
2026-08-28,DP8,48.398121,49,399598265.15,8256483
2026-08-28,DP9,48.199474,155,6091885506.9,126389046
2026-08-28,DPB,24.491164,3138,11966841340.44,488618720
2026-08-28,DPC,99.965409,1,334114685.61,3342303
2026-08-28,DPE,22.883964,1,1497908266.57,65456679
2026-08-28,DPG,101.890996,2,584262634.04,5734193
2026-08-28,DPI,8.935643,126,381571041.46,42702137
2026-08-28,DPK,8.695086,1361,864295961.83,99400512
2026-08-28,DPL,103.226799,1,2321579381.16,22490084
2026-08-28,DPN,58.355228,1,2289859.14,39240
2026-08-28,DPP,150.47284,2,53925553.44,358374
2026-08-28,DPT,18.12391,5010,299158934.94,16506313
2026-08-28,DPZ,83.407957,1,123551038.39,1481286
2026-08-28,DRA,1.303969,48,44713029.13,34289950
2026-08-28,DRD,56.289604,149,1739258600.87,30898398
2026-08-28,DRH,1.909732,71,704159655.76,368721809
2026-08-28,DRT,1.252113,517,42766087.74,34155132
2026-08-28,DSC,67.35726,1,1000936152.77,14860108
2026-08-28,DSD,72.731721,1415,3917318481.61,53859835
2026-08-28,DSH,2.247625,1348,4227125709.45,1880708035
2026-08-28,DSP,15.029969,1159,146884639.36,9772784
2026-08-28,DSV,49.453559,44,1718979109.11,34759462
2026-08-28,DTH,1.401875,225,244019264.45,174066306
2026-08-28,DTL,4.197162,3213,164397367.92,39168694
2026-08-28,DTM,1.471712,2751,62498090.41,42466242
2026-08-28,DTO,47.99907,131,119262808.75,2484690
2026-08-28,DTP,1.885108,4,1707851474.49,905970033
2026-08-28,DTV,69.996026,4,4226052285.52,60375603
2026-08-28,DTZ,5.443999,8418,509565553.51,93601326
2026-08-28,DUC,0.4495,12,155689.16,346361
2026-08-28,DUD,53.161896,276,441051343.18,8296381
2026-08-28,DUH,1.317204,513,159341192.37,120969303
2026-08-28,DUT,47.847553,244,883641666.2,18467855
2026-08-28,DUV,1.327875,205,59276050.82,44639778
2026-08-28,DVC,69.202666,1,57092199.1,825000
2026-08-28,DVI,78.132396,2,197120143.14,2522899
2026-08-28,DVN,65.927453,1,315762040.01,4789538
2026-08-28,DVO,5.366239,1,34384645.94,6407587
2026-08-28,DVS,1.583186,316,355979175.53,224849910
2026-08-28,DVT,10.024784,11088,893443715.24,89123484
2026-08-28,DVU,8.773865,5,1467969440.1,167311605
2026-08-28,DVZ,67.10302,1,1409938870.15,21011556
2026-08-28,DXP,1.937878,1045,47695893.42,24612428
2026-08-28,DYJ,48.736814,154,1144876346.83,23490997
2026-08-28,DYN,4.499427,1629,58397906.36,12978965
2026-08-28,DYS,1.671954,13,19412713.42,11610791
2026-08-28,DZ2,1.417835,2,12621316934.77,8901825523
2026-08-28,DZE,1.021247,2846,197027303.49,192928100
2026-08-28,DZM,87.159758,4122,12036344117.21,138095199
2026-08-28,DZP,61.019097,2,462549161.17,7580400
2026-08-28,DZS,1.580742,123,52471724.91,33194369
2026-08-28,EBD,0.259815,581,78199932.01,300982639
2026-08-28,EBI,57.401973,25,793883402.73,13830246
2026-08-28,EBS,49.424654,34,4476281218.64,90567780
2026-08-28,EC2,86.49575,1935,63826580.86,737915.8
2026-08-28,ECA,2.073522,723,333446068.5,160811451
2026-08-28,ECB,53.847865,3176,774274307.02,14378923
2026-08-28,ECV,0.492412,2412,103892012.75,210985989.183
2026-08-28,EDD,1.153181,892,26530557.31,23006421
2026-08-28,EDN,1.045365,36,280655462.66,268475933
2026-08-28,EDP,1.177885,57,75377372.12,63993803
2026-08-28,EDT,2.275218,630,970655424.77,426620795
2026-08-28,EDU,3.631522,684,367788115.59,101276585
2026-08-28,EES,50.834362,1,405888434.59,7984529
2026-08-28,EGP,57.806774,49,263793062.07,4563359
2026-08-28,EGR,1.053294,124,276031557.02,262065104
2026-08-28,EHS,2.652005,3,625711394.98,235938967
2026-08-28,EIB,0.689594,502,307256687.56,445562015
2026-08-28,EID,1.986422,1842,92288651.47,46459750
2026-08-28,EIL,5.317468,1457,975690510.62,183487797
2026-08-28,EJG,9.758654,1,667679338.81,68419205
2026-08-28,EKF,0.137663,4959,1534047776.03,11143538595
2026-08-28,EKL,1.835963,1330,2371667057.77,1291783585
2026-08-28,ELZ,13.985788,710,292513295.82,20915038
2026-08-28,EME,1.133764,15,37854291.17,33388148
2026-08-28,EML,1.268998,967,43663251.63,34407659
2026-08-28,ENA,1.154546,1616,37250047.29,32263819
2026-08-28,ENJ,1.396957,676,60027168.26,42969934
2026-08-28,ENO,48.688736,114,69417527.41,1425741
2026-08-28,ENR,1.2134,12795,1912232155.7,1575929311
2026-08-28,ENS,1.216694,1777,42916410.64,35272958
2026-08-28,EP1,1.07575,1823,14771623090.65,13731462140
2026-08-28,EPA,1.386785,156,546751369.02,394258167
2026-08-28,EPI,1.151257,339,290522201.96,252352095
2026-08-28,EPK,1.416191,1558,247563385.18,174809316
2026-08-28,EPO,62.88083,1,464689018.99,7389995
2026-08-28,EPP,1.491513,50,1927709812.09,1292452714
2026-08-28,EPT,1.345605,70,1335412466.97,992425557
2026-08-28,ESG,4.089941,80,11020440.6,2694523
2026-08-28,ESN,1.759775,12,41375491.08,23511812
2026-08-28,ESP,0.367318,274,25745182.43,70089624
2026-08-28,ETN,1.008164,8,201637676.73,200004827
2026-08-28,EUN,64.494234,3528,6207284981.48,96245581
2026-08-28,EUZ,63.352723,38737,144056041712.55,2273872929
2026-08-28,EVM,1.174433,601,44594602.19,37971184
2026-08-28,EYT,3.099406,497,44093070.01,14226296
2026-08-28,EZM,44.677175,1,4467717.53,100000
2026-08-28,FAK,1.348406,365,21230187.65,15744660
2026-08-28,FAL,1.311461,643,347002094.41,264592023
2026-08-28,FBC,2.063777,5806,177394060.43,85956027
2026-08-28,FBI,53.280689,5000,14874247379.86,279167701
2026-08-28,FBN,5.493476,33,221983104.25,40408496
2026-08-28,FBV,7.85589,1921,660542162.09,84082413
2026-08-28,FBZ,4.810734,399,300955099.17,62559078
2026-08-28,FCK,1.885025,561,307227446.46,162983243
2026-08-28,FCS,2.350718,178,2222792122.95,945579884
2026-08-28,FD1,2.056846,142,19650901.75,9553900
2026-08-28,FDE,48.141798,881,4403048822.92,91460000
2026-08-28,FDG,2.675924,794,70400399.54,26308816
2026-08-28,FDO,61.685444,1,292226341.1,4737363
2026-08-28,FDV,6.13299,1,1502582545.51,245000000
2026-08-28,FDZ,0.320351,11,236204183.83,737329526
2026-08-28,FFD,0.051416,662,319742365.95,6218740186
2026-08-28,FFF,65.084522,1,1071472106.97,16462779
2026-08-28,FFH,8.815818,2110,1653622872.47,187574532
2026-08-28,FFO,59.144485,7,106569727.01,1801854
2026-08-28,FFP,7.896286,2379,2009301639.41,254461618
2026-08-28,FHI,1.484014,11,72678238.45,48974090
2026-08-28,FHP,3.427417,49,11725601095.88,3421118523
2026-08-28,FHZ,65.319214,3,742856411.16,11372709
2026-08-28,FI3,807.722472,9711,1607507296.75,1990172.804
2026-08-28,FI5,747.75462,53326,119272045371.38,159506932
2026-08-28,FIB,0.529916,12491,5320894755.72,10041012963.58
2026-08-28,FID,1.059473,1668,883433442.87,833841984
2026-08-28,FIL,0.374468,21105,14188635936.91,37890077221
2026-08-28,FIT,0.234177,564,225623941,963474214
2026-08-28,FJB,7.311031,745,408841412.63,55921173
2026-08-28,FJC,60.413954,96,1289276734.85,21340711
2026-08-28,FJM,58.067365,1646,7854035697.16,135257313
2026-08-28,FJN,57.851314,1222,5049235446.27,87279529
2026-08-28,FJZ,66.558109,807,1498324260.04,22511521
2026-08-28,FKE,59.875222,12182,49549649571.12,827548489
2026-08-28,FKV,48.238823,475,2310157221.36,47890000.01
2026-08-28,FLS,63.089725,2285,4133432504.36,65516730
2026-08-28,FLY,1.677309,2284,111414719.66,66424676
2026-08-28,FMG,3.529826,10476,12980493380.29,3677375214
2026-08-28,FMS,55.139825,1,609378716.33,11051517
2026-08-28,FMV,1.431197,31,164436053.25,114894079
2026-08-28,FNN,0,1,0,0
2026-08-28,FNO,0.210088,6534,11020418915.13,52456228508.035
2026-08-28,FNT,2.306678,1833,670355244.6,290614957
2026-08-28,FP4,0.803274,133,135395590.6,168554743
2026-08-28,FPE,76.833227,1424,340492131.67,4431574
2026-08-28,FPG,2.320543,2077,892185412.34,384472649
2026-08-28,FPH,35.492562,4504,1297223203.24,36549157
2026-08-28,FPI,2.659203,208,68528869.65,25770452
2026-08-28,FPK,0.098931,1194,266245219.48,2691232228
2026-08-28,FPR,11.198501,30,168921686.6,15084312
2026-08-28,FPZ,69.436437,19420,132887529273.24,1913801101
2026-08-28,FR1,0.735955,20,195319817.14,265396484
2026-08-28,FRA,32.395139,2,529538137.61,16346222
2026-08-28,FRC,1.470837,209,73009713.54,49638209
2026-08-28,FRZ,15.367368,2,275085761.28,17900643
2026-08-28,FS1,1.53422,234,137815359.37,89827610
2026-08-28,FS2,2.370179,26,50968214.34,21503948
2026-08-28,FS3,1.30246,21,1105665656.19,848905511
2026-08-28,FS4,1.643015,20,843485866.66,513376841
2026-08-28,FS5,2.288268,12,28723713.11,12552600
2026-08-28,FS6,1.906801,366,124857518.55,65480095
2026-08-28,FSF,6.968566,7765,11856829479.09,1701473394.997
2026-08-28,FSG,3.847019,732,680219925.31,176817393
2026-08-28,FSH,4.862602,545,381653742.02,78487557
2026-08-28,FSK,6.160416,2571,5695912558.41,924598647
2026-08-28,FSM,2.788117,20,374169745.24,134201596
2026-08-28,FSP,20.653651,21,134475.92,6511
2026-08-28,FSR,48.036066,2477,4867565762.19,101331482
2026-08-28,FSU,1.422097,5095,1215400953.28,854654081
2026-08-28,FSV,56.080633,1653,10309302844.18,183830000.01
2026-08-28,FTL,1.542548,253,254495234.7,164983624
2026-08-28,FTY,48.114032,1240,7969608332.54,165640000
2026-08-28,FUA,5.514435,4783,333050652.79,60396148
2026-08-28,FUB,0.759785,2153,920779258.71,1211894538
2026-08-28,FUM,63.286366,2,455094283.41,7191032
2026-08-28,FUN,1.597343,325,2351471616.62,1472113947
2026-08-28,FUP,101.238453,2,301625087.79,2979353
2026-08-28,FVL,4.99367,55,1418872349.88,284134204
2026-08-28,FYA,0.052949,146,1530940683.21,28913355250.69
2026-08-28,FYB,101.216767,9,201994556.38,1995663
2026-08-28,FYD,11.922111,5235,3257658844.72,273245140.194
2026-08-28,FYF,0.109667,10,38230727.46,348608449
2026-08-28,FYG,16.856871,2,97096739.08,5760069
2026-08-28,FYH,87.461291,21,627170222.77,7170832
2026-08-28,FYI,10.743205,203,54008431.59,5027218
2026-08-28,FYM,0.445715,15,336628511.13,755254621
2026-08-28,FYO,1.195696,1548,1977537331.16,1653879287.005
2026-08-28,FYT,0.368775,96788,3327822490.1,9023980641
2026-08-28,FYZ,6.097918,2,264751342.18,43416680
2026-08-28,FZJ,5.766797,2119,1178943677.75,204436476.629
2026-08-28,FZP,6.714315,560,826941331.77,123160934
2026-08-28,GA1,2.028558,1507,331218248.76,163277683
2026-08-28,GAC,77.721712,1,429620519.59,5527677
2026-08-28,GAE,0.469183,14559,1437682806.48,3064227425
2026-08-28,GAF,1.688256,1540,191019829.12,113146267
2026-08-28,GAG,18.215771,232,853886962.77,46876245
2026-08-28,GAH,12.830364,2703,374675948.8,29202285
2026-08-28,GAJ,63.838058,1,506559331.56,7935068
2026-08-28,GAL,412.350205,59374,128176284516.27,310843266
2026-08-28,GAN,8.429397,11,22700870.7,2693060
2026-08-28,GAS,0.319971,2272,3313546114.91,10355774621
2026-08-28,GAU,67.229472,5,2175567761.07,32360328
2026-08-28,GAV,62.986773,1,248230872.23,3941000
2026-08-28,GBC,0.31272,1666,255082523.5,815689352.475
2026-08-28,GBG,0.591357,4118,213274728.81,360652994
2026-08-28,GBH,4.27264,2788,2179499778.34,510106099
2026-08-28,GBJ,1.474871,1817,723622249.01,490634343
2026-08-28,GBL,0.874998,1694,2694260242.12,3079161380.969
2026-08-28,GBN,6.916012,388,6360807139.38,919721753
2026-08-28,GBP,71.633825,2,3867079061.49,53983981
2026-08-28,GBV,13.4032,22319,2321369539.86,173195178
2026-08-28,GBZ,3.583072,3286,1232270061.08,343914362
2026-08-28,GCA,71.913416,2,828254354.05,11517383
2026-08-28,GCC,6.220057,2,1381228181.1,222060386
2026-08-28,GCD,4.356474,19,1071990361.67,246068350
2026-08-28,GCI,64.908544,3,222369921.94,3425896
2026-08-28,GCZ,61.196888,1,11915952.05,194715
2026-08-28,GDJ,62.159669,4,503582079.56,8101428
2026-08-28,GDP,67.069124,1,1558421516.6,23236050
2026-08-28,GEC,76.81281,2,161268570.88,2099501
2026-08-28,GEI,18.963952,11,709019060.86,37387728
2026-08-28,GEZ,61.630848,1,408887148.2,6634456
2026-08-28,GFB,70.764992,4,421841933.94,5961167
2026-08-28,GFD,70.86184,2,110201499.41,1555160
2026-08-28,GFI,54.172507,3,1663009981.76,30698413
2026-08-28,GFL,11.379148,1,335536109.56,29486927
2026-08-28,GFN,80.941463,3,936770837.99,11573436
2026-08-28,GFY,70.889991,3,412778733.14,5822807
2026-08-28,GGA,67.596392,3,8338976839.82,123364230
2026-08-28,GGC,5.430766,5,190799085.21,35132999
2026-08-28,GGD,66.274475,2,5980619830.22,90240169
2026-08-28,GGK,14.552548,11958,2636110769.34,181144273
2026-08-28,GGM,8.540446,1,2923317280.74,342290935
2026-08-28,GGN,69.79637,4,486021857.34,6963426
2026-08-28,GGP,10.630442,1,73637.07,6927
2026-08-28,GGR,68.627198,3,1619458026.01,23597904
2026-08-28,GHS,40.913486,15126,2810126223.75,68684595
2026-08-28,GID,1.760765,1929,40548368.11,23028832
2026-08-28,GIE,3.735772,4568,75580340.03,20231520
2026-08-28,GIH,2.3406,656,9228429.93,3942763
2026-08-28,GJA,67.112338,3,957247172.65,14263356
2026-08-28,GJB,10.73461,968,77501899.91,7219815
2026-08-28,GJD,64.633454,3,409443430.87,6334853
2026-08-28,GJE,64.362513,2,149109470.16,2316713
2026-08-28,GJF,64.656863,2,236892595.93,3663843
2026-08-28,GJH,3.962778,24011,92288201050.57,23288763551
2026-08-28,GJM,42.938758,67,436359893.69,10162378
2026-08-28,GJO,60.214417,1,588863816.38,9779449
2026-08-28,GKE,0,0,0.01,0
2026-08-28,GKF,4.601744,685,42604813.26,9258406
2026-08-28,GKG,1.443263,1877,44748729.77,31005251
2026-08-28,GKH,4.515658,1836,6730572378.81,1490496594
2026-08-28,GKK,66.492493,2,2035841026.05,30617607
2026-08-28,GKL,15.814907,4,889575976.95,56249207
2026-08-28,GKM,48.689604,14,131638187.77,2703620
2026-08-28,GKO,0,0,0.01,0
2026-08-28,GKV,8.857003,4246,388087313.26,43817003
2026-08-28,GL1,1560.932727,948,1462568990.54,936984
2026-08-28,GLC,4.436163,70,17184276.16,3873680
2026-08-28,GLG,8.35263,339,27936523.65,3344638
2026-08-28,GLL,1.052303,37,51141057.64,48599180
2026-08-28,GLM,0.482587,11,4890018.36,10132926
2026-08-28,GLP,69.007953,4,566004682.27,8202021
2026-08-28,GLS,0.171349,1451,383601972.79,2238714537.001
2026-08-28,GLV,8.38767,23,114077725.28,13600646
2026-08-28,GMA,2.182273,1504,2835793253.4,1299467417.556
2026-08-28,GMC,8.262108,21229,4407156282.72,533417911
2026-08-28,GMD,2.778974,106,15789369.97,5681727
2026-08-28,GME,28.380657,2,400427768.23,14109179
2026-08-28,GMI,1.44322,5186,682528073.15,472920213
2026-08-28,GMM,48.422813,26,448844660.08,9269281
2026-08-28,GMN,1.373534,28,82288242.43,59909875
2026-08-28,GMO,3.102311,4,2465266754.29,794654932
2026-08-28,GMP,63.540187,1,1626622821.41,25599906
2026-08-28,GMR,1.41127,4546,178530975.61,126503757
2026-08-28,GMV,0,0,0.01,0
2026-08-28,GMZ,14.083498,2,375079998.38,26632587.787
2026-08-28,GNH,1.509674,190,8318883.06,5510385
2026-08-28,GNK,69.911115,1,489425550.8,7000683
2026-08-28,GNL,61.564432,3,1751812476.88,28454944
2026-08-28,GNP,1.483415,7501,3029740308.06,2042409672
2026-08-28,GNS,1.577204,1539,74941829.81,47515635
2026-08-28,GNZ,1.623019,469,1984145.78,1222503
2026-08-28,GO1,4.885247,746,82257273.23,16837893
2026-08-28,GO3,5.039045,454,37884236.63,7518138
2026-08-28,GO4,5.45878,741,50186270.04,9193679
2026-08-28,GO6,4.294052,4048,5533489349.64,1288640572
2026-08-28,GO9,2.846003,1696,465223109.8,163465431
2026-08-28,GOF,53.528056,323,399738530.89,7467832
2026-08-28,GOH,16.607632,9005,612900454.41,36904746
2026-08-28,GOL,2.951183,12004,4721927774.94,1600011625
2026-08-28,GOP,1.226771,1709,2122875058.24,1730457231
2026-08-28,GP1,4.250617,1,194317472.81,45715125
2026-08-28,GP3,64.893097,466,730183027.23,11252091
2026-08-28,GPA,23.455595,5417,845115807.23,36030457
2026-08-28,GPB,12.290466,9519,1257629659.92,102325625
2026-08-28,GPC,72.672562,3593,6864579396.49,94459025
2026-08-28,GPF,9.329205,3020,687925836.14,73738955
2026-08-28,GPG,17.180128,2970,1069603720.94,62258192
2026-08-28,GPH,45.407545,1,2662562.22,58637
2026-08-28,GPI,18.769595,2810,745413415.87,39713878
2026-08-28,GPJ,58.392107,2,862578126.94,14772170
2026-08-28,GPL,53.447292,37395,99168814773.48,1855450689
2026-08-28,GPM,62.660449,2,1305660673.57,20837078
2026-08-28,GPN,1.401323,4855,5689650956.02,4060200117
2026-08-28,GPT,2.840272,3131,105944945.75,37300985
2026-08-28,GPU,21.533774,2458,360064104.82,16720901
2026-08-28,GPV,67.652507,1,579984945.87,8573000
2026-08-28,GPZ,1.978242,180,4717021832.18,2384451133
2026-08-28,GRL,1.850385,286,540103669.87,291887254
2026-08-28,GRO,54.478098,27278,190313860538.35,3493401340
2026-08-28,GRT,1.68053,1951,126727938.57,75409512
2026-08-28,GSE,65.422048,106,1388450422.18,21222974
2026-08-28,GSG,71.451495,1,88091976.32,1232892
2026-08-28,GSL,3.48006,1,50599355.71,14539796
2026-08-28,GSO,15.418212,8,14764397944.33,957594665
2026-08-28,GSP,0.586542,14276,4334194476.51,7389398868
2026-08-28,GSR,57.692073,2,267873526.84,4643160
2026-08-28,GSU,0,0,0.01,0
2026-08-28,GTA,1.682428,75492,25762359378.74,15312606819
2026-08-28,GTF,15.056946,506,135758097.59,9016310.203
2026-08-28,GTH,1.556963,792,30507857.39,19594460
2026-08-28,GTK,7.07187,1,28495869594.85,4029467144
2026-08-28,GTL,0.135642,348977,214686793687.69,1582748957313
2026-08-28,GTM,8.041303,13432,1063191543.65,132216331
2026-08-28,GTN,52.627578,2,1474231871.76,28012535
2026-08-28,GTY,6.507256,528,419408356.38,64452410
2026-08-28,GTZ,12.36158,62478,13206620206.08,1068360195
2026-08-28,GUA,6.033389,1,2062579110.02,341860798
2026-08-28,GUB,2.586114,9447,4508117401.78,1743201423
2026-08-28,GUC,1.477231,1,788563578.91,533811783
2026-08-28,GUF,0.950762,3658,625438524.23,657828995
2026-08-28,GUH,0.454418,38629,4664228038.79,10264183223
2026-08-28,GUK,1.490083,2705,1195173832.99,802085254
2026-08-28,GUM,13.230532,52924,6939397338.24,524498731
2026-08-28,GUV,1.756948,1826,741397729.34,421980462
2026-08-28,GVA,4.154811,3439,98068685.64,23603643
2026-08-28,GVB,68.393811,3,3590650448.44,52499640
2026-08-28,GVC,64.76117,1,306920541.9,4739268
2026-08-28,GVD,18.422385,1,407411.04,22115
2026-08-28,GVI,5.737231,4585,1203512970.02,209772430
2026-08-28,GVL,66.98568,3,527318912.98,7872114
2026-08-28,GVZ,73.984884,2,409384551.12,5533354
2026-08-28,GYC,4.112468,1,20644930939.63,5020082762
2026-08-28,GYG,72.150864,4,507673107.25,7036272
2026-08-28,GYK,0.115454,279,83948186.72,727114546
2026-08-28,GYL,14.689632,7438,830301887.86,56522986.569
2026-08-28,GYN,69.221419,1,1426900220.99,20613565
2026-08-28,GYR,63.721518,5,593071911.74,9307247
2026-08-28,GZB,7.574752,1,1439202927.83,190000000
2026-08-28,GZD,62.316038,3,54632345.9,876698
2026-08-28,GZE,7.855449,4130,1450304234.66,184623982
2026-08-28,GZG,7.664767,4509,499656018.39,65188676
2026-08-28,GZH,4.896839,5657,373781076.83,76331097
2026-08-28,GZJ,8.851365,5199,1759637856.03,198798484
2026-08-28,GZL,5.698684,6027,367907938.76,64560156
2026-08-28,GZM,10.247757,990,665092073.02,64901236
2026-08-28,GZN,51.216957,1085,391307844.91,7640201
2026-08-28,GZO,70.433558,1,85280811.56,1210798
2026-08-28,GZP,7.780598,10165,3900847642.45,501355736
2026-08-28,GZR,11.76527,1975,1074698733.75,91345014
2026-08-28,GZU,68.098483,2,465088738.16,6829649
2026-08-28,GZV,8.801892,1378,100610601.81,11430566
2026-08-28,GZY,7.868621,2319,69991035.79,8894956
2026-08-28,GZZ,7.188219,1237,66802630.69,9293350
2026-08-28,HAE,56.298951,1242,2920421920.33,51873470
2026-08-28,HAG,62.382456,45,425897752.08,6827204
2026-08-28,HAI,1.081447,338,13110014.82,12122655
2026-08-28,HAM,3.261848,7605,1647853076.96,505190063
2026-08-28,HAR,1.119747,68,37699041.99,33667475
2026-08-28,HAT,1.875812,82,3378397.82,1801032
2026-08-28,HB1,50.731245,336,18501543298.7,364697205
2026-08-28,HB2,58.183316,174,12075235198.98,207537761
2026-08-28,HBF,53.61639,10857,6622225399.45,123511213
2026-08-28,HBJ,1.60483,1,160482.96,100000
2026-08-28,HBN,4.372327,1075,539128563.05,123304732
2026-08-28,HBU,1.485905,2744,479080495.52,322416621
2026-08-28,HBV,19.711463,17,1134196183.17,57539929
2026-08-28,HCV,1.048447,679,176478930.77,168324134
2026-08-28,HDA,3.145854,525,96049345.62,30532040
2026-08-28,HDD,1.089442,152,11267337.26,10342304
2026-08-28,HDE,57.942359,4457,9327229716.34,160974284
2026-08-28,HDH,10464.66637,17,38701852365.96,3698336
2026-08-28,HDJ,6.654328,11,16500112.74,2479606
2026-08-28,HDK,3.013767,127,12122467.32,4022364
2026-08-28,HDS,17.086075,13,1558622538.62,91221799
2026-08-28,HDV,66.858922,2238,4965736005.64,74271853
2026-08-28,HEH,3.311118,1465,537785740.59,162418174
2026-08-28,HFA,3.145961,2,4954038400.01,1574729725
2026-08-28,HFI,1.852633,133,63512967.16,34282539
2026-08-28,HFO,1.042141,174,5573183.23,5347821
2026-08-28,HFR,1.467525,432,31359384.7,21368893
2026-08-28,HFV,64.055641,3253,8807608910.96,137499348
2026-08-28,HFY,1.317561,35,740903865.48,562330048
2026-08-28,HGC,53.255371,284,472582200.83,8873888
2026-08-28,HGH,1.788172,19,40302819,22538553
2026-08-28,HGJ,35.079136,12,3827026495.06,109096943
2026-08-28,HGM,4.302787,1802,170483142.47,39621559.711
2026-08-28,HGR,1.339733,154,30417435.69,22704103
2026-08-28,HGT,95.99597,14,3399539271.52,35413354
2026-08-28,HGU,5.096338,2,2859139957.95,561018563
2026-08-28,HGV,5.066031,373,24544918.3,4845000
2026-08-28,HIA,1.561097,262,1376274885.79,881607283
2026-08-28,HIF,0.53865,56,11549197.23,21440997
2026-08-28,HIH,1.432217,4643,227934008.1,159147699
2026-08-28,HII,3.346588,1,1102256255.08,329367203
2026-08-28,HIM,4.014215,207,282379586.72,70344914
2026-08-28,HIP,2.186785,1232,2225673343.21,1017783521
2026-08-28,HIS,3.085145,12,1256397.58,407241
2026-08-28,HIZ,2.079478,1058,210204485.44,101085214
2026-08-28,HJA,23.051729,13,2140399711.47,92852023
2026-08-28,HJB,4.775216,1545,109950939.73,23025331
2026-08-28,HKG,1.568126,1050,37947277.1,24199129
2026-08-28,HKH,8.952319,13434,825568161,92218355
2026-08-28,HKJ,1.415493,2283,14468322304.3,10221398460
2026-08-28,HKM,4.275219,911,53105379.6,12421674
2026-08-28,HKP,6.046683,78,188021855.16,31095042
2026-08-28,HKR,4.043211,1494,1484809712.84,367235308
2026-08-28,HKV,595.592322,37139,4228747178.98,7100070
2026-08-28,HLA,2.037257,10,45185680.77,22179665
2026-08-28,HLL,0.385011,1030988,52807556966.78,137158598857.95
2026-08-28,HLR,106.585999,13,3339478014.67,31331301
2026-08-28,HMC,8.170458,112,526260550.72,64410166
2026-08-28,HME,54.642659,8227,27484257164.03,502981694
2026-08-28,HMG,0.068807,6173,7452485469.02,108309627509
2026-08-28,HMK,320.244255,48,112564574.81,351496
2026-08-28,HML,48.237788,38,15656297.74,324565
2026-08-28,HMS,0.095804,4009,342315813.27,3573073658
2026-08-28,HMT,7.2164,22,615884191.45,85345075
2026-08-28,HMV,15.497041,13,13749509859.73,887234531
2026-08-28,HNS,48.411754,169,604878051.84,12494446
2026-08-28,HOA,0.246347,3335,2073877579.7,8418527838
2026-08-28,HOY,0.368523,2534,1363861715.14,3700886027
2026-08-28,HP3,58.914303,183,735389536.98,12482360
2026-08-28,HPC,11.92293,7,37167192008.54,3117286856
2026-08-28,HPD,0.216935,1458,288743593.67,1331013861
2026-08-28,HPF,33.055997,12,1426337180.68,43149120
2026-08-28,HPH,2.395474,9508,6135442873.46,2561264425
2026-08-28,HPI,6.594243,14,226934800.31,34414080
2026-08-28,HPJ,4.05909,1,37238325.13,9174058
2026-08-28,HPL,1.175416,24,343004388.94,291815213
2026-08-28,HPO,0.171627,2874,1129258037.49,6579734781
2026-08-28,HPT,0.114188,10204,3229515381.03,28282401430
2026-08-28,HPV,7.83274,339277,9343213785.95,1192841102.001
2026-08-28,HPZ,553.156695,17,5388299.37,9741
2026-08-28,HRZ,2.377813,6528,299387737.11,125908864
2026-08-28,HSA,1658.41957,2378,4119389831.01,2483925
2026-08-28,HSL,415.603196,24234,26101153311.98,62803062
2026-08-28,HSP,45.903595,60,101212056.2,2204883
2026-08-28,HST,1.019192,3704,390034291,382689839.328
2026-08-28,HTF,1.457414,544,5164866619.15,3543855701
2026-08-28,HTJ,2.007371,233,39674923.67,19764615
2026-08-28,HTK,1.055058,919,122283881.99,115902496
2026-08-28,HTS,59.964587,2612,4843198070.93,80767638
2026-08-28,HTZ,12.784757,13,88675920.9,6936066
2026-08-28,HUI,88.175511,1,2080911728.51,23599656
2026-08-28,HUS,0.003541,12,2014929.4,568993837
2026-08-28,HVA,281.985703,16,135682496.67,481168
2026-08-28,HVB,1.863331,13,2144932585.52,1151128347
2026-08-28,HVC,26.582749,16,72510560.75,2727730
2026-08-28,HVI,1.308389,367,41817671.47,31961201
2026-08-28,HVK,5.338061,1456,567400628.02,106293401
2026-08-28,HVL,20.556983,11,2886200.36,140400
2026-08-28,HVN,5.910965,12,5893876.47,997109
2026-08-28,HVS,1.627771,10117,2729581102.29,1676882459
2026-08-28,HVT,4.766641,1804,731132737.44,153385321
2026-08-28,HVU,5.718221,793,17536886.08,3066842.74
2026-08-28,HVV,69.950084,1,3186376009.17,45552140
2026-08-28,HVZ,6.80596,1799,91858408.34,13496759
2026-08-28,HYK,11.641528,23,213962622.17,18379256
2026-08-28,HYP,10.745498,61,564078193.24,52494372
2026-08-28,HYU,1.81085,232,874942945.1,483166859
2026-08-28,HYV,6.380955,6598,6220232816.28,974812189
2026-08-28,HYY,12.620352,1,5950742628.21,471519535
2026-08-28,HZV,6.399994,3,1048283985.07,163794514
2026-08-28,IAC,5.097856,1,3534950317.82,693419042
2026-08-28,IAE,2.188417,452,289985229.25,132509103
2026-08-28,IAI,6.113179,1,69661693.74,11395330
2026-08-28,IAJ,0.976615,12,2065197.91,2114650
2026-08-28,IAM,1.755682,2803,78873649.1,44924780
2026-08-28,IAR,77.927985,22,147135049.68,1888090
2026-08-28,IAS,2.08961,17,3369399332.95,1612453728
2026-08-28,IAT,0.197873,8933,1864013792.83,9420238449.206
2026-08-28,IAU,2.670664,213,33136139.41,12407454
2026-08-28,IAY,1.575336,197,46223081.52,29341732
2026-08-28,IBB,15.826052,8851,1358374458.84,85831543
2026-08-28,IBC,19.628456,5,420616075.37,21428893
2026-08-28,IBE,17.995087,12,596100350.68,33125727
2026-08-28,IBG,1.64991,11,550647688.73,333744116
2026-08-28,IBJ,65.735353,23,822532861.9,12512793
2026-08-28,IBK,0.137398,121378,229546430.4,1670672200
2026-08-28,IBM,3.91906,16,212782291.58,54294216
2026-08-28,IBP,71.868819,4,4807489759.7,66892567
2026-08-28,IBR,0.30732,81,1747816282.17,5687281191
2026-08-28,ICA,0.580302,2839,633280622.54,1091294779
2026-08-28,ICC,1.357283,269,26703582.84,19674297
2026-08-28,ICD,135.205878,196,34706267.19,256692
2026-08-28,ICE,128.609369,4678,1645332449.33,12793255
2026-08-28,ICF,196.869158,517,21419167.55,108799
2026-08-28,ICG,71.066663,1,712594956.07,10027134
2026-08-28,ICH,2.513742,4991,1239164109.43,492956056
2026-08-28,ICN,4.332374,16,393254870.92,90771209
2026-08-28,ICS,49.731568,55,17202497.39,345907
2026-08-28,ICV,5.991637,44,4802932.44,801606
2026-08-28,ICZ,9.606682,22487,1121075259.05,116697449
2026-08-28,IDD,0.158798,25,33193761.8,209030711
2026-08-28,IDF,77.623629,4334,12811303278.57,165043858
2026-08-28,IDH,13.298586,19997,938887703,70600565
2026-08-28,IDI,1.806431,617,40957560.11,22673189
2026-08-28,IDL,6.086099,3785,4191622785.9,688720817
2026-08-28,IDO,58.805025,15409,77024464575.75,1309827928
2026-08-28,IDP,1.962754,23,136050067.44,69315905
2026-08-28,IDV,71.890886,2,559785282.25,7786596
2026-08-28,IDY,0.2385,2504,736749295.04,3089100368.126
2026-08-28,IED,1.058977,1283,63767462.09,60216093
2026-08-28,IEN,1.263768,96,19964736.38,15797792
2026-08-28,IEV,5.363785,4192,105099613.08,19594301
2026-08-28,IEZ,4.345546,3,87655996.05,20171458
2026-08-28,IFD,60.607939,9,1212158786.29,20000000
2026-08-28,IFN,9.398812,427,3688817.53,392477
2026-08-28,IFV,4.692048,191,23503658.13,5009254
2026-08-28,IFY,7.713873,1,100280349.93,13000000
2026-08-28,IGF,68.774031,2,1453346982.1,21132206
2026-08-28,IGL,583.703524,16955,4759419889.41,8153831
2026-08-28,IGM,66.889173,3,1296849086.43,19388027
2026-08-28,IGZ,11.729095,3,581157916.51,49548404
2026-08-28,IH1,0.947956,81,179987115.83,189868598
2026-08-28,IHA,3.191286,313,5575908.28,1747229
2026-08-28,IHC,8.051248,497,413048003,51302355
2026-08-28,IHK,16.964392,28924,1643931571.49,96904834
2026-08-28,IHP,1.879249,275,69202429.18,36824518
2026-08-28,IHT,3.805517,3311,80283187.13,21096528
2026-08-28,IHV,1.896476,46,320699032.81,169102646
2026-08-28,IHY,6.448777,1,216672074.68,33598940
2026-08-28,IHZ,0.873964,70,2630421.44,3009759
2026-08-28,IIA,4.238231,11,1622526992.7,382831186
2026-08-28,IIC,6.726668,13,4911725.6,730187
2026-08-28,IIE,6.196956,3624,641330038.23,103491138
2026-08-28,IIF,1.570513,13,504154838.36,321012874
2026-08-28,IIH,33.920027,21560,1822976289.28,53743362
2026-08-28,IIN,1.422126,155,1574120543.44,1106878537
2026-08-28,IIS,48.517244,146,1549597938.92,31939117.248
2026-08-28,IJA,14.222268,1217,180947109.47,12722802.471
2026-08-28,IJB,6.645599,7043,228509340.97,34385062
2026-08-28,IJC,16.200743,46311,4881364522.02,301304981
2026-08-28,IJE,68.30376,4,33234492.36,486569
2026-08-28,IJF,9.719574,2,892079364.28,91781736
2026-08-28,IJH,7.320467,395,33685552.11,4601558
2026-08-28,IJI,10.84738,235,197281036.85,18186975
2026-08-28,IJK,64.219296,3,288544552.53,4493113
2026-08-28,IJL,53.863443,12,356392911.85,6616601
2026-08-28,IJP,9.357844,12762,660344217.75,70565849
2026-08-28,IJT,7.325853,1628,1161297692.21,158520470
2026-08-28,IJV,5.679428,2825,3116367879.05,548711572
2026-08-28,IJZ,14.917283,15747,955420379.92,64047880
2026-08-28,IK2,47.912473,94,204683185.98,4272023
2026-08-28,IKL,10.133083,5417,278049019.32,27439726
2026-08-28,IKP,9.238036,12962,1026088601.94,111072159
2026-08-28,IKV,1.529765,1200,161761548.99,105742722
2026-08-28,ILC,51.382656,220,1428507058.46,27801347.01
2026-08-28,ILE,5.2263,1,11634648847.06,2226173174
2026-08-28,ILH,4.030978,11481,166230749455.15,41238318511.47
2026-08-28,ILI,5.89027,15,796350112.33,135197549
2026-08-28,ILM,7.231448,13,314757086.71,43526148
2026-08-28,ILP,62.798398,6,3125258233.86,49766528
2026-08-28,ILU,1.326072,4,2436504614.79,1837384432
2026-08-28,ILZ,8.254254,6445,1084788055.62,131421698
2026-08-28,IMB,1.22646,182,4356634.45,3552202
2026-08-28,IMF,5.778412,19,384553577.03,66550045
2026-08-28,IMG,49.613665,138,906116348.78,18263443
2026-08-28,IMH,6.527117,1,700944719.76,107389633
2026-08-28,IML,1.77982,4642,889393987.45,499710113
2026-08-28,IMO,6.039218,2,5186467093.87,858797825
2026-08-28,IMS,15.391555,4,572158738.59,37173550
2026-08-28,IMT,71.75595,4,725271758.96,10107479
2026-08-28,IMY,74.867043,6,1607324065.27,21469047
2026-08-28,IMZ,74.896517,4,310636823.24,4147547.001
2026-08-28,INH,15.134529,375,233732401.98,15443652
2026-08-28,INV,48.226952,1,2055188021.3,42614927
2026-08-28,INZ,3.502732,16,120495109.06,34400325
2026-08-28,IOG,14.439525,18958,14083195552.17,975322657
2026-08-28,IOH,52.688346,31,142565133.56,2705819.1
2026-08-28,IOJ,52.047088,39,186659281.09,3586354.01
2026-08-28,IOL,67.236543,1,961832994.96,14305212
2026-08-28,IOM,3.981482,13,587619116.54,147588046
2026-08-28,ION,0.864584,15,51883550.44,60009826
2026-08-28,IOO,4.638458,6261,37165654654.42,8012501864
2026-08-28,IOP,6.37354,6405,6727454653.43,1055528746
2026-08-28,IOT,59.775315,6,269140747.33,4502540
2026-08-28,IOV,57.747253,1,572126807.58,9907429
2026-08-28,IPA,0.761311,16,612023205.18,803906870
2026-08-28,IPB,0.906299,15079,1087793458.8,1200259523.571
2026-08-28,IPC,25.01312,1,14382544.11,575000
2026-08-28,IPE,9.669521,3,4028475123.16,416615784
2026-08-28,IPF,0.124072,22,137101410.31,1105011730
2026-08-28,IPG,9.674533,1732,352063924.22,36390791
2026-08-28,IPJ,20.041334,18608,1304618837.44,65096407
2026-08-28,IPK,57.423023,1,3271405726.1,56970280
2026-08-28,IPO,48.874008,1,538907247.61,11026459
2026-08-28,IPP,0.183089,163,6981170275.32,38129844893
2026-08-28,IPR,34.010759,1,20916616.75,615000
2026-08-28,IPU,48.608132,1,5670800646.69,116663621
2026-08-28,IPV,78.70215,11818,2067218132.38,26266349
2026-08-28,IRB,1.331392,767,1279186106.81,960788669
2026-08-28,IRE,47.282172,60,115187077.78,2436163.02
2026-08-28,IRF,7.537609,1991,534973526.5,70973903
2026-08-28,IRL,18.155481,16,275013275.75,15147672
2026-08-28,IRO,2.091776,85,40445664.2,19335563
2026-08-28,IRT,8.014964,1533,129375256.49,16141714
2026-08-28,IRV,7.040316,56,380652926.01,54067592
2026-08-28,IRY,4.031637,2315,1772625411.43,439678775
2026-08-28,ISR,19.47861,6,967301226.14,49659665
2026-08-28,ISS,0.275726,7,213884165.77,775713881
2026-08-28,IST,0.196044,3079,1548335453.16,7897880836.89
2026-08-28,ITA,73.484456,1,824593547.79,11221333
2026-08-28,ITC,1.184367,282,25134038.25,21221502
2026-08-28,ITD,69.204724,1,2560593617.63,37000272
2026-08-28,ITJ,10.409376,12,276027645.11,26517213
2026-08-28,ITL,4.606768,1,4727778638.29,1026267998
2026-08-28,ITP,13.255277,11261,1020647401.8,76999328
2026-08-28,ITR,4.458414,1,1094844168.66,245568075
2026-08-28,ITV,48.292792,30,849765569.69,17596116.02
2026-08-28,ITZ,61.431254,3,2041649189.94,33234698
2026-08-28,IUA,68.018253,52,420357018.7,6180062
2026-08-28,IUB,72.125209,3,347261966.76,4814710
2026-08-28,IUC,2.007895,1,974538895.08,485353634
2026-08-28,IUF,69.305999,7713,22426273574.71,323583438
2026-08-28,IUH,6.352977,716,12707577.97,2000255.661
2026-08-28,IUM,67.52086,1,410226903.27,6075558
2026-08-28,IUN,77.018617,4,302060545.15,3921916
2026-08-28,IUV,67.714507,6402,21357116700.43,315399428
2026-08-28,IUZ,4.793717,1230,1294085879.9,269954579
2026-08-28,IV2,23.005199,14,1408815130.02,61238989
2026-08-28,IV6,66.01033,1,1651452384.74,25018090
2026-08-28,IV7,5.057099,1,552764695.84,109304696
2026-08-28,IV8,2.313137,135,32571536.26,14081111
2026-08-28,IVF,6.786251,1284,83011901,12232365
2026-08-28,IVS,6.068588,26,277196056.29,45677189.29
2026-08-28,IVY,6.223789,13099,772170275.51,124067555
2026-08-28,IYB,5.991256,317,94268060.8,15734273
2026-08-28,IYP,3.005115,2,2303815392.34,766631358.323
2026-08-28,IYR,0.141352,7,230163631.93,1628295591
2026-08-28,IYS,1.358433,16,5937553654.33,4370883210
2026-08-28,IYV,1.131546,69,192160415.14,169821059
2026-08-28,IZA,2.016596,1,491514287.64,243734656
2026-08-28,IZB,11.07533,89,101461107.19,9161001
2026-08-28,IZE,65.368261,1,267273038.95,4088728
2026-08-28,IZL,52.433864,19,107406267.38,2048414.11
2026-08-28,IZS,10.260302,53,103404047.25,10078071
2026-08-28,IZV,10.431714,2,114169070.12,10944421
2026-08-28,IZY,48.454707,27,50090877.83,1033767.01
2026-08-28,JET,2.395854,17097,547300146.71,228436368
2026-08-28,JOT,58.762963,1,1158195021.97,19709609
2026-08-28,JUP,0.539601,55,54836941.27,101625014
2026-08-28,KAC,3.932488,1772,19121067525.02,4862333480
2026-08-28,KAN,7221.308946,38,5705159025.88,790045
2026-08-28,KAV,58.077189,5725,18071994001.2,311171983
2026-08-28,KBJ,4.290135,102,682798772.5,159155541
2026-08-28,KBP,1.789676,5,338823485.02,189321082
2026-08-28,KBZ,52.269901,1,161748791.39,3094492
2026-08-28,KCL,1.813966,176,11637395.07,6415443
2026-08-28,KCR,1.119588,551,71673812.3,64017998
2026-08-28,KCV,5.313702,13088,2563626485.45,482455857
2026-08-28,KDE,1.800734,3759,678916939.73,377022294
2026-08-28,KDI,58.402566,12,247518718.53,4238148
2026-08-28,KDK,15.607286,1,49128410.75,3147787
2026-08-28,KDL,52.812591,7068,25712393868.29,486861059
2026-08-28,KDO,57.061276,519,1098306074.52,19247836
2026-08-28,KDS,54.866148,1384,28169186298.88,513416515
2026-08-28,KDT,54.924613,1194,3228077720.16,58772881
2026-08-28,KDV,49.043986,213,23479566509.7,478745070
2026-08-28,KDZ,49.193813,827,4119062927.16,83731321
2026-08-28,KEI,1.930775,1,346802602.63,179618321
2026-08-28,KEO,1.823069,1,71906240.1,39442409
2026-08-28,KEU,53.660292,56,4122286377.97,76821915
2026-08-28,KFZ,4.504029,1,372410618.72,82683881
2026-08-28,KGM,3.109878,30329,3137042517.94,1008734926
2026-08-28,KH1,1.388939,1064,91805175.36,66097342
2026-08-28,KHA,4.586641,39280,7591658246.3,1655167148
2026-08-28,KHB,1.673168,251,17729395.64,10596305
2026-08-28,KHC,2.241259,1451,49431582.37,22055278
2026-08-28,KHD,1.453737,12,728893904.04,501393238
2026-08-28,KHF,0.120188,13,900720.96,7494290
2026-08-28,KHJ,1.216747,461,15463900.23,12709220
2026-08-28,KHP,1.210101,705,14475804650.51,11962475000
2026-08-28,KHT,2.383534,213,7278637.98,3053717
2026-08-28,KHU,36.945482,1,3528958.54,95518
2026-08-28,KIA,4.357838,357,5917094.13,1357805
2026-08-28,KIB,4.396479,1067,11432705.53,2600423
2026-08-28,KIE,4.687289,931,231131797.55,49310334
2026-08-28,KIH,1.548805,27,59958283.25,38712606
2026-08-28,KIK,1.467147,1395,178245490.51,121491188
2026-08-28,KIS,0.221573,765,91366304.38,412353280
2026-08-28,KJK,0.002276,1,48726455.84,21405755952
2026-08-28,KKB,62.451483,1,2619215.19,41940
2026-08-28,KKC,58.056697,53,126754779.53,2183293
2026-08-28,KKE,52.247765,2,90220395.17,1726780
2026-08-28,KKH,6.866339,5046,532326144.19,77526922
2026-08-28,KKL,2.510893,1638,3680542610.54,1465830292
2026-08-28,KKO,49.221563,257,2274192609.65,46203177
2026-08-28,KKP,49.208973,331,4358281404.26,88566803
2026-08-28,KKT,3.146875,43,8656716991.89,2750893282
2026-08-28,KLH,2.783591,2251,142064489.33,51036402
2026-08-28,KLI,1.320634,165,315275147.06,238730083
2026-08-28,KLL,58.154179,1,11419736.18,196370
2026-08-28,KLM,68.163578,1,1014074725.55,14877076
2026-08-28,KLS,41.633366,2,881836.32,21181
2026-08-28,KLU,4.872821,107366,100396494494.96,20603363455
2026-08-28,KMA,169.666454,1,12694104.75,74818
2026-08-28,KME,1.643573,1192,126700221.67,77088264
2026-08-28,KMF,3.639218,2244,1640083726.76,450669300
2026-08-28,KMN,0.995054,4971,434989015.29,437151324
2026-08-28,KMT,2.816198,1,69800498.13,24785369
2026-08-28,KNC,67.872581,16,363937938.34,5362076
2026-08-28,KNI,1.384238,450,17037590697.01,12308281618
2026-08-28,KNJ,2.097187,14734,876959577.9,418159845
2026-08-28,KNN,1.506463,15,446242566.73,296218809
2026-08-28,KNP,83.286778,2,194365520.75,2333690
2026-08-28,KNS,4.51185,1,5085718950.12,1127191620
2026-08-28,KNT,61.118784,3,175164783.61,2865973
2026-08-28,KNV,71.660779,5,321781260.41,4490340
2026-08-28,KNZ,69.735832,1,1027683772.43,14736811
2026-08-28,KO4,56.159253,856,4612359444.58,82130000
2026-08-28,KOB,1.429229,71,2729247120.56,1909594189
2026-08-28,KOD,1.048161,730,59544031.54,56808118
2026-08-28,KOP,7.859317,14,16119458.43,2051000
2026-08-28,KOT,1.505829,3528,149773089.35,99462201
2026-08-28,KOZ,65.051081,4,72755536.3,1118437
2026-08-28,KP3,53.589208,10,14162770.36,264284
2026-08-28,KPA,1.758196,14076,548242380.89,311820886
2026-08-28,KPB,6.798051,1,5448148.23,801428
2026-08-28,KPC,21.989533,23698,4805227492.44,218523396
2026-08-28,KPD,49.010503,549,307385051.52,6271820
2026-08-28,KPF,1.782639,272,486817259.1,273087940
2026-08-28,KPH,1.281256,11792,546119167.65,426237333
2026-08-28,KPI,1.482607,6643,5871057438.22,3959954236
2026-08-28,KPK,10.279647,1,475461150.34,46252674
2026-08-28,KPM,1.05445,16,1590532.89,1508400
2026-08-28,KPP,3.187506,678,449526969.3,141027787
2026-08-28,KPR,1.887868,1359,73027302379.97,38682414735
2026-08-28,KPS,48.12872,3270,23343391614.82,485020000
2026-08-28,KPU,4.105604,6134,610632746.36,148731515
2026-08-28,KRC,0.147937,146,30312074.3,204898320
2026-08-28,KRF,21.622521,597,44665274.83,2065683
2026-08-28,KRH,1.761316,41,2295213807.07,1303124471
2026-08-28,KRO,48.309307,58,303866845.42,6290027
2026-08-28,KRR,1.173949,584,23024435.74,19612805
2026-08-28,KRS,0.529202,1104,1512975303.06,2858972643
2026-08-28,KRT,75.183167,165,727329626.66,9674102
2026-08-28,KRV,48.265176,1022,5602621651.13,116080000.01
2026-08-28,KSA,4.146504,3722,15944337453.23,3845248555
2026-08-28,KSC,49.746856,1,24648074.51,495470
2026-08-28,KSK,2.946041,670,8302876069.85,2818316691
2026-08-28,KSL,56.876177,118,256882559.8,4516523
2026-08-28,KSM,51.856489,739,15340945042.97,295834625
2026-08-28,KSP,65.217213,361,1652278093.84,25335000
2026-08-28,KSR,5.197846,3822,207133079.98,39849788
2026-08-28,KST,2.072638,452,9435906.07,4552607
2026-08-28,KSV,5.771361,9826,41914525480.79,7262502206
2026-08-28,KSY,11.131212,85,4308576419.2,387071628
2026-08-28,KTE,45.869893,1,110802854.35,2415590
2026-08-28,KTI,2.225649,572,283477138.19,127368326
2026-08-28,KTJ,2.660976,20923,1673514728.4,628910112
2026-08-28,KTM,22.921349,5773,698258792.05,30463250
2026-08-28,KTN,8.110758,4247,418265133.1,51569182
2026-08-28,KTR,10.684812,635,24574241883.82,2299922629
2026-08-28,KTS,15.568241,743,125806111.69,8080946
2026-08-28,KTT,71.039483,1438,5200125856.98,73200503
2026-08-28,KTU,30.368383,1,987438574.89,32515349
2026-08-28,KTV,7.748011,45679,28134459950.22,3631185036
2026-08-28,KU3,1.178036,2575,257646231.72,218708360
2026-08-28,KUA,1.474653,2072,102923104.98,69794775
2026-08-28,KUB,0.75779,3637,612781825.86,808642881
2026-08-28,KUD,1.778855,2410,241647499.28,135844389
2026-08-28,KUP,49.398358,129,2044407366.02,41386140
2026-08-28,KUT,12.726104,41569,8475971808.94,666030393
2026-08-28,KVA,1.788911,1,702274427.61,392570970
2026-08-28,KVK,1.282122,138,856671736.34,668166857
2026-08-28,KVR,1.303404,45,113720770.15,87249051
2026-08-28,KVS,3.842803,2351,29560451405.45,7692420027
2026-08-28,KVT,1.469159,2985,87956442.92,59868563
2026-08-28,KYA,1.216424,1543,69068122.79,56779651
2026-08-28,KYR,0.597532,11,297329196.4,497595647
2026-08-28,KYS,54.178795,18,11220428.38,207100
2026-08-28,KZL,29.620492,65939,93171686895.69,3145514526
2026-08-28,KZO,2.279966,3,1180943064.36,517965287
2026-08-28,KZU,2.51082,5868,494077667.79,196779401
2026-08-28,LAI,1.247059,14,188067505.93,150808828
2026-08-28,LET,55.099364,2,700991245.79,12722311
2026-08-28,LFD,7.282517,1,4842917.63,665006
2026-08-28,LGK,1.425113,1,1701376763.11,1193853791
2026-08-28,LGO,8.032906,11,120994326.67,15062336
2026-08-28,LHM,83.629457,4,799300326.29,9557641
2026-08-28,LHP,56.974553,93,84115236.45,1476365
2026-08-28,LKF,1.090125,1025,114290425.98,104841623
2026-08-28,LKT,1.892204,410,252373386.77,133375374
2026-08-28,LLA,1.194872,749,28360160.11,23734888
2026-08-28,LPH,1.472349,2599,3770160252.2,2560643917
2026-08-28,LRT,3.698881,12,907916960.33,245457201
2026-08-28,LTC,1.608037,317,15750010.35,9794558
2026-08-28,LTL,1.100854,5178,273448978.98,248397228
2026-08-28,LTS,4.653172,13,2574955071.67,553376235
2026-08-28,LZV,7.096929,2,80791961.02,11384074
2026-08-28,MAC,0.75619,35973,4324191233,5718392112
2026-08-28,MAD,1.042411,365,23056057.96,22118012
2026-08-28,MAS,12.203007,197,773423392.35,63379740
2026-08-28,MAV,58.395213,1,913780271.51,15648205
2026-08-28,MBL,0.289556,213,21085073.25,72818578
2026-08-28,MBR,1.786742,503,463879442.45,259623085
2026-08-28,MCU,1.400645,150,187074441.75,133563099
2026-08-28,MD1,2.311902,658,228098181.15,98662563
2026-08-28,MD2,2.207966,768,284643018.73,128916398
2026-08-28,MDF,1.317893,944,504101541.68,382505736
2026-08-28,MET,6.060864,6615,754014732.56,124407133
2026-08-28,MGB,1.476223,480,63147211.88,42776190
2026-08-28,MGD,1.037778,1,697491276.65,672100883
2026-08-28,MGE,1.155874,67,786422526.21,680370252
2026-08-28,MGH,2.279089,758,496206648.85,217721452
2026-08-28,MHF,2.440181,3803,479966273.54,196692886
2026-08-28,MIK,3.432973,13,4820512715.69,1404180257
2026-08-28,MJB,7.887975,778,52617351.28,6670578
2026-08-28,MJE,58.230847,905,7286923647.17,125138549
2026-08-28,MJG,11.475599,7528,1022516729.6,89103557
2026-08-28,MJH,4.410619,32,26878755.22,6094101
2026-08-28,MJK,36.52686,408,1864047941.64,51032252
2026-08-28,MJL,61.88207,585,916243570.71,14806285
2026-08-28,MKA,1.279949,1717,87256490.06,68171844
2026-08-28,MKG,18.46888,8200,1616013573.52,87499274
2026-08-28,MKL,60.971836,1,786879157.25,12905617
2026-08-28,MLS,18.054,4,1349750174.49,74761834
2026-08-28,MLT,1.36215,79,21524798.9,15802080
2026-08-28,MMH,17.071822,1342,153901653.06,9014952
2026-08-28,MOD,61.361066,2,743358636.24,12114500
2026-08-28,MOZ,1.287855,121,329430646.95,255797915
2026-08-28,MP2,1.258587,13,3336895874.55,2651303752
2026-08-28,MP4,2.058047,15,3772860641.09,1833223343
2026-08-28,MPD,61.252762,691,2916398455.43,47612522
2026-08-28,MPE,1.395911,115,88305617.41,63260217
2026-08-28,MPF,8.384403,1958,1504991842.7,179498993.037
2026-08-28,MPI,3.128516,40,72784416.47,23264834
2026-08-28,MPK,9.966782,1524,252416638.21,25325789.961
2026-08-28,MPL,2.032329,905,662085676.04,325776871
2026-08-28,MPN,61.803624,291,374158832.8,6053995
2026-08-28,MPP,21.968653,1197,358310568.36,16310084
2026-08-28,MPS,24.92021,2477,152825241.9,6132582.324
2026-08-28,MRI,1.254964,115,13541193.71,10790105
2026-08-28,MSK,4.00178,1,1200124283.78,299897605
2026-08-28,MSO,59.378147,1,522093639.24,8792690
2026-08-28,MSR,2.00269,14,30497057.99,15228050
2026-08-28,MT1,46.186985,24,28789086.58,623316
2026-08-28,MT2,1.417478,1421,5775693616.28,4074626774
2026-08-28,MT5,1.207786,19,771926210.12,639124957
2026-08-28,MT6,0.447218,14,307474082.78,687525881
2026-08-28,MT7,0.360597,15,47063318.4,130514947
2026-08-28,MT8,0.828093,16,1584689244.19,1913661385
2026-08-28,MT9,0.412875,18,3184389800.73,7712730506
2026-08-28,MTD,1.373718,1516,153715799.7,111897603
2026-08-28,MTE,0.628258,17,1993700.3,3173378
2026-08-28,MTF,1.423881,43,70478071.45,49497158
2026-08-28,MTG,1.739856,397,273578337.54,157241915
2026-08-28,MTH,2.32685,3205,310691980.34,133524732
2026-08-28,MTI,0.018317,2,4672034.62,255061228
2026-08-28,MTK,1.845049,880,313642625.84,169991446
2026-08-28,MTL,2.110142,15,11807834320.71,5595753399
2026-08-28,MTS,2.7893,670,28491541.63,10214586
2026-08-28,MTU,0.801389,19,828358549.08,1033653600
2026-08-28,MTV,5.512357,12800,148748337.69,26984523
2026-08-28,MTX,5.314657,2087,82783621.6,15576476
2026-08-28,MUL,2.908779,11,292032211.44,100396850
2026-08-28,MUT,1.954485,1603,839674073.85,429613920
2026-08-28,NAK,1.123636,165,127824962.25,113760117
2026-08-28,NAL,0.425861,12,510694189.49,1199204513
2026-08-28,NAU,3.250445,9675,2285326974.75,703081328
2026-08-28,NAV,1.124246,15,66189336.84,58874427
2026-08-28,NBE,1.771479,10,568039332.21,320658242
2026-08-28,NBH,7.057446,199,2223270583.16,315024822
2026-08-28,NBO,1.526841,394,2258399891.96,1479131931
2026-08-28,NBZ,72.842332,279,1389491082.16,19075324
2026-08-28,NCS,57.968708,1781,8634836347.42,148956854
2026-08-28,NCU,55.553132,12,129687508.15,2334477
2026-08-28,NDL,1.950125,1,10996975.79,5639113
2026-08-28,NDS,1.036089,13,609916834.82,588672037
2026-08-28,NES,2.184275,2,2182099926.37,999004311
2026-08-28,NFF,1.361817,33,1823853624.72,1339279649
2026-08-28,NFH,2.174563,48,121822535.16,56021616
2026-08-28,NFK,5.300324,80,1520601340.03,286888350
2026-08-28,NHP,5.702395,153,12221686.64,2143255
2026-08-28,NHT,67.07782,2,665088387.22,9915176
2026-08-28,NHV,4.45688,2,8213828599.91,1842955034
2026-08-28,NHY,6.011503,2014,142569195.43,23716066
2026-08-28,NIG,1.275466,15,541571066.27,424606540
2026-08-28,NIS,1.748654,41,1595036087.74,912150645
2026-08-28,NJF,13.187381,1771,1199421935,90952248
2026-08-28,NJG,3.092886,15,3293660759.3,1064914900
2026-08-28,NJR,5.873865,2492,1926989904.6,328061676
2026-08-28,NJY,7.573815,1374,319224922.34,42148497
2026-08-28,NKA,49.73158,17,132305596.19,2660394
2026-08-28,NKC,1.275092,1086,349925058.33,274431152
2026-08-28,NKH,1.790659,12,164985694.26,92136843
2026-08-28,NKJ,15.50812,1,1591729289.95,102638440
2026-08-28,NKK,8.082249,12,1521987456.9,188312373
2026-08-28,NKL,3.572583,2172,15671380015.01,4386568065
2026-08-28,NKM,1.028812,456,50633638.32,49215643
2026-08-28,NKP,1.149106,3247,184099117.65,160210669
2026-08-28,NKS,1.89755,11,25142913.04,13250200
2026-08-28,NKT,1.604775,541,80035897,49873581
2026-08-28,NKV,2.331605,1,16009962746.72,6866499553
2026-08-28,NLC,51.171911,19,182167295.42,3559908
2026-08-28,NLD,54.761173,1,1434739059.45,26199933
2026-08-28,NLE,1.640413,9553,375473739.49,228889772
2026-08-28,NLK,1.899996,1005,5147268491.5,2709094097
2026-08-28,NLL,5.16247,25,2095344427.74,405880219
2026-08-28,NME,58.269999,52,62995287.88,1081093
2026-08-28,NMG,135.905812,12,3119489466.71,22953319
2026-08-28,NMP,1.023446,3973,871928545.34,851953702
2026-08-28,NMU,1.270442,379,897650926.5,706566073
2026-08-28,NNF,23.592975,18070,2109595130.03,89416240
2026-08-28,NOA,1.408752,11,536203555.05,380623067
2026-08-28,NOI,1.475454,14,1205025631.36,816715156
2026-08-28,NOV,50.988387,1,720054383.56,14121929
2026-08-28,NP1,5.321632,151,1507818894.79,283337661
2026-08-28,NPH,1.59613,743,190947752.57,119631741
2026-08-28,NPK,1.618522,1,959740973.35,592973692
2026-08-28,NRC,11.561432,3582,234386606.23,20273147
2026-08-28,NRG,5.615847,3353,7439602130.21,1324751563
2026-08-28,NRM,158.117976,11,409346410.03,2588867
2026-08-28,NSA,2.57078,353,1027157399.33,399550836
2026-08-28,NSD,65.607199,178,14927731978.69,227531920
2026-08-28,NSH,2.21762,1310,2174366390.72,980495327
2026-08-28,NSK,6.788906,86,399994014.97,58918775
2026-08-28,NSP,1.858442,2738,1439959378.2,774820732
2026-08-28,NSS,65.434044,1,1110145479.1,16965870
2026-08-28,NST,1.229938,3332,57063086.2,46395073
2026-08-28,NSY,1.432922,60,1187307564.88,828592110
2026-08-28,NTB,5.840924,1,3218139194.58,550964070
2026-08-28,NTD,0.381669,1,517323247.7,1355423321
2026-08-28,NTF,3.15719,11,259084628.16,82061773
2026-08-28,NTI,1.584298,1589,339722850.58,214431134
2026-08-28,NTO,66.801177,1,3616914075.23,54144466
2026-08-28,NTS,3.112206,33,229263594.65,73665955
2026-08-28,NUB,60.575267,899,2130625600.55,35173194
2026-08-28,NUG,49.485187,22,24066279.44,486333
2026-08-28,NUH,1.356982,1131,136894440.33,100881533
2026-08-28,NVB,4.860013,4703,6709429158.05,1380537420
2026-08-28,NVC,3.927263,90,140792527.98,35850042
2026-08-28,NVK,46.881306,19,103727984.3,2212566
2026-08-28,NVP,68.849558,1,61695676.22,896094
2026-08-28,NVT,4.686343,45,426329379.17,90972718
2026-08-28,NVZ,58.660161,340,529743254.91,9030716
2026-08-28,NYH,62.710508,1,1077983223.35,17189834
2026-08-28,NZH,3.624823,296,568733125.69,156899553
2026-08-28,NZT,6.110351,418,10876990801.28,1780092768
2026-08-28,NZU,51.239886,35,47396690.03,924996
2026-08-28,OAB,76.971783,3,669243251.52,8694657
2026-08-28,OAO,1.019729,301,670527078.51,657554093
2026-08-28,OBI,3.218681,468,321027085.95,99738712
2026-08-28,OBN,58.525493,238,270242749.47,4617522
2026-08-28,OBP,0.20915,825,39526969.68,188988578
2026-08-28,OBR,54.23883,10645,46706186363.18,861120826
2026-08-28,OCM,69.411678,2,507619054.66,7313165
2026-08-28,OCN,50.664774,4,118591290.26,2340705
2026-08-28,OCT,73.078259,5,454300789.21,6216634
2026-08-28,ODD,11.105176,30,473368181.28,42625905
2026-08-28,ODG,1.19597,40,67753561.99,56651540
2026-08-28,ODN,58.379847,4856,38346894606.4,656851582
2026-08-28,ODP,7.204155,146,303009696.78,42060408
2026-08-28,ODS,69.911308,107,115354847.46,1650017
2026-08-28,ODV,19.702561,3828,1642090941.37,83344034
2026-08-28,OFA,57.955391,126,241003204.85,4158426
2026-08-28,OFB,11.434831,13,1016527574.04,88897469
2026-08-28,OFI,4.099818,589,157683379.35,38461067
2026-08-28,OFK,52.198312,262,1001656380.18,19189440
2026-08-28,OFO,69.226718,1,2174674556.65,31413804
2026-08-28,OFS,8.338482,434,188030915.94,22549777
2026-08-28,OGD,12.218619,3124,818071528.34,66952865
2026-08-28,OGF,9.50217,425,139325390.82,14662481
2026-08-28,OGV,72.309956,1,285117795.4,3942995
2026-08-28,OHB,24.50644,1054,1445776521.5,58995778
2026-08-28,OHI,0.103238,44,1016855450.75,9849630500
2026-08-28,OHK,2.979342,1236,29721064.98,9975716
2026-08-28,OIL,4.108121,653,46718059.61,11372123
2026-08-28,OIR,5.159657,232,20575117.46,3987691
2026-08-28,OIS,3.443117,2,656409334.77,190643928
2026-08-28,OJB,53.541971,6735,26379572577.1,492689609
2026-08-28,OJH,9.711358,27,23070973.17,2375669
2026-08-28,OJK,14.131643,27778,49220886869.34,3483026378
2026-08-28,OJT,13.094034,11151,4716402604.51,360194763
2026-08-28,OJU,69.165162,2,55709909.64,805462
2026-08-28,OJY,72.996313,6,2512422131.43,34418480
2026-08-28,OKD,0.62033,982,83984071.32,135386135
2026-08-28,OKF,4.756948,12,8433947622.47,1772974341
2026-08-28,OKP,6.512224,441,87870628.9,13493182
2026-08-28,OKT,0.16472,859,112172335.44,680988262
2026-08-28,OLA,54.141153,31,20604660.45,380572.99
2026-08-28,OLD,3.206501,5539,142244533.56,44361292
2026-08-28,OLE,5.110789,502,326775840.52,63938438
2026-08-28,OMB,64.536877,3,226775033.73,3513883
2026-08-28,OMC,72.430256,2,409883036.26,5659003
2026-08-28,OME,26.216458,68,88141251.59,3362058
2026-08-28,OMG,1.879587,703,1313000474.04,698557982
2026-08-28,OMT,1.00219,25,113841656.24,113592883
2026-08-28,ONB,52.711314,570,5497529034.79,104295049
2026-08-28,OND,48.17252,624,3457341759.42,71770000.01
2026-08-28,ONE,1.508105,691,33387824.16,22138923.476
2026-08-28,ONF,66.70915,861,3256755029.57,48820215
2026-08-28,ONK,60.807469,21529,95057189706,1563248583
2026-08-28,ONN,6.517877,573,1422626225.77,218265272
2026-08-28,ONS,54.426658,23565,161275053801,2963162882
2026-08-28,ONT,53.102032,374,4854116464.52,91411125
2026-08-28,ONY,67.131091,741,2391088080.95,35618192
2026-08-28,OPB,13.823098,414,50977497.97,3687849
2026-08-28,OPD,8.589496,21,68254829.02,7946314
2026-08-28,OPF,3.237603,1041,457247323.37,141230194
2026-08-28,OPH,26.586437,2495,942711941.44,35458378
2026-08-28,OPI,23.348244,1535,224796148.77,9627968
2026-08-28,OPJ,1.69556,2454,1200155137.41,707822393
2026-08-28,OPL,9.972308,495,36288022.84,3638879
2026-08-28,OPZ,5.772573,1,722477805.12,125156982
2026-08-28,ORC,1.573427,56,1271122584.9,807869008
2026-08-28,ORI,61.345026,5,1702494087.21,27752765
2026-08-28,OSD,14.348911,851,608621904.53,42415895
2026-08-28,OSF,111.951152,17,4838546698.32,43220160
2026-08-28,OSH,0.591962,17,66772270.42,112798247
2026-08-28,OSL,0.157066,4108,1313603936.7,8363381404
2026-08-28,OSN,1.574485,102,35106977.9,22297440
2026-08-28,OTE,66.849045,2,194849324.48,2914766
2026-08-28,OTF,6.970188,1925,677519671.66,97202495
2026-08-28,OTJ,7.457231,22324,3363405631.56,451026097
2026-08-28,OTK,8.457111,64,4593116.3,543107
2026-08-28,OTM,1.300752,94,13644838.59,10489959
2026-08-28,OTZ,70.55774,4,315548819.45,4472207
2026-08-28,OUB,7.173339,14,896385696.49,124960731
2026-08-28,OUD,67.349935,120,148582509.69,2206127
2026-08-28,OUN,54.322214,315,232355936.85,4277365
2026-08-28,OUR,84.560629,11,31753192.59,375508
2026-08-28,OUY,66.443171,2,1691123880.92,25452185
2026-08-28,OVD,3.485801,3075,755371733.09,216699590
2026-08-28,OVR,68.745279,1,490356847.24,7132953
2026-08-28,OYL,0.162956,8193,3413346586.67,20946488066
2026-08-28,OYS,9.943848,11,16263301383.01,1635513894
2026-08-28,OYT,0.13888,66,1966716120.95,14161218057
2026-08-28,OZC,2.914318,1,289222776.84,99242027
2026-08-28,P1A,1.542138,319,495294557.93,321173948
2026-08-28,PA2,1.149205,523,48628820.82,42315173
2026-08-28,PAB,1.421668,652,128435385.61,90341326
2026-08-28,PAC,3.121407,1,799914435.91,256267233
2026-08-28,PAF,3.739383,3299,300165342.94,80271355
2026-08-28,PAI,6.464649,529,429164412.99,66386342
2026-08-28,PAL,57.333371,31307,151904130993.52,2649488899
2026-08-28,PAO,1.099545,231,26546136.93,24142828
2026-08-28,PAU,68.553206,3851,11179856538.47,163082913
2026-08-28,PBE,6.227697,11,96633127.52,15516672
2026-08-28,PBF,1.665332,2,1589115187.09,954233191
2026-08-28,PBH,1.334017,12,3199459365.26,2398364628
2026-08-28,PBI,2.376134,675,118514915.71,49877209
2026-08-28,PBK,58.535699,112,107400598.28,1834788
2026-08-28,PBN,1.656449,691,505210390.55,304996107
2026-08-28,PBR,5.002714,36622,6113633419.28,1222063250
2026-08-28,PBS,70.11871,22,396794346.19,5658894
2026-08-28,PBY,1.428255,54,191604434.23,134152805
2026-08-28,PCE,1.304399,149,67060461.42,51411016
2026-08-28,PCH,4.028591,57,912986342.02,226626713
2026-08-28,PCN,65.950228,12,567534424.01,8605496
2026-08-28,PCS,10.083822,35,118057999921.91,11707664091
2026-08-28,PDC,0.322111,13,349135248.8,1083898739
2026-08-28,PDD,6.005917,174,833431355.05,138768377
2026-08-28,PDE,1.710075,14,16700156565.84,9765747500
2026-08-28,PDF,60.872618,55,472719829.4,7765722
2026-08-28,PDG,0.588066,11,638838217.55,1086338077
2026-08-28,PDH,18.985525,78,5326500491.24,280555872
2026-08-28,PDR,1.038805,2,2336392235.56,2249115622
2026-08-28,PDS,0.33255,41,89818184.63,270089633
2026-08-28,PEA,1.544054,101,72908067.79,47218609
2026-08-28,PFO,2.377968,285,76365610.77,32113804
2026-08-28,PFS,2.992732,92,15925453.57,5321377
2026-08-28,PGD,1.807817,158,185357021.8,102530843
2026-08-28,PGE,25.569757,45,10325768554.12,403827399
2026-08-28,PGH,7.949186,12,10559093911.27,1328323884
2026-08-28,PGS,1.351297,436,175332616.27,129751377
2026-08-28,PHB,2.967666,14,15584805262.34,5251536912
2026-08-28,PHE,4.103595,113677,29355586082.28,7153625908
2026-08-28,PHF,1.331134,12,391375450.75,294016510
2026-08-28,PHI,1.618624,131,76076438.16,47000682
2026-08-28,PHK,1.609504,247,83974146.49,52173924
2026-08-28,PHN,1091.103087,17,10328239981.13,9465870
2026-08-28,PHS,4.644383,16,188513193.3,40589501
2026-08-28,PHY,4.626222,45,581319036.07,125657393
2026-08-28,PID,1.902539,117,55637703.93,29243925
2026-08-28,PIL,4.005389,8119,484617780.52,120991449
2026-08-28,PIP,1.695738,390,33617688806.57,19824809472
2026-08-28,PIR,1.761787,908,118372662.23,67188975
2026-08-28,PIS,1.471423,204,1280891175.35,870511700
2026-08-28,PJL,5.237742,680,1272053434.75,242862937
2026-08-28,PJP,50.210346,14,404440920.12,8054932
2026-08-28,PK1,1.054389,139,8427203.87,7992501
2026-08-28,PKD,0.972611,156,28610861.41,29416555
2026-08-28,PKF,4.956024,1558,412771366.54,83286800
2026-08-28,PKH,0.913982,11,126856474.22,138795396
2026-08-28,PKL,2.511768,12,1520893231.33,605506954
2026-08-28,PKM,1.078071,568,519071987.31,481482289
2026-08-28,PKN,2.681735,11,64323285.13,23985700
2026-08-28,PKP,1.266674,99,538712453.15,425296826
2026-08-28,PKR,1.547685,213,664176910.81,429142178
2026-08-28,PKT,1.606223,1124,12422176766.35,7733778638
2026-08-28,PKU,15.308724,45,10980817617.26,717291515
2026-08-28,PKV,2.074149,2995,17732166271.52,8549129390
2026-08-28,PKZ,16.991249,17,64600454231.85,3801983949
2026-08-28,PLA,1.285416,115,804523.94,625886
2026-08-28,PLR,1.683932,881,935442447.69,555510687
2026-08-28,PLS,26.960369,7,939157135.11,34834729
2026-08-28,PMG,1.623212,1,1419793600.82,874681642
2026-08-28,PMH,0.005879,43,64793.1,11021437
2026-08-28,PMP,0.82628,418,16477915.64,19942292
2026-08-28,PNU,1.246752,24988,39724468972.88,31862355446
2026-08-28,PO7,1.031289,43,1816494078.61,1761382199
2026-08-28,PO8,2.811074,48,267134923.39,95029485
2026-08-28,PO9,0.824655,148,239829285.56,290823606
2026-08-28,POB,4.478663,42,4635191331.99,1034949682
2026-08-28,POD,69.607731,1411,4262536604.37,61236540
2026-08-28,POF,2.536949,45,2717684882.21,1071241579
2026-08-28,POH,1.003578,4,1717544091.35,1711421252
2026-08-28,POI,0.058826,42,268022593.54,4556187573
2026-08-28,POS,1.257061,424,84907120.19,67544152
2026-08-28,POU,2.854242,72,7515287930.7,2633023776
2026-08-28,PP1,1.728451,249,34027892.46,19686930
2026-08-28,PPB,10.24474,1507,385021472.19,37582356
2026-08-28,PPD,35.838169,106,2313793265.72,64562263
2026-08-28,PPE,63.205798,66,755964983.75,11960374
2026-08-28,PPF,5.236716,22,337762908.88,64498999
2026-08-28,PPG,1.464926,1715,2384522837.88,1627743048
2026-08-28,PPH,1.716239,2448,66388141.2,38682348
2026-08-28,PPI,2.300254,2765,4317154797.87,1876816322
2026-08-28,PPJ,1.865501,6668,85273684519.44,45710872603
2026-08-28,PPK,2.267624,3103,5891477178.79,2598084100
2026-08-28,PPM,2.194793,149,132735448.48,60477433
2026-08-28,PPN,5.81592,13324,12360133002.37,2125224033
2026-08-28,PPO,3.218109,44,196895923.68,61183726
2026-08-28,PPP,3.146363,367,7903258063.91,2511871297
2026-08-28,PPS,3.487278,2370,997412699.89,286014696
2026-08-28,PPT,3.306693,3808,2809260326.98,849567952
2026-08-28,PPU,1.824496,44,292361887.97,160242537
2026-08-28,PPV,1.159722,161,11298813915.41,9742688749
2026-08-28,PPZ,6.637901,8261,12899867787.35,1943365424
2026-08-28,PRD,2.360241,597,452578269.89,191750872
2026-08-28,PRF,69.251619,2,201175885,2904999
2026-08-28,PRH,2.205691,294,657256332.35,297982120
2026-08-28,PRR,1.344313,158,756956279.18,563080395
2026-08-28,PRU,3.693932,1462,2930739071.57,793392736
2026-08-28,PRV,1.354735,84,4447379933.1,3282840952
2026-08-28,PRY,3.199518,55015,112067749579.8,35026443373
2026-08-28,PSD,54.082861,1,2756179702.91,50962165
2026-08-28,PSE,1.890687,5854,25779310436.03,13634887420
2026-08-28,PSG,9.074942,16,411436357.9,45337627
2026-08-28,PSH,1.065978,360,17063184.94,16007075
2026-08-28,PSL,8.535929,52,251315238.74,29442048
2026-08-28,PSO,0.442807,1,906102462.54,2046269480
2026-08-28,PSR,3.137815,45,1302637078.97,415141394
2026-08-28,PSS,6.04668,11,227247211.21,37582147
2026-08-28,PST,0.011636,48,49129651.33,4222197261
2026-08-28,PTC,66.264742,16,1056525249.14,15944003
2026-08-28,PTE,1.712577,4713,50995727630.55,29777180582.92
2026-08-28,PTF,1.457836,280,771376511.45,529124425
2026-08-28,PTG,64.671189,1,117701564.03,1820000
2026-08-28,PTL,1.880637,1815,1015875828.45,540176323
2026-08-28,PTN,1.695379,882,832032494.53,490764757
2026-08-28,PTO,1.844783,3623,239500241.4,129825664
2026-08-28,PTP,1.204128,297,87911078.59,73008060
2026-08-28,PTS,1.613635,947,8649123296.28,5360025510
2026-08-28,PUA,10.130773,1,5037746364.18,497271653
2026-08-28,PUC,7.443066,704,436416310.55,58633945
2026-08-28,PUH,1.669375,23,355296509.85,212832098
2026-08-28,PUK,1.318281,9933,1534967056.16,1164370050
2026-08-28,PUR,10.519623,39445,131884500615.49,12536998692
2026-08-28,PUT,8.113872,1,7122254226.74,877787362
2026-08-28,PUV,57.503041,1,1227680322.14,21349833
2026-08-28,PVK,5.811155,8326,41423600060.19,7128290785
2026-08-28,PYB,1.880339,1148,800685090.47,425819511
2026-08-28,PYD,0.257496,44,47000583.93,182529203
2026-08-28,PYF,10.629639,10,3112695845.98,292831749
2026-08-28,PYH,6.950036,11,3976727065.4,572187994
2026-08-28,PYI,11.697349,44,2990020498.03,255615232
2026-08-28,PYL,9.664193,33,561117168.04,58061461
2026-08-28,PYR,1.381424,1143,67901413.57,49153197
2026-08-28,PYS,59.990779,43,1134004801.54,18902985
2026-08-28,RAF,3.833966,12,160101013.58,41758590
2026-08-28,RAI,2.178018,1,5687386840.38,2611267131
2026-08-28,RAN,59.166828,1,1099423451.15,18581754
2026-08-28,RAV,1.553252,12,1142220387.7,735373680
2026-08-28,RAY,4.174681,1,1823473293.6,436793424
2026-08-28,RBA,22.520279,5418,1987733083.51,88264141
2026-08-28,RBB,1.67479,40,16137926.97,9635794
2026-08-28,RBE,4.306156,16,3022437227.81,701887559
2026-08-28,RBF,1.797525,82,23598109.52,13128110
2026-08-28,RBH,35.426331,5085,1027679895.16,29008928
2026-08-28,RBI,56.319913,85,57073586.02,1013382
2026-08-28,RBK,8.843556,1106,42277448.93,4780594
2026-08-28,RBL,1.892387,819,327558692.52,173092871
2026-08-28,RBN,1.526897,144,40854844.77,26756778
2026-08-28,RBP,2.285983,1070,2952490113.37,1291562438
2026-08-28,RBR,3.813196,1004,102569656.87,26898603
2026-08-28,RBT,6.625483,2728,1344617984.23,202946398
2026-08-28,RBV,6.961329,17677,8449694714.72,1213804820
2026-08-28,RCL,62.014858,1,166510577.17,2685011
2026-08-28,RCS,5.233785,1,2403139.36,459159
2026-08-28,RCV,1.814136,142,66041341.62,36403736
2026-08-28,RD1,1.953949,153,67371401.3,34479618
2026-08-28,RDF,1.643839,647,405970142.05,246964730
2026-08-28,RDH,4.274071,16,1116414069.54,261206263
2026-08-28,RDK,1.216205,2,1305130.99,1073118
2026-08-28,RDS,22.495194,11,962758711.24,42798417
2026-08-28,RDT,0.910272,59,75043313.12,82440562
2026-08-28,RDZ,50.55849,121,667591594.9,13204342
2026-08-28,RE6,1.006433,11,1262689268.64,1254617962
2026-08-28,RE7,0.6845,13,95769.77,139912
2026-08-28,RE8,3.274242,13,1271842722.25,388438857
2026-08-28,RFM,1.12053,448,29158700.24,26022243
2026-08-28,RGD,1.156976,131,28830274.15,24918637
2026-08-28,RGH,1.157654,26,39837984.09,34412686
2026-08-28,RHD,1.984431,12,154051816.98,77630222
2026-08-28,RHI,1.740009,434,49093802.62,28214687
2026-08-28,RHS,7.576187,1498,806249334,106418876
2026-08-28,RIA,1.385966,47,13335612.63,9621893
2026-08-28,RIH,13.076812,1418,194295655.75,14858029
2026-08-28,RIK,5.576286,3847,600075599.68,107612058
2026-08-28,RJG,3.635078,556,92840697.88,25540219
2026-08-28,RKC,1.777271,264,30550481.51,17189549
2026-08-28,RKH,1.088601,76,9006296.81,8273277
2026-08-28,RKL,2.855412,1,2234652001.86,782602250
2026-08-28,RKS,2.048007,145,90058569.38,43973765
2026-08-28,RKV,2.618498,226,580729416.47,221779619
2026-08-28,RLH,1.711253,36,278450368.12,162717196
2026-08-28,RO1,1.301392,22,219289162.63,168503485
2026-08-28,ROD,56.098097,615,1738527309.01,30990843
2026-08-28,ROF,3.384585,424,522170631.1,154279082
2026-08-28,ROY,1.414483,13,682876146.9,482774528
2026-08-28,RPC,5.331787,550,24512669.93,4597459
2026-08-28,RPD,14.805579,1850,269972259.73,18234495
2026-08-28,RPE,0,0,94.47,0
2026-08-28,RPG,6.580759,1701,961649290.01,146130461
2026-08-28,RPI,1.499412,320,14154985.41,9440356
2026-08-28,RPK,64.398051,5,115319263.57,1790726
2026-08-28,RPL,1.744711,22,125436347.32,71895200
2026-08-28,RPM,4.638717,2980,101906398.99,21968660
2026-08-28,RPN,5.129544,23,815900784.56,159059117
2026-08-28,RPO,6.65887,3,1617993356.04,242983168
2026-08-28,RPP,5.000192,7611,6603222381.83,1320593843
2026-08-28,RPS,63.865845,97,175041464.56,2740768
2026-08-28,RPT,5.207469,177,1231411296.29,236470218
2026-08-28,RPU,3.68845,12,2659834961.56,721125459
2026-08-28,RPX,63.279775,127,615955394.38,9733843
2026-08-28,RRA,1.514395,196,1425782134.93,941486433
2026-08-28,RRP,1.657077,84,829211658.13,500406298
2026-08-28,RS1,1.626439,125,817006146.05,502328099
2026-08-28,RSF,4.406525,12,1244586567.16,282441717
2026-08-28,RSK,1.957654,272,312328290.81,159542167
2026-08-28,RSY,1.08966,12,160664687.7,147444770
2026-08-28,RSZ,10.883894,25,2291578877.54,210547701
2026-08-28,RTA,2.519449,15,4627016185.48,1836519143
2026-08-28,RTB,2.705839,11,545389446.79,201560173
2026-08-28,RTD,2.101594,501,26843137.29,12772750
2026-08-28,RTG,5.822158,4830,255218662.35,43835750
2026-08-28,RTH,6.004432,246,19096278.68,3180364
2026-08-28,RTI,3.404889,62,52675151166.08,15470446219
2026-08-28,RTP,12.53346,1350,311496364.01,24853183
2026-08-28,RUH,5.179895,15,53270123.92,10284016
2026-08-28,RUT,2.562385,4727,196245223.44,76586945
2026-08-28,RVI,1.415876,11,21265105.91,15019044
2026-08-28,RVS,3.30475,19,4523592200.72,1368815305
2026-08-28,RYA,1.312221,1,394488484.29,300626629
2026-08-28,RYB,47.156001,11,4717250.57,100035
2026-08-28,RYD,1.464165,13,323544055.65,220975082
2026-08-28,RYF,12.189073,48,429141777.64,35207089
2026-08-28,RYU,49.579203,58,522884888.01,10546456
2026-08-28,RZR,4.665312,2,16506982.64,3538238
2026-08-28,SAP,1.864435,372,313155440.26,167962667
2026-08-28,SAR,53.091659,9,900636441.59,16963803
2026-08-28,SAS,1.633753,41332,961467841.52,588502611
2026-08-28,SAT,243.862476,4,1939346577.77,7952624
2026-08-28,SBH,1.846933,752,406870550.41,220295275
2026-08-28,SBI,3.702446,15,34974590.21,9446347
2026-08-28,SBR,1.303663,25,15029904.31,11528980
2026-08-28,SBS,72.073716,1,246823286.32,3424595
2026-08-28,SCZ,1.571678,164,82774592.96,52666366
2026-08-28,SD1,1.039576,205,45765028.04,44022769
2026-08-28,SDA,50.712475,1096,6562077719.72,129397702
2026-08-28,SEH,1.498659,45,104758536.37,69901499
2026-08-28,SER,58.05568,828,7249856393.21,124877641
2026-08-28,SFA,24.455992,18,1283101461.05,52465730
2026-08-28,SFS,1.426628,82,31778291.31,22275101
2026-08-28,SGK,1.00238,67,200879580.96,200402597
2026-08-28,SGT,2.011242,2605,204571962.08,101714237
2026-08-28,SHC,1.045312,125,72177111.97,69048369
2026-08-28,SHE,3.597263,635,58189667.27,16176093
2026-08-28,SHI,0.168177,46,696169243.48,4139493592
2026-08-28,SHU,1.452006,35,394987888.74,272029192
2026-08-28,SIA,0.953335,11,881392.54,924536
2026-08-28,SIS,0.281628,13,59689012.3,211943093
2026-08-28,SJP,62.454937,29,326156794.55,5222274
2026-08-28,SKL,2.048572,746,134272287.53,65544333
2026-08-28,SKO,1.710485,3211,214261549.99,125263611
2026-08-28,SKS,51.426688,3,1285667211.62,25000000
2026-08-28,SKT,0.117777,2019,39969534.08,339366062
2026-08-28,SKZ,1.039486,698,123478385.8,118787894
2026-08-28,SLF,11.39424,6888,1145608434.31,100542767
2026-08-28,SLG,1.426214,734,482767496.71,338495738
2026-08-28,SLR,0.321398,5,1220251907.81,3796699149
2026-08-28,SLS,0.629886,13,379638.46,602710
2026-08-28,SMP,1.04163,1,1458282038.75,1400000000
2026-08-28,SNY,1.552224,485,538265909.05,346770772
2026-08-28,SOS,1.713326,475,34737525.53,20274911
2026-08-28,SPA,70.35111,198,3174844311.23,45128560
2026-08-28,SPD,82.72293,1,350273704.44,4234300
2026-08-28,SPE,108.859763,1254,4345014300.49,39913869
2026-08-28,SPN,10.040225,367,1506448072.16,150041265
2026-08-28,SPP,1.609005,712,544941404.68,338682295
2026-08-28,SPR,1.334551,163,8796291.76,6591197
2026-08-28,SPT,2.227377,850,96701939.97,43415172
2026-08-28,SRA,16.761186,1,2113199667.3,126076981
2026-08-28,SRE,64.017494,1,1001950411.08,15651197
2026-08-28,SRL,1.781859,2962,72555866.89,40719192
2026-08-28,SRO,24.768419,6,6904317813.81,278754881
2026-08-28,SSD,54.06096,1,558591737.64,10332627
2026-08-28,SSE,0.003449,11,108670448.46,31504588703
2026-08-28,SSF,0.953475,15,1233460.12,1293647
2026-08-28,SSK,1.781454,592,50865606.36,28552859
2026-08-28,SSN,59.61832,4,777927798.74,13048469
2026-08-28,SSO,15.059901,1,7678713109.17,509878048
2026-08-28,SSS,1.435611,5253,254502025.23,177277800
2026-08-28,SST,1.614983,22,9529225.7,5900512
2026-08-28,ST1,189.823166,2447,651458803.81,3431924.66
2026-08-28,STI,1.294176,69,186988941.46,144484931
2026-08-28,STM,3.226112,12,385039.66,119351
2026-08-28,STS,86.454722,27,420793719.33,4867215
2026-08-28,STZ,24.889761,83,540255991.41,21705953
2026-08-28,SUA,0.600868,1163,2225143688.13,3703213941
2026-08-28,SUB,0.402634,758,111534483.02,277011776
2026-08-28,SUC,22.896064,537,591415488.37,25830444
2026-08-28,SUR,1.168959,89,219394387.35,187683546
2026-08-28,SVB,9.54244,1313,248326009.59,26023324
2026-08-28,SVS,2.774447,1,1149255647.5,414228781
2026-08-28,SVY,1.690816,2,3587941326.46,2122017742
2026-08-28,SYF,237.024553,6,1769827733.43,7466854
2026-08-28,SYL,4075.65309,1,1128165229.2,276806
2026-08-28,SYR,50.072378,22,310491905.31,6200862
2026-08-28,SYS,49.284727,121,1777454031.78,36065007
2026-08-28,T3B,0.123539,16,13870423695.5,112275362952
2026-08-28,TAL,2.894494,758,37650499.64,13007628
2026-08-28,TAO,21.208747,1,1121018773.94,52856435
2026-08-28,TAR,2.560682,6761,131243915.63,51253510
2026-08-28,TAU,0.642838,34654,2500295718.03,3889463874
2026-08-28,TAZ,2.507185,2,1182183186.64,471518068
2026-08-28,TB9,53.571024,10698,40576385304.93,757431582
2026-08-28,TBP,0.282871,197,467368225.99,1652231895
2026-08-28,TBT,54.48825,2474,443793205.43,8144750.519
2026-08-28,TBV,0.413418,7866,1190511607.87,2879681447
2026-08-28,TCA,0.821057,46108,14507687480.81,17669526041.442
2026-08-28,TCB,0.236567,4658,3086419229.68,13046709106
2026-08-28,TCC,0.081274,397,414310824.22,5097699037
2026-08-28,TCD,49.796299,11728,1490817531.55,29938320
2026-08-28,TCF,4.584385,2769,3243781963.48,707571922
2026-08-28,TCG,1.343712,1,190346357.64,141657132
2026-08-28,TCH,2.251648,58,242737170.12,107804233
2026-08-28,TCI,11.552146,15,1402769553.24,121429349
2026-08-28,TCS,43.21107,44,1467333670.5,33957356
2026-08-28,TDG,0.531625,2082,735170381.11,1382873211
2026-08-28,TDP,60.114531,44,328208929.68,5459727
2026-08-28,TE3,41.482643,2917,1156285402.51,27873957
2026-08-28,TE4,6.607077,1441,1835693328.73,277837427
2026-08-28,TEJ,2.794762,1331,743867242.13,266164817
2026-08-28,TFE,2.8486,115,35193200.79,12354562
2026-08-28,TFF,43.72981,9013,1353031900.19,30940722
2026-08-28,TFU,1.291256,1289,252278381.73,195374385
2026-08-28,TGA,0.488233,6201,819947710.78,1679419320
2026-08-28,TGE,0.295664,37456,3017850865.29,10207032222
2026-08-28,TGN,1.460346,1956,2320292010.19,1588864209
2026-08-28,TGR,7.088215,5677,114433597.26,16144206
2026-08-28,TGT,0.120849,61712,3992294808.41,33035487663
2026-08-28,TGV,10.81602,13,6883220222.01,636391228
2026-08-28,TGZ,6.243987,12,1134086105.39,181628509
2026-08-28,THD,2.772969,201,8775973.99,3164829
2026-08-28,THF,2.685294,103943,59354560391.78,22103560479
2026-08-28,THG,7.226903,177,174464198.09,24140934
2026-08-28,THH,152.167778,1,1941432897.49,12758502
2026-08-28,THO,50.981954,12,4875968695.63,95641072
2026-08-28,THS,64.228858,1,421384598.44,6560674
2026-08-28,THT,0.205627,357,10205758.28,49632305
2026-08-28,THV,49.862031,17,2248837719.62,45101206
2026-08-28,TI1,1679.26736,237025,231057700340.18,137594349.65
2026-08-28,TI2,0.129201,20758,3414836281.84,26430348443
2026-08-28,TI3,0.111553,21583,1981820167.12,17765662196
2026-08-28,TI4,0.06532,13930,1928534851.9,29524602327
2026-08-28,TI6,0.054603,4813,573441828.69,10501938236
2026-08-28,TI7,79.078009,9669,1180765394.49,14931653
2026-08-28,TIE,0.77093,18676,1765913627.77,2290627953
2026-08-28,TIL,1.419541,1651,91243567.7,64276798
2026-08-28,TIP,50.133351,76,832662321.97,16608950
2026-08-28,TIV,53.440663,117290,24134103838.58,451605623.112
2026-08-28,TJB,10.119046,1,826750628.56,81702428
2026-08-28,TJF,5.36483,539,54145667.51,10092708
2026-08-28,TJI,6.590084,907,605607533.77,91896783
2026-08-28,TJL,20.86733,4,1418783775.17,67990671
2026-08-28,TJT,68.903091,1839,2280262694.93,33093765
2026-08-28,TKF,70.637938,4256,1007759883.66,14266553
2026-08-28,TKH,2.291743,1,468039526.22,204228599
2026-08-28,TKK,1.780625,112926,1816377716.42,1020078850
2026-08-28,TKM,0.216889,505334,75323742149.16,347292085486
2026-08-28,TLC,1.062826,285,402656805.5,378854871
2026-08-28,TLE,28.51745,914,534561246.15,18745058
2026-08-28,TLH,27.752598,329,129843779.1,4678617
2026-08-28,TLK,1.780975,1033,3630907156.15,2038718283
2026-08-28,TLT,71.334812,1,404016763.24,5663669
2026-08-28,TLU,53.748124,518,8938915935.47,166311216
2026-08-28,TLV,1.376236,10529,3896687464.82,2831410093
2026-08-28,TLY,9140.087628,110917,273001959511.82,29868637
2026-08-28,TLZ,20.424399,878,76198611.36,3730764
2026-08-28,TMC,0.164358,11613,156100829.42,949759002
2026-08-28,TMG,1.451618,35560,5059402077.1,3485354113
2026-08-28,TMH,0,12,0,0
2026-08-28,TMM,73.768953,1506,1155887649.93,15669026
2026-08-28,TMR,7.760326,1,9215192924.49,1187475000
2026-08-28,TMS,2.167858,85,416585650.96,192164604
2026-08-28,TMU,1.438365,90,59335482.29,41252029
2026-08-28,TMV,10.161824,13449,40548582128.07,3990285712
2026-08-28,TMZ,2.014171,2545,52182701.53,25907784
2026-08-28,TNB,50.354609,82,711397377.32,14127751
2026-08-28,TND,1.513805,489,193223935.25,127641231
2026-08-28,TNF,4.285204,3,5211339174.54,1216123947
2026-08-28,TNH,12.022714,3,151139807.06,12571189
2026-08-28,TNI,11.440705,2696,7864739742.91,687434886
2026-08-28,TNK,34.045699,74054,3760755910.59,110461998
2026-08-28,TNS,13.268065,16,96728945.82,7290358
2026-08-28,TO8,57.101077,101,730844164.73,12799131
2026-08-28,TOK,59.607039,6962,24766821816.54,415501632
2026-08-28,TOT,959.555482,639,116763508.8,121685
2026-08-28,TP1,68.354785,1,383550936.87,5611179
2026-08-28,TP2,2.190119,158895,205069450410.06,93633931193
2026-08-28,TPC,13.606536,12403,6050628249.7,444685422
2026-08-28,TPE,0.552071,34,2361710622.02,4277909763
2026-08-28,TPF,11.169282,511,124447155.83,11141912
2026-08-28,TPJ,78.846654,1476,2341698405.87,29699401
2026-08-28,TPL,21.314756,1517,500799973.53,23495459.006
2026-08-28,TPO,0.182595,3,106914899.89,585531154
2026-08-28,TPP,78.964466,390,1889935537.89,23934000
2026-08-28,TPR,0.48458,1,10430211.65,21524221
2026-08-28,TPV,10.623824,43,8085675.42,761089
2026-08-28,TPZ,28.598809,1518,146708541.81,5129883
2026-08-28,TRJ,2.185176,4343,2165696081.59,991085480
2026-08-28,TRN,1.095472,1,2003752733.68,1829123080
2026-08-28,TRO,2.642184,379,28660978.82,10847458
2026-08-28,TRR,6.481203,462,2381856668.87,367502230
2026-08-28,TRU,1.522255,272,294585976.95,193519525
2026-08-28,TSI,0.208782,77869,22836092204.65,109377939936
2026-08-28,TSP,71.144326,5,1745651456.24,24536763
2026-08-28,TTA,0.652829,224475,27808635630.94,42597139835
2026-08-28,TTE,1.732765,47116,3993172249.15,2304509033
2026-08-28,TTL,39.029933,369,307187621.99,7870565
2026-08-28,TTP,51.701048,105,889976925.02,17213905
2026-08-28,TTS,70.876876,1,2203314441.73,31086506
2026-08-28,TTV,8.87258,33,2799403742.17,315511799
2026-08-28,TTZ,3.708313,7,237609547.72,64074841
2026-08-28,TUA,1.53686,31508,16073676881.45,10458780176.209
2026-08-28,TVE,1.148041,351,218395309.42,190232982
2026-08-28,TVN,2.960797,534,10997917.46,3714513
2026-08-28,TYH,2.122429,6252,1159393266.79,546257776.836
2026-08-28,TZC,0.318657,1136,31787451.28,99754388
2026-08-28,TZD,2.587869,7910,688349251.69,265990799.054
2026-08-28,TZH,8.604023,1,61910361513.63,7195513139
2026-08-28,TZL,0.139163,184805,94301214810.11,677633115632.17
2026-08-28,TZP,14.323572,14,1131317606.38,78982922
2026-08-28,TZT,0.170426,5833,321102233.78,1884117526.044
2026-08-28,TZV,955.473678,134304,32124154426.71,33621182
2026-08-28,UAB,5.472328,2,645967516.74,118042548
2026-08-28,UAP,71.356796,1,468560836.25,6566450
2026-08-28,UCN,2.0742,2,1129903143.43,544741624
2026-08-28,UCP,1.334661,26,28399226898.41,21278234334
2026-08-28,UFH,73.344852,1,269637607.15,3676299
2026-08-28,UHL,74.03649,1,2644861790.44,35723760
2026-08-28,UHS,6.948347,13,373903991.18,53811937
2026-08-28,ULH,6.615081,243,1284184446.99,194129803
2026-08-28,ULL,70.666158,3,289518894.06,4096995
2026-08-28,UNT,1.575743,255,23941304652.13,15193660670
2026-08-28,UP1,6.553325,1461,1455221043.42,222058436
2026-08-28,UP2,4.250524,303,2820541588.97,663575024.14
2026-08-28,UPD,22.249458,256,2443505226.73,109823137
2026-08-28,UPH,30.795194,525,109656573.73,3560834
2026-08-28,UPP,7.085617,917,2563554215.65,361796890
2026-08-28,UPS,5.070191,1,1070342716.64,211105000
2026-08-28,URA,2.030032,9265,712942329.97,351197598
2026-08-28,URC,55.822051,150,161886794.44,2900051
2026-08-28,URD,50.377876,12,11013117143.53,218610191
2026-08-28,URG,76.525173,1,574149391.87,7502752
2026-08-28,URM,49.173431,5,8483963636.54,172531457
2026-08-28,URS,3.906646,1,1023889487.64,262089128
2026-08-28,URV,3.473893,2,9328791837.51,2685399860
2026-08-28,USS,3.881684,1,4207880306.91,1084034643
2026-08-28,UST,4.244313,1,1989899685.27,468839001
2026-08-28,USY,0.264051,391,1342730063.47,5085109513
2026-08-28,UYH,5.095931,12,685719319.33,134562128
2026-08-28,UZY,9.318084,39,328491965.6,35253165
2026-08-28,VAY,1.595284,2980,49113753.77,30786848
2026-08-28,VCD,6.385621,12,1614546729.5,252840995
2026-08-28,VCG,5.775749,12,2000408253.23,346346139
2026-08-28,VCY,3.510124,12123,165608450.14,47180222
2026-08-28,VFK,5.506589,5610,3070372888.29,557581595
2026-08-28,VFO,1.055586,6278,360221368.44,341252657
2026-08-28,VFS,1.982733,1,6385778.7,3220695
2026-08-28,VHS,0.997667,426,51751247.58,51872274
2026-08-28,VK6,4.185588,161855,83697669336.13,19996635426.988
2026-08-28,VKI,3.128651,346,867552301.28,277292813
2026-08-28,VKK,1.09156,430,80567596.78,73809571
2026-08-28,VKT,0.122804,43221,4477773050.53,36462711684.964
2026-08-28,VKV,1.09169,887,476189140.87,436194580
2026-08-28,VLT,1.068276,635,70039880.91,65563470
2026-08-28,VMV,2.806468,149,7303342818.09,2602325141
2026-08-28,VNK,2.453836,242,3814326958.82,1554434580
2026-08-28,VPA,1.118323,3243,9086440442.56,8125059352
2026-08-28,VPP,54.152594,573,1572796507.28,29043789
2026-08-28,VPS,0.904971,5859,1285798166.5,1420816692
2026-08-28,VRK,1.353363,153,46556314.08,34400474
2026-08-28,VTF,2.16879,1,414562960.37,191149460
2026-08-28,VTL,1.116145,7017,3337013715.5,2989767846
2026-08-28,YA1,1.433058,24,18372898367.25,12820765293
2026-08-28,YAC,14.914224,9831,5527940772.63,370648912
2026-08-28,YAE,1.191723,609,69170504.61,58042428
2026-08-28,YAK,5.266063,108057,1142409375.31,216938046.414
2026-08-28,YAN,14.654924,3578,1864193500.99,127205946
2026-08-28,YAR,27.592085,1,772578371.3,28000000
2026-08-28,YAS,14.989655,61903,6490436228,432994381
2026-08-28,YAY,1850.315567,44056,13455217258.07,7271850
2026-08-28,YBE,1.860434,13966,5057655162.48,2718535783
2026-08-28,YBH,54.403529,601,650582640.92,11958464
2026-08-28,YBJ,59.036307,1,1952061710.24,33065444
2026-08-28,YBP,12.802067,55,958893873.84,74901488
2026-08-28,YBR,55.924506,2583,6425446978.53,114895016
2026-08-28,YBS,0.146558,11906,2060183567.49,14057132212
2026-08-28,YCG,61.182186,4,203749220.14,3330205
2026-08-28,YCH,2.73061,114,109141548.02,39969656
2026-08-28,YCK,4.730819,198,419984272.73,88776222
2026-08-28,YCL,10.498617,12,177082827.26,16867253
2026-08-28,YCP,8.567451,1995,1010587526.48,117956611
2026-08-28,YCY,4.139307,278,321051904.86,77561746
2026-08-28,YDH,1.171085,1,5246560970.89,4480085038
2026-08-28,YDI,0.488321,6914,1180464094.5,2417396085
2026-08-28,YDK,0.120762,48474,148948946.21,1233407491
2026-08-28,YDL,60.278884,8,1262012823.25,20936234
2026-08-28,YDM,1.935597,2,1313663194.5,678686262
2026-08-28,YDP,2.339157,2497,396580946.66,169540125
2026-08-28,YDZ,55.278013,2908,11490326923.81,207864327
2026-08-28,YEF,0.999475,13347,2017571553.67,2018630473.008
2026-08-28,YFV,0.106427,7491,895343125.98,8412739366
2026-08-28,YGM,3.400794,1914,548493303.46,161283905
2026-08-28,YHB,2.526923,7149,283105694.46,112035762
2026-08-28,YHI,1.54951,235,58813372.59,37956120
2026-08-28,YHK,2.141182,7081,1233615426.52,576137477
2026-08-28,YHP,4.698648,1,1785486359,380000000
2026-08-28,YHS,27.578648,8787,2982279832.85,108137273
2026-08-28,YHT,0.416637,85854,2375918586.44,5702609167.894
2026-08-28,YHY,1.031783,18,188114536.2,182319880
2026-08-28,YHZ,9.96679,18044,1522849976.41,152792420
2026-08-28,YIK,1.546819,1511,27200275167.09,17584658055
2026-08-28,YIS,1.433004,1,1060961977.39,740375889
2026-08-28,YIT,2.693931,16722,2336347132.07,867263322
2026-08-28,YIV,3.631897,2,5799770641.71,1596898432
2026-08-28,YJA,67.86563,4,406306978.89,5986933
2026-08-28,YJH,3.86629,4082,194404355.98,50281890
2026-08-28,YJK,5.764368,14121,1040162681.57,180446965
2026-08-28,YJU,66.976893,1,445905830.28,6657607
2026-08-28,YJY,58.192271,9158,77043481026.85,1323946975
2026-08-28,YKS,0.351124,362,602969348.36,1717256835
2026-08-28,YKT,0.930927,86680,34945860288.08,37538761631
2026-08-28,YLB,1.83233,355933,111262293427.14,60721754676
2026-08-28,YLC,3.946857,1342,74561260.42,18891300
2026-08-28,YLE,8.927536,2248,243915052.93,27321654
2026-08-28,YLO,5.549204,5090,249915319.79,45036243
2026-08-28,YLR,2.341235,4,11467.37,4898
2026-08-28,YLY,2.298367,898,32700232.07,14227592
2026-08-28,YLZ,3.487836,17,3896659063.78,1117214008
2026-08-28,YMD,56.939351,1462,7824994802.82,137426834
2026-08-28,YMH,1.598108,319,424335129.76,265523485
2026-08-28,YMP,1.166891,115,560117902.69,480008909
2026-08-28,YNF,1.031023,169,382546.47,371036
2026-08-28,YNK,48.416259,1175,20145262942.99,416084662
2026-08-28,YNL,55.75883,1,222027759.63,3981930
2026-08-28,YOA,90.265468,140,1930687375.09,21388992
2026-08-28,YOS,57.237184,277,1192742946.08,20838603
2026-08-28,YOT,40.863403,9812,1864522781.11,45628182.059
2026-08-28,YOZ,49.842327,2160,47689682817.63,956810914
2026-08-28,YP1,64.749469,3,220986893.83,3412953
2026-08-28,YP2,74.040659,1,1376352760.83,18589148
2026-08-28,YP4,54.744047,29430,134126724587.62,2450069571
2026-08-28,YPC,5.618328,2337,52197274.59,9290536
2026-08-28,YPD,68.525282,2,100640408.95,1468661
2026-08-28,YPF,10.433168,595,1419198315.84,136027557
2026-08-28,YPI,56.885892,59,2045338341.62,35955107
2026-08-28,YPK,14.652155,226,208044110.28,14198875
2026-08-28,YPL,74.111728,1566,13707815282.19,184961484
2026-08-28,YPN,68.352914,1095,3777517731.25,55264911
2026-08-28,YPP,25.688596,1,4805278126.11,187058807
2026-08-28,YPR,1.737294,322,81180021.51,46727868
2026-08-28,YPT,4.170967,19352,135949503291.22,32594240287
2026-08-28,YPU,67.355652,1910,5344374389.59,79345597
2026-08-28,YPV,8.048745,3353,5630951216.65,699606102
2026-08-28,YRZ,48.974371,156,805798835.97,16453480
2026-08-28,YSA,49.488088,295,401107437.07,8105131
2026-08-28,YSH,0.996377,442,62317125.86,62543723
2026-08-28,YSL,43.981643,377,684550522.72,15564460
2026-08-28,YSO,1.66437,408,97360256.46,58496754
2026-08-28,YSU,0.177544,6130,248880965.67,1401800373
2026-08-28,YTD,0.967099,14899,1782153351.12,1842783437
2026-08-28,YTJ,70.53724,1,1239243377.95,17568640
2026-08-28,YTO,53.882112,4,711949901.56,13213103
2026-08-28,YTR,81.152347,2,628557222.48,7745398
2026-08-28,YTV,3.131163,2238,200636324.78,64077258
2026-08-28,YTY,59.779976,20718,119776643000.12,2003624819
2026-08-28,YUB,5.522573,587,399072093.13,72261982
2026-08-28,YUD,76.241924,2,258726968.68,3393500
2026-08-28,YUI,1.992143,7,954634926.02,479200096
2026-08-28,YUK,50.588258,147,1374836066.6,27176980
2026-08-28,YUN,58.836211,581,3241815425.11,55098984
2026-08-28,YUY,1.031986,2,1022039369.74,990361196
2026-08-28,YVB,1.392014,659,108646924.7,78050173
2026-08-28,YVD,4.447769,81784,47162696916.2,10603673976
2026-08-28,YVF,74.108767,4,959951315.4,12953276
2026-08-28,YVG,63.953437,1214,6091955093.3,95256101
2026-08-28,YVO,70.76344,2,741787386.85,10482636
2026-08-28,YVS,76.926913,6,444461547.83,5777712
2026-08-28,YZC,5.197909,12330,657562137.72,126505123
2026-08-28,YZF,102.046898,1,484722763.45,4750000
2026-08-28,YZG,13.784055,60891,11485014768,833210187
2026-08-28,YZH,11.048641,5526,658244428.88,59576960
2026-08-28,YZK,7.912953,191,211390127.46,26714444
2026-08-28,YZL,5.717346,58,545849472.21,95472531
2026-08-28,YZT,1.010586,8561,429444114.19,424945746
2026-08-28,ZA2,2.065959,560,3997884567.97,1935123362
2026-08-28,ZAD,46.533452,51,16229751.15,348776
2026-08-28,ZAV,57.918974,4865,63390908455.75,1094475682
2026-08-28,ZAY,6.445603,3295,1490571958.33,231254070
2026-08-28,ZBD,686.398137,2064,942245080.14,1372738.389
2026-08-28,ZBI,2.310543,1864,187242489.47,81038292
2026-08-28,ZBJ,5.21746,20087,79175106767.98,15175030032.533
2026-08-28,ZBN,24.031045,168,149666262.51,6228038
2026-08-28,ZBO,3.315479,225,462003828.72,139347545
2026-08-28,ZBZ,68.430637,1,359249551.5,5249835
2026-08-28,ZCA,8.670521,1,65337563.48,7535598
2026-08-28,ZCB,74.908116,3,2407621.77,32141
2026-08-28,ZCC,80.433191,2,425109926.84,5285255
2026-08-28,ZCD,4.907575,464,1391787492.02,283599869
2026-08-28,ZCE,4.724132,1,13264104563.56,2807733694
2026-08-28,ZCF,4.138787,1,1907973549.41,460998205
2026-08-28,ZCG,6.785136,155,1039797077.11,153246302
2026-08-28,ZCH,2.507023,1,5159439134.33,2057994652
2026-08-28,ZCK,1.893281,2401,404958763.49,213892537
2026-08-28,ZCN,4.098266,6551,653891093.03,159553100
2026-08-28,ZDD,7.58484,1411,518276829.69,68330617
2026-08-28,ZDK,15.865654,1,3324457.43,209538
2026-08-28,ZDZ,13.14135,8598,1030768520.07,78437033
2026-08-28,ZFB,7.37252,15231,1055343664.39,143145578
2026-08-28,ZFZ,70.721939,3,22731947996.71,321427105
2026-08-28,ZHH,1.482407,1057,89778166.91,60562425
2026-08-28,ZIH,0.976989,9185,627495416.5,642274647
2026-08-28,ZJB,10.414223,1723,8428088011.07,809286303
2026-08-28,ZJH,62.225123,1,210694205.38,3385999
2026-08-28,ZJI,10.778524,1668,6824387802.99,633146812
2026-08-28,ZJL,15.302677,2589,416815849.74,27238100
2026-08-28,ZJT,68.69392,1,1366676452.98,19895159
2026-08-28,ZJV,10.993438,1340,692039133.27,62950200
2026-08-28,ZK1,50.795938,108,2211913643.64,43545089
2026-08-28,ZK2,58.809153,72,1155040869.23,19640495
2026-08-28,ZKK,25.429278,1,2381896248.94,93667474
2026-08-28,ZLB,50.617346,46,484678045.29,9575335
2026-08-28,ZLG,65.10048,1,1095824148.74,16832812
2026-08-28,ZLH,11.739246,3374,459085528.48,39106900
2026-08-28,ZMT,63.796424,312,1712717140.89,26846601
2026-08-28,ZMU,0.214553,14,19370530.28,90283015
2026-08-28,ZMY,6.627144,2807,195135591.09,29444900
2026-08-28,ZNF,55.735793,1,848288621.15,15219818
2026-08-28,ZOS,1.91617,11,587347126.37,306521428
2026-08-28,ZP1,63.625054,2,64511860.07,1013938
2026-08-28,ZP2,5.835476,1,623149406.19,106786382
2026-08-28,ZP3,4.630807,1,517825249.09,111821825
2026-08-28,ZP6,58.834167,1505,5618275824.91,95493420
2026-08-28,ZP7,68.74204,1,1298280925.9,18886273
2026-08-28,ZP8,4.107518,4335,61627206491.24,15003516432
2026-08-28,ZP9,61.264912,810,2215728921.12,36166361
2026-08-28,ZPA,67.356814,910,4496223650.49,66752321
2026-08-28,ZPC,19.849309,2782,3275956863.63,165041352
2026-08-28,ZPE,36.063247,7211,1297518260.26,35978963.836
2026-08-28,ZPF,23.329338,3425,750588107.02,32173571
2026-08-28,ZPG,10.739216,6463,1571914401.55,146371424.425
2026-08-28,ZPH,1.525335,57,609202607.46,399389274
2026-08-28,ZPJ,11.692252,320,119502474.87,10220655
2026-08-28,ZPK,8.469831,29878,19391619591.99,2289493122.001
2026-08-28,ZPN,73.10171,1,1967222936.71,26910765
2026-08-28,ZPO,1.047854,1703,1631681137.33,1557165229
2026-08-28,ZPR,1.554781,914,41207166943.43,26503525201
2026-08-28,ZR2,1.441339,1,1364471956.94,946669725
2026-08-28,ZR3,0.527028,142,159504324.18,302648841
2026-08-28,ZSB,12.169782,24,3642606689.31,299315692
2026-08-28,ZSF,53.309862,1604,41653074.57,781339
2026-08-28,ZSG,4.374535,916,49562601.78,11329800
2026-08-28,ZSK,59.010954,1,2568241112.33,43521430
2026-08-28,ZSN,57.149614,2,3112371469.4,54460061
2026-08-28,ZTF,7.630821,1,2097423355.67,274862095
2026-08-28,ZTG,1.343968,1030,39123289.16,29110294
2026-08-28,ZTV,1.043742,1425,628746883.01,602396978
2026-08-28,ZUD,4.326789,1,898888477.55,207749576
2026-08-28,ZUE,5.140322,1,7865684557.33,1530193061
2026-08-28,ZUS,50.733924,3354,59033894789.66,1163598041
2026-08-28,ZVB,97.452078,11,244470913.86,2508627
2026-08-28,ZVO,3.570168,313,822898387.06,230492928
2026-08-28,ZYC,4.967146,1,9108685783.27,1833786550
2026-08-28,ZYD,4.934619,1,9100364146.84,1844187892
2026-08-28,ZZL,84.898787,15,43240565.31,509319
2026-08-27,AAL,3.509561,4460,1939154327.35,552534679
2026-08-27,AAS,12.871776,146,17384427.5,1350585
2026-08-27,AAV,63.463171,1983,122938570.54,1937164
2026-08-27,ABG,113.918388,200,14958593097.92,131309733
2026-08-27,ABJ,0.755034,3,1009739036.33,1337341991
2026-08-27,ABU,0.105683,37,61328279.75,580303972
2026-08-27,AC1,3.247125,198,245427955.41,75583146
2026-08-27,AC2,2.756504,44,20475099880.01,7427922197
2026-08-27,AC3,63.975009,14,133743723.72,2090562
2026-08-27,AC4,4.031892,4058,2243201302.33,556364415
2026-08-27,AC5,3.746866,147,22918071.24,6116597
2026-08-27,AC6,57.842866,81,75440517.43,1304232
2026-08-27,AC7,4.671243,44,3013419696.89,645100136
2026-08-27,AC8,206.922419,96,3133533172.23,15143517
2026-08-27,ACC,45.885968,1324,122630709.39,2672510
2026-08-27,ACD,6.155585,1478,351958729.48,57177137.974
2026-08-27,ACN,12.677399,16,650818950.52,51336945
2026-08-27,ACU,57.194908,161,1444459805.07,25255042
2026-08-27,ADE,0.893865,25711,704880589.77,788575812
2026-08-27,ADP,1.27947,21151,3904607060.4,3051737059
2026-08-27,AED,118.434033,1390,67086613.32,566447.09
2026-08-27,AES,0.176212,35290,1306331253.16,7413422067
2026-08-27,AEV,2.173979,417,9662354.96,4444548
2026-08-27,AFA,1.284642,46639,5435479653.67,4231124928
2026-08-27,AFO,1.403947,81774,20523463640.77,14618406003
2026-08-27,AFS,0.355683,28932,914888540.23,2572203959
2026-08-27,AFT,0.969973,137998,19058432174.92,19648422058
2026-08-27,AFV,0.6203,14994,1293315726.41,2084985067
2026-08-27,AGC,9.428003,2470,103979385.13,11028781
2026-08-27,AHH,10.953294,15,234078575.12,21370610
2026-08-27,AHI,37.468799,2668,120385002.26,3212940
2026-08-27,AHN,70.416697,112,32487165.5,461356
2026-08-27,AHU,11.482848,596,123165226.36,10726017
2026-08-27,AHV,21.866824,194,133587030.84,6109119
2026-08-27,AHZ,31.489172,13,55075222.97,1749021
2026-08-27,AI1,1.255852,17,61433426.18,48917729
2026-08-27,AIH,19.03019,4,180989742.96,9510664
2026-08-27,AII,96.853983,3,381798402.23,3942000
2026-08-27,AIM,27.895712,1,60318536.14,2162287
2026-08-27,AIR,166.654857,3,1477713787.61,8866911
2026-08-27,AIS,0.108105,21780,14787231919.2,136785945476
2026-08-27,AJ1,1.339191,87,11647277.17,8697248
2026-08-27,AJE,63.571967,946,2789189996.14,43874527
2026-08-27,AJK,64.84374,134,132637741.23,2045498
2026-08-27,AJL,64.586084,1280,4656344719.81,72095170
2026-08-27,AJN,61.935959,270,421353486.16,6803051
2026-08-27,AK2,0.550559,9089,176672674.59,320897109
2026-08-27,AK3,54.503645,20387,8324914898.79,152740516
2026-08-27,AKE,0.530335,13400,1050623929.33,1981057252
2026-08-27,AKU,0.992644,16901,2360860369.47,2378354443
2026-08-27,AL4,4.012405,12,1278135719.3,318546011
2026-08-27,AL5,54.163174,2366,13935910375.05,257294934
2026-08-27,AL6,3.929151,12,5605298839.09,1426593054
2026-08-27,AL7,3.787241,109,9635334816.9,2544156482
2026-08-27,ALC,0.382339,24915,1653621511.43,4325013104
2026-08-27,ALE,13.598376,146012,92153091122.5,6776771800
2026-08-27,AN1,113.915006,2893,1372516821.74,12048604.248
2026-08-27,ANL,37.731897,3633,645599390.75,17110176
2026-08-27,ANZ,21.940329,158,259680133.7,11835745
2026-08-27,AOJ,1.676608,204,20936272.88,12487282
2026-08-27,AOY,0.356923,35952,1032875865.51,2893832652
2026-08-27,AP2,3.023107,34,844162518.09,279236705
2026-08-27,AP4,1.065358,11,265506823.94,249218342
2026-08-27,AP5,0.852485,14,878579.98,1030611
2026-08-27,AP6,7.782351,45,741853017.62,95325048
2026-08-27,AP7,2.678436,456,230567092.98,86082749
2026-08-27,APJ,6.976867,2896,85322992.21,12229414
2026-08-27,APP,34.55094,2,221661622.05,6415502
2026-08-27,APT,0.163851,13048,292719215.49,1786497394
2026-08-27,ARE,0.258601,1983,48362226.8,187014566
2026-08-27,ARF,8.921917,1,806094242.5,90349894
2026-08-27,ARL,16.122836,7393,4058956492.69,251752025
2026-08-27,ARM,18.54888,5087,3207031382.05,172896226
2026-08-27,ARP,42.282078,1,3195002792.47,75563996
2026-08-27,AS1,45.761834,39,6354305.18,138856
2026-08-27,AS3,0.753229,16,170115318.43,225848060
2026-08-27,ASJ,3.995197,755,62480137.96,15638811
2026-08-27,ATJ,23.190317,9,1050392280.44,45294433
2026-08-27,AU1,1.260095,949,57529799.31,45655132
2026-08-27,AUV,50.401772,536,432399926.59,8579062
2026-08-27,AVC,135.380856,12,274647413.61,2028702
2026-08-27,AVT,227.998997,19940,4506033103.4,19763390
2026-08-27,AVZ,94.188045,1,216865149.03,2302470
2026-08-27,AY6,1.399266,11,109509611.41,78262194
2026-08-27,AY7,1.695131,12,320555291.43,189103512
2026-08-27,AYA,19.106744,9648,1115128134.22,58363064
2026-08-27,AYR,0.140904,13091,1678634147.42,11913310601
2026-08-27,AZF,0.187045,4,621954538.11,3325162435
2026-08-27,AZJ,21.129755,66,1952689700.43,92414216
2026-08-27,AZV,27.449271,5,4599324611.08,167557260
2026-08-27,AZZ,64.059069,6,25403328073.84,396560996
2026-08-27,BA1,1.925847,32,390522045.62,202779371
2026-08-27,BAC,1.716661,12,1467217481.05,854692790
2026-08-27,BAG,1.082475,173,98745979.5,91222433
2026-08-27,BAI,1.147508,118,50249062.54,43789734
2026-08-27,BAL,50.239488,1,1103977076.96,21974290
2026-08-27,BAO,3.086021,4,72513430.56,23497385
2026-08-27,BAS,54.233248,1,1551655739.56,28610784
2026-08-27,BBF,3.621449,887,140974949.13,38927774
2026-08-27,BBI,1.289728,11,876919.75,679926
2026-08-27,BBN,0.596584,13,1372477666.56,2300561650
2026-08-27,BBO,0.921619,11,319164100.79,346308033
2026-08-27,BBP,2.269742,613,23022300.62,10143136
2026-08-27,BBS,1.630339,793,2069746739.15,1269518896
2026-08-27,BCC,78.014967,3,3254169605.18,41712119
2026-08-27,BCK,2.080804,2290,112611963.47,54119458
2026-08-27,BCO,2.071827,805,72478105.42,34982700
2026-08-27,BDA,57.299359,789,5942721685.97,103713580
2026-08-27,BDC,9.268744,30,362091033,39065815
2026-08-27,BDI,0.000252,72,272166864,1078899892195
2026-08-27,BDO,2.888531,11,2860429198.2,990271266
2026-08-27,BDS,2.193767,7716,225734503.4,102898143
2026-08-27,BDY,1.750384,2283,98406356.47,56219860
2026-08-27,BFE,1.841962,57,10244424.9,5561691
2026-08-27,BFO,54.638383,1,11122350003.58,203562943
2026-08-27,BFS,1.094499,251,24711124.1,22577570
2026-08-27,BFT,1.174649,556,173160249.34,147414440
2026-08-27,BGH,2.165904,1,1018038733.75,470029440
2026-08-27,BGP,6.579364,28998,63138858774.16,9596498326
2026-08-27,BGR,1.050913,160,32914003.74,31319438
2026-08-27,BHA,1.813608,722,98711978.88,54428521
2026-08-27,BHE,1.891782,73,7259520.94,3837398
2026-08-27,BHF,3.15672,1505,190526396.63,60355820
2026-08-27,BHH,0.196738,71,381182457.44,1937513173
2026-08-27,BHI,2.363681,435,2116432867.03,895397007
2026-08-27,BHL,1.283388,789,95570468.8,74467332
2026-08-27,BHN,1.233061,42,579234666.15,469753460
2026-08-27,BHO,1.213176,1,1485894878.23,1224797601
2026-08-27,BI5,1.310807,14,118782775.33,90618026
2026-08-27,BIA,0.231546,18,864195.81,3732290
2026-08-27,BID,3.368408,2016,235493301.82,69912344
2026-08-27,BIG,1.466018,3245,537379500.57,366557173
2026-08-27,BIH,9.048554,519,902586164.86,99749215
2026-08-27,BIK,1.201655,15,2795091235.23,2326034321
2026-08-27,BIO,2.439923,10074,903805863.37,370424002
2026-08-27,BIP,1.650094,228,3642820767.67,2207644548
2026-08-27,BIS,1.79307,60,792941322.3,442225562
2026-08-27,BIY,1.412411,328,86265473.7,61076767
2026-08-27,BJD,53.461648,109,748373685.14,13998328
2026-08-27,BKO,1.289435,1,1290618907.45,1000918213
2026-08-27,BKY,50.005534,1014,7511645266.49,150216279
2026-08-27,BLA,4.60783,15,4309694576.64,935298004
2026-08-27,BLD,1.678788,724,511877830.68,304909229
2026-08-27,BLT,1.979282,3203,408831803.53,206555572
2026-08-27,BMU,3.354146,3497,417742805.96,124545194
2026-08-27,BNC,2.227763,240,633001560.09,284142262
2026-08-27,BNH,1.225678,176,56598606.68,46177386
2026-08-27,BOH,0.782968,11,196188022.54,250569682
2026-08-27,BOL,1.714723,256,112540249.86,65631726
2026-08-27,BON,1.437603,359,33759240.28,23483002
2026-08-27,BOP,49.987761,11,1352173534.82,27050092
2026-08-27,BOS,1.615923,909,2587570346.43,1601295934
2026-08-27,BP5,1.723084,11,61296040.38,35573439
2026-08-27,BPD,55.980548,11,153858561.53,2748429
2026-08-27,BPZ,1.602128,1263,632440060.71,394749958
2026-08-27,BRB,0.942074,11,538283472.31,571381465
2026-08-27,BRC,1.356035,38,133026371.66,98099482
2026-08-27,BRF,1.626799,1084,85419766.22,52507866
2026-08-27,BRG,5.151345,1609,1922482341.87,373200059
2026-08-27,BRH,7.600329,15,6013429290.07,791206408
2026-08-27,BRR,1.680388,392,286395066.5,170433916
2026-08-27,BRT,0.896212,346,15186913.38,16945663
2026-08-27,BRZ,55.431175,5,1563863106.24,28212700
2026-08-27,BS1,1.337625,130,60373839.49,45135101
2026-08-27,BSA,0.439911,1,897207942.35,2039522977
2026-08-27,BSC,0.136383,41,130563663.63,957330904
2026-08-27,BSD,1.198947,91,360931016.78,301040001
2026-08-27,BSE,0.483526,65,338326242.47,699706389
2026-08-27,BSF,1.289037,1,7287574083.52,5653503590
2026-08-27,BSH,1.019524,127,7529123.33,7384942
2026-08-27,BSM,1.781335,2764,2343154774.68,1315392773
2026-08-27,BSN,0.960312,18,727634065.12,757705538
2026-08-27,BST,10.689725,561,42883123.79,4011621
2026-08-27,BTE,5.226714,1015,226831162.49,43398428
2026-08-27,BTJ,1.382441,58,12567048.76,9090476
2026-08-27,BTK,1.684599,2082,312314398.78,185393938
2026-08-27,BTP,0.597602,19,663729429.89,1110654388
2026-08-27,BTY,59.583263,2,635747102.03,10669894
2026-08-27,BTZ,1.260962,191,8238589.31,6533573
2026-08-27,BUB,1.316913,2488,116399083.16,88387843
2026-08-27,BUC,0.808015,24,759559052.68,940030807
2026-08-27,BUP,4.195327,1,14074386543.95,3354777076
2026-08-27,BUT,1.989922,4,181993267.2,91457465
2026-08-27,BUV,1.27171,250,14874609.98,11696541
2026-08-27,BUY,1.804268,16644,344442359.8,190904239
2026-08-27,BV1,1.736653,492,90007808.09,51828317
2026-08-27,BVB,4.62834,1,4975479797.47,1075003028
2026-08-27,BVC,4.38344,1,7107056238.52,1621342207
2026-08-27,BVD,1.422051,368,238217049.52,167516515
2026-08-27,BVF,1.423272,546,1592981835.46,1119239576
2026-08-27,BVH,2.174387,13,147492251.81,67831653
2026-08-27,BVI,3.004474,28,303644005.22,101063959
2026-08-27,BVK,1.224998,22,38635.22,31539
2026-08-27,BVM,1.335422,127,13809815.24,10341164
2026-08-27,BVT,5.626026,10,21070968.73,3745267
2026-08-27,BVV,3.50018,1096,191506919.02,54713448
2026-08-27,BVZ,4.525524,631,3022219826.94,667816550
2026-08-27,BYZ,0.714231,40,58668297.18,82141874
2026-08-27,CAH,1.294404,231,26064078.33,20135970
2026-08-27,CBD,0.143365,17,1742790440.07,12156322699
2026-08-27,CBN,46.911136,6,599833039.83,12786581
2026-08-27,CBO,242.710941,3,1756075305.07,7235254
2026-08-27,CEY,67.082309,3,222339952.92,3314435
2026-08-27,CFO,2.534308,469,2091159939.89,825140352
2026-08-27,CGD,58.604712,2,648726850.43,11069534
2026-08-27,CHY,0.170176,41,163821984.14,962664615
2026-08-27,CIN,1.74974,524,21243480.33,12140938
2026-08-27,CJD,52.008554,1150,4646402424.53,89339196
2026-08-27,CJF,65.444211,3,1637232694.69,25017227
2026-08-27,CJG,66.436604,1,2012612820.38,30293734
2026-08-27,CJH,62.557287,1717,3123348763.59,49927817
2026-08-27,CKF,2.147369,2834,683661163.06,318371533
2026-08-27,CKL,1.606982,1158,732540878.74,455848780
2026-08-27,CKS,61.352559,2359,5556701818.03,90570009
2026-08-27,COT,60.084047,196,558057260.6,9287944
2026-08-27,CPT,3.758634,14673,1010526890.28,268854822
2026-08-27,CPU,3.873052,17608,1661464537.34,428980658
2026-08-27,CRL,49.493239,3,1064104644.39,21500000
2026-08-27,CSD,64.844391,1,675727119.86,10420749
2026-08-27,CSH,4.72171,54,7471269053.19,1582322640
2026-08-27,CTF,9.32281,1,348407943.43,37371557
2026-08-27,CTG,7.601207,1,16466524.93,2166304
2026-08-27,CTM,6.377587,1,16469300.82,2582372
2026-08-27,CTP,63.110979,1,571272375.01,9051870.001
2026-08-27,CTV,10.850022,4,205507788.23,18940772
2026-08-27,CVA,4.185027,1,9671479947.01,2310971747
2026-08-27,CVB,4.263758,5,2017251749.22,473115896
2026-08-27,CVC,2.91756,2,732674519.06,251125767
2026-08-27,CVD,64.457543,2,1101230818.1,17084592
2026-08-27,CVE,2.797423,1,307778820.57,110022256
2026-08-27,CVF,4.791064,1,990711057.7,206783109
2026-08-27,CVK,5.171076,1908,634486453.68,122699109
2026-08-27,CVL,1.572489,317,67433768.97,42883461
2026-08-27,CYD,58.498094,404,1437616701.21,24575445
2026-08-27,DA1,49.038373,42,3934544.78,80234
2026-08-27,DAC,73.517309,1,522145882.34,7102353
2026-08-27,DAE,2.742796,1,1029112819.9,375205792
2026-08-27,DAH,3.714124,2538,597957941.6,160995700
2026-08-27,DAI,96.894846,4,372985565.61,3849385
2026-08-27,DAL,72.955183,1,700102373.73,9596335
2026-08-27,DAP,1.024308,667,1007575670.04,983665196
2026-08-27,DAS,55.389749,25374,115773135311.97,2090154548.31
2026-08-27,DAT,98.930039,6,275281540.2,2782588
2026-08-27,DAV,58.712679,222,1212529970.45,20651927
2026-08-27,DAZ,13.354581,4,329148798.66,24646884
2026-08-27,DB2,2.105853,11,6533585.31,3102584
2026-08-27,DBA,0.786928,25367,10419305331.66,13240481889
2026-08-27,DBB,0.114744,1957,236530040.08,2061364738.85
2026-08-27,DBG,0.658975,4,2714293406.54,4118962935
2026-08-27,DBH,0.385301,8684,986005688.66,2559052100
2026-08-27,DBK,0.121845,85331,786118454.67,6451789206
2026-08-27,DBP,0.506395,1059,166828319.58,329443300
2026-08-27,DBZ,0.141445,2884,719008862.7,5083292800
2026-08-27,DCB,4.798943,22214,139807788300.07,29133035476
2026-08-27,DCD,66.291778,1,250793397.48,3783175
2026-08-27,DCE,74.350531,3,1293654553.38,17399399
2026-08-27,DCN,1.447579,1977,597204789.67,412554293
2026-08-27,DCP,72.035643,3,253456113.12,3518482
2026-08-27,DCV,47.870501,23,37787393.76,789366.999
2026-08-27,DDA,12.838446,1022,216267583.44,16845308
2026-08-27,DDC,12.794032,11,4291894065.65,335460632
2026-08-27,DDE,75.887923,1,418527433.36,5515073
2026-08-27,DDF,13.017588,652,115107002.68,8842422
2026-08-27,DDP,73.968964,1,77374643.07,1046042
2026-08-27,DEF,2.769327,92,71794560.55,25924917
2026-08-27,DEH,1.009885,117,25046620.07,24801448
2026-08-27,DEI,0.037851,13,6555696.65,173196936
2026-08-27,DFC,3.225138,1531,105727632.84,32782360
2026-08-27,DFD,2.737278,441,144050944.91,52625612
2026-08-27,DFI,5.699396,50597,32821052333.02,5758689978
2026-08-27,DFO,4.003679,2,1178625693.61,294385626
2026-08-27,DGF,1.49005,337,359102629.28,241000348
2026-08-27,DGH,10.857923,258,4046953689.01,372718937
2026-08-27,DHI,0.541118,46,2860170076.36,5285672299
2026-08-27,DHJ,7.192617,2932,223438814.51,31065024
2026-08-27,DHM,5.35817,1144,26099720.52,4871014
2026-08-27,DHP,4.701719,1,8874460.77,1887493
2026-08-27,DHS,344.355782,1,4547334496.45,13205338
2026-08-27,DHT,1.185125,782,85668257.73,72286248
2026-08-27,DHV,2.939973,1423,685103036.13,233030406
2026-08-27,DID,1.474408,158,27864032.1,18898451
2026-08-27,DIH,2.239906,11,170810268.37,76257782
2026-08-27,DIM,50.278174,1,115011725.95,2287508
2026-08-27,DIP,1.589561,1921,58892666028.92,37049653152
2026-08-27,DK1,1.487275,64,3118134144.1,2096541374
2026-08-27,DK8,48.080954,201,2992222034.64,62233001
2026-08-27,DKA,48.272251,239,2460862941.07,50978831.001
2026-08-27,DKC,0.606216,26,10710825.04,17668321
2026-08-27,DKH,3.870571,1418,216915753.44,56042308
2026-08-27,DKL,50.868904,101,378641924.6,7443485
2026-08-27,DKP,48.224092,628,4158363490.03,86230000
2026-08-27,DKR,1.041916,1684,284845364.2,273386173
2026-08-27,DKS,73.074009,2,234416305.05,3207930
2026-08-27,DL2,2.494753,665,10515402116.9,4215006959
2026-08-27,DLD,7.772165,579,62270765.77,8012023
2026-08-27,DLG,1.268207,39,4611668.36,3636370
2026-08-27,DLN,2.5248,42,5151359025.41,2040304175
2026-08-27,DLY,6.114367,311344,91248915533.08,14923689808
2026-08-27,DLZ,0.505217,43,10945143.31,21664229
2026-08-27,DMG,7.188491,15285,3205424808.52,445910650
2026-08-27,DMI,1.016169,1,655655542.05,645223171
2026-08-27,DMR,59.229965,1,17559856568.81,296469134
2026-08-27,DMV,71.148035,2,341963498.12,4806366
2026-08-27,DMZ,64.911308,5,649113082.85,10000000
2026-08-27,DNA,11.216677,5,2232381676.86,199023445
2026-08-27,DNF,1.352361,146,474781637.35,351076040
2026-08-27,DNH,1.189587,63,18568797.43,15609455
2026-08-27,DNK,1.769161,128,672364346.21,380047022
2026-08-27,DNL,55.860599,1,222588065.23,3984706
2026-08-27,DNM,53.459775,1039,1383526902.27,25879774
2026-08-27,DNP,1.444178,305,1927742583.83,1334836984
2026-08-27,DNU,47.796463,15,39293711.56,822105
2026-08-27,DOC,48.203878,174,4926594040.4,102203272
2026-08-27,DOD,70.269263,159,14515629782.57,206571538
2026-08-27,DOH,2.262203,11306,8121997626.33,3590305240
2026-08-27,DOL,52.996971,382,5880470266.02,110958611
2026-08-27,DOR,73.600577,1,530075920.48,7202062
2026-08-27,DOS,68.302247,3,2080634241.58,30462164
2026-08-27,DOV,61.224424,17169,74488990639.71,1216654831
2026-08-27,DP1,18.186684,7,5175509060.19,284576837
2026-08-27,DP2,66.661466,11,373623848.88,5604795
2026-08-27,DP3,71.058774,4,332610419.14,4680779
2026-08-27,DP4,74.868385,3,546108193.7,7294243
2026-08-27,DP5,84.860658,1,1837816579.84,21656874
2026-08-27,DP6,48.141838,212,1934222804.18,40177585
2026-08-27,DP7,61.488651,3,553507433.46,9001782
2026-08-27,DP8,48.373966,49,399398826.87,8256483
2026-08-27,DP9,48.204443,155,6092513541.79,126389046
2026-08-27,DPB,24.463682,3147,11939867393.44,488065013
2026-08-27,DPC,99.904234,1,333910220.08,3342303
2026-08-27,DPE,22.879403,1,1497609750.63,65456679
2026-08-27,DPG,101.869632,2,584140129.03,5734193
2026-08-27,DPI,8.908053,124,380187899.16,42679125
2026-08-27,DPK,8.684633,1365,876639946.69,100941502
2026-08-27,DPL,103.13753,1,2319571722.24,22490084
2026-08-27,DPN,58.347393,1,2289551.72,39240
2026-08-27,DPP,150.368599,2,53888196.14,358374
2026-08-27,DPT,18.222567,5015,301102485.4,16523604
2026-08-27,DPZ,83.348903,1,123463562.51,1481286
2026-08-27,DRA,1.310431,47,44916799.2,34276368
2026-08-27,DRD,56.364419,149,1741570258.23,30898398
2026-08-27,DRH,1.879787,71,693118515.86,368721809
2026-08-27,DRT,1.239244,522,41946301.14,33848309
2026-08-27,DSC,67.325292,1,1000461104.55,14860108
2026-08-27,DSD,72.869758,1417,3917227432.87,53756559
2026-08-27,DSH,2.244477,1320,4137012007.8,1843196180
2026-08-27,DSP,15.029773,1150,146793556.79,9766851
2026-08-27,DSV,49.429885,44,1699867159.58,34389462
2026-08-27,DTH,1.389024,228,241766304.5,174054799
2026-08-27,DTL,4.216736,3221,165227885.5,39183838
2026-08-27,DTM,1.479155,2746,62732665,42411141
2026-08-27,DTO,47.976691,131,119207204.17,2484690
2026-08-27,DTP,1.884298,4,1707117481.54,905970033
2026-08-27,DTV,69.952055,4,4223397481.06,60375603
2026-08-27,DTZ,5.326297,8474,498900674.48,93667446
2026-08-27,DUC,0.462333,12,160134.02,346361
2026-08-27,DUD,53.24203,276,431943322.75,8112826
2026-08-27,DUH,1.292158,519,195667124.07,151426671
2026-08-27,DUT,47.823816,244,883203302.9,18467855
2026-08-27,DUV,1.324509,200,58806624.4,44398825
2026-08-27,DVC,69.150124,1,57048852.32,825000
2026-08-27,DVI,78.171328,2,197218364.22,2522899
2026-08-27,DVN,65.739846,1,314863488.18,4789538
2026-08-27,DVO,5.361092,1,34351665.06,6407587
2026-08-27,DVS,1.581588,315,352963659.87,223170389
2026-08-27,DVT,9.918018,11108,884267075.73,89157642
2026-08-27,DVU,8.780906,5,1469147556.09,167311605
2026-08-27,DVZ,67.076304,1,1409377516.45,21011556
2026-08-27,DXP,1.936533,1045,47675996.45,24619255
2026-08-27,DYJ,48.677285,154,1143477961.02,23490997
2026-08-27,DYN,4.499637,1631,58276022.09,12951271
2026-08-27,DYS,1.67041,13,19394780.25,11610791
2026-08-27,DZ2,1.420019,2,12640757390.28,8901825523
2026-08-27,DZE,1.023233,2845,197129714.48,192653700
2026-08-27,DZM,87.05745,4133,12027516446.75,138156085
2026-08-27,DZP,60.837917,2,461175742.64,7580400
2026-08-27,DZS,1.580612,123,52467411.91,33194369
2026-08-27,EBD,0.259023,580,77556766.16,299420887
2026-08-27,EBI,57.530016,25,795710360.18,13831221
2026-08-27,EBS,49.400248,35,4474070782.1,90567780
2026-08-27,EC2,86.889833,1937,64225992.66,739165.8
2026-08-27,ECA,2.068927,697,330590876.46,159788558
2026-08-27,ECB,53.793978,3166,777651614.12,14456109
2026-08-27,ECV,0.491971,2416,94332151.38,191743446.183
2026-08-27,EDD,1.152566,883,26338979.17,22852478
2026-08-27,EDN,1.044352,35,282697504.16,270691771
2026-08-27,EDP,1.176544,56,74401557.82,63237403
2026-08-27,EDT,2.272912,630,971667571.74,427499077
2026-08-27,EDU,3.625812,681,367196274.24,101272833
2026-08-27,EES,50.960901,1,406898790.02,7984529
2026-08-27,EGP,57.78195,49,263679782.06,4563359
2026-08-27,EGR,1.053281,123,276051707.79,262087430
2026-08-27,EHS,2.700933,3,637255319.24,235938967
2026-08-27,EIB,0.687408,502,306288399.47,445569782
2026-08-27,EID,1.994949,1848,92770044.27,46502454
2026-08-27,EIL,5.310696,1465,975429433.54,183672627
2026-08-27,EJG,9.761094,1,667846287.52,68419205
2026-08-27,EKF,0.137511,4975,1537776719.93,11182974677
2026-08-27,EKL,1.834085,1332,2413542200.65,1315938214
2026-08-27,ELZ,14.02842,713,293456006.16,20918679
2026-08-27,EME,1.13387,15,37857828.04,33388148
2026-08-27,EML,1.274387,964,43660233.93,34259792
2026-08-27,ENA,1.153086,1593,34215151.63,29672680
2026-08-27,ENJ,1.398367,684,60121923.6,42994372
2026-08-27,ENO,48.66816,113,69383276.32,1425640
2026-08-27,ENR,1.212114,12740,1844521708.26,1521739455
2026-08-27,ENS,1.202489,1784,42025234.72,34948548
2026-08-27,EP1,1.074651,1788,13702363898.69,12750522905
2026-08-27,EPA,1.385151,158,546139860.62,394281832
2026-08-27,EPI,1.153816,340,291165569.16,252350041
2026-08-27,EPK,1.418898,1570,248838573.58,175374551
2026-08-27,EPO,62.840407,1,464390294.58,7389995
2026-08-27,EPP,1.489919,50,1925650379.04,1292452714
2026-08-27,EPT,1.344308,70,1337012965.45,994573651
2026-08-27,ESG,4.08629,81,11010602.74,2694523
2026-08-27,ESN,1.761537,12,41416923.46,23511812
2026-08-27,ESP,0.366076,278,25542942.97,69775024
2026-08-27,ETN,1.007183,8,201453559.08,200016816
2026-08-27,EUN,64.648482,3525,6218849703.4,96194830
2026-08-27,EUZ,63.439685,38745,144283281985.7,2274337934
2026-08-27,EVM,1.17922,592,43492030.08,36882028
2026-08-27,EYT,3.081492,498,43813950.66,14218420
2026-08-27,EZM,44.660477,1,4466047.65,100000
2026-08-27,FAK,1.351714,364,21278439.08,15741824
2026-08-27,FAL,1.316499,646,348339525.18,264595320
2026-08-27,FBC,2.062606,5815,177920675.79,86260156
2026-08-27,FBI,53.255801,5008,14893290789.75,279655744
2026-08-27,FBN,5.486031,33,221682278.8,40408496
2026-08-27,FBV,7.809513,1922,655676903.09,83958739
2026-08-27,FBZ,4.74245,401,296685595.83,62559556
2026-08-27,FCK,1.875583,569,305762519.2,163022628
2026-08-27,FCS,2.348136,178,2220350095.17,945579884
2026-08-27,FD1,2.05366,142,19620904.67,9554115
2026-08-27,FDE,48.119437,881,4401003749.13,91460000
2026-08-27,FDG,2.675321,804,71059795.85,26561227
2026-08-27,FDO,61.684123,1,292220080.38,4737363
2026-08-27,FDV,6.147474,1,1506131007.93,245000000
2026-08-27,FDZ,0.325314,11,239863797.76,737329526
2026-08-27,FFD,0.051364,577,365102622.27,7108099186
2026-08-27,FFF,65.096646,1,1071671690.8,16462779
2026-08-27,FFH,8.798677,2103,1643269973.94,186763302
2026-08-27,FFO,59.189726,7,106651244.29,1801854
2026-08-27,FFP,7.895536,2374,2000796433.54,253408579
2026-08-27,FHI,1.465022,11,71748132.24,48974090
2026-08-27,FHP,3.423758,49,12799763871.07,3738512993
2026-08-27,FHZ,65.37881,3,743534183.86,11372709
2026-08-27,FI3,805.937581,9702,1597416483.81,1982059.804
2026-08-27,FI5,746.99518,53285,118194813066.06,158227009
2026-08-27,FIB,0.532523,12492,5351120893.43,10048619188.58
2026-08-27,FID,1.057365,1672,882466418.02,834590082
2026-08-27,FIL,0.374088,21077,14055998361.54,37574065221
2026-08-27,FIT,0.233658,551,224489400.13,960760214
2026-08-27,FJB,7.247571,748,405925890.95,56008539
2026-08-27,FJC,60.383815,96,1288633535.87,21340711
2026-08-27,FJM,58.039797,1646,7850306989.44,135257313
2026-08-27,FJN,57.824206,1222,5046869491.74,87279529
2026-08-27,FJZ,66.571631,809,1497564593.25,22495537
2026-08-27,FKE,59.958145,12180,49602455278.88,827284694
2026-08-27,FKV,48.215178,475,2309024897.04,47890000.01
2026-08-27,FLS,63.131831,2287,4135540134.03,65506418
2026-08-27,FLY,1.667661,2310,117354902.25,70370977
2026-08-27,FMG,3.522464,10491,12975077012.74,3683523448
2026-08-27,FMS,55.202213,1,610068196.04,11051517
2026-08-27,FMV,1.429859,31,164282415.82,114894176
2026-08-27,FNN,0,1,0,0
2026-08-27,FNO,0.210099,6528,11049719270.19,52593040701.035
2026-08-27,FNT,2.309546,1828,662369004.03,286796167
2026-08-27,FP4,0.788586,134,132918577.77,168553088
2026-08-27,FPE,76.815061,1426,340387122.52,4431255
2026-08-27,FPG,2.325993,2081,893411731.09,384099140
2026-08-27,FPH,35.508671,4514,1299139067.38,36586530
2026-08-27,FPI,2.65606,204,69579840.06,26196637
2026-08-27,FPK,0.098843,1208,277109586.79,2803530228
2026-08-27,FPR,11.20926,30,169083971.49,15084312
2026-08-27,FPZ,69.404256,19427,132799390483.81,1913418540
2026-08-27,FR1,0.735995,20,195330406.03,265396484
2026-08-27,FRA,32.524571,2,531653865.94,16346222
2026-08-27,FRC,1.469963,210,72966332.74,49638213
2026-08-27,FRZ,15.382102,2,275349514.8,17900643
2026-08-27,FS1,1.539298,234,139956206.2,90922087
2026-08-27,FS2,2.267384,26,48757708.49,21503948
2026-08-27,FS3,1.304928,21,1107760294.47,848905511
2026-08-27,FS4,1.612293,20,827713896.21,513376841
2026-08-27,FS5,2.165544,11,25275161.92,11671508
2026-08-27,FS6,1.904377,374,126598125.72,66477450
2026-08-27,FSF,6.96126,7761,11799826395.91,1695070609.997
2026-08-27,FSG,3.848358,733,681691749.96,177138342
2026-08-27,FSH,4.800367,548,377141380.01,78565113
2026-08-27,FSK,6.154263,2569,7306289353.12,1187191595
2026-08-27,FSM,2.754712,20,369686782.35,134201596
2026-08-27,FSP,20.682347,21,134662.76,6511
2026-08-27,FSR,48.102116,2478,4921627019.95,102316227
2026-08-27,FSU,1.406173,4946,1176945216.21,836984859
2026-08-27,FSV,56.157611,1653,10323453544.58,183830000.01
2026-08-27,FTL,1.540996,253,260148797.89,168818606
2026-08-27,FTY,48.091438,1240,7965865801.32,165640000
2026-08-27,FUA,5.492486,4790,331602568.02,60373858
2026-08-27,FUB,0.759406,2162,920162941.98,1211687295
2026-08-27,FUM,63.264737,2,454938746.5,7191032
2026-08-27,FUN,1.596555,300,2239450850.1,1402676495
2026-08-27,FUP,101.069046,2,301120365.44,2979353
2026-08-27,FVL,4.988337,55,1417357172.52,284134204
2026-08-27,FYA,0.052702,146,1524179083.36,28920945095.69
2026-08-27,FYB,101.019361,9,201600601.8,1995663
2026-08-27,FYD,11.947565,5238,3266825150.5,273430197.194
2026-08-27,FYF,0.10876,10,37914509.02,348608449
2026-08-27,FYG,16.839333,2,96995722.65,5760069
2026-08-27,FYH,87.744342,21,629199932.77,7170832
2026-08-27,FYI,10.687286,198,44427517.91,4157044
2026-08-27,FYM,0.445324,15,336333301.66,755254621
2026-08-27,FYO,1.194512,1542,1958831349.52,1639859232.005
2026-08-27,FYT,0.36838,96794,3291309204.92,8934538793
2026-08-27,FYZ,6.119825,2,265702493.95,43416680
2026-08-27,FZJ,5.755974,2127,1176871882.83,204460952.629
2026-08-27,FZP,6.709715,561,830546309.25,123782646
2026-08-27,GA1,2.026053,1498,328789304.69,162280711
2026-08-27,GAC,77.653997,1,429246211.21,5527677
2026-08-27,GAE,0.471129,14566,1442658900.81,3062131158
2026-08-27,GAF,1.688469,1542,193430559.34,114559738
2026-08-27,GAG,18.206539,231,853276093.9,46866464
2026-08-27,GAH,12.791537,2706,373826165.24,29224492
2026-08-27,GAJ,63.79911,1,506250280.02,7935068
2026-08-27,GAL,411.922833,59300,135245293200.76,328326770
2026-08-27,GAN,8.689152,11,23400407.01,2693060
2026-08-27,GAS,0.319799,2271,3311662666.88,10355438847
2026-08-27,GAU,67.180836,5,2173993891.57,32360328
2026-08-27,GAV,62.946541,1,248072318.39,3941000
2026-08-27,GBC,0.308934,1667,256656544.08,830781305.475
2026-08-27,GBG,0.589655,4131,211270351.45,358294658
2026-08-27,GBH,4.261878,2789,2173742470.66,510043392
2026-08-27,GBJ,1.481881,1817,728306846.04,491474507
2026-08-27,GBL,0.87416,1690,2624720296.82,3002561125.969
2026-08-27,GBN,6.909229,389,6354907703.22,919770906
2026-08-27,GBP,71.801052,2,3876106623.69,53983981
2026-08-27,GBV,13.261118,22411,2299525766.33,173403606
2026-08-27,GBZ,3.590207,3260,1165590459.83,324658249
2026-08-27,GCA,72.033786,2,829640699.27,11517383
2026-08-27,GCC,6.356008,2,1411417479.51,222060386
2026-08-27,GCD,4.304881,19,1059294888.64,246068350
2026-08-27,GCI,64.854251,3,222183919.95,3425896
2026-08-27,GCZ,61.173499,1,11911397.85,194715
2026-08-27,GDJ,62.117434,4,503239921.07,8101428
2026-08-27,GDP,67.059897,1,1558207113.22,23236050
2026-08-27,GEC,76.768424,2,161175382.54,2099501
2026-08-27,GEI,18.615488,11,695990817.16,37387728
2026-08-27,GEZ,61.574038,1,408510242.81,6634456
2026-08-27,GFB,70.712643,4,421529873.12,5961167
2026-08-27,GFD,70.816708,2,110131311.95,1555160
2026-08-27,GFI,54.140337,3,1662022412.61,30698413
2026-08-27,GFL,11.249888,1,331724616.08,29486927
2026-08-27,GFN,80.936572,3,936714236.47,11573436
2026-08-27,GFY,70.863073,3,412621999.55,5822807
2026-08-27,GGA,67.565956,3,8335222120.01,123364230
2026-08-27,GGC,5.41905,5,190387483.93,35132999
2026-08-27,GGD,66.232615,2,5976842336.65,90240169
2026-08-27,GGK,14.620405,11965,2652928651.3,181453844
2026-08-27,GGM,8.531928,1,2920401457.97,342290935
2026-08-27,GGN,69.756385,4,485743425.48,6963426
2026-08-27,GGP,10.657898,1,73827.26,6927
2026-08-27,GGR,68.579236,3,1618326237.51,23597904
2026-08-27,GHS,40.822643,15095,2808920269.99,68807898
2026-08-27,GID,1.764415,1933,40956883.49,23212732
2026-08-27,GIE,3.715456,4573,77137229.44,20761174
2026-08-27,GIH,2.325705,660,9173620.5,3944447
2026-08-27,GJA,66.996186,3,955590455.15,14263356
2026-08-27,GJB,10.701273,969,77257982.81,7219513
2026-08-27,GJD,64.583084,3,409124341.53,6334853
2026-08-27,GJE,64.321826,2,149015209.52,2316713
2026-08-27,GJF,64.627248,2,236784090.55,3663843
2026-08-27,GJH,3.958807,24162,92928087381.71,23473759886
2026-08-27,GJM,43.343497,67,440387088.53,10160396
2026-08-27,GJO,60.185964,1,588585563.66,9779449
2026-08-27,GKE,0,0,0.01,0
2026-08-27,GKF,4.631446,686,42853646.32,9252758
2026-08-27,GKG,1.445967,1873,44702577.42,30915361
2026-08-27,GKH,4.50957,1851,6424703571.98,1424682226
2026-08-27,GKK,66.463132,2,2034942047.53,30617607
2026-08-27,GKL,15.788775,4,888106080.5,56249207
2026-08-27,GKM,48.666571,14,131575913.68,2703620
2026-08-27,GKO,0,0,0.01,0
2026-08-27,GKV,8.821431,4232,419260685.77,47527516
2026-08-27,GL1,1558.712373,941,1473372870.8,945250
2026-08-27,GLC,4.447053,71,17212123.76,3870456
2026-08-27,GLG,8.297377,340,27750726.89,3344518
2026-08-27,GLL,1.057512,33,51392506.88,48597541
2026-08-27,GLM,0.504368,11,5110728.39,10132926
2026-08-27,GLP,68.955844,4,565577278.15,8202021
2026-08-27,GLS,0.171109,1454,378666633.65,2213020536.001
2026-08-27,GLV,8.480765,23,115259079.52,13590646
2026-08-27,GMA,2.192505,1507,2805230932.06,1279463638.556
2026-08-27,GMC,8.24138,21261,4405208844.28,534523185
2026-08-27,GMD,2.776046,106,15772734.22,5681727
2026-08-27,GME,28.332758,2,399751953.72,14109179
2026-08-27,GMI,1.447249,5196,683427406.45,472225283
2026-08-27,GMM,48.398836,26,448622415.48,9269281
2026-08-27,GMN,1.372146,28,78605058.3,57286237
2026-08-27,GMO,3.12305,4,2481747207.63,794654932
2026-08-27,GMP,63.591348,1,1627932522.13,25599906
2026-08-27,GMR,1.403566,4561,177597440.77,126532989
2026-08-27,GMV,0,0,0.01,0
2026-08-27,GMZ,14.074788,2,374848035.72,26632587.787
2026-08-27,GNH,1.505317,191,7293365.32,4845069
2026-08-27,GNK,69.582081,1,487122088.94,7000683
2026-08-27,GNL,61.521218,3,1750582803.1,28454944
2026-08-27,GNP,1.481983,6906,2513404393.59,1695974214
2026-08-27,GNS,1.577248,1549,74560009.29,47272211
2026-08-27,GNZ,1.597694,470,1953584.9,1222753
2026-08-27,GO1,4.862007,744,81820846.63,16828614
2026-08-27,GO3,5.005588,454,37665904.93,7524772
2026-08-27,GO4,5.42054,741,50283056.46,9276393
2026-08-27,GO6,4.289462,4040,5617855168.02,1309687712
2026-08-27,GO9,2.847395,1687,481938226.01,169255828
2026-08-27,GOF,52.80266,321,392952694.53,7441911
2026-08-27,GOH,16.610576,9000,612474649.25,36872572
2026-08-27,GOL,2.966546,11989,4749111632.44,1600889404
2026-08-27,GOP,1.225394,1709,2189847282.69,1787055769
2026-08-27,GP1,4.244937,1,194057846.81,45715125
2026-08-27,GP3,65.458628,467,740814273.38,11317290
2026-08-27,GPA,23.450555,5417,843454255.06,35967348
2026-08-27,GPB,12.277257,9513,1256385424.18,102334378
2026-08-27,GPC,72.632512,3594,6831509645.47,94055808
2026-08-27,GPF,9.308784,2996,688006499.86,73909385
2026-08-27,GPG,17.281599,2970,1073621246.88,62125109
2026-08-27,GPH,45.393127,1,2661716.79,58637
2026-08-27,GPI,18.717153,2810,743330418.74,39713862
2026-08-27,GPJ,58.365845,2,862190179.18,14772170
2026-08-27,GPL,53.422652,37407,99306167515.94,1858877520
2026-08-27,GPM,62.637183,2,1305175863.86,20837078
2026-08-27,GPN,1.399596,4871,5215536703.27,3726458816
2026-08-27,GPT,2.799979,3143,105271061.08,37597096
2026-08-27,GPU,21.461863,2454,358159333.46,16688175
2026-08-27,GPV,67.782102,1,581095960.62,8573000
2026-08-27,GPZ,1.97558,174,4488654028.01,2272068877
2026-08-27,GRL,1.856894,285,536953569.12,289167522
2026-08-27,GRO,54.45626,27265,189926288492.78,3487685144
2026-08-27,GRT,1.657642,1958,122293007.75,73775295
2026-08-27,GSE,65.384323,106,1387649797.55,21222974
2026-08-27,GSG,71.409221,1,88039857.08,1232892
2026-08-27,GSL,3.472644,1,105546841.42,30393796
2026-08-27,GSO,15.403117,8,7349942543.04,477172424
2026-08-27,GSP,0.589457,14269,4517716972.2,7664206357
2026-08-27,GSR,57.675701,2,267797509.76,4643160
2026-08-27,GSU,0,0,0.01,0
2026-08-27,GTA,1.691149,75438,25924350002.52,15329428252
2026-08-27,GTF,15.038267,505,135538719.5,9012921.203
2026-08-27,GTH,1.548099,799,30480278.55,19688843
2026-08-27,GTK,7.065719,1,28471082248.29,4029467144
2026-08-27,GTL,0.135496,349109,218112088304.81,1609732885434
2026-08-27,GTM,8.0494,13444,1065503373.21,132370537
2026-08-27,GTN,52.604498,2,1473585335.6,28012535
2026-08-27,GTY,6.460286,528,416369637.85,64450648
2026-08-27,GTZ,12.369788,62546,13238689970.88,1070243907
2026-08-27,GUA,6.030665,1,2061647985.64,341860798
2026-08-27,GUB,2.583528,9293,4430931853.28,1715070133
2026-08-27,GUC,1.475746,1,787770447.67,533811783
2026-08-27,GUF,0.94998,3561,624756371,657652472
2026-08-27,GUH,0.448156,38751,4634095299.03,10340358693
2026-08-27,GUK,1.484118,2708,1190767104.29,802340024
2026-08-27,GUM,13.23676,52983,6942975008.25,524522242
2026-08-27,GUV,1.753924,1811,734558065.41,418808395
2026-08-27,GVA,4.147491,3453,97857363.07,23594350
2026-08-27,GVB,68.38477,3,3590175794.48,52499640
2026-08-27,GVC,64.751181,1,306873200.43,4739268
2026-08-27,GVD,18.425015,1,407469.21,22115
2026-08-27,GVI,5.722406,4578,1199868527.35,209679040
2026-08-27,GVL,66.950779,3,527044161.72,7872114
2026-08-27,GVZ,74.136992,2,410226219.88,5533354
2026-08-27,GYC,4.108969,1,20627365743.01,5020082762
2026-08-27,GYG,72.308858,4,508784789.61,7036272
2026-08-27,GYK,0.115339,279,83864591.04,727114546
2026-08-27,GYL,14.676062,7438,875705242.86,59668952.569
2026-08-27,GYN,69.095899,1,1424312796.42,20613565
2026-08-27,GYR,63.699608,5,592867981.7,9307247
2026-08-27,GZB,7.568257,1,1437968917.59,190000000
2026-08-27,GZD,62.17048,3,54504735.09,876698
2026-08-27,GZE,7.831544,4141,1449860427.28,185130863
2026-08-27,GZG,7.706233,4474,489929250.77,63575708
2026-08-27,GZH,4.865981,5689,370939118.34,76231105
2026-08-27,GZJ,8.83171,5202,1756572575.44,198893831
2026-08-27,GZL,5.765342,6037,372198305.88,64557892
2026-08-27,GZM,10.235157,968,647789524.85,63290626
2026-08-27,GZN,51.381931,1086,393016328.66,7648921
2026-08-27,GZO,70.618151,1,85504316.05,1210798
2026-08-27,GZP,7.770818,10130,3880138708.75,499321802
2026-08-27,GZR,11.792702,1981,1077262909.49,91349968
2026-08-27,GZU,68.012659,2,464502586.65,6829649
2026-08-27,GZV,8.771011,1381,100280817.42,11433211
2026-08-27,GZY,7.991047,2328,71096185.93,8896980
2026-08-27,GZZ,7.167172,1232,66501697.09,9278652
2026-08-27,HAE,56.276912,1242,2919432798.76,51876208
2026-08-27,HAG,62.342375,45,425624112.13,6827204
2026-08-27,HAI,1.083854,324,12371460.08,11414328
2026-08-27,HAM,3.276455,7585,1654809761.61,505061077
2026-08-27,HAR,1.111781,72,37430842.9,33667475
2026-08-27,HAT,1.874362,82,3372777.21,1799427
2026-08-27,HB1,50.708615,334,18444930589.74,363743531
2026-08-27,HB2,58.264698,174,12094113718.66,207571895
2026-08-27,HBF,53.895936,10877,6663439838.63,123635294
2026-08-27,HBJ,1.608547,1,160854.74,100000
2026-08-27,HBN,4.365361,1080,539594600.36,123608253
2026-08-27,HBU,1.494479,2746,481609637.43,322259221
2026-08-27,HBV,19.712242,17,1134240978.52,57539929
2026-08-27,HCV,1.052629,673,175945250.56,167148412
2026-08-27,HDA,3.139592,526,95936335.11,30556942
2026-08-27,HDD,1.084999,150,11055138.11,10189076
2026-08-27,HDE,58.02494,4450,9297668076.07,160235720
2026-08-27,HDH,10415.164156,17,38518776544.23,3698336
2026-08-27,HDJ,6.647172,11,16482367.79,2479606
2026-08-27,HDK,3.006282,128,12092360.94,4022364
2026-08-27,HDS,17.061237,13,1556356697.15,91221799
2026-08-27,HDV,67.062862,2239,4976682523.31,74209218
2026-08-27,HEH,3.304898,1469,537528598.89,162646044
2026-08-27,HFA,3.144889,2,4952350461.91,1574729725
2026-08-27,HFI,1.848418,131,63353635.29,34274519
2026-08-27,HFO,1.040574,176,5614711.08,5395784
2026-08-27,HFR,1.458999,437,31173842.03,21366600
2026-08-27,HFV,64.027722,3256,8805039477.58,137519175
2026-08-27,HFY,1.316281,35,755889520.56,574261334
2026-08-27,HGC,53.236956,284,472418788.95,8873888
2026-08-27,HGH,1.793889,19,40431658.7,22538553
2026-08-27,HGJ,33.09796,12,3610886274.03,109096943
2026-08-27,HGM,4.282453,1805,166857114.05,38962974.711
2026-08-27,HGR,1.335955,154,43660051.13,32680771
2026-08-27,HGT,95.91582,14,3396700878.63,35413354
2026-08-27,HGU,5.05688,2,2837003816.68,561018563
2026-08-27,HGV,5.069077,376,24580207.19,4849050
2026-08-27,HIA,1.558672,263,1374154096.97,881618273
2026-08-27,HIF,0.540834,56,11582925.78,21416777
2026-08-27,HIH,1.434724,4643,228223646.55,159071478
2026-08-27,HII,3.343915,1,1101376058.55,329367203
2026-08-27,HIM,4.005166,206,281278669.7,70228972
2026-08-27,HIP,2.184591,1213,2149994790.51,984163543
2026-08-27,HIS,3.092535,12,1259407.19,407241
2026-08-27,HIZ,2.072812,1060,211478635.42,102025014
2026-08-27,HJA,23.198611,13,2154037958.56,92852023
2026-08-27,HJB,4.730876,1546,110054237.51,23262970
2026-08-27,HKG,1.561739,1044,38108125.66,24401082
2026-08-27,HKH,8.925197,13469,825353764.88,92474571
2026-08-27,HKJ,1.413809,2305,14929480048.34,10559759513
2026-08-27,HKM,4.254013,908,52774063.57,12405712
2026-08-27,HKP,6.054158,82,190604123.41,31483176
2026-08-27,HKR,4.017594,1499,1476398290.22,367483188
2026-08-27,HKV,594.907377,37200,4156288858.39,6986447
2026-08-27,HLA,2.02127,10,44831080.92,22179665
2026-08-27,HLL,0.384634,1031098,52923411773.99,137594096706.95
2026-08-27,HLR,105.739168,13,3312945712.16,31331301
2026-08-27,HMC,8.091626,111,483183003.3,59713953
2026-08-27,HME,54.614882,8229,27437653281.77,502384192
2026-08-27,HMG,0.068578,6177,7396588376.18,107856762090
2026-08-27,HMK,319.731313,49,115933934.79,362598
2026-08-27,HML,48.224216,37,15646443.36,324452
2026-08-27,HMS,0.096029,4015,364862443.59,3799487572
2026-08-27,HMT,7.200121,22,614494849.16,85345075
2026-08-27,HMV,17.055045,13,15131824770.9,887234531
2026-08-27,HNS,48.394751,169,604665606.84,12494446
2026-08-27,HOA,0.241875,3342,2035920817.39,8417231433
2026-08-27,HOY,0.367591,2539,1360926969.73,3702281020
2026-08-27,HP3,58.878615,184,734580143,12476179
2026-08-27,HPC,11.954356,7,37265155880.37,3117286856
2026-08-27,HPD,0.215791,1461,288165841.25,1335390598
2026-08-27,HPF,33.062774,12,1426629615.81,43149120
2026-08-27,HPH,2.393047,9533,7054859726.95,2948066218
2026-08-27,HPI,6.688791,14,230188593.17,34414080
2026-08-27,HPJ,4.062698,1,37271423.39,9174058
2026-08-27,HPL,1.115346,24,325474848.98,291815213
2026-08-27,HPO,0.171392,2875,1128021233.78,6581525391
2026-08-27,HPT,0.11408,10180,3164946779.79,27743307138
2026-08-27,HPV,7.821115,339337,9181079795.92,1173883710.001
2026-08-27,HPZ,552.885337,17,5385656.07,9741
2026-08-27,HRZ,2.368732,6582,302513203.2,127711046
2026-08-27,HSA,1651.540303,2384,4103369143.3,2484571
2026-08-27,HSL,415.195758,24271,26168878502.23,63027808
2026-08-27,HSP,45.866124,60,101129437.91,2204883
2026-08-27,HST,1.017501,3708,386988320.47,380332145.328
2026-08-27,HTF,1.455992,545,5100574927.38,3503161832
2026-08-27,HTJ,1.964817,231,38905087.42,19800873
2026-08-27,HTK,1.054624,924,129144235.89,122455247
2026-08-27,HTS,59.37329,2604,4791284276.31,80697638
2026-08-27,HTZ,12.749875,13,88433975.49,6936066
2026-08-27,HUI,89.667582,1,2116124083.49,23599656
2026-08-27,HUS,0.003542,12,2015352.41,568993837
2026-08-27,HVA,285.574018,16,157409255.51,551203
2026-08-27,HVB,1.898819,13,2185784829.54,1151128347
2026-08-27,HVC,26.582598,16,72510149.99,2727730
2026-08-27,HVI,1.310833,369,41913884.81,31975002
2026-08-27,HVK,5.332151,1462,569866316.35,106873620
2026-08-27,HVL,20.519019,11,2880870.31,140400
2026-08-27,HVN,5.9113,12,5894210.32,997109
2026-08-27,HVS,1.62367,10121,2728618544.53,1680525284
2026-08-27,HVT,4.761206,1806,727807726.3,152862043
2026-08-27,HVU,5.722205,796,17369620.02,3035476.74
2026-08-27,HVV,69.93572,1,3185721687.13,45552140
2026-08-27,HVZ,6.860325,1804,92193320.71,13438622
2026-08-27,HYK,11.670556,23,214496138.42,18379256
2026-08-27,HYP,10.734003,61,563474731.55,52494372
2026-08-27,HYU,1.8091,231,871222482.55,481577787
2026-08-27,HYV,6.375329,6616,6231504690.29,977440531
2026-08-27,HYY,12.639023,1,5959546201.39,471519535
2026-08-27,HZV,6.396596,3,1047727404.27,163794514
2026-08-27,IAC,5.115932,1,3547484628.64,693419042
2026-08-27,IAE,2.191602,456,292517152.49,133471850
2026-08-27,IAI,6.142035,1,69990515.42,11395330
2026-08-27,IAJ,0.979247,12,2070765.58,2114650
2026-08-27,IAM,1.758765,2806,78885433.59,44852741
2026-08-27,IAR,78.686984,22,148568108.24,1888090
2026-08-27,IAS,2.115195,17,3410654053.22,1612453728
2026-08-27,IAT,0.197628,8930,1873184746.47,9478348802.206
2026-08-27,IAU,2.667941,214,33105303.83,12408560
2026-08-27,IAY,1.582667,195,46437026.33,29341001
2026-08-27,IBB,15.830947,8882,1359856666.4,85898628
2026-08-27,IBC,19.604735,5,420107773.83,21428893
2026-08-27,IBE,18.063914,12,598380277.61,33125727
2026-08-27,IBG,1.641403,11,547808720.69,333744116
2026-08-27,IBJ,65.650223,23,821467654.84,12512793
2026-08-27,IBK,0.137256,121365,229241962.64,1670175117
2026-08-27,IBM,3.915332,16,208579896.43,53272592
2026-08-27,IBP,71.813378,4,4803781191.54,66892567
2026-08-27,IBR,0.307011,81,1746056703.04,5687281191
2026-08-27,ICA,0.583356,2842,636942848.47,1091859697
2026-08-27,ICC,1.358138,269,26722902.73,19676136
2026-08-27,ICD,135.058092,197,34687780,256836
2026-08-27,ICE,128.485757,4642,1658851978.28,12910785
2026-08-27,ICF,196.688931,519,21120064.03,107378
2026-08-27,ICG,71.038721,1,712314776,10027134
2026-08-27,ICH,2.49122,4874,1207407735.66,484665176
2026-08-27,ICN,4.331305,16,293157800.32,67683480
2026-08-27,ICS,49.698583,56,17282533.09,347747
2026-08-27,ICV,5.968608,44,6207692.72,1040057
2026-08-27,ICZ,9.533768,22530,1109326695.3,116357633
2026-08-27,IDD,0.158583,25,33148748.78,209030711
2026-08-27,IDF,77.576122,4336,12773735417.52,164660659
2026-08-27,IDH,13.366179,20046,944907656.09,70693927
2026-08-27,IDI,1.794994,530,32561118.61,18139962
2026-08-27,IDL,6.079625,3730,3728291135.62,613243626
2026-08-27,IDO,58.885114,15386,77160915109.65,1310363680
2026-08-27,IDP,1.944666,23,134796309.16,69315905
2026-08-27,IDV,71.874431,2,559657155.5,7786596
2026-08-27,IDY,0.238552,2506,752793765.32,3155679065.126
2026-08-27,IED,1.057995,1274,63453251.61,59975021
2026-08-27,IEN,1.271861,98,20614051.43,16207792
2026-08-27,IEV,5.375416,4190,111200962.07,20686949
2026-08-27,IEZ,4.399759,3,88749549.95,20171458
2026-08-27,IFD,60.583268,9,1211665352.69,20000000
2026-08-27,IFN,9.41367,428,3759255.16,399340
2026-08-27,IFV,4.687604,191,26390252.56,5629796
2026-08-27,IFY,7.671778,1,99733107.9,13000000
2026-08-27,IGF,68.737134,2,1452567271.78,21132206
2026-08-27,IGL,583.166894,16938,4766766533.51,8173932
2026-08-27,IGM,66.897379,3,1297008193.78,19388027
2026-08-27,IGZ,11.660664,3,680714673.49,58377009
2026-08-27,IH1,0.948501,79,180085088.73,189862868
2026-08-27,IHA,3.199275,314,5596437.52,1749283
2026-08-27,IHC,8.085935,503,414656443.62,51281200
2026-08-27,IHK,17.042938,28974,1653319856.59,97009088
2026-08-27,IHP,1.893197,275,69733829.44,36833896
2026-08-27,IHT,3.81806,3317,80346565.67,21043818
2026-08-27,IHV,1.898172,46,320985902.95,169102646
2026-08-27,IHY,6.550598,1,220093135.61,33598940
2026-08-27,IHZ,0.875285,70,2635611.83,3011146
2026-08-27,IIA,4.237171,11,1622121136.61,382831186
2026-08-27,IIC,6.721422,13,4907895.05,730187
2026-08-27,IIE,6.400277,3641,664740991.46,103861288
2026-08-27,IIF,1.568374,13,503468242.2,321012874
2026-08-27,IIH,33.901777,21614,1829931028.93,53977437
2026-08-27,IIN,1.420661,163,1551215488.55,1091896641
2026-08-27,IIS,49.25144,146,1573047511.95,31939117.248
2026-08-27,IJA,14.190003,1218,180646034.59,12730514.471
2026-08-27,IJB,6.70296,7039,228615512.6,34106652
2026-08-27,IJC,15.931018,46803,4836263889.84,303575329
2026-08-27,IJE,68.320636,4,33242703.38,486569
2026-08-27,IJF,9.740624,2,894011338.71,91781736
2026-08-27,IJH,7.31472,393,33681584.78,4604631
2026-08-27,IJI,10.886615,208,195239066.51,17933863
2026-08-27,IJK,64.199452,3,288455393.14,4493113
2026-08-27,IJL,53.882192,12,356516964.66,6616601
2026-08-27,IJP,9.273973,12788,654582514.32,70582747
2026-08-27,IJT,7.283745,1631,1158285469.44,159023348
2026-08-27,IJV,5.673265,2830,3212174379.56,566195054
2026-08-27,IJZ,14.259193,15822,916927792.74,64304324
2026-08-27,IK2,47.887916,94,204578276.45,4272023
2026-08-27,IKL,10.220627,5420,279115692.27,27309057
2026-08-27,IKP,9.22635,13033,1026911386.18,111302023
2026-08-27,IKV,1.527945,1198,181455485.67,118757871
2026-08-27,ILC,51.360216,220,1427883173.93,27801347.01
2026-08-27,ILE,5.220506,1,11621750435.7,2226173174
2026-08-27,ILH,4.026956,11545,163885513198.72,40697117858.47
2026-08-27,ILI,5.884226,15,795532933.29,135197549
2026-08-27,ILM,7.236956,13,314996833.34,43526148
2026-08-27,ILP,62.751942,6,3122946285.38,49766528
2026-08-27,ILU,1.32854,4,2441037966.04,1837384432
2026-08-27,ILZ,8.247524,6476,1085406483.51,131603915
2026-08-27,IMB,1.230602,181,3959676.15,3217675
2026-08-27,IMF,5.779612,19,384633416.04,66550045
2026-08-27,IMG,49.599859,138,905864191.91,18263443
2026-08-27,IMH,6.524713,1,700686492.21,107389633
2026-08-27,IML,1.777055,4663,887769505.28,499573332
2026-08-27,IMO,6.033197,2,5181296841.06,858797825
2026-08-27,IMS,15.364955,4,571169922.73,37173550
2026-08-27,IMT,71.756025,4,725272518.68,10107479
2026-08-27,IMY,74.840486,6,1606753902.32,21469047
2026-08-27,IMZ,74.754939,4,310049624.26,4147547.001
2026-08-27,INH,15.074192,374,232565613.07,15428065
2026-08-27,INV,48.205471,1,2054272619.62,42614927
2026-08-27,INZ,3.491376,15,120102942.62,34399892
2026-08-27,IOG,14.451841,19007,14105679104.55,976047237
2026-08-27,IOH,52.672083,31,142521127.76,2705819.1
2026-08-27,IOJ,52.022735,39,186571944.75,3586354.01
2026-08-27,IOL,67.268632,1,962292041.98,14305212
2026-08-27,IOM,4.027575,13,594421875.11,147588046
2026-08-27,ION,0.870164,15,52218387.23,60009826
2026-08-27,IOO,4.633537,6158,26307040250.25,5677528720
2026-08-27,IOP,6.366683,6419,6773274516.28,1063862410
2026-08-27,IOT,59.72428,6,268910960.36,4502540
2026-08-27,IOV,57.701699,1,571675483.94,9907429
2026-08-27,IPA,0.763839,16,614055650.18,803906870
2026-08-27,IPB,0.912949,15102,1094371828.07,1198721932.571
2026-08-27,IPC,25.021065,1,14387112.34,575000
2026-08-27,IPE,9.668326,3,4027977144.84,416615784
2026-08-27,IPF,0.124082,22,137112247.77,1105011730
2026-08-27,IPG,9.676865,1742,352151223.93,36391043
2026-08-27,IPJ,20.014076,18672,1304599267.57,65184088
2026-08-27,IPK,57.275779,1,3263017157.9,56970280
2026-08-27,IPO,48.758988,1,537638978.98,11026459
2026-08-27,IPP,0.18288,163,6980208552.26,38168162424
2026-08-27,IPR,34.010391,1,20916390.72,615000
2026-08-27,IPU,48.772154,1,5689936137.29,116663621
2026-08-27,IPV,78.661674,11842,2064987256.06,26251504
2026-08-27,IRB,1.323405,764,1269093492.66,958960652
2026-08-27,IRE,47.265319,60,115146021.1,2436163.02
2026-08-27,IRF,7.519548,1986,533846538.57,70994501
2026-08-27,IRL,18.221705,16,276016411.25,15147672
2026-08-27,IRO,2.082925,87,40297444.61,19346563
2026-08-27,IRT,7.920985,1540,127963822.08,16155039
2026-08-27,IRV,7.028186,55,374690819.23,53312592
2026-08-27,IRY,4.027988,2321,1782641735.55,442563866
2026-08-27,ISR,19.491701,6,967951334.97,49659665
2026-08-27,ISS,0.277539,7,215290572.81,775713881
2026-08-27,IST,0.195861,3084,1597020956.1,8153830502.89
2026-08-27,ITA,73.508084,1,824858686.76,11221333
2026-08-27,ITC,1.186476,279,25149753.75,21197025
2026-08-27,ITD,69.234112,1,2561680963.69,37000272
2026-08-27,ITJ,10.400407,12,275789804.15,26517213
2026-08-27,ITL,4.601749,1,4722628141.05,1026267998
2026-08-27,ITP,13.014403,11295,1004188561.03,77159787
2026-08-27,ITR,4.455946,1,1094238140.62,245568075
2026-08-27,ITV,48.286925,30,849662334.55,17596116.02
2026-08-27,ITZ,61.381906,3,2040009111.96,33234698
2026-08-27,IUA,67.988524,52,420173296.26,6180062
2026-08-27,IUB,72.103361,3,347156772.35,4814710
2026-08-27,IUC,2.017079,1,978996779.89,485353634
2026-08-27,IUF,69.448555,7709,22446126784.11,323205096
2026-08-27,IUH,6.298392,719,12696888,2015893.661
2026-08-27,IUM,67.491796,1,410050323.53,6075558
2026-08-27,IUN,76.989082,4,301944711.42,3921916
2026-08-27,IUV,67.656152,6404,21310723309.17,314985744
2026-08-27,IUZ,4.788435,1227,1291979469.77,269812477
2026-08-27,IV2,23.502481,14,1439268157.97,61238989
2026-08-27,IV6,66.02532,1,1651827396.68,25018090
2026-08-27,IV7,5.052037,1,552211351.18,109304696
2026-08-27,IV8,2.308995,134,32510591.15,14079975
2026-08-27,IVF,6.770688,1281,82702669.26,12214810
2026-08-27,IVS,6.082143,26,277815206.33,45677189.29
2026-08-27,IVY,6.149532,13112,763009623.35,124076057
2026-08-27,IYB,6.001758,318,94440493.64,15735473
2026-08-27,IYP,3.007656,2,2305763385.21,766631358.323
2026-08-27,IYR,0.141213,7,229936741.89,1628295591
2026-08-27,IYS,1.360556,16,5946832996.54,4370883210
2026-08-27,IYV,1.135455,69,192574165.78,169600883
2026-08-27,IZA,2.01958,1,492241591.7,243734656
2026-08-27,IZB,11.067705,89,101390399.96,9160924
2026-08-27,IZE,65.3637,1,267254388.95,4088728
2026-08-27,IZL,52.413982,19,107365540.09,2048414.11
2026-08-27,IZS,10.236924,46,101326289.51,9898119
2026-08-27,IZV,10.420962,2,114051391.73,10944421
2026-08-27,IZY,48.448735,27,50084704.2,1033767.01
2026-08-27,JET,2.389254,17196,545277851.46,228220991
2026-08-27,JOT,58.731018,1,1157565393.44,19709609
2026-08-27,JUP,0.539365,55,54813000.26,101625014
2026-08-27,KAC,3.928609,1781,19966499892.57,5082332997
2026-08-27,KAN,7258.794399,37,5685138584.97,783207
2026-08-27,KAV,58.159874,5726,18158559404.79,312217997
2026-08-27,KBJ,4.246705,102,677247649.55,159476028
2026-08-27,KBP,1.792513,5,339360472.15,189321082
2026-08-27,KBZ,52.243571,1,161667311.45,3094492
2026-08-27,KCL,1.807594,176,11576442.29,6404337
2026-08-27,KCR,1.124724,527,70313578.34,62516276
2026-08-27,KCV,5.30607,13053,2546854740.19,479988918
2026-08-27,KDE,1.79857,3721,669198315.95,372072452
2026-08-27,KDI,58.21009,12,246702974.57,4238148
2026-08-27,KDK,15.600467,1,49106947.15,3147787
2026-08-27,KDL,52.790565,7067,25686751987.39,486578467
2026-08-27,KDO,57.13591,528,1098051860.27,19218244
2026-08-27,KDS,54.841151,1382,28308116391.63,516183849
2026-08-27,KDT,54.887684,1195,3224811580.81,58752918
2026-08-27,KDV,49.020756,212,24376200442.66,497262842
2026-08-27,KDZ,49.174725,823,4159270167.06,84581462
2026-08-27,KEI,1.930736,1,346795630.83,179618321
2026-08-27,KEO,1.815346,1,71601620.48,39442409
2026-08-27,KEU,53.734224,56,4074405313.7,75825145
2026-08-27,KFZ,4.499585,1,372043181.57,82683881
2026-08-27,KGM,3.11221,30303,3150336620.74,1012250501
2026-08-27,KH1,1.38359,1051,90792623.26,65621051
2026-08-27,KHA,4.539682,38475,7264850632.02,1600299476
2026-08-27,KHB,1.668114,253,17696368.52,10608611
2026-08-27,KHC,2.215789,1457,48859550.62,22050631
2026-08-27,KHD,1.458247,12,731155181.33,501393238
2026-08-27,KHF,0.120386,13,902207.52,7494290
2026-08-27,KHJ,1.206508,467,15692953.92,13006922
2026-08-27,KHP,1.208374,1432,25790153247.96,21342857233
2026-08-27,KHT,2.404537,215,7393290.2,3074725
2026-08-27,KHU,37.00498,1,3534641.72,95518
2026-08-27,KIA,4.381988,359,5958294.16,1359724
2026-08-27,KIB,4.347959,1066,10781538.33,2479678
2026-08-27,KIE,4.681619,937,231429047.06,49433553
2026-08-27,KIH,1.547461,27,59906256.95,38712606
2026-08-27,KIK,1.462068,1404,178156491.61,121852373
2026-08-27,KIS,0.221482,767,91437523.91,412844319
2026-08-27,KJK,0.002275,1,48706644.35,21405755952
2026-08-27,KKB,62.428458,1,2618249.52,41940
2026-08-27,KKC,58.13757,53,126931408.5,2183294
2026-08-27,KKE,52.223044,2,90177708.04,1726780
2026-08-27,KKH,6.857965,5058,531851512.97,77552377
2026-08-27,KKL,2.507917,1647,3674794243.86,1465277380
2026-08-27,KKO,49.203979,257,2273380134.49,46203177
2026-08-27,KKP,49.179689,331,4355687802.96,88566803
2026-08-27,KKT,3.143622,46,9242989158.12,2940235574
2026-08-27,KLH,2.747924,2282,145184628.51,52834287
2026-08-27,KLI,1.319244,164,314618174.5,238483763
2026-08-27,KLL,58.120705,1,11413162.85,196370
2026-08-27,KLM,68.105004,1,1013203317.8,14877076
2026-08-27,KLS,41.626862,2,881698.56,21181
2026-08-27,KLU,4.867871,107194,98964054069.17,20330048817
2026-08-27,KMA,169.598897,1,12689050.29,74818
2026-08-27,KME,1.641327,1185,126829790.07,77272703
2026-08-27,KMF,3.654605,2238,1585897127.71,433944874
2026-08-27,KMN,0.99612,4944,435826651.18,437524390
2026-08-27,KMT,2.816,1,69795598.93,24785369
2026-08-27,KNC,67.834218,16,363732232.67,5362076
2026-08-27,KNI,1.382863,446,16925805204.34,12239679545
2026-08-27,KNJ,2.094781,14687,870640947.05,415623853
2026-08-27,KNN,1.506739,15,446324448.21,296218809
2026-08-27,KNP,83.267335,2,194320148.02,2333690
2026-08-27,KNS,4.507309,1,5080600613.73,1127191620
2026-08-27,KNT,61.046765,3,174958380.11,2865973
2026-08-27,KNV,71.279125,5,320067507.01,4490340
2026-08-27,KNZ,69.781686,1,1028359518.97,14736811
2026-08-27,KO4,56.237657,856,4618798803.23,82130000
2026-08-27,KOB,1.427702,71,2721165743.18,1905976031
2026-08-27,KOD,1.034736,736,58918102.36,56940229
2026-08-27,KOP,7.849769,14,16099875.84,2051000
2026-08-27,KOT,1.513459,3520,150047639.84,99142203
2026-08-27,KOZ,65.014836,4,72714998.55,1118437
2026-08-27,KP3,53.665464,10,14182923.54,264284
2026-08-27,KPA,1.762153,14060,549357721.42,311753633
2026-08-27,KPB,6.796068,1,5446559.51,801428
2026-08-27,KPC,21.987332,23604,4791686696.57,217929426
2026-08-27,KPD,49.004711,549,306337513.1,6251185
2026-08-27,KPF,1.775853,274,487001410.55,274235214
2026-08-27,KPH,1.286469,11832,548763386.7,426565456
2026-08-27,KPI,1.481119,6615,5380422239.64,3632674565
2026-08-27,KPK,10.277923,1,475381417.14,46252674
2026-08-27,KPM,1.052915,16,1588217.67,1508400
2026-08-27,KPP,3.184596,682,449673528.71,141202685
2026-08-27,KPR,1.885954,1354,71801030687,38071473153
2026-08-27,KPS,48.10513,3270,23331950089.87,485020000
2026-08-27,KPU,4.112192,6145,612606924.65,148973340
2026-08-27,KRC,0.147793,148,30417370.84,205811320
2026-08-27,KRF,21.610441,597,44615664,2064542
2026-08-27,KRH,1.728674,41,2252677023.6,1303124471
2026-08-27,KRO,48.285438,58,303716711.61,6290027
2026-08-27,KRR,1.173445,581,22960697.67,19566919
2026-08-27,KRS,0.527822,1109,1508505916.42,2857984351
2026-08-27,KRT,75.123672,166,732499751.77,9750585
2026-08-27,KRV,48.243551,1022,5600111388.25,116080000.01
2026-08-27,KSA,4.141839,3700,14810125275.86,3575736235
2026-08-27,KSC,49.724747,1,24637120.17,495470
2026-08-27,KSK,2.942514,668,8328277792.46,2830327125.375
2026-08-27,KSL,56.958179,118,257252926.79,4516523
2026-08-27,KSM,51.833794,740,15450372062.6,298075267
2026-08-27,KSP,65.413242,361,1657244488.78,25335000
2026-08-27,KSR,5.190807,3826,206188007.43,39721765
2026-08-27,KST,2.070814,456,9448169.68,4562540
2026-08-27,KSV,5.765955,9824,35860308440.42,6219318537
2026-08-27,KSY,11.119732,85,4304132857.43,387071628
2026-08-27,KTE,45.841574,1,110734448.29,2415590
2026-08-27,KTI,2.219778,569,282491095.12,127260973
2026-08-27,KTJ,2.610458,20953,1640304714.73,628358927
2026-08-27,KTM,22.862585,5764,699513913.55,30596449
2026-08-27,KTN,8.099976,4249,427015186.04,52718083
2026-08-27,KTR,10.677291,635,24563418445.03,2300529109
2026-08-27,KTS,15.606641,742,125941193.36,8069718
2026-08-27,KTT,71.004094,1440,5200393221.57,73240752
2026-08-27,KTU,30.398216,1,988408618.41,32515349
2026-08-27,KTV,7.73683,45671,28099123889.05,3631865440
2026-08-27,KU3,1.171161,2586,256021106.5,218604444
2026-08-27,KUA,1.477355,2072,105010101.33,71079816
2026-08-27,KUB,0.756029,3639,612010593.62,809506411
2026-08-27,KUD,1.779329,2385,237404437.32,133423541
2026-08-27,KUP,49.439185,129,2048980283.99,41444459
2026-08-27,KUT,12.763193,41544,8535356185.84,668747707
2026-08-27,KVA,1.78698,1,701516502.04,392570970
2026-08-27,KVK,1.28102,137,855935086.6,668166694
2026-08-27,KVR,1.301933,45,113592409.23,87249036
2026-08-27,KVS,3.838681,2364,28464505479.73,7415178770
2026-08-27,KVT,1.466214,2994,87929409.47,59970382
2026-08-27,KYA,1.218511,1553,69257884.18,56838151
2026-08-27,KYR,0.595733,11,296434188.3,497595647
2026-08-27,KYS,54.156585,18,11215828.85,207100
2026-08-27,KZL,29.775421,65839,94835698368.4,3185032979
2026-08-27,KZO,2.234523,3,1157405268.08,517965287
2026-08-27,KZU,2.522552,5875,497752184.04,197320881
2026-08-27,LAI,1.161417,14,175152007.6,150808828
2026-08-27,LET,55.07846,2,700725298.3,12722311
2026-08-27,LFD,7.358118,1,4893192.78,665006
2026-08-27,LGK,1.422756,1,1698562717.24,1193853791
2026-08-27,LGO,7.867946,11,118509642.44,15062336
2026-08-27,LHM,83.573925,4,798769567.64,9557641
2026-08-27,LHP,56.955002,93,84086371.43,1476365
2026-08-27,LKF,1.094879,980,114323856.65,104416856
2026-08-27,LKT,1.890359,374,376164912.53,198991295
2026-08-27,LLA,1.198944,750,28476210.16,23751080
2026-08-27,LPH,1.466659,2596,3738611677.52,2549065985
2026-08-27,LRT,3.694065,12,906734942.01,245457201
2026-08-27,LTC,1.60632,317,15730872.52,9793110
2026-08-27,LTL,1.104214,5314,281814841.64,255217659
2026-08-27,LTS,4.649081,13,2572690682.89,553376235
2026-08-27,LZV,7.185359,2,81798659.78,11384074
2026-08-27,MAC,0.76165,36070,4360844111.72,5725524142
2026-08-27,MAD,1.046403,367,23170346.51,22142843
2026-08-27,MAS,12.427655,196,786624907.16,63296326
2026-08-27,MAV,58.398753,1,913835665.71,15648205
2026-08-27,MBL,0.28928,212,21068900.52,72832233
2026-08-27,MBR,1.78681,486,459139654.81,256960500
2026-08-27,MCU,1.399371,156,187017038.32,133643684
2026-08-27,MD1,2.312517,660,228264711.46,98708318
2026-08-27,MD2,2.208099,778,285134614.17,129131245
2026-08-27,MDF,1.305635,945,499599879.95,382649020
2026-08-27,MET,6.027796,6631,750631463.82,124528352
2026-08-27,MGB,1.484177,484,63621393.89,42866438
2026-08-27,MGD,1.011927,1,680117363.77,672100883
2026-08-27,MGE,1.124478,67,765061354.81,680370252
2026-08-27,MGH,2.26215,758,491911629.59,217453112
2026-08-27,MHF,2.426603,3863,479952767.02,197787933
2026-08-27,MIK,3.429376,13,4815461954.66,1404180257
2026-08-27,MJB,7.858643,778,52867037.21,6727248
2026-08-27,MJE,58.314219,907,7315058535.87,125442107
2026-08-27,MJG,11.503176,7542,1033869926.94,89876912
2026-08-27,MJH,4.374991,29,26634345.82,6087863
2026-08-27,MJK,36.534005,410,1866592369.29,51091917
2026-08-27,MJL,61.888934,585,916345188.9,14806285
2026-08-27,MKA,1.291743,1721,87997075.16,68122740
2026-08-27,MKG,18.570796,8216,1645017074.55,88580861
2026-08-27,MKL,60.931711,1,786361329.47,12905617
2026-08-27,MLS,18.016326,4,1346933551.5,74761834
2026-08-27,MLT,1.354436,79,19990816.44,14759515
2026-08-27,MMH,17.108602,1341,154643955.07,9038959
2026-08-27,MOD,61.31723,2,742827588.63,12114500
2026-08-27,MOZ,1.277778,120,326830124.75,255780012
2026-08-27,MP2,1.319582,13,3498613082.37,2651303752
2026-08-27,MP4,2.073969,15,3802048526.3,1833223343
2026-08-27,MPD,61.268259,691,2917136339.09,47612522
2026-08-27,MPE,1.393854,116,88175499.07,63260229
2026-08-27,MPF,8.371479,1957,1397869980.83,166980054.037
2026-08-27,MPI,3.119631,39,72557402.18,23258327
2026-08-27,MPK,9.944442,1526,255047204.47,25647210.961
2026-08-27,MPL,2.030427,916,662206164.31,326141272
2026-08-27,MPN,61.76819,291,373944311.71,6053995
2026-08-27,MPP,21.907909,1209,359292197.42,16400114
2026-08-27,MPS,24.997742,2483,157892696.63,6316278.324
2026-08-27,MRI,1.254709,115,13543058.3,10793786
2026-08-27,MSK,3.997254,1,1198767006.52,299897605
2026-08-27,MSO,59.340489,1,521762527.3,8792690
2026-08-27,MSR,2.021562,14,30784448.7,15228050
2026-08-27,MT1,46.159644,24,28772044.76,623316
2026-08-27,MT2,1.415952,1452,5834446179.65,4120512301
2026-08-27,MT5,1.23442,19,788948931.24,639124957
2026-08-27,MT6,0.45046,14,300502946.06,667102313
2026-08-27,MT7,0.376323,15,49115763.84,130514947
2026-08-27,MT8,0.825353,16,1579447112.25,1913661385
2026-08-27,MT9,0.406332,18,3133928977.99,7712730506
2026-08-27,MTD,1.387767,1519,155090111.01,111755147
2026-08-27,MTE,0.628595,18,1994768.73,3173378
2026-08-27,MTF,1.422519,42,70365642.76,49465524
2026-08-27,MTG,1.741518,392,274024835.09,157348302
2026-08-27,MTH,2.327017,3197,307341019.59,132075126
2026-08-27,MTI,0.018309,2,4669957.82,255061228
2026-08-27,MTK,1.827302,819,105756174.88,57875589
2026-08-27,MTL,2.024829,16,11332482797.13,5596760648
2026-08-27,MTS,2.792224,674,28549034.73,10224480
2026-08-27,MTU,0.800411,19,827347837.75,1033653600
2026-08-27,MTV,5.468953,12823,147438811.59,26959239
2026-08-27,MTX,5.264234,2095,82245707.4,15623491
2026-08-27,MUL,3.079208,12,309142833.81,100396850
2026-08-27,MUT,1.935739,1614,842600245.68,435286106
2026-08-27,NAK,1.129021,166,128440623.66,113762784
2026-08-27,NAL,0.425588,12,510367368.22,1199204513
2026-08-27,NAU,3.26624,9706,2428438148.9,743496656
2026-08-27,NAV,1.118259,15,65836862.27,58874427
2026-08-27,NBE,1.770375,10,567685362.36,320658242
2026-08-27,NBH,7.045445,199,2219489964.65,315024822
2026-08-27,NBO,1.525271,395,2190359692.65,1436046133
2026-08-27,NBZ,72.807445,279,1399821424.2,19226350
2026-08-27,NCS,57.939987,1777,8535869621.18,147322602
2026-08-27,NCU,55.419278,12,129375029.2,2334477
2026-08-27,NDL,1.964871,1,11080130.99,5639113
2026-08-27,NDS,1.027598,13,604918375.86,588672037
2026-08-27,NES,2.181292,2,2179119953.55,999004311
2026-08-27,NFF,1.360654,33,1822296236.33,1339279649
2026-08-27,NFH,2.163706,48,121214333.72,56021616
2026-08-27,NFK,5.299675,80,1520414971.9,286888350
2026-08-27,NHP,5.693431,153,12205019.35,2143702
2026-08-27,NHT,67.0792,2,665102074.99,9915176
2026-08-27,NHV,4.452513,2,8205781109.15,1842955034
2026-08-27,NHY,6.04762,2022,143095597.65,23661473
2026-08-27,NIG,1.282247,15,544450304.7,424606540
2026-08-27,NIS,1.746106,41,1593796438.6,912771645
2026-08-27,NJF,13.241787,1778,1204674875.49,90975248
2026-08-27,NJG,3.089496,15,3290050800.01,1064914900
2026-08-27,NJR,5.867763,2489,1922887052.85,327703593
2026-08-27,NJY,7.565031,1376,318858404.42,42148989
2026-08-27,NKA,49.710117,17,132248496.18,2660394
2026-08-27,NKC,1.270814,1088,351712582.67,276761709
2026-08-27,NKH,1.795726,12,165452481.55,92136843
2026-08-27,NKJ,15.243804,1,1564600223.12,102638440
2026-08-27,NKK,8.079899,12,1521544946.38,188312373
2026-08-27,NKL,3.568929,2185,15638947006.78,4381972125
2026-08-27,NKM,1.032268,456,50807053.9,49218883
2026-08-27,NKP,1.138484,3258,182226202.65,160060451
2026-08-27,NKS,1.894872,11,25107439.05,13250200
2026-08-27,NKT,1.604933,538,79116605.84,49295907
2026-08-27,NKV,2.32922,1,15993586107.48,6866499553
2026-08-27,NLC,51.154495,19,182105294.43,3559908
2026-08-27,NLD,54.71869,1,1433626019.43,26199933
2026-08-27,NLE,1.644465,9542,376044709.65,228672951
2026-08-27,NLK,1.897979,1009,5160599692.25,2718997761
2026-08-27,NLL,5.175522,25,2100557197.61,405863799
2026-08-27,NME,58.35269,52,63451373.03,1087377
2026-08-27,NMG,135.574879,12,3111893441.9,22953319
2026-08-27,NMP,1.022394,4097,714808934.61,699152219
2026-08-27,NMU,1.265098,383,897621827.45,709527597
2026-08-27,NNF,23.497202,18147,2108356102.07,89727966
2026-08-27,NOA,1.41275,11,537725112.18,380623067
2026-08-27,NOI,1.472427,14,1132553779.82,769174600
2026-08-27,NOV,51.138878,1,722179610.25,14121929
2026-08-27,NP1,5.439575,151,1540236470.78,283153831
2026-08-27,NPH,1.593211,747,191275350.31,120056476
2026-08-27,NPK,1.61825,1,959579758.49,592973692
2026-08-27,NRC,11.643783,3589,236648488.71,20324020
2026-08-27,NRG,5.610089,3357,7314120938.5,1303744164
2026-08-27,NRM,157.417867,11,407533922.19,2588867
2026-08-27,NSA,2.568115,355,1077251481.07,419471616
2026-08-27,NSD,65.575644,178,14920454953.2,227530437
2026-08-27,NSH,2.209611,1318,2183644390.06,988248142
2026-08-27,NSK,6.775681,87,399214563.06,58918737
2026-08-27,NSP,1.856543,2737,1389060946.66,748197452
2026-08-27,NSS,64.976394,1,1102381061.84,16965870
2026-08-27,NST,1.235159,3338,57203431.67,46312622
2026-08-27,NSY,1.429213,60,1184234800.61,828592110
2026-08-27,NTB,5.852776,1,3224670218.69,550964241
2026-08-27,NTD,0.383289,1,519518199.69,1355423321
2026-08-27,NTF,3.152487,11,258698684.22,82061773
2026-08-27,NTI,1.560718,1602,334594914.88,214385193
2026-08-27,NTO,66.762726,1,3614832164.75,54144466
2026-08-27,NTS,3.109005,33,229027834.33,73665955
2026-08-27,NUB,60.657974,899,2128895679.72,35096716
2026-08-27,NUG,49.45982,22,24053942.57,486333
2026-08-27,NUH,1.361899,1143,136107349.97,99939416
2026-08-27,NVB,4.855085,4709,6674187422.99,1374679811
2026-08-27,NVC,3.908326,91,140113646.24,35850042
2026-08-27,NVK,46.854129,19,103667852.45,2212566
2026-08-27,NVP,68.791157,1,61643342.96,896094
2026-08-27,NVT,4.681643,46,425907887.27,90974028
2026-08-27,NVZ,58.720528,338,527255668.96,8979069
2026-08-27,NYH,62.679868,1,1077456518.45,17189834
2026-08-27,NZH,3.604776,294,565457031.34,156863314
2026-08-27,NZT,6.10401,420,11119758857.2,1821713721
2026-08-27,NZU,51.216827,35,47375360.3,924996
2026-08-27,OAB,76.947929,3,669035852.94,8694657
2026-08-27,OAO,1.01867,238,528124939.58,518445518
2026-08-27,OBI,3.214947,465,320594322.62,99719944
2026-08-27,OBN,58.483011,239,270046589.69,4617522
2026-08-27,OBP,0.208935,822,39583350.53,189452667
2026-08-27,OBR,54.213379,10645,46679628951.4,861035222
2026-08-27,OCM,69.326988,2,506999705.02,7313165
2026-08-27,OCN,50.643602,4,118541731.75,2340705
2026-08-27,OCT,73.053825,5,454148893.71,6216634
2026-08-27,ODD,11.082644,30,472407735.33,42625905
2026-08-27,ODG,1.196165,39,67761981.02,56649366
2026-08-27,ODN,58.340334,4729,37331957364.62,639899617
2026-08-27,ODP,7.112103,148,299072822.35,42051253
2026-08-27,ODS,69.863601,107,115276128.67,1650017
2026-08-27,ODV,19.627204,3836,1637116607.4,83410589
2026-08-27,OFA,58.03879,126,241277176.01,4157171
2026-08-27,OFB,11.423654,13,1015533899.07,88897469
2026-08-27,OFI,4.101665,597,157987198.26,38517824
2026-08-27,OFK,52.176825,262,1001244055.34,19189440
2026-08-27,OFO,69.28984,1,2176657460.41,31413804
2026-08-27,OFS,8.333426,434,187914418.29,22549480
2026-08-27,OGD,12.269629,3121,821997406.67,66994479
2026-08-27,OGF,9.492037,423,141646426.55,14922658
2026-08-27,OGV,72.304819,1,285097540.67,3942995
2026-08-27,OHB,24.50878,1055,1446637471.44,59025274
2026-08-27,OHI,0.102781,44,1012358841.36,9849630500
2026-08-27,OHK,2.985216,1231,29744983.06,9964097
2026-08-27,OIL,4.126898,652,46910312.19,11366967
2026-08-27,OIR,5.156867,229,20320725.54,3940518
2026-08-27,OIS,3.446298,2,657015707.71,190643928
2026-08-27,OJB,53.517579,6742,26597961567.99,496994856
2026-08-27,OJH,9.698099,27,23039473.96,2375669
2026-08-27,OJK,14.203401,27795,49446905203.37,3481342711
2026-08-27,OJT,12.830101,11194,4619606914.18,360060071
2026-08-27,OJU,69.143149,2,55692179.33,805462
2026-08-27,OJY,73.081932,6,2515369008.73,34418480
2026-08-27,OKD,0.620901,982,84058739.8,135381860
2026-08-27,OKF,4.7521,12,8425352098.42,1772974341
2026-08-27,OKP,6.506485,440,99272451.8,15257462
2026-08-27,OKT,0.164557,858,111916884.71,680111266
2026-08-27,OLA,54.169372,30,20616537.57,380593.99
2026-08-27,OLD,3.200785,5560,142408523.78,44491747
2026-08-27,OLE,5.104973,504,328744880.28,64396987
2026-08-27,OMB,64.502253,3,226653370.12,3513883
2026-08-27,OMC,72.418946,2,409819030.92,5659003
2026-08-27,OME,25.899791,68,87076600.62,3362058
2026-08-27,OMG,1.880777,702,1316564241.44,700010829
2026-08-27,OMT,1.001091,14,79979483.84,79892301
2026-08-27,ONB,52.686441,574,5622513456.12,106716516
2026-08-27,OND,48.151151,624,3455808090.83,71770000.01
2026-08-27,ONE,1.507745,692,32801756.57,21755503.476
2026-08-27,ONF,66.909374,858,3260394507.4,48728516
2026-08-27,ONK,60.891513,21588,97925916824.33,1608203057
2026-08-27,ONN,6.508919,570,1284647707.07,197367304
2026-08-27,ONS,54.40003,23552,160638598090.59,2952913755
2026-08-27,ONT,53.078319,374,4851948837,91411125
2026-08-27,ONY,67.335616,743,2400969618.97,35656756
2026-08-27,OPB,13.812213,414,50952134.27,3688919
2026-08-27,OPD,8.576661,21,68152837.67,7946314
2026-08-27,OPF,3.207909,1045,454442096.7,141663037
2026-08-27,OPH,26.512882,2497,940709990.15,35481242
2026-08-27,OPI,23.293817,1534,224142916.19,9622421
2026-08-27,OPJ,1.693866,2286,1324291095.46,781815684
2026-08-27,OPL,9.99195,495,36413433.91,3644277
2026-08-27,OPZ,5.768266,1,721938735.94,125156982
2026-08-27,ORC,1.573357,55,1271056112.37,807862653
2026-08-27,ORI,61.313472,5,1701618385.2,27752765
2026-08-27,OSD,14.332363,855,611777205.43,42685019
2026-08-27,OSF,111.809415,17,4832420805.79,43220160
2026-08-27,OSH,0.586794,17,66189340.63,112798247
2026-08-27,OSL,0.156892,4117,1395921925.49,8897366643
2026-08-27,OSN,1.575539,102,35062488.92,22254281
2026-08-27,OTE,66.839151,2,194820484.28,2914766
2026-08-27,OTF,6.963411,1927,676788084.88,97192028
2026-08-27,OTJ,7.448762,22387,3366630099.81,451971759
2026-08-27,OTK,8.449226,63,4518096.73,534735
2026-08-27,OTM,1.309008,94,13731192.25,10489773
2026-08-27,OTZ,70.516798,4,315365716.68,4472207
2026-08-27,OUB,7.146588,14,893042871.8,124960731
2026-08-27,OUD,67.305264,119,148455154.15,2205699
2026-08-27,OUN,54.290341,316,232219603.69,4277365
2026-08-27,OUR,84.471015,11,31719541.84,375508
2026-08-27,OUY,66.543073,2,1693666611,25452185
2026-08-27,OVD,3.468659,3068,752759411.08,217017410
2026-08-27,OVR,68.740285,1,490321219.45,7132953
2026-08-27,OYL,0.162805,8186,3357814118.61,20624758542
2026-08-27,OYS,9.956625,11,16284197945.3,1635513894
2026-08-27,OYT,0.138735,65,1964664001.08,14161289025
2026-08-27,OZC,2.916398,1,289429274.73,99242027
2026-08-27,P1A,1.540285,323,497420398.2,322940396
2026-08-27,PA2,1.154707,507,47569806.18,41196434
2026-08-27,PAB,1.420116,653,127878364.42,90047858
2026-08-27,PAC,3.136966,1,803901684.95,256267233
2026-08-27,PAF,3.756355,3305,301532716.99,80272694
2026-08-27,PAI,6.425578,528,433557007.23,67473623
2026-08-27,PAL,57.305585,31346,152741329283.72,2665382964
2026-08-27,PAO,1.128496,231,25241157.88,22367068
2026-08-27,PAU,68.75906,3849,11303101238.61,164387082
2026-08-27,PBE,6.218512,11,104090565.92,16738822
2026-08-27,PBF,1.644428,2,1569167645.17,954233191
2026-08-27,PBH,1.336319,12,3204980883.35,2398364628
2026-08-27,PBI,2.366446,669,117360563.82,49593602
2026-08-27,PBK,58.511001,112,107355282.97,1834788
2026-08-27,PBN,1.636165,701,499271060.98,305147061
2026-08-27,PBR,5.118395,38879,7271659498.25,1420691339
2026-08-27,PBS,70.030261,22,396293826.26,5658894
2026-08-27,PBY,1.54097,55,206725439.45,134152805
2026-08-27,PCE,1.302593,150,66967540.63,51410940
2026-08-27,PCH,3.918359,57,888004735.98,226626713
2026-08-27,PCN,65.913446,12,567217898.72,8605496
2026-08-27,PCS,9.651132,35,113012208603.3,11709736386
2026-08-27,PDC,0.284922,13,308826559.07,1083898739
2026-08-27,PDD,5.997946,174,832440014.28,138787525
2026-08-27,PDE,1.784789,14,17429803532.86,9765747500
2026-08-27,PDF,60.857334,55,472600532.77,7765712
2026-08-27,PDG,0.588205,11,638989092.55,1086338077
2026-08-27,PDH,19.282766,78,5409893201.36,280555872
2026-08-27,PDR,1.023284,2,2301483235.82,2249115622
2026-08-27,PDS,0.319906,41,86403199.58,270089633
2026-08-27,PEA,1.551939,102,73281578.63,47219357
2026-08-27,PFO,2.373747,285,76230229.87,32113884
2026-08-27,PFS,2.988654,92,15900157.73,5320174
2026-08-27,PGD,1.803901,158,185158860.2,102643563
2026-08-27,PGE,25.287655,45,10211847751.39,403827399
2026-08-27,PGH,7.915591,12,10514469121.76,1328323884
2026-08-27,PGS,1.351259,435,176957227.22,130957283
2026-08-27,PHB,2.786105,14,14631334803.62,5251536912
2026-08-27,PHE,4.099528,117812,29816970300.15,7273268224
2026-08-27,PHF,1.192456,12,350601675.46,294016510
2026-08-27,PHI,1.621758,132,76428178.53,47126761
2026-08-27,PHK,1.610298,245,84086916.51,52218239
2026-08-27,PHN,1065.906998,17,10089737077.69,9465870
2026-08-27,PHS,4.65282,16,188855626.09,40589501
2026-08-27,PHY,4.626076,45,581300601.42,125657393
2026-08-27,PID,1.899953,118,55606389.2,29267251
2026-08-27,PIL,3.978425,8146,480817165.88,120856147
2026-08-27,PIP,1.694072,393,33606021655.38,19837425731
2026-08-27,PIR,1.76914,909,118983334.34,67254912
2026-08-27,PIS,1.469719,201,1277621081.26,869295986
2026-08-27,PJL,5.232787,693,1243783298.43,237690413
2026-08-27,PJP,50.14923,14,403948640.76,8054932
2026-08-27,PK1,1.053342,141,9551434.9,9067740
2026-08-27,PKD,0.970627,153,30257599.16,31173262
2026-08-27,PKF,4.978336,1556,417020444.68,83767042
2026-08-27,PKH,0.920387,11,127745422.13,138795396
2026-08-27,PKL,2.508931,12,2269175307.65,904439048
2026-08-27,PKM,1.076948,547,497329035.76,461794930
2026-08-27,PKN,2.664,11,63897906.96,23985700
2026-08-27,PKP,1.265357,101,564733643.81,446303956
2026-08-27,PKR,1.546167,216,652062525.3,421728441
2026-08-27,PKT,1.604549,1135,12476499777.3,7775706030
2026-08-27,PKU,14.86666,45,10663728743.26,717291515
2026-08-27,PKV,2.071769,2999,18984143229.22,9163254020
2026-08-27,PKZ,16.206671,17,61617504815.39,3801983949
2026-08-27,PLA,1.283941,115,806154.25,627875
2026-08-27,PLR,1.682228,889,935132661.12,555889225
2026-08-27,PLS,26.946746,7,938682580.2,34834729
2026-08-27,PMG,1.626749,1,1422887061.16,874681642
2026-08-27,PMH,0.005987,43,65989,11021437
2026-08-27,PMP,0.829093,421,16607087.98,20030426
2026-08-27,PNU,1.245216,24650,40000999997.76,32123738822
2026-08-27,PO7,1.027057,43,1809039396.08,1761382199
2026-08-27,PO8,2.832952,48,269213957.44,95029485
2026-08-27,PO9,0.822869,149,244169826.42,296729729
2026-08-27,POB,4.639642,42,4801795769.57,1034949682
2026-08-27,POD,69.816983,1414,4349513092.17,62298783
2026-08-27,POF,2.508061,45,2686739358.72,1071241579
2026-08-27,POH,1.001146,4,1713383097.48,1711421252
2026-08-27,POI,0.058935,42,268518656.25,4556187573
2026-08-27,POS,1.246483,427,84242413.11,67584075
2026-08-27,POU,2.779293,72,7317945752.1,2633023776
2026-08-27,PP1,1.719879,251,33867718.25,19691924
2026-08-27,PPB,10.305831,1514,387343160.34,37584856
2026-08-27,PPD,35.867376,106,2315678936.43,64562263
2026-08-27,PPE,63.202203,66,755921989.99,11960374
2026-08-27,PPF,5.206218,22,335795827.99,64498999
2026-08-27,PPG,1.463511,1705,2431699283.7,1661552320
2026-08-27,PPH,1.721662,2459,66837610.49,38821556
2026-08-27,PPI,2.297072,2765,4598380494.77,2001844041
2026-08-27,PPJ,1.863533,6678,83713344646.5,44921850641
2026-08-27,PPK,2.264454,3103,5916080274.7,2612585337
2026-08-27,PPM,2.190854,151,133794122.92,61069397
2026-08-27,PPN,5.809936,13352,12365528324.72,2128341747
2026-08-27,PPO,3.158651,44,193258044.91,61183726
2026-08-27,PPP,3.143892,368,7942026611.89,2526176554
2026-08-27,PPS,3.486793,2395,1003869396.09,287906232
2026-08-27,PPT,3.303195,3824,2812017343.4,851302183
2026-08-27,PPU,1.827849,44,292899087.76,160242537
2026-08-27,PPV,1.1585,159,10978953717.8,9476866335
2026-08-27,PPZ,6.630374,8258,13400001094.42,2021002223
2026-08-27,PRD,2.357702,595,452809227.15,192055342
2026-08-27,PRF,69.215772,2,201071748.45,2904999
2026-08-27,PRH,2.203588,296,608785310.72,276269963
2026-08-27,PRR,1.342938,157,751819016.39,559831419
2026-08-27,PRU,3.689444,1480,2955422882.6,801048233
2026-08-27,PRV,1.3533,84,4446720145.39,3285833718
2026-08-27,PRY,3.195082,54950,113176427128.14,35422074861
2026-08-27,PSD,54.045283,1,2754264652.63,50962165
2026-08-27,PSE,1.888332,5911,26218300201.97,13884370604
2026-08-27,PSG,9.09225,16,412221034.09,45337627
2026-08-27,PSH,1.065903,361,17140322.1,16080565
2026-08-27,PSL,8.528399,51,246076785.98,28853807
2026-08-27,PSO,0.443594,1,907713370.51,2046269480
2026-08-27,PSR,3.237602,45,1339922676.36,413862670
2026-08-27,PSS,6.040532,11,242031355.28,40067890
2026-08-27,PST,0.011863,48,50086097.01,4222197261
2026-08-27,PTC,66.218659,16,1055790498.71,15944003
2026-08-27,PTE,1.710795,4709,47627387538.37,27839334190.92
2026-08-27,PTF,1.457559,279,771229880.59,529124357
2026-08-27,PTG,64.641013,1,117646642.99,1820000
2026-08-27,PTL,1.878835,1688,886718008.9,471950953
2026-08-27,PTN,1.700102,878,834363787.85,490772749
2026-08-27,PTO,1.84303,3738,252617997.99,137066672
2026-08-27,PTP,1.202888,304,88090803.24,73232732
2026-08-27,PTS,1.611937,948,8629569016.01,5353541165
2026-08-27,PUA,10.127919,1,5036327258.58,497271653
2026-08-27,PUC,7.434927,705,434715319.84,58469343
2026-08-27,PUH,1.66684,23,354757002.97,212832098
2026-08-27,PUK,1.307531,9468,1396757368.76,1068240562
2026-08-27,PUR,10.508798,39478,131634819904.03,12526154309
2026-08-27,PUT,8.106076,1,7115410977.15,877787362
2026-08-27,PUV,57.467813,1,1226928218.81,21349833
2026-08-27,PVK,5.805428,8300,40060946529.79,6900601630
2026-08-27,PYB,1.878586,1129,818623457.63,435765715
2026-08-27,PYD,0.273265,44,49878757.51,182529203
2026-08-27,PYF,10.620499,10,3110019166,292831749
2026-08-27,PYH,6.963254,11,3984290473.97,572187994
2026-08-27,PYI,11.916834,44,3046124376.35,255615232
2026-08-27,PYL,9.664656,33,561144023.93,58061461
2026-08-27,PYR,1.388912,1150,68377735.35,49231164
2026-08-27,PYS,59.949851,43,1133231126.36,18902985
2026-08-27,RAF,3.848361,12,160702135.58,41758590
2026-08-27,RAI,2.154949,1,5627148078.08,2611267131
2026-08-27,RAN,59.118655,1,1098528313.28,18581754
2026-08-27,RAV,1.547758,12,1138180564.07,735373680
2026-08-27,RAY,4.170159,1,1821498230.22,436793424
2026-08-27,RBA,22.621478,5430,2002815644.01,88536022
2026-08-27,RBB,1.673918,40,16099527.38,9617872
2026-08-27,RBE,4.301903,16,3019452382.33,701887559
2026-08-27,RBF,1.795693,83,23500774.24,13087304
2026-08-27,RBH,35.416432,5071,1028397786.46,29037306
2026-08-27,RBI,56.287013,86,57604466.7,1023406
2026-08-27,RBK,8.833863,1109,41262336.22,4670928
2026-08-27,RBL,1.864329,822,353523251.68,189624925
2026-08-27,RBN,1.527031,145,40858432.55,26756778
2026-08-27,RBP,2.283417,1063,2746859936.89,1202960142
2026-08-27,RBR,3.812298,1023,100630077.69,26396174
2026-08-27,RBT,6.618312,2714,1347368563.47,203581890
2026-08-27,RBV,6.949606,17666,8083457921.69,1163153424
2026-08-27,RCL,61.984284,1,166428483.65,2685011
2026-08-27,RCS,5.234977,1,2403686.96,459159
2026-08-27,RCV,1.804111,142,65647178.98,36387546
2026-08-27,RD1,1.931433,153,66594081.5,34479101
2026-08-27,RDF,1.647995,650,407048025.97,246995836
2026-08-27,RDH,4.408487,16,1151524409.09,261206263
2026-08-27,RDK,1.217469,2,1306487.44,1073118
2026-08-27,RDS,22.485315,11,962335868.18,42798417
2026-08-27,RDT,0.909435,59,74974351.28,82440562
2026-08-27,RDZ,50.534977,121,667281113.37,13204342
2026-08-27,RE6,0.959104,11,1203309612.45,1254617962
2026-08-27,RE7,0.686518,13,96052.14,139912
2026-08-27,RE8,3.29711,13,1280725493.57,388438857
2026-08-27,RFM,1.116467,443,28445895.71,25478484
2026-08-27,RGD,1.162599,132,28998702.54,24943001
2026-08-27,RGH,1.151865,25,39638274.54,34412252
2026-08-27,RHD,2.010804,12,156099145.01,77630222
2026-08-27,RHI,1.742807,435,49210874.31,28236557
2026-08-27,RHS,7.5502,1503,803606202.98,106435087
2026-08-27,RIA,1.383467,48,13311574.48,9621893
2026-08-27,RIH,13.006999,1345,178434971.2,13718381
2026-08-27,RIK,5.573168,3879,605815920.35,108702251
2026-08-27,RJG,3.652963,556,93288930.87,25537882
2026-08-27,RKC,1.774543,262,30477820.38,17175025
2026-08-27,RKH,1.081281,76,8945527.81,8273083
2026-08-27,RKL,2.87694,1,2251499989.17,782602250
2026-08-27,RKS,2.045689,144,89956148.78,43973521
2026-08-27,RKV,2.615802,227,537825082.4,205606156
2026-08-27,RLH,1.70967,36,278199877.46,162721379
2026-08-27,RO1,1.30013,22,219076456.67,168503485
2026-08-27,ROD,56.074731,615,1737803180.19,30990843
2026-08-27,ROF,3.396096,427,524322239.6,154389709
2026-08-27,ROY,1.412951,13,682136957.63,482774528
2026-08-27,RPC,5.32219,550,23449700.72,4406025
2026-08-27,RPD,14.879961,1858,272209444.66,18293693
2026-08-27,RPE,0,0,94.47,0
2026-08-27,RPG,6.603995,1679,964394402.66,146031963
2026-08-27,RPI,1.504691,324,14164652.97,9413665
2026-08-27,RPK,64.359126,5,115249560.66,1790726
2026-08-27,RPL,1.743689,22,125362895.17,71895200
2026-08-27,RPM,4.651511,2954,99653996.39,21424004
2026-08-27,RPN,5.172617,23,822751826.89,159059117
2026-08-27,RPO,6.645427,3,1614726917.4,242983168
2026-08-27,RPP,4.995256,7633,6592304519.46,1319713010
2026-08-27,RPS,63.827328,98,174935896.9,2740768
2026-08-27,RPT,5.202168,176,1230131666.85,236465202
2026-08-27,RPU,3.684905,12,2657278522.85,721125459
2026-08-27,RPX,63.251318,127,615678402.38,9733843
2026-08-27,RRA,1.512827,197,1453828635.47,961000942
2026-08-27,RRP,1.655472,86,828419118.45,500412583
2026-08-27,RS1,1.624766,125,816165748.18,502328193
2026-08-27,RSF,4.39895,12,1242447114.17,282441717
2026-08-27,RSK,1.947376,277,312409350.37,160425839
2026-08-27,RSY,1.087121,12,160290357.95,147444770
2026-08-27,RSZ,11.2317,25,2364808600.04,210547701
2026-08-27,RTA,2.512369,15,4614014257.51,1836519143
2026-08-27,RTB,2.703154,11,519823366.9,192302502
2026-08-27,RTD,2.06006,512,26468685.06,12848500
2026-08-27,RTG,5.752496,4860,252027650.07,43811877
2026-08-27,RTH,6.031085,248,19181046.87,3180364
2026-08-27,RTI,3.401372,63,51341140861.17,15094243491
2026-08-27,RTP,12.541169,1357,311832533.48,24864710
2026-08-27,RUH,5.153127,15,52994845.39,10284016
2026-08-27,RUT,2.514967,4746,192249155.76,76442010
2026-08-27,RVI,1.378925,11,20710133.42,15019044
2026-08-27,RVS,3.240103,19,4435102567.33,1368815305
2026-08-27,RYA,1.269324,1,381592624.84,300626629
2026-08-27,RYB,46.846722,11,4686311.84,100035
2026-08-27,RYD,1.454075,13,321314279.12,220975082
2026-08-27,RYF,12.162982,48,428222996.85,35207073
2026-08-27,RYU,49.729509,58,534216908.02,10742453
2026-08-27,RZR,4.666359,2,16510688.27,3538238
2026-08-27,SAP,1.862078,372,312840263.72,168006010
2026-08-27,SAR,53.069796,9,900265559.86,16963803
2026-08-27,SAS,1.638959,41403,968109866.73,590685963
2026-08-27,SAT,245.389913,4,1951493712.01,7952624
2026-08-27,SBH,1.863294,755,410091842.57,220089717
2026-08-27,SBI,3.672582,15,34692481.02,9446347
2026-08-27,SBR,1.298176,25,14966643.6,11528980
2026-08-27,SBS,72.021577,1,246644731.27,3424595
2026-08-27,SCZ,1.571102,164,82729795.11,52657192
2026-08-27,SD1,1.039314,204,43417396.88,41775035
2026-08-27,SDA,50.690884,1096,6559283868.72,129397702
2026-08-27,SEH,1.494076,45,104438178.94,69901499
2026-08-27,SER,58.04813,828,7247042621.56,124845411
2026-08-27,SFA,24.011183,18,1260124420.57,52480730
2026-08-27,SFS,1.425019,82,31742285.77,22274996
2026-08-27,SGK,1.007521,64,202072748.19,200564347
2026-08-27,SGT,1.923827,2620,194961008.84,101340207
2026-08-27,SHC,1.047642,122,72230513.51,68945787
2026-08-27,SHE,3.612882,638,58441338.79,16175822
2026-08-27,SHI,0.167405,46,692971168.39,4139493592
2026-08-27,SHU,1.441126,32,371628380.41,257873596
2026-08-27,SIA,0.955489,11,883384.22,924536
2026-08-27,SIS,0.283953,13,60181836.11,211943093
2026-08-27,SJP,62.40778,29,325910527.77,5222274
2026-08-27,SKL,2.046642,742,133392942.05,65176478
2026-08-27,SKO,1.701827,3228,213641012.75,125536288
2026-08-27,SKS,51.419368,3,1285484195.07,25000000
2026-08-27,SKT,0.117681,2021,39937162.15,339367010
2026-08-27,SKZ,1.03512,704,123107628.93,118930775
2026-08-27,SLF,11.383257,6875,1180755055.58,103727350
2026-08-27,SLG,1.424599,740,504284813.29,353983784
2026-08-27,SLR,0.320545,5,1217011367.89,3796699149
2026-08-27,SLS,0.635145,13,382808.01,602710
2026-08-27,SMP,1.041015,1,1457421235.16,1400000000
2026-08-27,SNY,1.525656,487,529079323.44,346788033
2026-08-27,SOS,1.726496,436,31048145.39,17983328
2026-08-27,SPA,70.302385,198,3172645407.74,45128560
2026-08-27,SPD,82.6487,1,349959390.7,4234300
2026-08-27,SPE,108.77444,1251,4327770574.97,39786650
2026-08-27,SPN,10.021787,372,1503831972.17,150056274
2026-08-27,SPP,1.607441,717,530787694.52,330206707
2026-08-27,SPR,1.340555,165,8835655.91,6591045
2026-08-27,SPT,2.21952,810,96071542.14,43284835
2026-08-27,SRA,16.831756,1,2371543608.16,140896981
2026-08-27,SRE,64.026652,1,1002093749.74,15651197
2026-08-27,SRL,1.778452,3027,69892649.45,39299708
2026-08-27,SRO,25.208987,6,7027128192.05,278754881
2026-08-27,SSD,54.045569,1,558432709.88,10332627
2026-08-27,SSE,0.003452,11,108757487.45,31504588703
2026-08-27,SSF,0.956268,15,1237073.66,1293647
2026-08-27,SSK,1.794442,587,51157062.97,28508614
2026-08-27,SSN,59.58672,4,777515472.94,13048469
2026-08-27,SSO,15.043269,1,7670232626.78,509878048
2026-08-27,SSS,1.432117,5253,254283573.68,177557815
2026-08-27,SST,1.61194,22,9511273.99,5900512
2026-08-27,ST1,190.382129,2446,654686572.54,3438802.66
2026-08-27,STI,1.281009,70,185086489.3,144484931
2026-08-27,STM,3.224941,12,384899.96,119351
2026-08-27,STS,86.401505,27,420534699.94,4867215
2026-08-27,STZ,24.884684,83,540145777.05,21705953
2026-08-27,SUA,0.600194,1165,2224719236.14,3706667244
2026-08-27,SUB,0.402475,759,111482730.39,276993169
2026-08-27,SUC,22.804939,541,588802078.64,25819060
2026-08-27,SUR,1.167584,90,219136270.35,187683546
2026-08-27,SVB,9.516364,1321,247815682.78,26041005
2026-08-27,SVS,2.771704,1,1148119415.8,414228781
2026-08-27,SVY,1.650476,2,3502339649.49,2122017742
2026-08-27,SYF,239.07814,6,1785161564.29,7466854
2026-08-27,SYL,4159.138631,1,1151274527.8,276806
2026-08-27,SYR,50.000762,22,310047824.41,6200862
2026-08-27,SYS,49.260301,121,1776573109.79,36065007
2026-08-27,T3B,0.129135,16,14498654524.51,112275362952
2026-08-27,TAL,2.906988,755,37266306.74,12819559
2026-08-27,TAO,21.097078,1,1115116323.06,52856435
2026-08-27,TAR,2.593946,6774,133280179.27,51381243
2026-08-27,TAU,0.643787,34692,2484380751.38,3859012949
2026-08-27,TAZ,2.503272,2,1180337773.93,471518068
2026-08-27,TB9,53.547023,10712,40583102286.37,757896517
2026-08-27,TBP,0.282516,197,468567390.45,1658549609
2026-08-27,TBT,54.371513,2445,432080167.94,7946811.519
2026-08-27,TBV,0.412982,7884,1200038578.45,2905786941
2026-08-27,TCA,0.8249,46135,14592921110.92,17690537041.442
2026-08-27,TCB,0.236326,4659,2946905515.62,12469658328
2026-08-27,TCC,0.081139,395,411143806.27,5067179315
2026-08-27,TCD,49.675326,11747,1487992689.86,29954362
2026-08-27,TCF,4.579875,2777,3276791509.17,715476167
2026-08-27,TCG,1.352212,1,191550543.68,141657132
2026-08-27,TCH,2.249674,58,242524386.47,107804233
2026-08-27,TCI,11.542824,15,1401637636.55,121429349
2026-08-27,TCS,43.345306,44,1471891984.91,33957356
2026-08-27,TDG,0.531256,2081,734600192.86,1382761757
2026-08-27,TDP,60.100708,44,328133457.93,5459727
2026-08-27,TE3,41.568824,2897,1162222951.57,27959005
2026-08-27,TE4,6.598738,1438,1792029578.44,271571556
2026-08-27,TEJ,2.740442,1336,729773941.29,266297900
2026-08-27,TFE,2.845939,115,34878345.52,12255477
2026-08-27,TFF,42.813417,9012,1323084506.44,30903502
2026-08-27,TFU,1.29054,1300,467817900.58,362497912
2026-08-27,TGA,0.485811,6211,816366307.75,1680419210
2026-08-27,TGE,0.295558,37537,3028283917.66,10245981131
2026-08-27,TGN,1.458811,1959,2276106064.97,1560247276
2026-08-27,TGR,7.160964,5687,116031569.95,16203345
2026-08-27,TGT,0.120684,61503,3878826323.16,32140368051
2026-08-27,TGV,11.032486,13,7020977133.87,636391228
2026-08-27,TGZ,6.219286,12,1129599649.66,181628509
2026-08-27,THD,2.773701,202,8778290,3164829
2026-08-27,THF,2.631287,98077,53994863298.58,20520321162
2026-08-27,THG,7.219803,177,174292780.16,24140934
2026-08-27,THH,157.076173,1,2004056666.44,12758502
2026-08-27,THO,50.962411,12,4874099635.49,95641072
2026-08-27,THS,64.239889,1,421456970.03,6560674
2026-08-27,THT,0.211514,359,10508590.19,49682630
2026-08-27,THV,50.823978,17,2292222721.54,45101206
2026-08-27,TI1,1677.422285,237415,226471732654.6,135011758.65
2026-08-27,TI2,0.129854,20758,3437758780.83,26474062003
2026-08-27,TI3,0.112613,21640,2004860953.86,17803101284
2026-08-27,TI4,0.065256,13937,1934475982.32,29644289785
2026-08-27,TI6,0.0545,4786,569735541.71,10453822015
2026-08-27,TI7,78.952439,9682,1181727337.49,14967585
2026-08-27,TIE,0.775012,18693,1780031377.69,2296777796
2026-08-27,TIL,1.425562,1650,91661804.33,64298733
2026-08-27,TIP,50.1041,72,788403388.51,15735307
2026-08-27,TIV,53.377622,116621,23581731311.69,441790595.112
2026-08-27,TJB,10.112006,1,826175482.73,81702428
2026-08-27,TJF,5.35289,541,54029362.4,10093494
2026-08-27,TJI,6.578848,912,604847466.28,91938207
2026-08-27,TJL,21.185234,4,1440398299.19,67990671
2026-08-27,TJT,69.020452,1845,2282581111.14,33071083
2026-08-27,TKF,70.347822,4266,1003660114.25,14267110
2026-08-27,TKH,2.244651,1,458421943.62,204228599
2026-08-27,TKK,1.781237,112978,1817945466.05,1020608200
2026-08-27,TKM,0.216692,504740,75933816711.67,350423219244
2026-08-27,TLC,1.061696,276,377631516.82,355687007
2026-08-27,TLE,28.549071,915,535373828.36,18752758
2026-08-27,TLH,27.826406,330,130194659.23,4678817
2026-08-27,TLK,1.77916,1030,3606109592.18,2026860643
2026-08-27,TLT,71.282549,1,403720763.19,5663669
2026-08-27,TLU,53.724113,518,8934922633.57,166311216
2026-08-27,TLV,1.373729,10500,3896825743.17,2836678169
2026-08-27,TLY,9113.796697,110796,272104603767.78,29856339
2026-08-27,TLZ,20.361721,879,76343319,3749355
2026-08-27,TMC,0.163757,11632,156403946.5,955096142
2026-08-27,TMG,1.443611,35623,5026479604.8,3481879979
2026-08-27,TMH,0,12,0,0
2026-08-27,TMM,73.531998,1475,1109089675.14,15083089
2026-08-27,TMR,7.76215,1,9217358901.18,1187475000
2026-08-27,TMS,2.177844,85,418504490.97,192164604
2026-08-27,TMU,1.436669,90,59265508.45,41252029
2026-08-27,TMV,9.811002,13350,38990954104.54,3974207034
2026-08-27,TMZ,2.004625,2557,51980209.14,25930139
2026-08-27,TNB,50.320488,82,710915330.59,14127751
2026-08-27,TND,1.512192,488,193062964.73,127670903
2026-08-27,TNF,4.280704,3,5205866953.04,1216123947
2026-08-27,TNH,12.010751,3,150949851.24,12567894
2026-08-27,TNI,11.428417,2637,7751690185.73,678282075
2026-08-27,TNK,34.018746,74030,4052491256.34,119125241
2026-08-27,TNS,13.233794,16,96479095.09,7290358
2026-08-27,TO8,57.180122,101,731855865.81,12799131
2026-08-27,TOK,59.690577,6971,24815467553.77,415735095
2026-08-27,TOT,958.618091,640,116652318.2,121688
2026-08-27,TP1,68.324769,1,383382507.46,5611179
2026-08-27,TP2,2.187331,158666,203788465396.82,93167634194
2026-08-27,TPC,13.695148,12469,6163954732.86,450083103
2026-08-27,TPE,0.551737,34,2360280116.14,4277909763
2026-08-27,TPF,11.157756,514,124329908.01,11142913
2026-08-27,TPJ,78.788601,1472,2330641898.71,29580953
2026-08-27,TPL,21.305243,1518,501052803.57,23517817.006
2026-08-27,TPO,0.182393,3,106796749.09,585531154
2026-08-27,TPP,78.862304,390,1887490389.8,23934000
2026-08-27,TPR,0.486749,1,10476883.58,21524221
2026-08-27,TPV,10.606223,44,8075461.47,761389
2026-08-27,TPZ,28.582898,1518,146864390.94,5138191
2026-08-27,TRJ,2.182506,4305,2143183437.63,981982870
2026-08-27,TRN,1.115861,1,2041046884.1,1829123080
2026-08-27,TRO,2.65489,380,28839525.45,10862796
2026-08-27,TRR,6.474731,462,2379670491.54,367531967
2026-08-27,TRU,1.51979,269,293983816.17,193437095
2026-08-27,TSI,0.208525,78054,22817870481.37,109425088226
2026-08-27,TSP,71.119249,5,1745036164.24,24536763
2026-08-27,TTA,0.655719,224690,27949427401.08,42624096554
2026-08-27,TTE,1.713942,47337,3947768142.52,2303326686
2026-08-27,TTL,39.087884,370,307677858.46,7871438
2026-08-27,TTP,51.688481,105,889760604.73,17213905
2026-08-27,TTS,70.671893,1,2196942220.52,31086506
2026-08-27,TTV,8.842502,33,2789913635.4,315511799
2026-08-27,TTZ,3.722598,7,238524889.74,64074841
2026-08-27,TUA,1.54425,31507,16197025392.89,10488606493.209
2026-08-27,TVE,1.154951,351,219757499.26,190274306
2026-08-27,TVN,2.95487,532,11977040.86,4053322
2026-08-27,TYH,2.12054,6257,1158491628.09,546319120.836
2026-08-27,TZC,0.318344,1136,31756238.65,99754388
2026-08-27,TZD,2.587279,7904,686948335.57,265509999.054
2026-08-27,TZH,8.599974,1,61881222510.12,7195513139
2026-08-27,TZL,0.139026,185219,101396166574.16,729331215432.17
2026-08-27,TZP,14.303097,14,1129700372.47,78982922
2026-08-27,TZT,0.170183,5822,319233798.87,1875831526.044
2026-08-27,TZV,954.474403,134827,36580595150.4,38325381
2026-08-27,UAB,5.471434,2,645862044.52,118042548
2026-08-27,UAP,71.315668,1,468290766.31,6566450
2026-08-27,UCN,2.081364,2,1133805539.27,544741624
2026-08-27,UCP,1.333352,26,28146374250.96,21109486697
2026-08-27,UFH,73.286506,1,269423110.31,3676299
2026-08-27,UHL,73.977747,1,2642763279.46,35723760
2026-08-27,UHS,6.982013,13,375715639.41,53811937
2026-08-27,ULH,6.537811,244,1270903140.6,194392771
2026-08-27,ULL,70.623326,3,289343414.67,4096995
2026-08-27,UNT,1.574206,257,23918001147.98,15193688226
2026-08-27,UP1,6.578154,1465,1460757785.07,222061954
2026-08-27,UP2,4.246005,293,2753820300.97,648567419.14
2026-08-27,UPD,22.220894,256,2440119925.82,109811959
2026-08-27,UPH,30.906171,526,110846001.6,3586533
2026-08-27,UPP,7.078856,913,2540367464.4,358866952
2026-08-27,UPS,5.067298,1,1069731965.11,211105000
2026-08-27,URA,2.025094,9303,708909012.43,350062287
2026-08-27,URC,55.803003,151,161831555.17,2900051
2026-08-27,URD,50.35186,12,11007429826.82,218610191
2026-08-27,URG,76.474029,1,573765677.53,7502752
2026-08-27,URM,49.148434,5,8479650912.76,172531457
2026-08-27,URS,3.912524,1,1025429890.22,262089128
2026-08-27,URV,3.485527,2,9360032845.11,2685399860
2026-08-27,USS,3.877485,1,4203328257.24,1084034643
2026-08-27,UST,4.239647,1,1987711854.67,468839001
2026-08-27,USY,0.263724,391,1340971182.62,5084758661
2026-08-27,UYH,5.091718,12,685152463.07,134562128
2026-08-27,UZY,9.318675,39,328512800.54,35253165
2026-08-27,VAY,1.599456,2989,49278256.54,30809380
2026-08-27,VCD,6.36801,12,4477264785.39,703086995
2026-08-27,VCG,5.769668,12,1998302263.57,346346139
2026-08-27,VCY,3.491064,12139,164441565.25,47103564
2026-08-27,VFK,5.49828,5615,3075149029.05,559292880
2026-08-27,VFO,1.06014,6065,342696015.86,323255409
2026-08-27,VFS,1.981746,1,6382599.75,3220695
2026-08-27,VHS,0.999207,424,51760504.32,51801603
2026-08-27,VK6,4.181457,160791,84383517302.79,20180410506.988
2026-08-27,VKI,3.125549,345,859721634.6,275062564
2026-08-27,VKK,1.090456,426,73721425.39,67606074
2026-08-27,VKT,0.122648,42875,4483003692.42,36551874784.964
2026-08-27,VKV,1.090556,880,464291121.05,425737921
2026-08-27,VLT,1.073704,621,69552269.18,64777899
2026-08-27,VMV,2.803811,151,7296639207.93,2602400594
2026-08-27,VNK,2.450382,242,3809359001.62,1554597840
2026-08-27,VPA,1.117142,3238,8253659343.02,7388192184
2026-08-27,VPP,54.173487,571,1565825966.87,28903917
2026-08-27,VPS,0.896064,5903,1287946138,1437337302
2026-08-27,VRK,1.351548,152,51745290.53,38285948
2026-08-27,VTF,2.172707,1,415311781.04,191149460
2026-08-27,VTL,1.114829,6965,3244908612.33,2910677494
2026-08-27,YA1,1.431653,24,18354889702.32,12820765293
2026-08-27,YAC,14.899542,9831,5523655143.07,370726501
2026-08-27,YAE,1.190478,611,81371645.57,68352069
2026-08-27,YAK,5.256309,108073,1140500227.77,216977414.414
2026-08-27,YAN,14.641937,3580,1863066580.53,127241808
2026-08-27,YAR,27.698012,1,775544327.03,28000000
2026-08-27,YAS,15.074483,61983,6542291219.39,433997712
2026-08-27,YAY,1826.479764,44186,13284442117.69,7273249
2026-08-27,YBE,1.860026,13979,5058620250.95,2719650690
2026-08-27,YBH,54.39597,600,642910377.02,11819081
2026-08-27,YBJ,58.978686,1,1950156423.53,33065444
2026-08-27,YBP,12.780529,55,957280631.83,74901488
2026-08-27,YBR,55.882081,2566,6334492948.17,113354635
2026-08-27,YBS,0.146421,11914,2047150802.11,13981256448
2026-08-27,YCG,61.154906,4,203658374.59,3330205
2026-08-27,YCH,2.727279,114,109008388.17,39969656
2026-08-27,YCK,4.657155,203,415947661.96,89313688
2026-08-27,YCL,10.485597,12,201399523.42,19207253
2026-08-27,YCP,8.583655,1996,1009298387.28,117583749
2026-08-27,YCY,4.133953,276,320637206.17,77561883
2026-08-27,YDH,1.162005,1,5205878993.93,4480085038
2026-08-27,YDI,0.487312,6923,1177598209.94,2416517176
2026-08-27,YDK,0.120658,48475,148820094.4,1233409218
2026-08-27,YDL,60.231897,8,1261029096.08,20936234
2026-08-27,YDM,1.937013,2,1314624404.62,678686262
2026-08-27,YDP,2.32531,2485,393366046.01,169167106
2026-08-27,YDZ,55.250666,2913,11503184463.86,208199925
2026-08-27,YEF,1.003258,13334,2024149612.47,2017576430.008
2026-08-27,YFV,0.106277,7485,892283619.58,8395813841
2026-08-27,YGM,3.401234,1913,545312729.12,160327928
2026-08-27,YHB,2.503927,7156,280992144.36,112220584
2026-08-27,YHI,1.553224,235,58953239.11,37955396
2026-08-27,YHK,2.133331,7069,1229966502.51,576547359
2026-08-27,YHP,4.692139,1,1783012827.29,380000000
2026-08-27,YHS,27.52687,8770,2975322292.5,108087927
2026-08-27,YHT,0.416051,85815,2318307803.74,5572165532.894
2026-08-27,YHY,1.045027,18,190529251.12,182319880
2026-08-27,YHZ,9.827444,18104,1495991171.17,152225870
2026-08-27,YIK,1.545301,1516,27261935084.17,17641833358
2026-08-27,YIS,1.431453,1,1059813366.77,740375889
2026-08-27,YIT,2.651473,16905,2324812409.44,876800175
2026-08-27,YIV,3.631276,2,5798779272.92,1596898432
2026-08-27,YJA,67.779201,4,405789534.27,5986933
2026-08-27,YJH,3.837226,4098,192280341.32,50109200
2026-08-27,YJK,5.680593,14156,1026330858.75,180673194
2026-08-27,YJU,66.8755,1,445230799.16,6657607
2026-08-27,YJY,58.166803,9148,76975007866.06,1323349470
2026-08-27,YKS,0.350744,358,601386872.15,1714604266
2026-08-27,YKT,0.935475,86714,35128272211.62,37551268357
2026-08-27,YLB,1.830492,355559,110838541830.53,60551216798
2026-08-27,YLC,3.971197,1350,75015157.33,18889809
2026-08-27,YLE,8.922916,2255,243843616.88,27327796
2026-08-27,YLO,5.505178,5100,247952099.12,45039799
2026-08-27,YLR,2.336831,4,11445.8,4898
2026-08-27,YLY,2.303993,891,32655044.5,14173239
2026-08-27,YLZ,3.468246,17,3874773344.58,1117214008
2026-08-27,YMD,56.913076,1463,7824143357.72,137475320
2026-08-27,YMH,1.595203,320,424584555.65,266163359
2026-08-27,YMP,1.165645,115,459494241.31,394197393
2026-08-27,YNF,1.025313,163,366422.22,357376
2026-08-27,YNK,48.384507,1175,20131693296.96,416077262
2026-08-27,YNL,55.707994,1,221825333.84,3981930
2026-08-27,YOA,90.213938,140,1929585195.24,21388992
2026-08-27,YOS,57.315371,278,1202478888.8,20980042
2026-08-27,YOT,40.807493,9799,1851186200.05,45363880.059
2026-08-27,YOZ,49.818011,2142,47682951045.05,957142815
2026-08-27,YP1,64.733299,3,220931707.49,3412953
2026-08-27,YP2,74.027626,1,1376110490.6,18589148
2026-08-27,YP4,54.718316,29443,134113079456.32,2450972361
2026-08-27,YPC,5.614932,2339,52135330.32,9285122
2026-08-27,YPD,68.488277,2,100586061.43,1468661
2026-08-27,YPF,10.419299,589,1442052386.94,138402059
2026-08-27,YPI,56.688324,59,2038234747.99,35955107
2026-08-27,YPK,14.64104,225,207770397.91,14190959
2026-08-27,YPL,74.059969,1568,13699676630.65,184980858
2026-08-27,YPN,68.558388,1091,3782496775.92,55171904
2026-08-27,YPP,25.723911,1,4811884147.16,187058807
2026-08-27,YPR,1.739069,321,81257843.45,46724919
2026-08-27,YPT,4.166745,19373,135876288916.71,32609697112
2026-08-27,YPU,67.557763,1910,4931201082.32,72992368
2026-08-27,YPV,8.042673,3351,5631557102.98,700209634
2026-08-27,YRZ,48.954535,156,805472463.02,16453480
2026-08-27,YSA,49.259787,298,399567261.42,8111429
2026-08-27,YSH,0.990353,432,61843104.09,62445538
2026-08-27,YSL,43.95936,375,683145600.7,15540390
2026-08-27,YSO,1.65907,391,92339602.48,55657457
2026-08-27,YSU,0.177206,6129,248328295.11,1401349949
2026-08-27,YTD,0.955247,14904,1761761307.19,1844299768
2026-08-27,YTJ,70.50064,1,1238600371.33,17568640
2026-08-27,YTO,53.819125,4,711117642.65,13213103
2026-08-27,YTR,81.290388,2,629626408.22,7745398
2026-08-27,YTV,3.169199,2236,202874560.31,64014458
2026-08-27,YTY,59.86038,20709,119668798146.58,1999131951
2026-08-27,YUB,5.532949,589,400818502.21,72442108
2026-08-27,YUD,76.194829,2,258567152.78,3393500
2026-08-27,YUI,1.98992,7,953569748.71,479200096
2026-08-27,YUK,50.563777,147,1374170762.38,27176980
2026-08-27,YUN,58.807248,582,3237777250,55057452
2026-08-27,YUY,1.030882,2,1020945336.05,990361196
2026-08-27,YVB,1.390458,645,105771686.07,76069697
2026-08-27,YVD,4.443249,81677,46348492131.22,10431215670
2026-08-27,YVF,74.094841,4,959770932.08,12953276
2026-08-27,YVG,64.041795,1214,6095343471.82,95177586
2026-08-27,YVO,70.709778,2,741224868.58,10482636
2026-08-27,YVS,76.850004,6,444017188.04,5777712
2026-08-27,YZC,5.132767,12346,681793197.7,132831520
2026-08-27,YZF,101.946893,1,484247742.69,4750000
2026-08-27,YZG,13.802051,60987,11528174740.68,835250839
2026-08-27,YZH,11.061298,5536,656723468.85,59371285
2026-08-27,YZK,7.90893,191,211282475.33,26714420
2026-08-27,YZL,5.713357,58,545468698.67,95472531
2026-08-27,YZT,0.99427,8487,417076781.91,419480310
2026-08-27,ZA2,2.063614,563,3998410682.86,1937577148
2026-08-27,ZAD,46.513168,51,16222676.62,348776
2026-08-27,ZAV,58.001299,4869,63682471987.11,1097949072
2026-08-27,ZAY,6.439721,3302,1490053545.63,231384792
2026-08-27,ZBD,684.562041,2064,940047714.26,1373210.389
2026-08-27,ZBI,2.308021,1864,189036282.42,81904067
2026-08-27,ZBJ,5.212312,20099,77057712231.26,14783788627.583
2026-08-27,ZBN,23.953432,168,149195126.1,6228549
2026-08-27,ZBO,3.284872,227,458850712.15,139686045
2026-08-27,ZBZ,68.370556,1,358934138.53,5249835
2026-08-27,ZCA,8.661677,1,65270916.49,7535598
2026-08-27,ZCB,74.829833,3,2405105.65,32141
2026-08-27,ZCC,80.471871,2,425314358.15,5285255
2026-08-27,ZCD,4.839923,463,1372539021.83,283586969
2026-08-27,ZCE,4.719411,1,13250850503.81,2807733694
2026-08-27,ZCF,4.1351,1,1906273577.99,460998205
2026-08-27,ZCG,6.777737,156,1038137554.63,153168767
2026-08-27,ZCH,2.504643,1,5154540931.6,2057994652
2026-08-27,ZCK,1.886523,2385,405959992.93,215189478
2026-08-27,ZCN,4.095429,6565,595917328.96,145507900
2026-08-27,ZDD,7.569121,1409,516593561.28,68250140
2026-08-27,ZDK,15.859967,1,3323265.75,209538
2026-08-27,ZDZ,13.086515,8621,1025831710.1,78388457
2026-08-27,ZFB,7.25752,15272,1038369866.3,143075026
2026-08-27,ZFZ,70.691941,3,22722306066.04,321427105
2026-08-27,ZHH,1.482147,1057,89558152.59,60424608
2026-08-27,ZIH,0.976331,9701,629909065.94,645179982
2026-08-27,ZJB,10.420563,1733,8434300391.6,809390071
2026-08-27,ZJH,62.182208,1,210548894.16,3385999
2026-08-27,ZJI,10.813989,1674,6846911211.39,633153164
2026-08-27,ZJL,15.322261,2591,417637332.52,27256900
2026-08-27,ZJT,68.64845,1,1365771831.59,19895159
2026-08-27,ZJV,10.963651,1343,689904178.14,62926500
2026-08-27,ZK1,50.774116,108,2254358479.03,44399758
2026-08-27,ZK2,58.89156,72,1402148450.19,23808988
2026-08-27,ZKK,25.463755,1,2385125647.59,93667474
2026-08-27,ZLB,50.582599,45,478395498.52,9457709
2026-08-27,ZLG,65.085634,1,1095574249.31,16832812
2026-08-27,ZLH,11.676792,3381,457580767.86,39187200
2026-08-27,ZMT,63.891933,312,1712421244.78,26801838
2026-08-27,ZMU,0.214109,14,19330379.82,90283015
2026-08-27,ZMY,6.512407,2813,191916732.73,29469400
2026-08-27,ZNF,55.811054,1,849434077.06,15219818
2026-08-27,ZOS,1.90998,11,585449866.88,306521428
2026-08-27,ZP1,63.596996,2,64483410.89,1013938
2026-08-27,ZP2,5.823137,1,621831744.25,106786382
2026-08-27,ZP3,4.839225,1,541130942.22,111821825
2026-08-27,ZP6,58.803926,1511,5680908016.64,96607632
2026-08-27,ZP7,68.92977,1,1301826448.6,18886273
2026-08-27,ZP8,4.103007,4341,62094770093.94,15133967762
2026-08-27,ZP9,61.350043,810,2216846797.51,36134397
2026-08-27,ZPA,67.323924,903,4223363777.92,62731991
2026-08-27,ZPC,19.871895,2782,3279851529.9,165049763
2026-08-27,ZPE,35.95556,7204,1294199608.45,35994421.836
2026-08-27,ZPF,23.312495,3430,750494888.58,32192817
2026-08-27,ZPG,10.72867,6452,1571188207.45,146447617.425
2026-08-27,ZPH,1.523813,56,512090774.72,336058698
2026-08-27,ZPJ,11.654939,321,119256329.59,10232257
2026-08-27,ZPK,8.45758,29838,19302965437.92,2282327228.001
2026-08-27,ZPN,73.014569,1,1964877920.72,26910765
2026-08-27,ZPO,1.046757,1641,1528556830.07,1460278361
2026-08-27,ZPR,1.553182,913,34779032787.63,22392118024
2026-08-27,ZR2,1.465053,1,1386921075.84,946669725
2026-08-27,ZR3,0.526859,144,159452114.7,302646614
2026-08-27,ZSB,12.15127,24,3637065816.08,299315692
2026-08-27,ZSF,53.316004,1599,42063074.84,788939
2026-08-27,ZSG,4.364935,917,49456890.66,11330500
2026-08-27,ZSK,58.990407,1,2567346850.71,43521430
2026-08-27,ZSN,57.119272,2,3110719040.51,54460061
2026-08-27,ZTF,7.618795,1,2094117945.71,274862095
2026-08-27,ZTG,1.343771,1033,39000626.74,29023267
2026-08-27,ZTV,1.040596,1384,520140908.58,499849029
2026-08-27,ZUD,4.317351,1,896927912.57,207749576
2026-08-27,ZUE,5.136175,1,7859339389.1,1530193061
2026-08-27,ZUS,50.712039,3357,59636375735.16,1175980630
2026-08-27,ZVB,97.366821,11,244257035.69,2508627
2026-08-27,ZVO,3.575664,318,824243007.71,230514655
2026-08-27,ZYC,4.961852,1,9098977283.09,1833786550
2026-08-27,ZYD,4.929562,1,9091038299.58,1844187892
2026-08-27,ZZL,84.73667,15,43157996.02,509319
2026-08-26,AAL,3.506445,4469,1967977650.34,561245869
2026-08-26,AAS,12.671287,147,17110570.47,1350342
2026-08-26,AAV,63.057661,1985,120788022.03,1915517
2026-08-26,ABG,112.966426,200,14833591290.14,131309733
2026-08-26,ABJ,0.754902,3,1009562343.39,1337341991
2026-08-26,ABU,0.105531,37,61239992.09,580303972
2026-08-26,AC1,3.243823,195,366111665.25,112864272
2026-08-26,AC2,2.776761,44,20625561701.95,7427922206
2026-08-26,AC3,63.857924,14,133498949.55,2090562
2026-08-26,AC4,4.027949,4050,2251687770.36,559015889
2026-08-26,AC5,3.74192,148,22887819.33,6116597
2026-08-26,AC6,57.789541,82,75395413.43,1304655
2026-08-26,AC7,4.612113,44,2975274942.98,645100145
2026-08-26,AC8,202.731449,96,3078254258.51,15183901
2026-08-26,ACC,45.588372,1326,121875724.92,2673395
2026-08-26,ACD,6.101076,1479,348855276.13,57179307.974
2026-08-26,ACN,12.671888,16,650536023.49,51336945
2026-08-26,ACU,57.162164,161,1443632852.48,25255042
2026-08-26,ADE,0.892179,25730,704035395.65,789119024
2026-08-26,ADP,1.254761,21174,3819450443.06,3043965459
2026-08-26,AED,117.620011,1386,66408150.99,564599.09
2026-08-26,AES,0.178446,35316,1336807716.48,7491374877
2026-08-26,AEV,2.151561,417,9624664.67,4473341
2026-08-26,AFA,1.282041,46634,5430252659.77,4235631370
2026-08-26,AFO,1.40672,81706,20593833166.33,14639608932
2026-08-26,AFS,0.356504,28806,913158602.39,2561425775
2026-08-26,AFT,0.968829,138344,19056400915.96,19669517588
2026-08-26,AFV,0.618882,14979,1288377305.88,2081781627
2026-08-26,AGC,9.422871,2464,103647083.53,10999523
2026-08-26,AHH,10.941498,15,233826490.43,21370610
2026-08-26,AHI,37.246958,2674,119399334.3,3205613
2026-08-26,AHN,70.465476,109,32206175.19,457049
2026-08-26,AHU,11.477052,593,133027523.04,11590740
2026-08-26,AHV,21.810821,191,131727978.74,6039570
2026-08-26,AHZ,31.457455,13,55019749.96,1749021
2026-08-26,AI1,1.254624,17,61373344.98,48917729
2026-08-26,AIH,18.160363,4,172717109.37,9510664
2026-08-26,AII,96.841323,3,381748496.15,3942000
2026-08-26,AIM,27.669189,1,59828728.03,2162287
2026-08-26,AIR,166.524826,3,1476560810.41,8866911
2026-08-26,AIS,0.107994,21785,14768015004.16,136747957710
2026-08-26,AJ1,1.338168,87,11638376.75,8697248
2026-08-26,AJE,63.541974,947,2789957726.12,43907319
2026-08-26,AJK,64.816997,135,131142739.69,2023277
2026-08-26,AJL,64.555927,1286,4660106542.23,72187121
2026-08-26,AJN,61.913772,271,422772807.73,6828413
2026-08-26,AK2,0.548045,9081,170717776.6,311503228
2026-08-26,AK3,54.063324,20392,8250796034.11,152613553
2026-08-26,AKE,0.529825,13411,1050116937.36,1982007441
2026-08-26,AKU,0.984683,16911,2341254051.59,2377671716
2026-08-26,AL4,4.008239,12,1276808687.2,318546011
2026-08-26,AL5,54.139392,2362,13914788520.66,257017818
2026-08-26,AL6,3.925164,12,5599612360.25,1426593054
2026-08-26,AL7,3.783406,108,9574785459.67,2530731593
2026-08-26,ALC,0.380713,24930,1647098139.75,4326348493
2026-08-26,ALE,13.584046,147356,90683821211.81,6675759514
2026-08-26,AN1,113.495612,2896,1366628049.87,12041241.248
2026-08-26,ANL,37.68979,3635,635557983.72,16862869
2026-08-26,ANZ,21.936036,158,259869748.44,11846705
2026-08-26,AOJ,1.652566,205,20636153.51,12487343
2026-08-26,AOY,0.358483,36009,1042694277.11,2908629597
2026-08-26,AP2,2.994383,35,941872537.96,314546415
2026-08-26,AP4,1.079034,11,268915045.52,249218342
2026-08-26,AP5,0.841698,12,865562.61,1028353
2026-08-26,AP6,7.677969,45,731902822.7,95325057
2026-08-26,AP7,2.672969,461,230639581.05,86285915
2026-08-26,APJ,6.932787,2900,86115837.89,12421532
2026-08-26,APP,34.571917,2,221796202.17,6415502
2026-08-26,APT,0.163199,13034,284573180.82,1743718002
2026-08-26,ARE,0.257448,1970,46980379.62,182485254
2026-08-26,ARF,8.904801,1,804547808.77,90349894
2026-08-26,ARL,16.106016,7398,4056480033.07,251861176
2026-08-26,ARM,18.520348,5091,3202402108.81,172912633
2026-08-26,ARP,42.062676,1,3178423878.67,75563996
2026-08-26,AS1,45.703483,39,6854014.28,149967
2026-08-26,AS3,0.753167,16,170101202.23,225848060
2026-08-26,ASJ,3.9598,756,61926343.15,15638756
2026-08-26,ATJ,23.11862,9,1047144765.82,45294433
2026-08-26,AU1,1.26403,913,56180647.79,44445666
2026-08-26,AUV,50.359098,538,434365706.24,8625367
2026-08-26,AVC,135.391422,12,274668849.57,2028702
2026-08-26,AVT,227.756422,19907,4467525568.72,19615366
2026-08-26,AVZ,94.133306,1,216739114.17,2302470
2026-08-26,AY6,1.391295,11,108885775.31,78262194
2026-08-26,AY7,1.682666,12,318198116.89,189103512
2026-08-26,AYA,19.012416,9674,1110631613.52,58416121
2026-08-26,AYR,0.140768,13094,1680865935.6,11940665862
2026-08-26,AZF,0.186854,4,621321217.06,3325162435
2026-08-26,AZJ,21.103544,66,1950267469.57,92414216
2026-08-26,AZV,27.436568,5,4597196224.59,167557260
2026-08-26,AZZ,64.026307,6,25390336156.05,396560996
2026-08-26,BA1,1.900366,31,385032284.11,202609529
2026-08-26,BAC,1.804021,12,1541883628.81,854692790
2026-08-26,BAG,1.078553,171,96787273.26,89738104
2026-08-26,BAI,1.154891,109,45585669.35,39471826
2026-08-26,BAL,50.219504,1,1103537951.69,21974290
2026-08-26,BAO,3.050327,4,71674704.16,23497385
2026-08-26,BAS,54.201934,1,1550759819.46,28610784
2026-08-26,BBF,3.617915,894,140928298.85,38952907
2026-08-26,BBI,1.285896,11,874314.09,679926
2026-08-26,BBN,0.58807,13,1352891843.48,2300561650
2026-08-26,BBO,0.806915,11,279440996.83,346308033
2026-08-26,BBP,2.266951,611,22813382.2,10063465
2026-08-26,BBS,1.628247,798,1770176483.53,1087166891
2026-08-26,BCC,77.937384,3,3250933423.91,41712119
2026-08-26,BCK,2.076962,2289,112320588.71,54079267
2026-08-26,BCO,2.065234,699,55151412.27,26704680
2026-08-26,BDA,57.244398,783,5947546511.75,103897442
2026-08-26,BDC,9.222985,30,360303418.4,39065815
2026-08-26,BDI,0.000254,72,274000783.46,1078899892204
2026-08-26,BDO,2.96894,11,2940055615.96,990271266
2026-08-26,BDS,2.181683,7784,225428038.8,103327596
2026-08-26,BDY,1.738677,2280,97417605.36,56029733
2026-08-26,BFE,1.828617,58,10170203.37,5561691
2026-08-26,BFO,54.604919,1,11115538098.72,203562943
2026-08-26,BFS,1.093757,240,24686689.03,22570538
2026-08-26,BFT,1.157105,547,160032639.51,138304307
2026-08-26,BGH,2.157653,1,1014160220.17,470029440
2026-08-26,BGP,6.572537,29044,62962368197.55,9579614563
2026-08-26,BGR,1.034147,147,32016575.35,30959416
2026-08-26,BHA,1.812188,711,96202476.94,53086378
2026-08-26,BHE,1.960075,70,39389674.32,20096000
2026-08-26,BHF,3.127285,1516,188729823.86,60349408
2026-08-26,BHH,0.198841,71,385256123.08,1937513182
2026-08-26,BHI,2.364875,436,1714890177.98,725150311
2026-08-26,BHL,1.280536,791,96700385.64,75515541
2026-08-26,BHN,1.233241,41,579303429.74,469740674
2026-08-26,BHO,1.210058,1,1482076182.14,1224797601
2026-08-26,BI5,1.394501,14,126366969.85,90618026
2026-08-26,BIA,0.229952,18,858246.41,3732290
2026-08-26,BID,3.330387,2021,232609805.85,69844687
2026-08-26,BIG,1.449479,3254,531468318.65,366661704
2026-08-26,BIH,9.01722,522,899459378.19,99749082
2026-08-26,BIK,1.208893,15,2811925947.91,2326034321
2026-08-26,BIO,2.41691,10113,898136302.58,371605166
2026-08-26,BIP,1.648337,229,2919766346.22,1771341171
2026-08-26,BIS,1.791725,60,792346805,442225562
2026-08-26,BIY,1.41127,326,86112549.46,61017779
2026-08-26,BJD,53.437661,109,749000479.12,14016341
2026-08-26,BKO,1.288154,1,1289336629.3,1000918213
2026-08-26,BKY,49.980338,1004,7349416387.15,147046153
2026-08-26,BLA,4.66694,15,4364979495.96,935298004
2026-08-26,BLD,1.677077,725,512189882.31,305406263
2026-08-26,BLT,1.985976,3169,403339961.18,203094035
2026-08-26,BMU,3.319174,3520,415613591.26,125215970
2026-08-26,BNC,2.214449,240,629218595.86,284142272
2026-08-26,BNH,1.207824,175,54764152.46,45341172
2026-08-26,BOH,0.787028,11,197205317.45,250569682
2026-08-26,BOL,1.710228,255,103841028.8,60717667
2026-08-26,BON,1.433891,345,29220691.03,20378598
2026-08-26,BOP,49.965137,11,1351561565.89,27050092
2026-08-26,BOS,1.664911,923,2665340791.18,1600891330
2026-08-26,BP5,1.74159,11,61954342.77,35573439
2026-08-26,BPD,55.924092,11,153703395.64,2748429
2026-08-26,BPZ,1.600035,1251,633446368.01,395895311
2026-08-26,BRB,0.937632,11,535745382.14,571381465
2026-08-26,BRC,1.354971,38,132871790.44,98062442
2026-08-26,BRF,1.612159,1088,84521869.92,52427751
2026-08-26,BRG,5.146097,1615,1936145496.89,376235684
2026-08-26,BRH,7.515573,15,6036556754.07,803206408
2026-08-26,BRR,1.672654,364,149082047.54,89129015
2026-08-26,BRT,0.904572,348,15607488.08,17254008
2026-08-26,BRZ,55.389726,5,1562693714.18,28212700
2026-08-26,BS1,1.302147,129,8799089.63,6757369
2026-08-26,BSA,0.438513,1,894356960.38,2039522977
2026-08-26,BSC,0.136229,41,130416301.09,957331903
2026-08-26,BSD,1.198764,91,360877137.29,301040931
2026-08-26,BSE,0.484012,65,338666561.01,699706398
2026-08-26,BSF,1.279109,1,7231448969.24,5653503590
2026-08-26,BSH,1.006583,130,7233005.35,7185704
2026-08-26,BSM,1.778481,2780,2324654788.42,1307101072
2026-08-26,BSN,0.969433,18,734544988.39,757705538
2026-08-26,BST,10.611441,564,42564112.01,4011153
2026-08-26,BTE,5.233902,1011,226906745.04,43353262
2026-08-26,BTJ,1.379775,57,12536716.75,9086057
2026-08-26,BTK,1.692634,2072,313862102.44,185428218
2026-08-26,BTP,0.596901,20,927236380.79,1553416383
2026-08-26,BTY,59.538629,2,635270856.2,10669894
2026-08-26,BTZ,1.249935,192,8137716.27,6510514
2026-08-26,BUB,1.324534,2487,112716232.75,85098770
2026-08-26,BUC,0.814534,24,765686920.73,940030807
2026-08-26,BUP,4.191549,1,14061712972.86,3354777076
2026-08-26,BUT,1.967308,4,179925005.31,91457465
2026-08-26,BUV,1.252567,253,14650490.39,11696372
2026-08-26,BUY,1.797374,16681,344204205.43,191503920
2026-08-26,BV1,1.713884,485,87301985.77,50938095
2026-08-26,BVB,4.623513,1,4970290210.93,1075003028
2026-08-26,BVC,4.379149,1,7100098807.84,1621342207
2026-08-26,BVD,1.41629,366,283789221.29,200375076
2026-08-26,BVF,1.421514,543,1588877167.63,1117735893
2026-08-26,BVH,2.147801,13,145688873.66,67831653
2026-08-26,BVI,2.995092,28,302695901.83,101063959
2026-08-26,BVK,1.241608,22,39159.07,31539
2026-08-26,BVM,1.32899,128,13759840.04,10353608
2026-08-26,BVT,5.608449,10,21005139.73,3745267
2026-08-26,BVV,3.514041,1113,192667952.42,54828033
2026-08-26,BVZ,4.521391,633,3019920319.44,667918368
2026-08-26,BYZ,0.704567,40,57875192.93,82142873
2026-08-26,CAH,1.281947,231,26272265.42,20494039
2026-08-26,CBD,0.139763,17,1865454111.99,13347267370
2026-08-26,CBN,46.931318,6,600091103.56,12786581
2026-08-26,CBO,247.823938,3,1793069135.99,7235254
2026-08-26,CEY,67.02271,3,222142416.41,3314435
2026-08-26,CFO,2.53185,469,2093671209.16,826933227
2026-08-26,CGD,58.577209,2,648422402.48,11069534
2026-08-26,CHY,0.17643,42,169843142.31,962665614
2026-08-26,CIN,1.731693,522,21097796.99,12183338
2026-08-26,CJD,51.944107,1052,3850771261.41,74132976
2026-08-26,CJF,65.394069,3,1635978262.12,25017227
2026-08-26,CJG,66.358063,1,2010233522.78,30293734
2026-08-26,CJH,62.488899,1715,3129678969.07,50083759
2026-08-26,CKF,2.145669,2823,686806991.47,320089973
2026-08-26,CKL,1.604649,1144,731231037.18,455695195
2026-08-26,CKS,61.325712,2359,5555749809.24,90594134
2026-08-26,COT,60.060803,196,557774226.22,9286826
2026-08-26,CPT,3.754581,14748,1023562307.64,272616896
2026-08-26,CPU,3.887075,17634,1668973983.74,429365038
2026-08-26,CRL,49.639112,3,1067240917.45,21500000
2026-08-26,CSD,64.792508,1,675186461.88,10420749
2026-08-26,CSH,4.741576,54,7502703228.52,1582322649
2026-08-26,CTF,9.318467,1,348245610.82,37371557
2026-08-26,CTG,7.596091,1,16455443.11,2166304
2026-08-26,CTM,6.373294,1,16458216.11,2582372
2026-08-26,CTP,63.094444,1,571122700.43,9051870.001
2026-08-26,CTV,10.845164,4,205415775.58,18940772
2026-08-26,CVA,4.177075,1,9653101345.29,2310971747
2026-08-26,CVB,4.263029,5,2016906794.16,473115896
2026-08-26,CVC,2.912748,2,731466111.15,251125767
2026-08-26,CVD,64.406849,2,1100364736.22,17084592
2026-08-26,CVE,2.789562,1,306913883.87,110022256
2026-08-26,CVF,4.786067,1,989677849.06,206783109
2026-08-26,CVK,5.160505,1912,633559810.8,122770884
2026-08-26,CVL,1.545314,210,56784669.51,36746360
2026-08-26,CYD,58.441628,404,1435809164.49,24568261
2026-08-26,DA1,49.13742,42,11211242.88,228161
2026-08-26,DAC,73.478404,1,521869565.58,7102353
2026-08-26,DAE,2.751773,1,1032481104.66,375205792
2026-08-26,DAH,3.664807,2543,590148594.73,161031300
2026-08-26,DAI,96.844871,4,372793193.02,3849385
2026-08-26,DAL,72.870388,1,699288658.38,9596335
2026-08-26,DAP,1.023179,642,835207229.85,816286811
2026-08-26,DAS,55.362515,25387,115750153239.35,2090767607.31
2026-08-26,DAT,98.852969,6,275067084.11,2782588
2026-08-26,DAV,58.655089,222,1211386777.23,20652714
2026-08-26,DAZ,13.3516,4,329075330.62,24646884
2026-08-26,DB2,2.103885,11,6527479.68,3102584
2026-08-26,DBA,0.788471,25376,10448792606.75,13251964089
2026-08-26,DBB,0.114397,1943,235143372.9,2055495638.85
2026-08-26,DBG,0.657512,3,2704958159.39,4113931849
2026-08-26,DBH,0.384915,8671,984268427.43,2557102800
2026-08-26,DBK,0.12172,85321,829506291.9,6814854806
2026-08-26,DBP,0.505114,1059,164532208.77,325732600
2026-08-26,DBZ,0.141308,2897,724374355.63,5126203500
2026-08-26,DCB,4.794021,22239,140481483041.84,29303478653
2026-08-26,DCD,66.249806,1,250634611.06,3783175
2026-08-26,DCE,74.30079,3,1292789083.44,17399399
2026-08-26,DCN,1.445967,2133,865998165.26,598905836
2026-08-26,DCP,72.020304,3,253402144.42,3518482
2026-08-26,DCV,47.848703,23,37770187.03,789366.999
2026-08-26,DDA,12.59514,1019,195987016.04,15560527
2026-08-26,DDC,12.960291,11,4347667332.05,335460632
2026-08-26,DDE,75.806881,1,418080481.66,5515073
2026-08-26,DDF,12.945494,647,112432635.08,8685079
2026-08-26,DDP,73.870834,1,77271994.62,1046042
2026-08-26,DEF,2.748201,92,71246871.71,25924917
2026-08-26,DEH,0.999832,94,21906388.69,21910077
2026-08-26,DEI,0.037812,13,6548838.33,173196936
2026-08-26,DFC,3.196942,1530,104860928.57,32800381
2026-08-26,DFD,2.718789,440,143013399.06,52601878
2026-08-26,DFI,5.674092,50730,32600614582.08,5745520598
2026-08-26,DFO,3.995006,2,1176072459.19,294385626
2026-08-26,DGF,1.47558,322,353876990.89,239822222
2026-08-26,DGH,10.846411,257,3957082324.13,364828728
2026-08-26,DHI,0.541833,46,2863951507.51,5285672308
2026-08-26,DHJ,7.281393,2946,226674125.44,31130599
2026-08-26,DHM,5.332357,1145,25983825.28,4872859
2026-08-26,DHP,4.586766,1,8657488.32,1887493
2026-08-26,DHS,343.082824,1,4530524658.29,13205338
2026-08-26,DHT,1.180433,789,84520082.29,71600893
2026-08-26,DHV,2.946475,1436,673783840.25,228674568
2026-08-26,DID,1.472804,161,27684465.14,18797116
2026-08-26,DIH,1.994178,11,152071575.43,76257782
2026-08-26,DIM,50.267852,1,114988114.45,2287508
2026-08-26,DIP,1.587919,1928,66958583938.82,42167499361
2026-08-26,DK1,1.485841,63,2942959684.84,1980668963
2026-08-26,DK8,48.056125,201,2990676867.66,62233001
2026-08-26,DKA,48.24322,239,2459382950.3,50978831.001
2026-08-26,DKC,0.605412,25,10695517.43,17666505
2026-08-26,DKH,3.840472,1425,215817287.02,56195518
2026-08-26,DKL,50.837209,101,378664967.31,7448579
2026-08-26,DKP,48.202512,628,4156502620.35,86230000
2026-08-26,DKR,1.003608,1726,283989676.62,282968791
2026-08-26,DKS,73.035055,2,234291342.48,3207930
2026-08-26,DL2,2.492232,672,13777721613.05,5528266787
2026-08-26,DLD,7.708773,580,62245164.57,8074588
2026-08-26,DLG,1.278289,39,4704360.13,3680200
2026-08-26,DLN,2.517171,42,5135794311.95,2040304175
2026-08-26,DLY,6.108085,310818,88072640027.42,14419026663
2026-08-26,DLZ,0.505358,43,10946417.39,21660727
2026-08-26,DMG,7.152571,15282,3177075463.56,444186482
2026-08-26,DMI,1.007343,1,649960843.11,645223171
2026-08-26,DMR,59.183249,1,17546006479.76,296469134
2026-08-26,DMV,71.136015,2,341905723.44,4806366
2026-08-26,DMZ,64.858992,5,648589920.43,10000000
2026-08-26,DNA,11.693491,5,2327278950.51,199023445
2026-08-26,DNF,1.341576,145,471427431.52,351398310
2026-08-26,DNH,1.171914,63,18292789.01,15609328
2026-08-26,DNK,1.759793,128,668816997.53,380054259
2026-08-26,DNL,55.830092,1,222466501.66,3984706
2026-08-26,DNM,53.599984,1041,1394263212,26012381
2026-08-26,DNP,1.442641,299,1984437221.54,1375558526
2026-08-26,DNU,47.773943,15,39275197.32,822105
2026-08-26,DOC,48.174381,174,4923579361.22,102203272
2026-08-26,DOD,70.227742,159,14497666218.57,206437881
2026-08-26,DOH,2.236445,10013,6641609898.42,2969717780
2026-08-26,DOL,52.973321,380,5881711846.38,111031585
2026-08-26,DOR,73.563305,1,529807482.07,7202062
2026-08-26,DOS,68.399262,3,2083589529.01,30462164
2026-08-26,DOV,61.165339,17177,75009420299.95,1226338664
2026-08-26,DP1,18.114352,7,5154924942.41,284576837
2026-08-26,DP2,66.675011,11,373699766.22,5604795
2026-08-26,DP3,71.006222,4,332364431.42,4680779
2026-08-26,DP4,74.818586,3,550561397.13,7358618
2026-08-26,DP5,84.733811,1,1835069471.83,21656874
2026-08-26,DP6,48.11841,212,1933522092.19,40182585
2026-08-26,DP7,61.427281,3,552954990.14,9001782
2026-08-26,DP8,48.349115,49,399193643.03,8256483
2026-08-26,DP9,48.165611,155,6087605565.21,126389046
2026-08-26,DPB,24.433003,3154,11935725875.12,488508339
2026-08-26,DPC,99.813962,1,333608505.18,3342303
2026-08-26,DPE,22.865173,1,1496678282.15,65456679
2026-08-26,DPG,101.765698,2,583544155.71,5734193
2026-08-26,DPI,8.898536,125,379781719.41,42679125
2026-08-26,DPK,8.675122,1368,873533955.47,100694139
2026-08-26,DPL,103.149458,1,2319839984.99,22490084
2026-08-26,DPN,58.326404,1,2288728.11,39240
2026-08-26,DPP,150.293809,2,202886421.68,1349932
2026-08-26,DPT,18.029508,5027,298737154.38,16569346
2026-08-26,DPZ,83.289791,1,123376002.03,1481286
2026-08-26,DRA,1.317501,48,45167405.86,34282645
2026-08-26,DRD,56.290347,149,1739281538.79,30898398
2026-08-26,DRH,1.85027,71,682234856.84,368721818
2026-08-26,DRT,1.243022,511,41832942.88,33654227
2026-08-26,DSC,67.292526,1,999974199.38,14860108
2026-08-26,DSD,72.780939,1418,3791043408.27,52088410
2026-08-26,DSH,2.241252,1316,4161350181.74,1856707671
2026-08-26,DSP,15.001348,1138,146157727.71,9742973
2026-08-26,DSV,49.399055,44,1698806936.33,34389462
2026-08-26,DTH,1.392492,228,242368018.49,174053474
2026-08-26,DTL,4.199114,3234,164645153.72,39209496
2026-08-26,DTM,1.467899,2745,62145504.5,42336351
2026-08-26,DTO,47.953669,131,119150000.83,2484690
2026-08-26,DTP,1.879738,4,1702986681.57,905970033
2026-08-26,DTV,69.906969,4,4220675421.22,60375603
2026-08-26,DTZ,5.333074,8512,504806095.13,94655754
2026-08-26,DUC,0.449867,12,155816.23,346361
2026-08-26,DUD,53.185048,276,428803172.26,8062476
2026-08-26,DUH,1.317667,523,237883109.72,180533581
2026-08-26,DUT,47.800322,244,882769408.89,18467855
2026-08-26,DUV,1.319359,192,57875200.7,43866135
2026-08-26,DVC,69.097948,1,57005807.23,825000
2026-08-26,DVI,78.088409,2,197009169.51,2522899
2026-08-26,DVN,65.719442,1,314765765.1,4789538
2026-08-26,DVO,5.35594,1,34318649.06,6407587
2026-08-26,DVS,1.580026,316,323434859.33,204702199
2026-08-26,DVT,9.947932,11106,888941337.75,89359409
2026-08-26,DVU,8.770166,5,1467350613.3,167311605
2026-08-26,DVZ,67.02601,1,1408320766.32,21011556
2026-08-26,DXP,1.924216,1047,47357051.06,24611091
2026-08-26,DYJ,48.581394,154,1141225390.09,23490997
2026-08-26,DYN,4.480856,1636,58037563.19,12952337
2026-08-26,DYS,1.668874,13,19376945.75,11610791
2026-08-26,DZ2,1.411378,2,12563836485.3,8901825523
2026-08-26,DZE,1.014255,2849,195347125.99,192601600
2026-08-26,DZM,86.948335,4140,12030768124.15,138366861
2026-08-26,DZP,60.788848,2,460803786.8,7580400
2026-08-26,DZS,1.581029,123,52481270.08,33194369
2026-08-26,EBD,0.258442,583,77556160.92,300091195
2026-08-26,EBI,57.484863,25,795085841.25,13831221
2026-08-26,EBS,49.371198,35,4471439801.33,90567780
2026-08-26,EC2,86.050402,1948,63820467.78,741663.8
2026-08-26,ECA,2.054646,656,325057366.12,158205982
2026-08-26,ECB,53.738337,3169,867260390.83,16138579
2026-08-26,ECV,0.49146,2404,93417550.43,190081651.183
2026-08-26,EDD,1.151654,856,24504324.56,21277509
2026-08-26,EDN,1.043153,34,282372037.92,270690928
2026-08-26,EDP,1.175201,54,73727759.05,62736310
2026-08-26,EDT,2.270591,631,971144505.19,427705605
2026-08-26,EDU,3.62264,680,366931179.91,101288342
2026-08-26,EES,50.994745,1,407169018.22,7984529
2026-08-26,EGP,57.750473,49,263536142.04,4563359
2026-08-26,EGR,1.046938,109,271413538.5,259245017
2026-08-26,EHS,2.670606,3,630100128.39,235938967
2026-08-26,EIB,0.685568,503,305499973.9,445615836
2026-08-26,EID,1.987617,1852,92719040.79,46648344
2026-08-26,EIL,5.304294,1466,974478154.94,183714967
2026-08-26,EJG,9.665006,1,661272048.02,68419205
2026-08-26,EKF,0.137348,4996,1547977821.32,11270485213
2026-08-26,EKL,1.832307,1335,2417312081.05,1319272202
2026-08-26,ELZ,13.952953,717,291967795.46,20925161
2026-08-26,EME,1.117013,16,37295007.48,33388148
2026-08-26,EML,1.267994,965,43429203.34,34250335
2026-08-26,ENA,1.150439,1554,33442928.61,29069705
2026-08-26,ENJ,1.388395,685,59847304.41,43105399
2026-08-26,ENO,48.645781,111,69255198.25,1423663
2026-08-26,ENR,1.210823,14183,1897124916.4,1566806301
2026-08-26,ENS,1.202628,1794,42169111.95,35064137
2026-08-26,EP1,1.073558,1777,13726966135.44,12786418236
2026-08-26,EPA,1.383705,160,545566472.11,394279585
2026-08-26,EPI,1.142178,336,287426222.88,251647440
2026-08-26,EPK,1.416238,1573,248945687.34,175779574
2026-08-26,EPO,62.824374,1,464271811.28,7389995
2026-08-26,EPP,1.488326,50,1923591556.76,1292452714
2026-08-26,EPT,1.342862,71,1339702180.14,997646711
2026-08-26,ESG,4.082745,82,11001449.79,2694621
2026-08-26,ESN,1.76305,12,41452495.2,23511812
2026-08-26,ESP,0.352019,280,24515858.28,69643624
2026-08-26,ETN,1.005872,8,201191308.55,200016716
2026-08-26,EUN,64.58631,3524,6304520618.5,97613884
2026-08-26,EUZ,63.378852,38760,144098347956.1,2273602994
2026-08-26,EVM,1.166458,592,42544796.21,36473489
2026-08-26,EYT,3.082817,500,43802500.35,14208597
2026-08-26,EZM,44.643686,1,4464368.62,100000
2026-08-26,FAK,1.366119,364,21672536.53,15864313
2026-08-26,FAL,1.320459,650,349433441.45,264630273
2026-08-26,FBC,2.061091,5828,178023003.33,86373171
2026-08-26,FBI,53.231757,5003,14593556230.23,274151315
2026-08-26,FBN,5.477017,33,221318037.2,40408496
2026-08-26,FBV,7.815755,1918,656536507.41,84001670
2026-08-26,FBZ,4.731262,399,295683530.11,62495695
2026-08-26,FCK,1.876378,571,306197398.99,163185374
2026-08-26,FCS,2.345556,174,2182475993.59,930472726
2026-08-26,FD1,2.049312,142,19578372.32,9553631
2026-08-26,FDE,48.09698,881,4398949831.67,91460000
2026-08-26,FDG,2.675593,807,72426296.51,27069248
2026-08-26,FDO,61.654994,1,292082088.14,4737363
2026-08-26,FDV,6.139101,1,1504079784.86,245000000
2026-08-26,FDZ,0.331338,11,244305440.08,737329526
2026-08-26,FFD,0.051313,704,404840043.73,7889545186
2026-08-26,FFF,65.089774,1,1071558568.06,16462779
2026-08-26,FFH,8.785851,2089,1634402111.79,186026621
2026-08-26,FFO,59.1837,7,106640386.07,1801854
2026-08-26,FFP,7.882061,2365,2001304493.55,253906255
2026-08-26,FHI,1.415287,11,69312400,48974090
2026-08-26,FHP,3.420114,49,14266035538.86,4171216279
2026-08-26,FHZ,65.379106,3,743537550.66,11372709
2026-08-26,FI3,803.666212,9686,1586993082.4,1974691.804
2026-08-26,FI5,746.203216,53220,119376272671.08,159978234
2026-08-26,FIB,0.533473,12483,5363289135.6,10053527976.58
2026-08-26,FID,1.051292,1673,878713535.9,835841709
2026-08-26,FIL,0.373694,21058,14031920380.56,37549180221
2026-08-26,FIT,0.232616,548,219499894.24,943615214
2026-08-26,FJB,7.23462,749,405866400.33,56100581
2026-08-26,FJC,60.356933,96,1288059874.5,21340711
2026-08-26,FJM,58.011403,1646,7846466556.84,135257313
2026-08-26,FJN,57.795194,1222,5044337303.97,87279529
2026-08-26,FJZ,66.570242,808,1497404871.27,22493607
2026-08-26,FKE,59.900979,12177,49618871045.04,828348242
2026-08-26,FKV,48.191345,475,2307883504.1,47890000.01
2026-08-26,FLS,63.086535,2292,4150151125.51,65785054
2026-08-26,FLY,1.666115,2301,117628993.17,70600772
2026-08-26,FMG,3.540384,10518,13589733679.27,3838491729
2026-08-26,FMS,55.210776,1,610162830.89,11051517
2026-08-26,FMV,1.428621,32,164146204.85,114898356
2026-08-26,FNN,0,1,0,0
2026-08-26,FNO,0.209595,6522,10973308223.19,52354845234.035
2026-08-26,FNT,2.339663,1830,675378724.15,288664997
2026-08-26,FP4,0.782199,135,131930574.75,168666238
2026-08-26,FPE,76.794371,1425,340295670.23,4431258
2026-08-26,FPG,2.318573,2079,890778527.37,384192609
2026-08-26,FPH,35.185658,4512,1294265149.6,36783884
2026-08-26,FPI,2.653723,171,66461621.76,25044669
2026-08-26,FPK,0.098771,1207,267303171.86,2706295228
2026-08-26,FPR,11.126231,30,167831542.28,15084312
2026-08-26,FPZ,69.371452,19414,132080493493.06,1903960333
2026-08-26,FR1,0.732657,20,194444521.02,265396484
2026-08-26,FRA,32.228925,2,526821158.96,16346222
2026-08-26,FRC,1.461615,211,74555187.82,51008760
2026-08-26,FRZ,15.181102,2,271751494.04,17900643
2026-08-26,FS1,1.525116,234,140133725.09,91883957
2026-08-26,FS2,2.169518,26,46653192.6,21503948
2026-08-26,FS3,1.309823,21,1111916074.1,848905511
2026-08-26,FS4,1.732234,20,889289044.45,513376841
2026-08-26,FS5,2.111544,11,24644906.36,11671508
2026-08-26,FS6,1.901873,375,132166517.46,69492833
2026-08-26,FSF,6.953961,7751,11856424295.31,1704988544.997
2026-08-26,FSG,3.816818,733,686185853.48,179779539
2026-08-26,FSH,4.796028,551,377135827.72,78635033
2026-08-26,FSK,6.146933,2572,5729313440.72,932060575
2026-08-26,FSM,2.725852,20,365813719.26,134201596
2026-08-26,FSP,20.672055,21,134595.75,6511
2026-08-26,FSR,48.055735,2479,4859142622.76,101114728
2026-08-26,FSU,1.396696,4753,1148162760.15,822056534
2026-08-26,FSV,56.103154,1653,10313442859.07,183830000.01
2026-08-26,FTL,1.539445,251,260106906.47,168961457
2026-08-26,FTY,48.068748,1240,7962107367.37,165640000
2026-08-26,FUA,5.474837,4789,331386391.41,60528995
2026-08-26,FUB,0.759038,2171,919831871.06,1211839495
2026-08-26,FUM,63.221238,2,454625944.74,7191032
2026-08-26,FUN,1.595877,268,2151444614.27,1348126941
2026-08-26,FUP,100.833652,2,300419043.07,2979353
2026-08-26,FVL,4.98301,55,1415843651.59,284134204
2026-08-26,FYA,0.052077,146,1506272372.39,28924209492.69
2026-08-26,FYB,100.933036,9,201428324.46,1995663
2026-08-26,FYD,11.860484,5246,3245139948.14,273609399.194
2026-08-26,FYF,0.108766,10,37916598.88,348608449
2026-08-26,FYG,16.838652,2,96991794.88,5760069
2026-08-26,FYH,87.717051,21,629004237.67,7170832
2026-08-26,FYI,10.677618,198,44308162.88,4149630
2026-08-26,FYM,0.445044,15,336121390.88,755254621
2026-08-26,FYO,1.193329,1532,1929746832.56,1617112171.005
2026-08-26,FYT,0.367797,96809,3281162281.95,8921123770
2026-08-26,FYZ,6.024403,2,261559568.71,43416680
2026-08-26,FZJ,5.742211,2127,1177351344.14,205034499.629
2026-08-26,FZP,6.691224,561,828699489.49,123848714
2026-08-26,GA1,2.018812,1488,320722144.81,158866748
2026-08-26,GAC,77.599964,1,428947533.5,5527677
2026-08-26,GAE,0.466538,14603,1428906220.38,3062785058
2026-08-26,GAF,1.673221,1544,191648757.83,114538802
2026-08-26,GAG,18.197192,231,836027087.18,45942642
2026-08-26,GAH,12.784399,2709,373757451.21,29235433
2026-08-26,GAJ,63.780691,1,506104123.01,7935068
2026-08-26,GAL,411.498277,59140,127946488142.06,310928369
2026-08-26,GAN,8.324531,11,22418461.82,2693060
2026-08-26,GAS,0.319703,2273,3313972034.4,10365781535
2026-08-26,GAU,67.168507,5,2173594926.72,32360328
2026-08-26,GAV,62.89021,1,247850318.89,3941000
2026-08-26,GBC,0.309727,1670,257564855.23,831587702.475
2026-08-26,GBG,0.590048,4099,209257551.03,354644699
2026-08-26,GBH,4.234821,2790,2163411693.8,510862647
2026-08-26,GBJ,1.459627,1814,717203546.76,491360903
2026-08-26,GBL,0.873199,1689,2657537579.64,3043449461.969
2026-08-26,GBN,6.902452,390,6348345373.69,919723276
2026-08-26,GBP,71.72856,2,3872193215.75,53983981
2026-08-26,GBV,13.149761,22425,2284241780.39,173709756
2026-08-26,GBZ,3.573398,3262,1160963623.33,324890629
2026-08-26,GCA,71.963841,2,828835116.88,11517383
2026-08-26,GCC,6.291301,2,1397048758.07,222060386
2026-08-26,GCD,4.247998,19,1045297963.29,246068350
2026-08-26,GCI,64.851694,3,222175157.55,3425896
2026-08-26,GCZ,61.14997,1,11906816.33,194715
2026-08-26,GDJ,62.077082,4,502913009.7,8101428
2026-08-26,GDP,67.044649,1,1557852825.66,23236050
2026-08-26,GEC,76.735189,2,161105605.92,2099501
2026-08-26,GEI,20.020476,11,748520113.98,37387728
2026-08-26,GEZ,61.5338,1,408243289.1,6634456
2026-08-26,GFB,70.671114,4,421282309.9,5961167
2026-08-26,GFD,70.798651,2,110103230.15,1555160
2026-08-26,GFI,54.117567,3,1661323428.67,30698413
2026-08-26,GFL,11.154966,1,328925677.06,29486927
2026-08-26,GFN,80.877323,3,936028516.4,11573436
2026-08-26,GFY,70.827234,3,412413313.76,5822807
2026-08-26,GGA,67.563047,3,8334863265.99,123364230
2026-08-26,GGC,5.349174,5,187932534.97,35132999
2026-08-26,GGD,66.22488,2,5976144390.27,90240169
2026-08-26,GGK,14.652421,11978,2662067639.24,181681072
2026-08-26,GGM,8.523404,1,2917484040.16,342290935
2026-08-26,GGN,69.736775,4,485606872.72,6963426
2026-08-26,GGP,10.683733,1,74006.22,6927
2026-08-26,GGR,68.54848,3,1617600445.42,23597904
2026-08-26,GHS,40.535167,15099,2785791486.88,68725300
2026-08-26,GID,1.741969,1937,41063870.42,23573252
2026-08-26,GIE,3.664838,4580,76214127.73,20796041
2026-08-26,GIH,2.320024,667,9194451.98,3963085
2026-08-26,GJA,66.975271,3,955292126.58,14263356
2026-08-26,GJB,10.675918,972,77126826.84,7224374
2026-08-26,GJD,64.5586,3,408969238.62,6334853
2026-08-26,GJE,64.273178,2,148902507.54,2316713
2026-08-26,GJF,64.584563,2,236627699.72,3663843
2026-08-26,GJH,3.954833,24295,98743411704.87,24967780298
2026-08-26,GJM,43.12881,67,438205789.14,10160396
2026-08-26,GJO,60.170894,1,588438188.79,9779449
2026-08-26,GKE,0,0,0.01,0
2026-08-26,GKF,4.599865,689,42481995.89,9235487
2026-08-26,GKG,1.433369,1882,43882656.52,30615038
2026-08-26,GKH,4.505036,1851,6432500834.8,1427846760
2026-08-26,GKK,66.447424,2,2034461113.44,30617607
2026-08-26,GKL,15.681502,4,882072072.23,56249207
2026-08-26,GKM,48.64415,14,131515297.53,2703620
2026-08-26,GKO,0,0,0.01,0
2026-08-26,GKV,8.736064,4212,414943615.18,47497778
2026-08-26,GL1,1544.610867,939,1458721235.18,944394
2026-08-26,GLC,4.436278,70,17170585.62,3870494
2026-08-26,GLG,8.155595,341,27421891.37,3362341
2026-08-26,GLL,1.059466,28,51373910.81,48490369
2026-08-26,GLM,0.507007,11,5137465.2,10132926
2026-08-26,GLP,68.939678,4,565444687.5,8202021
2026-08-26,GLS,0.170919,1457,392397612.98,2295811450.001
2026-08-26,GLV,8.435123,23,114638772.31,13590646
2026-08-26,GMA,2.196282,1506,2770222457.21,1261323476.556
2026-08-26,GMC,8.207426,21230,4406611128.25,536905374
2026-08-26,GMD,2.773793,105,3277716.66,1181673
2026-08-26,GME,28.282431,2,399041887.77,14109179
2026-08-26,GMI,1.454211,5197,689436852.61,474096896
2026-08-26,GMM,48.374589,26,448397654.69,9269281
2026-08-26,GMN,1.37075,29,78543485.14,57299663
2026-08-26,GMO,3.118284,4,2477959646.41,794654932
2026-08-26,GMP,63.536576,1,1626530363.57,25599906
2026-08-26,GMR,1.393038,4580,179118712.86,128581313
2026-08-26,GMV,0,0,0.01,0
2026-08-26,GMZ,13.997656,2,372793810.62,26632587.787
2026-08-26,GNH,1.490137,193,7091181.81,4758745
2026-08-26,GNK,69.487082,1,486457031.74,7000683
2026-08-26,GNL,61.504209,3,1750098835.99,28454944
2026-08-26,GNP,1.480583,7673,5475253541.8,3698039938
2026-08-26,GNS,1.562361,1565,73335905.87,46939143
2026-08-26,GNZ,1.599042,471,1954634.16,1222378
2026-08-26,GO1,4.848613,743,81828002.84,16876581
2026-08-26,GO3,4.988935,456,37539698.19,7524592
2026-08-26,GO4,5.404145,740,50147624.56,9279474
2026-08-26,GO6,4.284155,4045,5606264626.27,1308604585
2026-08-26,GO9,2.849189,1691,481451595.75,168978473
2026-08-26,GOF,52.760604,320,391969339.65,7429205
2026-08-26,GOH,16.558282,9009,611492463.94,36929704
2026-08-26,GOL,2.973656,11981,4765294214.86,1602503783
2026-08-26,GOP,1.224069,1739,2105301620.85,1719921405
2026-08-26,GP1,4.22941,1,193348019.76,45715125
2026-08-26,GP3,65.41102,466,736041946.5,11252568
2026-08-26,GPA,23.433711,5423,838930883.19,35800172
2026-08-26,GPB,12.25819,9511,1255902911.62,102454185
2026-08-26,GPC,72.611013,3594,6846725688.74,94293213
2026-08-26,GPF,9.27844,2978,702980360.66,75764927
2026-08-26,GPG,17.23595,2989,1070524983.29,62110006
2026-08-26,GPH,45.378504,1,2660859.35,58637
2026-08-26,GPI,18.705268,2811,740951631.84,39611923
2026-08-26,GPJ,58.351479,2,861977965.2,14772170
2026-08-26,GPL,53.397664,37425,99299649045.52,1859625334
2026-08-26,GPM,62.607977,2,1304567300.44,20837078
2026-08-26,GPN,1.398042,4873,5220006242.89,3733798398
2026-08-26,GPT,2.805729,3182,110728081.76,39464995
2026-08-26,GPU,21.442244,2461,357673533.62,16680788
2026-08-26,GPV,67.724886,1,580605444.59,8573000
2026-08-26,GPZ,1.972704,173,3264805710.57,1654990159
2026-08-26,GRL,1.858428,284,531224395.76,285846069
2026-08-26,GRO,54.432421,27244,190291595368.35,3495923765
2026-08-26,GRT,1.67863,1967,123773502.55,73734836
2026-08-26,GSE,65.335755,106,1386619038.26,21222974
2026-08-26,GSG,71.359981,1,87979149.64,1232892
2026-08-26,GSL,3.469145,1,105440486.03,30393796
2026-08-26,GSO,15.387947,7,4940654310.63,321073008
2026-08-26,GSP,0.58692,14267,4521496219.97,7703772692
2026-08-26,GSR,57.670733,2,267774442.86,4643160
2026-08-26,GSU,0,0,0.01,0
2026-08-26,GTA,1.694479,75307,26005945087.86,15347461779
2026-08-26,GTF,14.970606,505,146942837.4,9815423.203
2026-08-26,GTH,1.537512,807,31312887.13,20365952
2026-08-26,GTK,7.054695,1,28426663630.69,4029467144
2026-08-26,GTL,0.135352,348633,211480057764,1562440423489
2026-08-26,GTM,7.984551,13477,1058876624.36,132615670
2026-08-26,GTN,52.595531,2,1473334149.96,28012535
2026-08-26,GTY,6.478277,528,417708231.6,64478293
2026-08-26,GTZ,12.313906,62492,13216809317.9,1073323884
2026-08-26,GUA,6.024948,1,2059693632.52,341860798
2026-08-26,GUB,2.58029,9182,4368069766.94,1692860096
2026-08-26,GUC,1.474261,1,786977692.92,533811783
2026-08-26,GUF,0.945436,3420,615919027.05,651465669
2026-08-26,GUH,0.446936,38753,4582938107.95,10254121757
2026-08-26,GUK,1.484099,2716,1190844629.39,802402558
2026-08-26,GUM,13.183205,52922,6935581971.11,526092259
2026-08-26,GUV,1.747702,1791,527507074.77,301828945
2026-08-26,GVA,4.122503,3455,98048007.33,23783613
2026-08-26,GVB,68.367486,3,3589268419.41,52499640
2026-08-26,GVC,64.723457,1,306741807.1,4739268
2026-08-26,GVD,18.427605,1,407526.48,22115
2026-08-26,GVI,5.707882,4577,1196373082.49,209600180
2026-08-26,GVL,66.939545,3,526955733.25,7872114
2026-08-26,GVZ,74.070154,2,409856380.73,5533354
2026-08-26,GYC,4.105584,1,20610373366.71,5020082762
2026-08-26,GYG,72.244178,4,508329689.53,7036272
2026-08-26,GYK,0.115228,279,83783330.76,727106172
2026-08-26,GYL,14.662234,7426,860753180.06,58705460.569
2026-08-26,GYN,68.952278,1,1421352256.77,20613565
2026-08-26,GYR,63.670864,5,592600460.64,9307247
2026-08-26,GZB,7.548835,1,1434278632.41,190000000
2026-08-26,GZD,62.134491,3,54473183.56,876698
2026-08-26,GZE,7.864772,4137,1457506418.34,185320869
2026-08-26,GZG,7.732479,4422,484586884.34,62669018
2026-08-26,GZH,4.850107,5703,372703470.34,76844376
2026-08-26,GZJ,8.815862,5207,1755888530.86,199173785
2026-08-26,GZL,5.724813,6033,369419769.53,64529580
2026-08-26,GZM,10.216714,977,638602291.06,62505647
2026-08-26,GZN,50.857588,1094,388821158.83,7645293
2026-08-26,GZO,70.557186,1,85430500.07,1210798
2026-08-26,GZP,7.755715,10123,3868063982.26,498737280
2026-08-26,GZR,11.705776,1986,1069680910.43,91380608
2026-08-26,GZU,67.967029,2,464190948.64,6829649
2026-08-26,GZV,8.754127,1385,100119485.84,11436833
2026-08-26,GZY,7.950818,2335,70714889.47,8894040
2026-08-26,GZZ,7.127915,1227,65336629.7,9166303
2026-08-26,HAE,56.261018,1242,2918580193.54,51875709
2026-08-26,HAG,62.32951,45,425536279.84,6827204
2026-08-26,HAI,1.087382,308,11575687.84,10645463
2026-08-26,HAM,3.278866,7543,1652204640.81,503895140
2026-08-26,HAR,1.09378,72,36824821.32,33667475
2026-08-26,HAT,1.876546,82,3378204.2,1800225
2026-08-26,HB1,50.685882,328,18244150238.03,359945402
2026-08-26,HB2,58.209825,173,12126760325.22,208328412
2026-08-26,HBF,54.00724,10887,6645011273.42,123039268
2026-08-26,HBJ,1.590467,1,159046.67,100000
2026-08-26,HBN,4.355724,1082,540637956.41,124121263
2026-08-26,HBU,1.481443,2755,477868151.12,322569321
2026-08-26,HBV,19.767727,17,1137433597.87,57539929
2026-08-26,HCV,1.047976,644,174788962.12,166787197
2026-08-26,HDA,3.138437,527,95954862.58,30574095
2026-08-26,HDD,1.08346,146,10549224.95,9736611
2026-08-26,HDE,57.969826,4447,9291259605.35,160277513
2026-08-26,HDH,11459.798434,17,42382185101.78,3698336
2026-08-26,HDJ,6.638791,11,16461585.21,2479606
2026-08-26,HDK,3.008758,128,12146301.68,4036982
2026-08-26,HDS,17.033131,13,1553792878.16,91221799
2026-08-26,HDV,67.073102,2240,4982143795.41,74279311
2026-08-26,HEH,3.300369,1474,537179158.55,162763384
2026-08-26,HFA,3.145611,2,4953486620.24,1574729725
2026-08-26,HFI,1.825557,129,62619049.07,34301334
2026-08-26,HFO,1.029999,174,5471866.56,5312496
2026-08-26,HFR,1.46176,441,31489033.14,21541870
2026-08-26,HFV,64.007405,3260,8803984365.9,137546342
2026-08-26,HFY,1.315003,34,785847210.89,597601167
2026-08-26,HGC,53.210722,284,471705922.83,8864866
2026-08-26,HGH,1.782286,19,40170146.88,22538553
2026-08-26,HGJ,30.894003,12,3370441263.58,109096943
2026-08-26,HGM,4.237131,1814,164761703.3,38885202.215
2026-08-26,HGR,1.337791,154,38721752.96,28944549
2026-08-26,HGT,95.878481,14,3395378581.79,35413354
2026-08-26,HGU,5.048499,2,2832301501.77,561018563
2026-08-26,HGV,5.089732,379,24683516.42,4849669
2026-08-26,HIA,1.557059,264,1373404774.82,882050457
2026-08-26,HIF,0.540867,54,11486659.23,21237477
2026-08-26,HIH,1.419977,4643,230671947.43,162447638
2026-08-26,HII,3.344999,1,1101733025.83,329367203
2026-08-26,HIM,3.999892,207,280928974.24,70234135
2026-08-26,HIP,2.182245,1270,2363727295.23,1083163034
2026-08-26,HIS,3.095098,12,1260450.92,407241
2026-08-26,HIZ,2.065519,1068,210787231.21,102050468
2026-08-26,HJA,23.226792,13,2156654606.92,92852023
2026-08-26,HJB,4.651994,1552,108238837.56,23267194
2026-08-26,HKG,1.547755,1039,37567664.99,24272360
2026-08-26,HKH,8.799881,13503,821275942.75,93328075
2026-08-26,HKJ,1.412127,2303,14668698625.11,10387663382
2026-08-26,HKM,4.221492,915,52288726.31,12386315
2026-08-26,HKP,6.005407,84,210280183.91,35015145
2026-08-26,HKR,4.00727,1508,1512334509.33,377397722
2026-08-26,HKV,594.264214,37261,4170083324.36,7017221
2026-08-26,HLA,2.040053,10,45247688.36,22179665
2026-08-26,HLL,0.384244,1031142,52772768780.02,137341647094.95
2026-08-26,HLR,104.544015,13,3239966446.76,30991410
2026-08-26,HMC,7.998326,111,477611681.33,59713953
2026-08-26,HME,54.591447,8233,27361898747.47,501212194
2026-08-26,HMG,0.068523,6192,7224906135.79,105437647666
2026-08-26,HMK,320.096233,51,116533594.22,364058
2026-08-26,HML,48.197495,37,15637773.73,324452
2026-08-26,HMS,0.09527,4019,362446607.74,3804395534
2026-08-26,HMT,7.198187,22,614329788.83,85345075
2026-08-26,HMV,17.092256,13,15164839518.54,887234531
2026-08-26,HNS,48.360713,169,604240316.17,12494446
2026-08-26,HOA,0.24183,3355,2062217885.3,8527539649
2026-08-26,HOY,0.366822,2542,1364505406.77,3719803676
2026-08-26,HP3,58.848354,184,732110070.03,12440621
2026-08-26,HPC,11.787083,7,36743719777.23,3117286856
2026-08-26,HPD,0.215152,1463,288015233.38,1338657977
2026-08-26,HPF,35.031624,12,1511583754.79,43149120
2026-08-26,HPH,2.390628,9461,7102685741.76,2971054082
2026-08-26,HPI,7.109165,14,244655378.83,34414080
2026-08-26,HPJ,4.023473,1,36911571.96,9174058
2026-08-26,HPL,1.156695,24,337541187.72,291815213
2026-08-26,HPO,0.171344,2871,1127501834.74,6580321594
2026-08-26,HPT,0.113906,10172,3157286935.84,27718297975
2026-08-26,HPV,7.812883,339392,9109021721.95,1165897586.001
2026-08-26,HPZ,547.399636,17,5332219.85,9741
2026-08-26,HRZ,2.359026,6675,304515012.34,129085083
2026-08-26,HSA,1648.06738,2389,4099546183.07,2487487
2026-08-26,HSL,414.774701,24283,26189097371.19,63140537
2026-08-26,HSP,45.792121,60,100966269.21,2204883
2026-08-26,HST,1.014287,3712,385211036.82,379784982.328
2026-08-26,HTF,1.454569,547,5121003142.57,3520633643
2026-08-26,HTJ,1.96591,233,38975178.1,19825515
2026-08-26,HTK,1.053023,940,132019673.77,125372032
2026-08-26,HTS,59.336458,2600,4770641967.12,80399844
2026-08-26,HTZ,12.769123,13,88567479.22,6936066
2026-08-26,HUI,89.390785,1,2109591783.76,23599656
2026-08-26,HUS,0.003543,12,2015887.24,568993837
2026-08-26,HVA,319.745909,16,176244904.02,551203
2026-08-26,HVB,1.907002,13,2195204451.31,1151128347
2026-08-26,HVC,27.34865,16,74599733.7,2727730
2026-08-26,HVI,1.297495,372,41823021.01,32233672
2026-08-26,HVK,5.32626,1470,571140796.88,107231119
2026-08-26,HVL,20.546266,11,2884695.75,140400
2026-08-26,HVN,5.90297,12,5885904.12,997109
2026-08-26,HVS,1.611961,10145,2714109899.84,1683731313
2026-08-26,HVT,4.755859,1811,725716700.84,152594245
2026-08-26,HVU,5.664513,798,16719692.99,2951655.74
2026-08-26,HVV,69.868495,1,3182659452.5,45552140
2026-08-26,HVZ,6.815601,1813,91996168.84,13497881
2026-08-26,HYK,11.61658,23,213504103.56,18379256
2026-08-26,HYP,10.720537,60,562707855.84,52488775
2026-08-26,HYU,1.807251,232,878917671.98,486328600
2026-08-26,HYV,6.368866,6623,6223442986.29,977166547
2026-08-26,HYY,12.544925,1,5915176975.68,471519535
2026-08-26,HZV,6.387557,3,1046246859.86,163794514
2026-08-26,IAC,5.045081,1,3498354901.41,693419042
2026-08-26,IAE,2.177176,456,295153270.79,135567019
2026-08-26,IAI,6.106061,1,69580582.2,11395330
2026-08-26,IAJ,0.97616,12,2064236.3,2114650
2026-08-26,IAM,1.75791,2807,78421796.86,44610818
2026-08-26,IAR,78.240005,22,147724170.77,1888090
2026-08-26,IAS,2.115622,17,3411342338.62,1612453728
2026-08-26,IAT,0.197444,8925,1870311949.97,9472605551.206
2026-08-26,IAU,2.665115,215,33083097.12,12413385
2026-08-26,IAY,1.587154,196,46576294.12,29345796
2026-08-26,IBB,15.797305,8905,1358991394.35,86026788
2026-08-26,IBC,19.575352,5,419478134.02,21428893
2026-08-26,IBE,18.259673,12,604864953.51,33125727
2026-08-26,IBG,1.645778,11,549268861.74,333744116
2026-08-26,IBJ,65.619273,23,821080385.38,12512793
2026-08-26,IBK,0.137119,121476,229362329.53,1672729490
2026-08-26,IBM,3.914093,16,208513864.96,53272592
2026-08-26,IBP,71.731353,4,4798294332.56,66892567
2026-08-26,IBR,0.306574,81,1743575100.45,5687281191
2026-08-26,ICA,0.58477,2844,639766448.12,1094047933
2026-08-26,ICC,1.349942,269,27982978.19,20729025
2026-08-26,ICD,135.005888,196,34674102.15,256834
2026-08-26,ICE,128.359088,4634,1637925498.39,12760495
2026-08-26,ICF,195.236767,515,21540667.69,110331
2026-08-26,ICG,70.975793,1,711683782.76,10027134
2026-08-26,ICH,2.484988,4669,1148238801.43,462070249
2026-08-26,ICN,4.326858,14,179956807.77,41590644
2026-08-26,ICS,49.596575,57,17236644.73,347537
2026-08-26,ICV,5.97269,43,6212840.39,1040208
2026-08-26,ICZ,9.673097,22589,1124721864.6,116273197
2026-08-26,IDD,0.156614,24,32732071.58,208998786
2026-08-26,IDF,77.534,4337,12998059748.51,167643353
2026-08-26,IDH,13.307569,20112,944527602.99,70976719
2026-08-26,IDI,1.754925,461,25402769.71,14475128
2026-08-26,IDL,6.072531,3721,3256694533.81,536299338
2026-08-26,IDO,58.827597,15369,77236394759.12,1312927923
2026-08-26,IDP,1.9115,23,132497359.25,69315905
2026-08-26,IDV,71.809909,2,559154753.21,7786596
2026-08-26,IDY,0.237538,2512,749656194.31,3155942230.126
2026-08-26,IED,1.053538,1265,62904514,59707884
2026-08-26,IEN,1.240612,98,20276505.01,16343953
2026-08-26,IEV,5.357868,4173,111427108.86,20796912
2026-08-26,IEZ,4.399889,3,88752173.62,20171458
2026-08-26,IFD,60.535828,9,1210716564.51,20000000
2026-08-26,IFN,9.355902,427,3736962.63,399423
2026-08-26,IFV,4.68276,189,25764646.2,5502022
2026-08-26,IFY,7.668312,1,99688054.65,13000000
2026-08-26,IGF,68.698425,2,1451749260.73,21132206
2026-08-26,IGL,582.584721,16915,4788888356.54,8220072
2026-08-26,IGM,66.862433,3,1296330660.1,19388027
2026-08-26,IGZ,11.491318,3,770449016.2,67046185
2026-08-26,IH1,0.93981,81,178426330.97,189853578
2026-08-26,IHA,3.159832,314,5528963.63,1749765
2026-08-26,IHC,8.069298,506,414338920.17,51347582
2026-08-26,IHK,16.928008,29030,1647383348.98,97317026
2026-08-26,IHP,1.888095,279,69549766.9,36835955
2026-08-26,IHT,3.800251,3327,79986550.14,21047703
2026-08-26,IHV,1.879284,48,317791918.6,169102646
2026-08-26,IHY,6.524422,1,219213658.45,33598940
2026-08-26,IHZ,0.872681,71,2627659.69,3011018
2026-08-26,IIA,4.292219,11,1643195479.67,382831186
2026-08-26,IIC,6.720991,13,4907580.2,730187
2026-08-26,IIE,6.671276,3664,694868282.53,104158227
2026-08-26,IIF,1.565811,13,502645583.35,321012874
2026-08-26,IIH,33.593097,21674,1815820642.97,54053386
2026-08-26,IIN,1.419198,171,1547362621.18,1090307940
2026-08-26,IIS,50.012915,147,1599152073.66,31974782.248
2026-08-26,IJA,14.075172,1222,179446847.82,12749176.471
2026-08-26,IJB,6.704229,6992,227898336.64,33993220
2026-08-26,IJC,15.928444,47053,4897871851.02,307492181
2026-08-26,IJE,68.283515,4,33224641.37,486569
2026-08-26,IJF,9.600619,2,881161514.51,91781736
2026-08-26,IJH,7.306188,394,33642301.42,4604631
2026-08-26,IJI,10.777822,195,189928497.34,17622160
2026-08-26,IJK,64.188283,3,288405206.71,4493113
2026-08-26,IJL,53.955041,12,356998979.57,6616601
2026-08-26,IJP,9.236087,12787,653182767.03,70720722
2026-08-26,IJT,7.206383,1632,1142463303.27,158534921
2026-08-26,IJV,5.667889,2822,2927992045.97,516593027
2026-08-26,IJZ,14.378795,15792,924234023.32,64277570
2026-08-26,IK2,47.862952,94,204471631.74,4272023
2026-08-26,IKL,10.218707,5397,279237776.37,27326137
2026-08-26,IKP,9.216071,13062,1032752357.22,112059944
2026-08-26,IKV,1.526463,1203,176642688.84,115720235
2026-08-26,ILC,51.340114,220,1427324317.02,27801347.01
2026-08-26,ILE,5.215044,1,11609590999.25,2226173174
2026-08-26,ILH,4.022562,11558,161400416635.57,40123787953.47
2026-08-26,ILI,5.878186,15,794716380.71,135197549
2026-08-26,ILM,7.193704,13,313114239.54,43526148
2026-08-26,ILP,62.727204,6,3121715162.81,49766528
2026-08-26,ILU,1.325723,4,2235863103.44,1686523355
2026-08-26,ILZ,8.237114,6482,1087328718.09,132003603
2026-08-26,IMB,1.220718,183,3927872.22,3217675
2026-08-26,IMF,5.765843,19,383717098.26,66550045
2026-08-26,IMG,49.593706,138,905751828.34,18263443
2026-08-26,IMH,6.504742,1,698541877.78,107389633
2026-08-26,IML,1.757316,4688,876186616.7,498593644
2026-08-26,IMO,6.027177,2,5176126079.26,858797825
2026-08-26,IMS,15.35655,4,570857475.43,37173550
2026-08-26,IMT,71.699055,4,724696697.49,10107479
2026-08-26,IMY,74.777526,6,1605402211.61,21469047
2026-08-26,IMZ,74.717027,4,309892379.2,4147547.001
2026-08-26,INH,15.056613,372,232132105.91,15417286
2026-08-26,INV,48.17565,1,2053001822.64,42614927
2026-08-26,INZ,3.475797,15,119567029.2,34399892
2026-08-26,IOG,14.363294,19038,14028069232.67,976661016
2026-08-26,IOH,52.653596,31,142471106.73,2705819.1
2026-08-26,IOJ,52.001039,39,186494134.83,3586354.01
2026-08-26,IOL,67.195186,1,961241388.11,14305212
2026-08-26,IOM,4.056352,13,598669122.09,147588046
2026-08-26,ION,0.862726,15,51772065.85,60009826
2026-08-26,IOO,4.626547,6121,20018655719.04,4326910454
2026-08-26,IOP,6.359047,6430,6791594473.74,1068020793
2026-08-26,IOT,59.690372,6,268758287.44,4502540
2026-08-26,IOV,57.63024,1,570967507.72,9907429
2026-08-26,IPA,0.758503,16,609765613.81,803906870
2026-08-26,IPB,0.908975,15131,1091134452.7,1200400466.571
2026-08-26,IPC,25.012457,1,14382162.84,575000
2026-08-26,IPE,9.642012,3,4017014572.48,416615784
2026-08-26,IPF,0.123926,22,136940018.71,1105011730
2026-08-26,IPG,9.657406,1741,352329291.29,36482810
2026-08-26,IPJ,19.902856,18679,1299447366.22,65289491
2026-08-26,IPK,57.332361,1,3266240685.96,56970280
2026-08-26,IPO,48.584153,1,535711169.44,11026459
2026-08-26,IPP,0.182684,163,6979207133.25,38203779252
2026-08-26,IPR,33.987217,1,20902138.21,615000
2026-08-26,IPU,48.891439,1,5703852326.5,116663621
2026-08-26,IPV,78.619134,11837,2069099790.61,26318018
2026-08-26,IRB,1.324421,766,1213067719.33,915923099
2026-08-26,IRE,47.250198,60,115109184.17,2436163.02
2026-08-26,IRF,7.500717,1999,530869434.64,70775824
2026-08-26,IRL,18.097469,16,274134523.12,15147672
2026-08-26,IRO,2.079886,86,40217838.73,19336563
2026-08-26,IRT,7.941041,1542,128509658.52,16182974
2026-08-26,IRV,7.014491,56,373960716.08,53312592
2026-08-26,IRY,4.023953,2325,1793807174.49,445782365
2026-08-26,ISR,19.477408,6,967241567.45,49659665
2026-08-26,ISS,0.272897,7,211689734.5,775713881
2026-08-26,IST,0.195658,3083,1719061279,8786050825.89
2026-08-26,ITA,73.410045,1,823758565.87,11221333
2026-08-26,ITC,1.176238,281,24938114.43,21201592
2026-08-26,ITD,69.169667,1,2559296485.43,37000272
2026-08-26,ITJ,10.391718,12,275559397.66,26517213
2026-08-26,ITL,4.595028,1,4715730668.3,1026267998
2026-08-26,ITP,13.038566,11290,1015706421.56,77900166
2026-08-26,ITR,4.450705,1,1092950999.63,245568075
2026-08-26,ITV,48.265814,30,849290858.41,17596116.02
2026-08-26,ITZ,61.340777,3,1997352112.05,32561572
2026-08-26,IUA,67.943573,55,419895493.06,6180062
2026-08-26,IUB,72.033707,3,346821410.97,4814710
2026-08-26,IUC,2.01296,1,976997636.24,485353634
2026-08-26,IUF,69.389889,7693,22458274544.15,323653414
2026-08-26,IUH,6.306018,720,12708661.26,2015322.661
2026-08-26,IUM,67.46578,1,409892257.25,6075558
2026-08-26,IUN,76.923372,4,301687005.15,3921916
2026-08-26,IUV,67.64388,6406,21310938531.09,315046071
2026-08-26,IUZ,4.782044,1222,1266514492.71,264847927
2026-08-26,IV2,23.852611,14,1460709766.18,61238989
2026-08-26,IV6,65.965035,1,1650319181.09,25018090
2026-08-26,IV7,5.04703,1,551664117.81,109304696
2026-08-26,IV8,2.305729,133,32464495.76,14079925
2026-08-26,IVF,6.715719,1281,66395449.96,9886573
2026-08-26,IVS,6.042554,26,276006868.86,45677189.29
2026-08-26,IVY,6.081982,13118,755111819.67,124155545
2026-08-26,IYB,5.989259,320,94241420.28,15735073
2026-08-26,IYP,3.027914,2,2321294125.63,766631358.323
2026-08-26,IYR,0.141099,8,229757636.81,1628340463
2026-08-26,IYS,1.360122,16,5944932644.59,4370883210
2026-08-26,IYV,1.124565,69,215915581.21,191999168
2026-08-26,IZA,1.998142,1,487016372.2,243734656
2026-08-26,IZB,11.024352,89,100991659.85,9160780
2026-08-26,IZE,65.282438,1,266922132.43,4088728
2026-08-26,IZL,52.386158,19,107308546.13,2048414.11
2026-08-26,IZS,10.19035,45,100210314.58,9833844
2026-08-26,IZV,10.40988,2,113930113.2,10944421
2026-08-26,IZY,48.401138,27,50035499.22,1033767.01
2026-08-26,JET,2.37856,17184,542495911.12,228077458
2026-08-26,JOT,58.696314,1,1156881395.46,19709609
2026-08-26,JUP,0.539071,55,54783021.33,101624814
2026-08-26,KAC,3.92481,1774,20198118048.3,5146266577
2026-08-26,KAN,7275.776785,37,5698439308.52,783207
2026-08-26,KAV,58.106851,5727,17989085506.98,309586310
2026-08-26,KBJ,4.230038,102,674589615.62,159476028
2026-08-26,KBP,1.781528,5,337280841.37,189321082
2026-08-26,KBZ,52.207124,1,161554526.52,3094492
2026-08-26,KCL,1.810947,177,11569626.1,6388717
2026-08-26,KCR,1.127127,502,69006271.71,61223145
2026-08-26,KCV,5.290556,13021,2553687197.37,482687848
2026-08-26,KDE,1.793034,3673,637300531.66,355431360
2026-08-26,KDI,58.142765,12,246417643.62,4238148
2026-08-26,KDK,15.593618,1,49085386.69,3147787
2026-08-26,KDL,52.768304,7061,25609555533.15,485320799
2026-08-26,KDO,57.081664,526,1095028785.99,19183547
2026-08-26,KDS,54.815967,1377,28308366944.96,516425567
2026-08-26,KDT,54.850339,1197,3210976411.83,58540685
2026-08-26,KDV,48.997425,211,24329614807.83,496548841
2026-08-26,KDZ,49.155537,823,4350241309.93,88499517
2026-08-26,KEI,1.926473,1,346029866,179618321
2026-08-26,KEO,1.813534,1,71530138.98,39442409
2026-08-26,KEU,53.682555,55,3955709668.4,73687061
2026-08-26,KFZ,4.495136,1,371675330.12,82683881
2026-08-26,KGM,3.105446,30266,3166402279.15,1019628743
2026-08-26,KH1,1.370541,1031,90115248.44,65751584
2026-08-26,KHA,4.509709,37361,6882210162.94,1526087555
2026-08-26,KHB,1.670429,256,17753449.13,10628075
2026-08-26,KHC,2.204313,1463,48883011.43,22176080
2026-08-26,KHD,1.432218,12,718104194.57,501393238
2026-08-26,KHF,0.118623,13,888993.19,7494290
2026-08-26,KHJ,1.205215,467,15723356.61,13046102
2026-08-26,KHP,1.206671,1506,27841224980.31,23072755042
2026-08-26,KHT,2.398171,220,7330760.36,3056813
2026-08-26,KHU,36.973808,1,3531664.15,95518
2026-08-26,KIA,4.362491,359,5932333.36,1359850
2026-08-26,KIB,4.354611,1064,10832860.96,2487676
2026-08-26,KIE,4.676287,940,216634271.08,46326127
2026-08-26,KIH,1.546117,27,59854231.95,38712606
2026-08-26,KIK,1.456785,1411,177057790.92,121540108
2026-08-26,KIS,0.221286,768,91380777.44,412953143
2026-08-26,KJK,0.002274,1,48685302.58,21405755952
2026-08-26,KKB,62.405362,1,2617280.88,41940
2026-08-26,KKC,58.08227,53,126810672.39,2183294
2026-08-26,KKE,52.198222,2,90134845.81,1726780
2026-08-26,KKH,6.85126,5062,531542276.69,77583144
2026-08-26,KKL,2.504967,1663,3673389123.05,1466441905
2026-08-26,KKO,49.186055,257,2272552020.82,46203177
2026-08-26,KKP,49.163237,331,4354230702.36,88566803
2026-08-26,KKT,3.140422,46,9233579071.89,2940235574
2026-08-26,KLH,2.746434,2312,148241863.23,53976127
2026-08-26,KLI,1.317852,165,311278079.06,236201151
2026-08-26,KLL,58.066914,1,11402599.95,196370
2026-08-26,KLM,68.068209,1,1012655915.85,14877076
2026-08-26,KLS,41.627333,2,881708.53,21181
2026-08-26,KLU,4.862856,107020,98001343026.36,20153043492
2026-08-26,KMA,169.526764,1,12683653.44,74818
2026-08-26,KME,1.641516,1180,123040709.94,74955526
2026-08-26,KMF,3.664055,2233,1569458124.65,428339089
2026-08-26,KMN,0.999432,4947,434913798.83,435160785
2026-08-26,KMT,2.863562,1,70974434.1,24785369
2026-08-26,KNC,67.790297,16,363496723.61,5362076
2026-08-26,KNI,1.381451,447,17072605116.99,12358457292
2026-08-26,KNJ,2.090454,14605,832628768.23,398300478
2026-08-26,KNN,1.50647,15,446244607.66,296218809
2026-08-26,KNP,83.120896,2,193978404.77,2333690
2026-08-26,KNS,4.502774,1,5075489089.68,1127191620
2026-08-26,KNT,61.015719,3,174869404.62,2865973
2026-08-26,KNV,71.197744,5,319702078.55,4490340
2026-08-26,KNZ,69.741722,1,1027770576.39,14736811
2026-08-26,KO4,56.184518,856,4614434493.84,82130000
2026-08-26,KOB,1.426176,71,2718257489.72,1905976031
2026-08-26,KOD,1.023176,740,57771675.43,56463073
2026-08-26,KOP,7.843148,14,16086296.57,2051000
2026-08-26,KOT,1.506749,3504,148406632.68,98494623
2026-08-26,KOZ,64.976551,4,72672179.26,1118437
2026-08-26,KP3,53.616512,10,14169986.31,264284
2026-08-26,KPA,1.759028,14039,547243452.74,311105614
2026-08-26,KPB,6.758457,1,5416416.36,801428
2026-08-26,KPC,21.805923,23520,4731386066.72,216977103
2026-08-26,KPD,48.953578,554,306592439.78,6262922
2026-08-26,KPF,1.774864,275,705768381.22,397646416
2026-08-26,KPH,1.274752,11856,543462150.97,426327915
2026-08-26,KPI,1.479624,6622,5141256011.12,3474705196
2026-08-26,KPK,10.270098,1,475019512.87,46252674
2026-08-26,KPM,1.05052,16,1584604.77,1508400
2026-08-26,KPP,3.181795,686,437417172.94,137474977
2026-08-26,KPR,1.884032,1348,72981342070.36,38736789359
2026-08-26,KPS,48.081445,3270,23320462314.37,485020000
2026-08-26,KPU,4.086514,6160,609918243.61,149251468
2026-08-26,KRC,0.147235,147,30060052.79,204164320
2026-08-26,KRF,21.574184,597,44626826.02,2068529
2026-08-26,KRH,1.716329,41,2236591990.14,1303125470
2026-08-26,KRO,48.259153,59,308833535.44,6399481
2026-08-26,KRR,1.167328,586,22814018,19543786
2026-08-26,KRS,0.526847,1118,1505517398.97,2857599684
2026-08-26,KRT,75.098582,166,732255107.58,9750585
2026-08-26,KRV,48.221829,1022,5597589929.85,116080000.01
2026-08-26,KSA,4.137186,3688,14718149369,3557527024
2026-08-26,KSC,49.702541,1,24626118.13,495470
2026-08-26,KSK,2.93949,671,8325841455.9,2832410618.375
2026-08-26,KSL,56.906913,118,257021381.35,4516523
2026-08-26,KSM,51.809157,741,15437456308.45,297967716
2026-08-26,KSP,65.420279,361,1657422767.29,25335000
2026-08-26,KSR,5.182024,3826,205352035.03,39627766
2026-08-26,KST,2.070183,458,9471484.45,4575191
2026-08-26,KSV,5.76052,9861,33995423078.7,5901450421
2026-08-26,KSY,11.107197,85,4294755728.75,386664235
2026-08-26,KTE,45.813169,1,110665832.12,2415590
2026-08-26,KTI,2.196562,565,279521629,127254121
2026-08-26,KTJ,2.613081,21008,1644391113.18,629292092
2026-08-26,KTM,22.830676,5757,696639084.24,30513292
2026-08-26,KTN,8.089973,4235,426805653.48,52757362
2026-08-26,KTR,10.668016,633,24531947900.72,2299579234
2026-08-26,KTS,15.488547,738,121216976.3,7826233
2026-08-26,KTT,70.935927,1442,5192884947.51,73205288
2026-08-26,KTU,30.245677,1,983448755.17,32515349
2026-08-26,KTV,7.728698,45692,28626024643.36,3703861270
2026-08-26,KU3,1.164704,2595,255363328.52,219251765
2026-08-26,KUA,1.462603,2077,103981795.49,71093654
2026-08-26,KUB,0.755597,3641,611831646.81,809732962
2026-08-26,KUD,1.770146,2356,224104352.12,126602165
2026-08-26,KUP,49.395796,129,2047182028.47,41444459
2026-08-26,KUT,12.829829,41482,8587741426.45,669357443
2026-08-26,KVA,1.78505,1,700758787.35,392570970
2026-08-26,KVK,1.279107,139,854606939.93,668127598
2026-08-26,KVR,1.300578,46,113474436.68,87249266
2026-08-26,KVS,3.834495,2367,27970472339.66,7294434926
2026-08-26,KVT,1.45657,2999,87590106.97,60134513
2026-08-26,KYA,1.210495,1559,69090740.74,57076451
2026-08-26,KYR,0.600304,11,298708753.79,497595647
2026-08-26,KYS,54.134246,18,11211202.27,207100
2026-08-26,KZL,29.846335,65652,95169963873.24,3188665034
2026-08-26,KZO,2.263192,3,1172255112.51,517965287
2026-08-26,KZU,2.524748,5877,499131202.06,197695460
2026-08-26,LAI,1.175791,14,177319613.91,150808828
2026-08-26,LET,55.082613,2,700778136.88,12722311
2026-08-26,LFD,7.30441,1,4857476.22,665006
2026-08-26,LGK,1.421267,1,1696784427.54,1193853791
2026-08-26,LGO,7.785465,11,117267284.53,15062336
2026-08-26,LHM,83.525901,4,798310572.25,9557641
2026-08-26,LHP,56.934962,93,84056785.6,1476365
2026-08-26,LKF,1.097389,913,106009890.77,96601895
2026-08-26,LKT,1.888633,411,261395810.98,138404778
2026-08-26,LLA,1.192539,754,28339743.35,23764207
2026-08-26,LPH,1.464345,2605,3692058764.52,2521303187
2026-08-26,LRT,3.689581,12,905634330.34,245457201
2026-08-26,LTC,1.604211,317,15717453.88,9797624
2026-08-26,LTL,1.089587,5607,284399985.14,261016291
2026-08-26,LTS,4.636633,13,2565802746.46,553376235
2026-08-26,LZV,7.185438,2,81799555.39,11384074
2026-08-26,MAC,0.75532,36204,4329569404.37,5732096403
2026-08-26,MAD,1.035943,368,22948936.92,22152696
2026-08-26,MAS,12.372368,196,786444220.79,63564566
2026-08-26,MAV,58.359213,1,913216921.85,15648205
2026-08-26,MBL,0.289004,216,21048663.75,72831853
2026-08-26,MBR,1.782735,464,455478097.63,255493996
2026-08-26,MCU,1.397072,157,184514010.93,132071967
2026-08-26,MD1,2.309976,654,229594519.89,99392584
2026-08-26,MD2,2.208409,785,287781029.65,130311463
2026-08-26,MDF,1.310645,939,500703335.02,382028245
2026-08-26,MET,6.001078,6653,747679141.72,124590807
2026-08-26,MGB,1.482469,483,63856124.8,43074178
2026-08-26,MGD,1.022172,1,687002690.69,672100883
2026-08-26,MGE,1.245665,67,847513335.57,680370261
2026-08-26,MGH,2.270889,760,495960637.57,218399307
2026-08-26,MHF,2.417571,3886,478188152.81,197796955
2026-08-26,MIK,3.42483,13,4809078001.11,1404180257
2026-08-26,MJB,7.812376,778,52545788.51,6725968
2026-08-26,MJE,58.261298,909,7323781350.01,125705771
2026-08-26,MJG,11.438607,7545,1030683807.77,90105709
2026-08-26,MJH,4.372899,29,26621607.27,6087863
2026-08-26,MJK,36.369718,411,1867307787.58,51342377
2026-08-26,MJL,61.832085,585,915503478.4,14806285
2026-08-26,MKA,1.281854,1730,87227891.3,68048210
2026-08-26,MKG,18.594934,8233,1666528903.38,89622736
2026-08-26,MKL,60.979941,1,786983761.33,12905617
2026-08-26,MLS,17.965535,4,1343136337.35,74761834
2026-08-26,MLT,1.3323,79,22650426.42,17000998
2026-08-26,MMH,16.962047,1348,153337534.63,9040037
2026-08-26,MOD,61.285518,2,742443411.41,12114500
2026-08-26,MOZ,1.276313,121,326453104.3,255778312
2026-08-26,MP2,1.410484,13,3739620310.72,2651303752
2026-08-26,MP4,2.080587,15,3814180764.24,1833223343
2026-08-26,MPD,61.238623,691,2915725281.79,47612522
2026-08-26,MPE,1.392288,117,88076435.83,63260197
2026-08-26,MPF,8.363175,1950,1376052007.59,164537027.037
2026-08-26,MPI,3.11983,39,72562019.34,23258327
2026-08-26,MPK,9.934803,1524,254842780.26,25651517.961
2026-08-26,MPL,2.028609,928,666892350.64,328743607
2026-08-26,MPN,61.747036,292,374926147.73,6071970
2026-08-26,MPP,21.781033,1213,362083382.72,16623793
2026-08-26,MPS,24.76582,2487,156516892.08,6319875.324
2026-08-26,MRI,1.248515,114,13485911.46,10801565
2026-08-26,MSK,3.991899,1,1197161040.76,299897605
2026-08-26,MSO,59.312519,1,521516589.28,8792690
2026-08-26,MSR,2.008472,14,30585119.18,15228050
2026-08-26,MT1,46.129874,24,28753349.97,623313
2026-08-26,MT2,1.414427,1473,6092075025.9,4307097564
2026-08-26,MT5,1.217176,19,777927619.31,639124957
2026-08-26,MT6,0.446799,14,285410687.17,638789806
2026-08-26,MT7,0.365616,15,47718294.65,130514947
2026-08-26,MT8,0.819492,16,1633830616.41,1993710977
2026-08-26,MT9,0.410694,18,3167575115.58,7712730506
2026-08-26,MTD,1.352224,1517,151498336.15,112036404
2026-08-26,MTE,0.637026,17,39289948.3,61677173
2026-08-26,MTF,1.420138,43,70247859.59,49465524
2026-08-26,MTG,1.740771,386,264602794.04,152003177
2026-08-26,MTH,2.321194,3194,305219755.89,131492567
2026-08-26,MTI,0.018287,2,4664243.83,255061228
2026-08-26,MTK,1.859674,765,92396102.18,49684040
2026-08-26,MTL,2.041508,16,4225831006.15,2069955952
2026-08-26,MTS,2.778738,673,28441204.17,10235295
2026-08-26,MTU,0.795564,19,822337677.27,1033653600
2026-08-26,MTV,5.478805,12833,148632935.18,27128712
2026-08-26,MTX,5.275883,2099,82709733.73,15676945
2026-08-26,MUL,3.081429,12,300565780.46,97541034
2026-08-26,MUT,1.940229,1634,846914372.84,436502209
2026-08-26,NAK,1.131478,168,128722272.05,113764687
2026-08-26,NAL,0.425251,12,509963051.84,1199204513
2026-08-26,NAU,3.272972,9732,2625633173.28,802216823
2026-08-26,NAV,1.110566,15,65383915.12,58874427
2026-08-26,NBE,1.768018,10,566929552.95,320658242
2026-08-26,NBH,7.028211,198,2197422604.19,312657470
2026-08-26,NBO,1.523618,393,2200597838.07,1444323782
2026-08-26,NBZ,72.763757,278,1399525518.13,19233827
2026-08-26,NCS,57.911038,1786,8448024919.92,145879357
2026-08-26,NCU,55.444985,12,129435042.18,2334477
2026-08-26,NDL,1.938681,1,10932439.46,5639113
2026-08-26,NDS,1.024674,13,603196946.31,588672037
2026-08-26,NES,2.174849,2,2172683522.56,999004311
2026-08-26,NFF,1.359329,33,1820521327.94,1339279649
2026-08-26,NFH,2.159263,48,120965396.34,56021616
2026-08-26,NFK,5.332211,80,1529749266.63,286888350
2026-08-26,NHP,5.680089,154,12286902.56,2163153
2026-08-26,NHT,67.072119,2,665031863.65,9915176
2026-08-26,NHV,4.448158,2,8197755653.22,1842955034
2026-08-26,NHY,5.98563,2037,141889101.6,23704956
2026-08-26,NIG,1.278453,15,542839332.15,424606540
2026-08-26,NIS,1.742979,41,1592918236.87,913905645
2026-08-26,NJF,13.26399,1772,1208127266.35,91083248
2026-08-26,NJG,3.08611,15,3286444854.98,1064914900
2026-08-26,NJR,5.86084,2492,1919656415.88,327539493
2026-08-26,NJY,7.557709,1379,318513507.78,42144186
2026-08-26,NKA,49.688554,17,132191130.24,2660394
2026-08-26,NKC,1.261624,1103,349187928.63,276776537
2026-08-26,NKH,1.77412,12,163461780.58,92136843
2026-08-26,NKJ,15.213173,1,1561456329.36,102638440
2026-08-26,NKK,8.068963,12,1519485591.08,188312373
2026-08-26,NKL,3.565287,2192,16273675270.3,4564478617
2026-08-26,NKM,1.036334,457,51005705.64,49217444
2026-08-26,NKP,1.13547,3294,183132462.35,161283450
2026-08-26,NKS,1.892989,11,25082483.32,13250200
2026-08-26,NKT,1.59241,517,75234085.77,47245415
2026-08-26,NKV,2.326838,1,15977230346.61,6866499553
2026-08-26,NLC,51.127258,19,182008336.36,3559908
2026-08-26,NLD,54.687958,1,1432820840.32,26199933
2026-08-26,NLE,1.623713,9538,370384338.58,228109537
2026-08-26,NLK,1.895967,1012,5158543845.23,2720798411
2026-08-26,NLL,5.113193,25,2075260006.7,405863799
2026-08-26,NME,58.298086,52,63391997.87,1087377
2026-08-26,NMG,135.48606,12,3109854760.89,22953319
2026-08-26,NMP,1.02142,4103,775099461.11,758845296
2026-08-26,NMU,1.262774,387,901802725.15,714144341
2026-08-26,NNF,23.385336,18240,2112809385.91,90347619
2026-08-26,NOA,1.400021,11,532880429.42,380623067
2026-08-26,NOI,1.471287,14,1131676509.53,769174600
2026-08-26,NOV,50.68897,1,715826032,14121929
2026-08-26,NP1,5.580975,152,1589955802.81,284888521
2026-08-26,NPH,1.580998,749,190108863.1,120246137
2026-08-26,NPK,1.615935,1,958207028.23,592973692
2026-08-26,NRC,11.541289,3602,234829995.08,20346947
2026-08-26,NRG,5.604482,3362,7330684218.96,1308003825
2026-08-26,NRM,157.097279,11,406703960.35,2588867
2026-08-26,NSA,2.565449,357,1226931266.02,478251991
2026-08-26,NSD,65.544359,176,14910491745.82,227487033
2026-08-26,NSH,2.208175,1328,2196897062.48,994892492
2026-08-26,NSK,6.759047,88,398237678.05,58919201
2026-08-26,NSP,1.854647,2736,1392092157.1,750596765
2026-08-26,NSS,64.984265,1,1102514586.83,16965870
2026-08-26,NST,1.219525,3353,56449901.71,46288430
2026-08-26,NSY,1.429381,60,1184373506.26,828592110
2026-08-26,NTB,5.840707,1,3218020906.51,550964241
2026-08-26,NTD,0.381181,1,516662155.33,1355423321
2026-08-26,NTF,3.149967,11,258491888.99,82061773
2026-08-26,NTI,1.560185,1629,335321793.47,214924379
2026-08-26,NTO,66.724341,1,3612753822.37,54144466
2026-08-26,NTS,3.10581,33,228792429.47,73665955
2026-08-26,NUB,60.59899,902,2138782148.83,35294023
2026-08-26,NUG,49.434383,22,24041572.01,486333
2026-08-26,NUH,1.353836,1153,137408950.1,101496010
2026-08-26,NVB,4.850253,4717,6819504795.78,1406010090
2026-08-26,NVC,3.862325,91,138464517.02,35850042
2026-08-26,NVK,46.837413,19,103630868.54,2212566
2026-08-26,NVP,68.747945,1,61604620.83,896094
2026-08-26,NVT,4.67685,49,439127822.51,93893935
2026-08-26,NVZ,58.673134,338,528228943.66,9002910
2026-08-26,NYH,62.649445,1,1076933560.83,17189834
2026-08-26,NZH,3.591882,297,563530784.81,156890112
2026-08-26,NZT,6.097683,420,11076587324.04,1816523979
2026-08-26,NZU,51.193666,37,47363355.96,925180
2026-08-26,OAB,76.94194,3,668983780.91,8694657
2026-08-26,OAO,1.017638,202,360269201.1,354024800
2026-08-26,OBI,3.20322,462,318825986.26,99532957
2026-08-26,OBN,58.437014,239,269834198.51,4617522
2026-08-26,OBP,0.208252,822,39441983.22,189395047
2026-08-26,OBR,54.188745,10644,46655554860.29,860982381
2026-08-26,OCM,69.398922,2,507525764.8,7313165
2026-08-26,OCN,50.621649,4,118490347.55,2340705
2026-08-26,OCT,73.018985,5,453932304.33,6216634
2026-08-26,ODD,11.084916,29,472502003.93,42625672
2026-08-26,ODG,1.193563,38,67606593.16,56642665
2026-08-26,ODN,58.300435,4612,35976951451.39,617095764
2026-08-26,ODP,7.096397,150,298614572.64,42079742
2026-08-26,ODS,69.83399,106,115257718.81,1650453
2026-08-26,ODV,19.604489,3837,1635491497.96,83424335
2026-08-26,OFA,57.986338,126,240964664.15,4155542
2026-08-26,OFB,11.412473,13,1014539935.97,88897469
2026-08-26,OFI,4.096026,601,158652898.68,38733371
2026-08-26,OFK,52.155232,261,1000398531.34,19181173
2026-08-26,OFO,69.223279,1,2174566528.44,31413804
2026-08-26,OFS,8.318654,435,188201848.3,22624074
2026-08-26,OGD,12.292061,3118,823491952.36,66993804
2026-08-26,OGF,9.482597,425,134763875.17,14211705
2026-08-26,OGV,72.288807,1,285034406.35,3942995
2026-08-26,OHB,24.328479,1052,1435848758.45,59019257
2026-08-26,OHI,0.102565,44,1010228712.96,9849630509
2026-08-26,OHK,2.958198,1219,29749899.33,10056763
2026-08-26,OIL,4.137885,652,47012547.15,11361491
2026-08-26,OIR,5.146113,228,19306807.34,3751726
2026-08-26,OIS,3.437709,2,655378358.95,190643928
2026-08-26,OJB,53.49374,6753,26594848616.3,497158147
2026-08-26,OJH,9.697752,27,23038649.35,2375669
2026-08-26,OJK,14.228866,27801,49612169242.39,3486726925
2026-08-26,OJT,12.850014,11228,4646314033.89,361580474
2026-08-26,OJU,69.113421,2,55668234.6,805462
2026-08-26,OJY,73.065907,6,2514817463.64,34418480
2026-08-26,OKD,0.617591,984,83615882.24,135390288
2026-08-26,OKF,4.747268,12,8416785116.17,1772974341
2026-08-26,OKP,6.500047,436,99144079.13,15252826
2026-08-26,OKT,0.164396,860,111409440.9,677689409
2026-08-26,OLA,54.123772,30,20599182.21,380593.99
2026-08-26,OLD,3.190946,5558,142025156.33,44508799
2026-08-26,OLE,5.099222,504,328357163.2,64393586
2026-08-26,OMB,64.47822,3,226568920.37,3513883
2026-08-26,OMC,72.399563,2,409709343.75,5659003
2026-08-26,OME,24.586204,68,82660710.79,3362077
2026-08-26,OMG,1.870212,701,1310300771.21,700616248
2026-08-26,ONB,52.661924,577,5633161224.36,106968391
2026-08-26,OND,48.129684,624,3454267455.75,71770000.01
2026-08-26,ONE,1.495805,694,32674005.68,21843758.476
2026-08-26,ONF,66.916062,852,3236981343.19,48373757
2026-08-26,ONK,60.832428,21623,100208822130.48,1647292833
2026-08-26,ONN,6.49365,569,1263233448.41,194533641
2026-08-26,ONS,54.373322,23532,160054385524,2943619774
2026-08-26,ONT,53.054497,374,4849771301.16,91411125
2026-08-26,ONY,67.345321,743,2384324175.79,35404452
2026-08-26,OPB,13.723399,415,50629790.86,3689304
2026-08-26,OPD,8.56891,20,68089535.53,7946114
2026-08-26,OPF,3.20568,1049,455441019.45,142073154
2026-08-26,OPH,26.424625,2498,936325279.34,35433815
2026-08-26,OPI,23.093607,1543,222294025.91,9625782
2026-08-26,OPJ,1.69216,2305,1158469463.82,684609836
2026-08-26,OPL,9.975219,493,36202333.41,3629227
2026-08-26,OPZ,5.762881,1,721264848.82,125156982
2026-08-26,ORC,1.558258,53,1258853500,807859542
2026-08-26,ORI,61.270865,5,1700435926.31,27752765
2026-08-26,OSD,14.31779,862,612940467.56,42809712
2026-08-26,OSF,111.706066,17,4827954047.78,43220160
2026-08-26,OSH,0.585447,17,66037410.72,112798247
2026-08-26,OSL,0.156731,4092,1243307978.88,7932775638
2026-08-26,OSN,1.576821,102,35363732.69,22427227
2026-08-26,OTE,66.816642,2,194754877.39,2914766
2026-08-26,OTF,6.956647,1934,678573093.32,97543130
2026-08-26,OTJ,7.463093,22437,3380289198.44,452934094
2026-08-26,OTK,8.441334,63,4530759.26,536735
2026-08-26,OTM,1.309657,95,13737852.65,10489659
2026-08-26,OTZ,70.497,4,315277178.89,4472207
2026-08-26,OUB,7.139568,14,892165697.68,124960731
2026-08-26,OUD,67.2713,119,148380239.31,2205699
2026-08-26,OUN,54.260413,316,233486573.92,4303074
2026-08-26,OUR,84.453368,11,31712915.33,375508
2026-08-26,OUY,66.318229,2,1687943825.5,25452185
2026-08-26,OVD,3.478154,3052,743512181.72,213766300
2026-08-26,OVR,68.718849,1,490168320.52,7132953
2026-08-26,OYL,0.162641,8203,3333206545.13,20494298455
2026-08-26,OYS,9.863299,11,16131562571.74,1635513894
2026-08-26,OYT,0.138591,65,1962617148.13,14161261546
2026-08-26,OZC,2.853653,1,283202304.84,99242027
2026-08-26,P1A,1.538442,327,498808396.27,324229514
2026-08-26,PA2,1.155608,479,45214070.38,39125792
2026-08-26,PAB,1.418556,634,126956065.96,89496700
2026-08-26,PAC,3.09961,1,794328362.79,256267233
2026-08-26,PAF,3.764075,3312,303905159.06,80738342
2026-08-26,PAI,6.413247,527,429649411.42,66994056
2026-08-26,PAL,57.279535,31392,153165611198.05,2674002356
2026-08-26,PAO,1.107369,231,24860119.7,22449726
2026-08-26,PAU,68.76602,3853,11382812709.91,165529614
2026-08-26,PBE,6.2045,11,84521026.64,13622536
2026-08-26,PBF,1.659832,2,1583866963.14,954233191
2026-08-26,PBH,1.31192,12,3146462604.66,2398364628
2026-08-26,PBI,2.357343,657,115918513.16,49173374
2026-08-26,PBK,58.4338,112,107213634.99,1834788
2026-08-26,PBN,1.583524,710,485148282.51,306372506
2026-08-26,PBR,5.140792,43518,8207388742.47,1596522201
2026-08-26,PBS,70.004444,22,396147727.72,5658894
2026-08-26,PBY,1.767284,55,237199893.44,134217214
2026-08-26,PCE,1.298021,152,91398735.51,70413899
2026-08-26,PCH,3.954537,57,896207761.56,226627712
2026-08-26,PCN,65.844194,12,566621945.05,8605496
2026-08-26,PCS,9.391782,35,109975287842.72,11709736386
2026-08-26,PDC,0.242537,13,262886007.27,1083898739
2026-08-26,PDD,5.992181,174,831639996.52,138787525
2026-08-26,PDE,1.916073,14,18731880922.81,9776185516
2026-08-26,PDF,60.81904,57,472303149.61,7765712
2026-08-26,PDG,0.59872,11,650412204.54,1086338077
2026-08-26,PDH,19.638804,78,5580819366.07,284173071
2026-08-26,PDR,1.015793,2,2284635549.65,2249115622
2026-08-26,PDS,0.328448,41,88710741.42,270090632
2026-08-26,PEA,1.555584,103,73453320.3,47219115
2026-08-26,PFO,2.36574,284,75971428.19,32113172
2026-08-26,PFS,2.987019,93,16097418.74,5389125
2026-08-26,PGD,1.804155,160,185184937.98,102643613
2026-08-26,PGE,25.250455,45,10196850737.51,403828398
2026-08-26,PGH,8.749728,12,11622472209.81,1328323884
2026-08-26,PGS,1.333185,434,174538895.36,130918702
2026-08-26,PHB,2.674893,14,14047300449.56,5251536912
2026-08-26,PHE,4.044688,121440,32287653958.27,7982729920
2026-08-26,PHF,1.066318,12,313515009.67,294016510
2026-08-26,PHI,1.608981,129,75876913.02,47158373
2026-08-26,PHK,1.595239,247,83222668.78,52169406
2026-08-26,PHN,979.925917,17,9275851336.24,9465870
2026-08-26,PHS,4.610404,16,187134004.87,40589501
2026-08-26,PHY,4.60512,45,578671944.02,125658392
2026-08-26,PID,1.896303,117,55273054.24,29147799
2026-08-26,PIL,3.977132,8137,483054571.95,121458014
2026-08-26,PIP,1.692403,393,35284654998.56,20848847969
2026-08-26,PIR,1.774223,913,119942525.19,67602852
2026-08-26,PIS,1.468013,200,996588544.39,678869001
2026-08-26,PJL,5.227786,685,1253780737.34,239830141
2026-08-26,PJP,50.128506,14,403781707.38,8054932
2026-08-26,PK1,1.052301,137,9702661.95,9220425
2026-08-26,PKD,0.969214,152,30483178.39,31451456
2026-08-26,PKF,4.99409,1554,418467050.42,83792446
2026-08-26,PKH,0.93121,11,129247664.14,138795396
2026-08-26,PKL,2.507028,13,2396759646.36,956016476
2026-08-26,PKM,1.074832,551,499414996.8,464644667
2026-08-26,PKN,2.629669,11,63074462.89,23985700
2026-08-26,PKP,1.264039,102,484154509.63,383021936
2026-08-26,PKR,1.544591,216,671754512.98,434907671
2026-08-26,PKT,1.602876,1133,12452651836.61,7768942531
2026-08-26,PKU,14.659947,45,10515470567.24,717292514
2026-08-26,PKV,2.069417,3006,15333516753.83,7409582631
2026-08-26,PKZ,15.683988,17,63080269348.9,4021953509
2026-08-26,PLA,1.28242,116,805199.44,627875
2026-08-26,PLR,1.680503,886,928677019.87,552618370
2026-08-26,PLS,26.906417,7,937277756.8,34834729
2026-08-26,PMG,1.609349,1,1407668427.68,874681642
2026-08-26,PMH,0.006066,43,66863.11,11022436
2026-08-26,PMP,0.834039,428,17472972.26,20949816
2026-08-26,PNU,1.243319,24425,39079875392.94,31431909756
2026-08-26,PO7,1.032522,43,1818665357.5,1761382208
2026-08-26,PO8,2.840555,48,269936474.16,95029494
2026-08-26,PO9,0.808088,151,239821221.73,296776084
2026-08-26,POB,4.539532,42,4698186769.35,1034949691
2026-08-26,POD,69.82431,1412,4344039292.96,62213852
2026-08-26,POF,2.470862,45,2646890283.57,1071241588
2026-08-26,POH,0.992162,4,1698007040.51,1711421252
2026-08-26,POI,0.059185,42,269658562.45,4556187582
2026-08-26,POS,1.24148,436,83057328.9,66901892
2026-08-26,POU,2.765778,72,7282358302.37,2633023785
2026-08-26,PP1,1.709324,253,33655480.08,19689347
2026-08-26,PPB,10.192931,1517,383170293.5,37591769
2026-08-26,PPD,35.565399,106,2296182661.77,64562263
2026-08-26,PPE,63.143702,66,755222290.42,11960374
2026-08-26,PPF,5.230225,22,337344256.76,64498999
2026-08-26,PPG,1.462091,1707,2419716665.83,1654969875
2026-08-26,PPH,1.701745,2475,66359985.08,38995265
2026-08-26,PPI,2.294754,2766,4519310044.78,1969409104
2026-08-26,PPJ,1.861565,6690,89068865986.67,47846221835
2026-08-26,PPK,2.262037,3106,5918189052.41,2616309803
2026-08-26,PPM,2.189465,151,133739476.4,61083166
2026-08-26,PPN,5.803856,13374,12348537202.86,2127643701
2026-08-26,PPO,3.100676,44,189710920.5,61183735
2026-08-26,PPP,3.141151,369,7906315164.11,2517012415
2026-08-26,PPS,3.564079,2409,1062949326.22,298239540
2026-08-26,PPT,3.29946,3843,2833226936.17,858694086
2026-08-26,PPU,1.832824,44,293696312.6,160242546
2026-08-26,PPV,1.157283,157,10158353835.47,8777761916
2026-08-26,PPZ,6.623553,8261,13252241037.37,2000775269
2026-08-26,PRD,2.354942,596,453131039.05,192417106
2026-08-26,PRF,69.150299,2,200881550.09,2904999
2026-08-26,PRH,2.201695,301,619246877.31,281259096
2026-08-26,PRR,1.341563,154,795509338.77,592971972
2026-08-26,PRU,3.684909,1486,2970208580.02,806046552
2026-08-26,PRV,1.351901,84,4481521758.25,3314977864
2026-08-26,PRY,3.191026,54639,112429219561.14,35232941298
2026-08-26,PSD,54.018657,1,2752907719.88,50962165
2026-08-26,PSE,1.885979,5951,26147028870.77,13863900491
2026-08-26,PSG,9.06016,16,416619004.66,45983627
2026-08-26,PSH,1.058651,362,17026766.97,16083449
2026-08-26,PSL,8.524632,50,235968089.16,27680736
2026-08-26,PSO,0.441836,1,904115876.4,2046269480
2026-08-26,PSR,3.221777,45,1333373411.68,413862679
2026-08-26,PSS,6.034413,11,241786181.58,40067890
2026-08-26,PST,0.011238,48,47450524.92,4222198260
2026-08-26,PTC,66.197144,16,1055447454.7,15944003
2026-08-26,PTE,1.709007,4723,50153785375.68,29346732966.92
2026-08-26,PTF,1.454559,279,763379288.89,524818258
2026-08-26,PTG,64.576738,1,117529663.41,1820000
2026-08-26,PTL,1.877096,1810,981249656.46,522748879
2026-08-26,PTN,1.701352,876,835028227.84,490802821
2026-08-26,PTO,1.843908,3859,268366089.68,145541999
2026-08-26,PTP,1.201625,306,87950021.87,73192558
2026-08-26,PTS,1.61024,953,8702564315.27,5404512509
2026-08-26,PUA,10.085106,1,5015037086.91,497271653
2026-08-26,PUC,7.427198,709,442559812.3,59586373
2026-08-26,PUH,1.650979,23,351381417.99,212832098
2026-08-26,PUK,1.299095,9182,1321387734.72,1017159947
2026-08-26,PUR,10.497983,39500,134087427936.42,12772684586
2026-08-26,PUT,8.090184,1,7101460880.66,877787362
2026-08-26,PUV,57.464867,1,1226865303.21,21349833
2026-08-26,PVK,5.799705,8292,37649559526.24,6491633113
2026-08-26,PYB,1.876707,1123,1073398826.18,571958665
2026-08-26,PYD,0.268433,44,48997177.7,182530202
2026-08-26,PYF,10.609106,10,3106682998.99,292831749
2026-08-26,PYH,6.959903,11,3982372872.74,572187994
2026-08-26,PYI,12.012267,44,2670530357.26,222316938
2026-08-26,PYL,9.621084,33,558614184.9,58061461
2026-08-26,PYR,1.396606,1158,68985571.3,49395158
2026-08-26,PYS,59.921343,43,1132692249.98,18902985
2026-08-26,RAF,3.842209,12,160445215.27,41758590
2026-08-26,RAI,2.139578,1,5587008656.93,2611267131
2026-08-26,RAN,59.074425,1,1097706424.52,18581754
2026-08-26,RAV,1.542333,12,1134191100.5,735373680
2026-08-26,RAY,4.165643,1,1819525324.73,436793424
2026-08-26,RBA,22.730942,5421,2008835889.92,88374513
2026-08-26,RBB,1.670578,40,16059408.02,9613084
2026-08-26,RBE,4.297651,16,3016468070.71,701887559
2026-08-26,RBF,1.790662,83,23064113.06,12880217
2026-08-26,RBH,35.119751,5060,1016850628.83,28953811
2026-08-26,RBI,56.172487,86,57487260.25,1023406
2026-08-26,RBK,8.824408,1111,49209435.43,5576514
2026-08-26,RBL,1.858342,820,352720951.43,189804118
2026-08-26,RBN,1.5201,144,40674978.9,26758100
2026-08-26,RBP,2.280743,1055,2625433667.89,1151130694
2026-08-26,RBR,3.80187,1033,101446659.94,26683356
2026-08-26,RBT,6.611149,2733,1347593564.82,203836519
2026-08-26,RBV,6.941628,17633,8041439999.8,1158437222
2026-08-26,RCL,61.929778,1,166282135.98,2685011
2026-08-26,RCS,5.314327,1,2440121.25,459159
2026-08-26,RCV,1.791079,140,65118714.2,36357259
2026-08-26,RD1,1.930871,153,66574586.43,34479047
2026-08-26,RDF,1.632754,655,403163337.7,246922269
2026-08-26,RDH,4.492198,16,1173390179.05,261206263
2026-08-26,RDK,1.207593,2,1295889.63,1073118
2026-08-26,RDS,22.475263,11,961905689.52,42798417
2026-08-26,RDT,0.906977,59,74771595.16,82440451
2026-08-26,RDZ,50.511403,121,666969841.2,13204342
2026-08-26,RE6,1.014657,11,1018006405.87,1003301507
2026-08-26,RE7,0.66099,13,92480.49,139912
2026-08-26,RE8,3.335786,13,1295748767.46,388438857
2026-08-26,RFM,1.122929,432,28098784.77,25022767
2026-08-26,RGD,1.149858,131,28677835.07,24940330
2026-08-26,RGH,1.149612,24,39560626.66,34412166
2026-08-26,RHD,1.993852,12,154783169.07,77630222
2026-08-26,RHI,1.713303,437,48478259.07,28295198
2026-08-26,RHS,7.523165,1507,808185605.8,107426276
2026-08-26,RIA,1.382032,48,20415477.62,14772072
2026-08-26,RIH,13.017831,1341,178395009.33,13703897
2026-08-26,RIK,5.55095,3921,610148648.52,109917880
2026-08-26,RJG,3.659757,555,93390616.08,25518258
2026-08-26,RKC,1.772408,262,30334159.72,17114664
2026-08-26,RKH,1.081474,75,8946916.82,8272889
2026-08-26,RKL,2.858393,1,2236984537.98,782602250
2026-08-26,RKS,2.04303,144,89778216.58,43943653
2026-08-26,RKV,2.613211,227,536166842.87,205175467
2026-08-26,RLH,1.707822,36,277898351.92,162720879
2026-08-26,RO1,1.298876,22,218865148.87,168503485
2026-08-26,ROD,55.93574,615,1733495735.48,30990843
2026-08-26,ROF,3.362289,433,520837435.99,154905612
2026-08-26,ROY,1.411426,13,681400630.75,482774528
2026-08-26,RPC,5.294437,548,23321957.66,4404993
2026-08-26,RPD,14.797445,1872,271463988.82,18345329
2026-08-26,RPE,0,0,94.47,0
2026-08-26,RPG,6.626988,1636,965472528.16,145687987
2026-08-26,RPI,1.492699,327,14151657.64,9480583
2026-08-26,RPK,64.318834,5,115177408.97,1790726
2026-08-26,RPL,1.742724,21,125293540.88,71895223
2026-08-26,RPM,4.651233,2936,97975042.84,21064318
2026-08-26,RPN,5.141469,23,817797529.88,159059117
2026-08-26,RPO,6.596553,3,1602851231.32,242983168
2026-08-26,RPP,4.990409,7643,6587386922.2,1320009471
2026-08-26,RPS,63.793623,98,174843519.49,2740768
2026-08-26,RPT,5.19698,176,1228874854.63,236459430
2026-08-26,RPU,3.679014,12,2653030625.14,721125459
2026-08-26,RPX,63.222735,127,615400172.56,9733843
2026-08-26,RRA,1.511268,197,1447118063.2,957552183
2026-08-26,RRP,1.653861,87,835422289.77,505134618
2026-08-26,RS1,1.623101,124,818948528.27,504557877
2026-08-26,RSF,4.393681,12,1240958793.67,282441717
2026-08-26,RSK,1.94252,280,311800206.33,160513259
2026-08-26,RSY,1.084869,12,159958282.16,147444770
2026-08-26,RSZ,11.437272,25,2408091326.93,210547701
2026-08-26,RTA,2.482619,15,4559376755.13,1836519143
2026-08-26,RTB,2.700463,11,524310796.14,194155888
2026-08-26,RTD,2.078663,516,26806709.28,12896130
2026-08-26,RTG,5.7575,4868,256100861.62,44481259
2026-08-26,RTH,5.977444,248,19063514.9,3189242
2026-08-26,RTI,3.397847,63,49428644423.08,14547046802
2026-08-26,RTP,12.392307,1367,308379473.63,24884750
2026-08-26,RUH,5.163795,15,53104552.02,10284016
2026-08-26,RUT,2.529437,4758,194058849.15,76720190
2026-08-26,RVI,1.379719,11,20722065.05,15019044
2026-08-26,RVS,3.148377,19,4309546072.28,1368815305
2026-08-26,RYA,1.231744,1,370294990.5,300626629
2026-08-26,RYB,46.843761,11,4686015.65,100035
2026-08-26,RYD,1.457439,13,322057680.26,220975082
2026-08-26,RYF,12.084337,47,425453633.93,35207032
2026-08-26,RYU,49.735482,58,534281076.71,10742453
2026-08-26,RZR,4.674282,2,16538722.41,3538238
2026-08-26,SAP,1.859998,373,362741404.56,195022433
2026-08-26,SAR,53.032177,9,899627411.67,16963803
2026-08-26,SAS,1.606974,41491,951579509.59,592156259
2026-08-26,SAT,249.831947,4,1986819536.04,7952624
2026-08-26,SBH,1.852029,764,409498533.83,221108010
2026-08-26,SBI,3.658924,15,34563469.64,9446347
2026-08-26,SBR,1.289496,25,14866578.29,11528980
2026-08-26,SBS,71.985702,1,246521875.24,3424595
2026-08-26,SCZ,1.570864,164,82732400.72,52666805
2026-08-26,SD1,1.041518,200,43278754.64,41553523
2026-08-26,SDA,50.669837,1096,6556536538.55,129397229
2026-08-26,SEH,1.496922,45,104638565.76,69902498
2026-08-26,SER,58.016166,828,7243029116.56,124845015
2026-08-26,SFA,23.906432,18,1254627027.19,52480730
2026-08-26,SFS,1.420561,78,31571289.74,22224524
2026-08-26,SGK,1.003717,62,201371971.85,200626288
2026-08-26,SGT,1.932252,2631,195656472.15,101258269
2026-08-26,SHC,1.038121,122,71541418.48,68914302
2026-08-26,SHE,3.586581,641,58610756.33,16341679
2026-08-26,SHI,0.166511,46,689272897.45,4139493601
2026-08-26,SHU,1.442308,33,348833263.81,241857602
2026-08-26,SIA,0.958442,11,886113.69,924536
2026-08-26,SIS,0.28313,12,55206491.39,194986093
2026-08-26,SJP,62.376135,29,325745268.13,5222274
2026-08-26,SKL,2.044554,745,162928419.2,79688982
2026-08-26,SKO,1.695854,3253,212794421.74,125479177
2026-08-26,SKS,51.387386,3,1284684649.42,25000000
2026-08-26,SKT,0.117584,2022,39923976.58,339536445
2026-08-26,SKZ,1.032807,716,122954273.98,119048660
2026-08-26,SLF,11.372373,6861,1141089059.38,100338692
2026-08-26,SLG,1.40993,742,488781173.85,346670622
2026-08-26,SLR,0.316825,5,1202891103.37,3796699149
2026-08-26,SLS,0.628682,13,378912.89,602710
2026-08-26,SMP,1.040403,1,1456563500.23,1400000000
2026-08-26,SNY,1.513527,493,524920465.81,346819267
2026-08-26,SOS,1.735428,395,26607897.74,15332185
2026-08-26,SPA,70.266706,198,3171035252.14,45128560
2026-08-26,SPD,82.598429,1,349746528.08,4234300
2026-08-26,SPE,108.700883,1246,4322446261.58,39764592
2026-08-26,SPN,10.009396,374,1504129018.88,150271709
2026-08-26,SPP,1.605837,723,523786187.11,326176359
2026-08-26,SPR,1.342162,166,8849484.78,6593453
2026-08-26,SPT,2.217789,813,95943758.85,43260987
2026-08-26,SRA,16.869091,1,2376803923.93,140896981
2026-08-26,SRE,64.047521,1,1002420372.66,15651197
2026-08-26,SRL,1.780342,3112,73441214.48,41251183
2026-08-26,SRO,25.127622,6,7004447228.67,278754881
2026-08-26,SSD,54.100198,1,558997162.38,10332627
2026-08-26,SSE,0.003453,11,108785316.05,31504588703
2026-08-26,SSF,0.948834,15,1227456.27,1293647
2026-08-26,SSK,1.791942,586,50824941.74,28363052
2026-08-26,SSN,59.53864,4,776888104.44,13048469
2026-08-26,SSO,15.026284,1,7661572562.93,509878048
2026-08-26,SSS,1.42704,5266,255970833.83,179371809
2026-08-26,SST,1.611782,22,9510336.48,5900512
2026-08-26,ST1,189.745603,2459,652559922.59,3439130.66
2026-08-26,STI,1.276389,69,184429283.53,144493010
2026-08-26,STM,3.223782,12,384761.62,119351
2026-08-26,STS,86.347256,27,420270658.37,4867215
2026-08-26,STZ,24.689064,83,535899663.21,21705953
2026-08-26,SUA,0.598905,1165,2219437747.37,3705827183
2026-08-26,SUB,0.399138,758,110567758.03,277016247
2026-08-26,SUC,22.720556,546,586691111.33,25822040
2026-08-26,SUR,1.155904,90,216943028.4,187682506
2026-08-26,SVB,9.458791,1326,249354089.14,26362152
2026-08-26,SVS,2.751474,1,1139739617.74,414228781
2026-08-26,SVY,1.69635,2,3599685037.57,2122017742
2026-08-26,SYF,244.764425,6,1827620226.29,7466854
2026-08-26,SYL,4143.194173,1,1146861006.19,276806
2026-08-26,SYR,50.027186,22,310211673.87,6200862
2026-08-26,SYS,49.235932,121,1775694223,36065007
2026-08-26,T3B,0.126725,16,14228119547.95,112275362952
2026-08-26,TAL,2.922952,753,38115905.64,13040208
2026-08-26,TAO,21.087855,1,1114628847.96,52856435
2026-08-26,TAR,2.580077,6770,132577139.45,51384957
2026-08-26,TAU,0.63197,34756,2414783147.4,3821040451
2026-08-26,TAZ,2.510447,2,1183721340.41,471518068
2026-08-26,TB9,53.522383,10722,40583843218.43,758259266
2026-08-26,TBP,0.282226,197,468086199.2,1658549609
2026-08-26,TBT,54.131117,2438,417937721.25,7720840.519
2026-08-26,TBV,0.412576,7895,1203191953.55,2916291950
2026-08-26,TCA,0.828475,46097,14664160946.87,17700185541.442
2026-08-26,TCB,0.236082,4674,3008493699.46,12743447142
2026-08-26,TCC,0.081013,390,476938392.7,5887205085
2026-08-26,TCD,49.411555,11768,1479260344.17,29937539
2026-08-26,TCF,4.574445,2782,3301239707.74,721670004
2026-08-26,TCG,1.336526,1,189328412.38,141657132
2026-08-26,TCH,2.245032,58,242023966.62,107804233
2026-08-26,TCI,11.530361,15,1400124189.16,121429349
2026-08-26,TCS,42.990082,44,1459829523.85,33957356
2026-08-26,TDG,0.531034,2081,732468195.16,1379325676
2026-08-26,TDP,60.0907,44,328078815.64,5459727
2026-08-26,TE3,41.470784,2886,1156452904.75,27885967
2026-08-26,TE4,6.591354,1439,1757895753.78,266697199
2026-08-26,TEJ,2.75493,1337,739494303.68,268425778
2026-08-26,TFE,2.843267,116,34845590.33,12255477
2026-08-26,TFF,42.842176,9009,1324887472.03,30924841
2026-08-26,TFU,1.289845,1315,472547481.28,366359855
2026-08-26,TGA,0.484949,6221,818327443.87,1687449028
2026-08-26,TGE,0.295777,37456,3033324439.77,10255448855
2026-08-26,TGN,1.457275,1972,2264772336.9,1554114110
2026-08-26,TGR,7.127392,5688,115633286.72,16223787
2026-08-26,TGT,0.120453,61229,3364974377.31,27936038103
2026-08-26,TGV,11.156546,13,7099928257.2,636391228
2026-08-26,TGZ,6.222769,12,1130232306.88,181628509
2026-08-26,THD,2.745502,203,8701720.54,3169446
2026-08-26,THF,2.594235,90711,46764907173.92,18026471111
2026-08-26,THG,7.210888,177,174077580.33,24140934
2026-08-26,THH,158.26845,1,2019268341.07,12758502
2026-08-26,THO,50.945154,12,4872449141.06,95641072
2026-08-26,THS,64.197533,1,421179087.23,6560674
2026-08-26,THT,0.210857,361,10911718.7,51749351
2026-08-26,THV,51.31131,17,2314201962.96,45101206
2026-08-26,TI1,1675.064367,237465,224695827047.52,134141607.65
2026-08-26,TI2,0.128832,20796,3426646893.85,26597737422
2026-08-26,TI3,0.110479,21700,1970431628.55,17835403843
2026-08-26,TI4,0.065194,13947,1953047477.63,29957305582
2026-08-26,TI6,0.054366,4755,557474612.81,10254032147
2026-08-26,TI7,78.883564,9694,1182348664.74,14988530
2026-08-26,TIE,0.768569,18686,1760559610.1,2290697341
2026-08-26,TIL,1.415029,1650,90553221.84,63993897
2026-08-26,TIP,50.078404,72,785819741.9,15691789
2026-08-26,TIV,53.282884,115715,23445001872.56,440010001.112
2026-08-26,TJB,10.033269,1,819742465.48,81702428
2026-08-26,TJF,5.334457,540,53843650.15,10093557
2026-08-26,TJI,6.560014,913,602961917.82,91914724
2026-08-26,TJL,21.107319,4,1435100786.67,67990671
2026-08-26,TJT,68.956387,1844,2310138178.92,33501439
2026-08-26,TKF,69.879284,4271,997783376.87,14278672
2026-08-26,TKH,2.162306,1,441604755.74,204228599
2026-08-26,TKK,1.773647,113011,1812760719.78,1022052700
2026-08-26,TKM,0.21648,504055,74693236812.06,345035899886
2026-08-26,TLC,1.060512,268,339496135.51,320124724
2026-08-26,TLE,28.5164,915,534610008.33,18747458
2026-08-26,TLH,27.756858,330,129749906.64,4674517
2026-08-26,TLK,1.777359,1033,3612658938.81,2032599363
2026-08-26,TLT,71.285616,1,403738134.79,5663669
2026-08-26,TLU,53.699994,518,8930911341.72,166311216
2026-08-26,TLV,1.37231,10499,3926146579.74,2860976843
2026-08-26,TLY,9022.019037,110539,271106755063.62,30049455
2026-08-26,TLZ,20.194514,876,75194312.9,3723502
2026-08-26,TMC,0.163852,11664,159159077.47,971361269
2026-08-26,TMG,1.445099,35523,5038237771.01,3486431819
2026-08-26,TMH,0,12,0,0
2026-08-26,TMM,73.442855,1454,1090101938.02,14842859
2026-08-26,TMR,7.763494,1,9218955127.78,1187475000
2026-08-26,TMS,2.166867,85,416325125.24,192132300
2026-08-26,TMU,1.433804,90,59147242.92,41251960
2026-08-26,TMV,9.727982,13181,38628292433.16,3970843458
2026-08-26,TMZ,1.984194,2558,51340528.56,25874756
2026-08-26,TNB,50.325307,82,716140837.57,14230233
2026-08-26,TND,1.510693,495,193056597.83,127793403
2026-08-26,TNF,4.276242,3,5200440051.48,1216123947
2026-08-26,TNH,12.001411,3,100832470.15,8401718
2026-08-26,TNI,11.416456,2611,7622243510.8,667654076
2026-08-26,TNK,33.985478,73969,4095096882.39,120495491
2026-08-26,TNS,13.234622,16,96485133.39,7290358
2026-08-26,TO8,57.125411,101,731155624.51,12799131
2026-08-26,TOK,59.635108,6979,24839042399.81,416517103
2026-08-26,TOT,957.655371,642,116230632.37,121370
2026-08-26,TP1,68.33333,1,383430545.19,5611179
2026-08-26,TP2,2.184536,158240,203916008468.86,93345234819
2026-08-26,TPC,13.645826,12519,6157011628.97,451201098
2026-08-26,TPE,0.551454,34,2359072100.78,4277909763
2026-08-26,TPF,11.147378,514,124222644.09,11143665
2026-08-26,TPJ,78.734555,1467,2300774695.96,29221918
2026-08-26,TPL,21.289657,1517,500871465.79,23526516.006
2026-08-26,TPO,0.182206,3,106687580.38,585531154
2026-08-26,TPP,78.982446,392,1890365869.67,23934000
2026-08-26,TPR,0.482888,1,10393777.73,21524221
2026-08-26,TPV,10.598115,44,8070348.04,761489
2026-08-26,TPZ,28.566902,1522,146015351.39,5111347
2026-08-26,TRJ,2.179306,4217,2263929423.84,1038830517
2026-08-26,TRN,1.128321,1,2063838632.07,1829123080
2026-08-26,TRO,2.662332,383,30665356.11,11518231
2026-08-26,TRR,6.467718,462,2377367055.02,367574345
2026-08-26,TRU,1.518905,267,294086301.86,193617285
2026-08-26,TSI,0.208195,78263,22835123707.29,109681171183
2026-08-26,TSP,71.062513,5,1743644040.18,24536763
2026-08-26,TTA,0.656862,223791,28030004338.96,42672577078
2026-08-26,TTE,1.73513,47617,4019448906.9,2316512183
2026-08-26,TTL,38.844195,371,305915746.03,7875456
2026-08-26,TTP,51.679891,105,889612729.54,17213905
2026-08-26,TTS,70.650076,1,2196264002.91,31086506
2026-08-26,TTV,8.84354,33,2790241142.91,315511799
2026-08-26,TTZ,3.684653,7,236093545.25,64074841
2026-08-26,TUA,1.547206,31514,16242548367.08,10497990223.209
2026-08-26,TVE,1.151662,349,219123473.42,190267172
2026-08-26,TVN,2.948916,533,12500402.75,4238983
2026-08-26,TYH,2.104986,6268,1151367190.29,546971426.836
2026-08-26,TZC,0.316043,1136,31526562.47,99753888
2026-08-26,TZD,2.561686,7901,677720793.36,264560399.054
2026-08-26,TZH,8.575419,1,61704540030.1,7195513139
2026-08-26,TZL,0.138881,184188,96221718486.5,692836845332.17
2026-08-26,TZP,14.288977,14,1128585153.44,78982922
2026-08-26,TZT,0.169951,5815,311311863.15,1831778026.044
2026-08-26,TZV,953.413636,134261,30685789955.61,32185180.5
2026-08-26,UAB,5.460409,2,644560561.57,118042548
2026-08-26,UAP,71.230585,1,467732072.78,6566450
2026-08-26,UCN,2.063605,2,1124131523.64,544741624
2026-08-26,UCP,1.332043,26,28205158318.69,21174357521
2026-08-26,UFH,73.241047,1,269255987.87,3676299
2026-08-26,UHL,73.95307,1,2641881736.78,35723760
2026-08-26,UHS,6.970255,13,375082929.8,53811937
2026-08-26,ULH,6.523617,242,1271648628.51,194930002
2026-08-26,ULL,70.621838,3,289337316.22,4096995
2026-08-26,UNT,1.572669,257,23893717851.84,15193095582
2026-08-26,UP1,6.589856,1466,1464266373.72,222200066
2026-08-26,UP2,4.241529,293,2748251797.79,647938931.14
2026-08-26,UPD,22.216036,255,2439125759.9,109791222
2026-08-26,UPH,30.627231,525,185436947.5,6054643
2026-08-26,UPP,7.071124,901,2533102024.86,358231858
2026-08-26,UPS,5.058882,1,1067955287.36,211105000
2026-08-26,URA,2.012528,9327,705992559.66,350798944
2026-08-26,URC,55.783816,151,161775912.77,2900051
2026-08-26,URD,50.327585,12,11002123002.05,218610191
2026-08-26,URG,76.421674,1,573372868.23,7502752
2026-08-26,URM,49.123366,5,8475325864.02,172531457
2026-08-26,URS,3.860719,1,1011852410.3,262089128
2026-08-26,URV,3.444058,2,9248671993.84,2685399860
2026-08-26,USS,3.873893,1,4199434294.26,1084034643
2026-08-26,UST,4.234986,1,1985526490.58,468839001
2026-08-26,USY,0.262871,390,1336731132.09,5085112694
2026-08-26,UYH,5.079385,12,683492915.01,134562128
2026-08-26,UZY,9.296569,39,282733483.26,30412670
2026-08-26,VAY,1.580568,2994,48805209.08,30878266
2026-08-26,VCD,6.361517,12,4472700140.92,703086995
2026-08-26,VCG,5.763682,12,1996228940.95,346346139
2026-08-26,VCY,3.476848,12136,164312562.91,47259054
2026-08-26,VFK,5.492328,5656,3072979544.15,559504004
2026-08-26,VFO,1.062993,5665,310799953.66,292381935
2026-08-26,VFS,1.979508,1,6375390.46,3220695
2026-08-26,VHS,0.992876,426,51517079.69,51886735
2026-08-26,VK6,4.17691,160582,80978550159.57,19387189550.988
2026-08-26,VKI,3.12245,348,849521164.27,272068813
2026-08-26,VKK,1.088978,424,71203666.73,65385790
2026-08-26,VKT,0.12249,42676,4471521335.89,36505106884.964
2026-08-26,VKV,1.089433,874,473843192.44,434944796
2026-08-26,VLT,1.077194,605,67220836.13,62403621
2026-08-26,VMV,2.799903,152,7286550869.19,2602429988
2026-08-26,VNK,2.449346,242,3807747894.76,1554597763
2026-08-26,VPA,1.116,3246,8011212741.7,7178508970
2026-08-26,VPP,54.077743,568,1559932563.26,28846111
2026-08-26,VPS,0.890617,5949,1294835032.48,1453862955
2026-08-26,VRK,1.345962,152,51019115.01,37905302
2026-08-26,VTF,2.202689,1,421042782.6,191149460
2026-08-26,VTL,1.113716,6988,2915036509.01,2617395568
2026-08-26,YA1,1.430249,24,18351210891.54,12830781485
2026-08-26,YAC,14.854797,9844,5509629924.51,370899043
2026-08-26,YAE,1.189717,601,81210021.41,68259931
2026-08-26,YAK,5.231822,108096,1135117716.76,216964128.414
2026-08-26,YAN,14.620904,3584,1859289534.72,127166525
2026-08-26,YAR,27.443825,1,768427090.43,28000000
2026-08-26,YAS,14.983967,62110,6515382177.35,434823586
2026-08-26,YAY,1822.48324,44299,13181254012.41,7232579
2026-08-26,YBE,1.858147,14000,5059702209.58,2722982868
2026-08-26,YBH,54.333381,599,641654080.15,11809574
2026-08-26,YBJ,58.929703,1,1948536792.55,33065444
2026-08-26,YBP,12.768554,55,956383676.76,74901488
2026-08-26,YBR,55.860034,2563,6290722648.33,112615805
2026-08-26,YBS,0.146277,11896,2038216638.67,13933934882
2026-08-26,YCG,61.126235,4,203562893.81,3330205
2026-08-26,YCH,2.72325,114,108847363.59,39969656
2026-08-26,YCK,4.621885,207,414050766.43,89584817
2026-08-26,YCL,10.455884,12,200828807.76,19207253
2026-08-26,YCP,8.424434,2002,990620498.33,117588964
2026-08-26,YCY,4.127756,275,272114069.96,65922995
2026-08-26,YDH,1.154392,1,5171772227.11,4480085038
2026-08-26,YDI,0.484014,6935,1171180190.31,2419724245
2026-08-26,YDK,0.120518,48479,148654470.78,1233460561
2026-08-26,YDL,60.197491,8,1260308763.79,20936234
2026-08-26,YDM,1.93956,2,1316352959.19,678686262
2026-08-26,YDP,2.309707,2472,390989526.18,169281015
2026-08-26,YDZ,55.224076,2914,11503596016.78,208307622
2026-08-26,YEF,0.994534,13334,1861929857.5,1872162173.008
2026-08-26,YFV,0.106188,7470,891976081.94,8399938305
2026-08-26,YGM,3.388897,1919,540401590.99,159462371
2026-08-26,YHB,2.483497,7172,278418720.11,112107518
2026-08-26,YHI,1.529783,236,58048072.03,37945303
2026-08-26,YHK,2.120088,7063,1220714841.59,575785084
2026-08-26,YHP,4.683582,1,1826596911.31,390000000
2026-08-26,YHS,27.29865,8755,3059093953.98,112060264
2026-08-26,YHT,0.41549,85826,2117520118.67,5096440946.894
2026-08-26,YHY,1.053247,18,192027810.07,182319880
2026-08-26,YHZ,9.933616,18214,1527643037.82,153785186
2026-08-26,YIK,1.543783,1518,27342827497.75,17711571176
2026-08-26,YIS,1.429904,1,1058666457.51,740375889
2026-08-26,YIT,2.661827,17016,2365614721.02,888718336
2026-08-26,YIV,3.632091,2,5800080576.48,1596898432
2026-08-26,YJA,67.757818,4,405661518.46,5986933
2026-08-26,YJH,3.829796,4121,192310885.09,50214391
2026-08-26,YJK,5.692218,14225,1030746010.05,181079869
2026-08-26,YJU,66.810767,1,444799829.5,6657607
2026-08-26,YJY,58.141826,9137,76786934374.32,1320683227
2026-08-26,YKS,0.350268,354,600526974.74,1714478404
2026-08-26,YKT,0.937525,86703,35274332269.89,37624965977
2026-08-26,YLB,1.828581,355508,111427707001.51,60936720454
2026-08-26,YLC,3.938468,1352,74395069.09,18889344
2026-08-26,YLE,8.842746,2261,242105461.86,27378991
2026-08-26,YLO,5.501744,5121,247963530.26,45069989
2026-08-26,YLR,2.329918,4,11411.94,4898
2026-08-26,YLY,2.274784,890,32042781.81,14086077
2026-08-26,YLZ,3.479135,17,3886938444.95,1117214008
2026-08-26,YMD,56.887889,1465,7811022370.27,137305540
2026-08-26,YMH,1.59396,321,424222572.82,266143721
2026-08-26,YMP,1.164377,113,454029353.02,389933379
2026-08-26,YNF,1.025073,161,361715.32,352868
2026-08-26,YNK,48.357597,1175,20104423340.01,415744880
2026-08-26,YNL,55.687572,1,221744012.46,3981930
2026-08-26,YOA,90.154061,140,1928304484.53,21388992
2026-08-26,YOS,57.259448,277,1202508246.09,21001045
2026-08-26,YOT,40.642701,9783,1826965986.41,44951884.059
2026-08-26,YOZ,49.793596,2118,47560236565.31,955147658
2026-08-26,YP1,64.720547,3,220888184.54,3412953
2026-08-26,YP2,73.967686,1,1374996257.12,18589148
2026-08-26,YP4,54.69505,29457,134169411884.78,2453044855
2026-08-26,YPC,5.599304,2339,51965177.51,9280650
2026-08-26,YPD,68.466666,2,100554322.65,1468661
2026-08-26,YPF,10.406806,582,1437724496.68,138152325
2026-08-26,YPI,56.677499,59,2037845558.84,35955107
2026-08-26,YPK,14.561422,226,206685643.38,14194056
2026-08-26,YPL,74.012525,1570,13692196499.98,184998370
2026-08-26,YPN,68.565611,1084,3759522003.81,54831014
2026-08-26,YPP,25.625017,1,4793385159.5,187058807
2026-08-26,YPR,1.726207,323,80678114.81,46737222
2026-08-26,YPT,4.16252,19359,132143062746.61,31745929591
2026-08-26,YPU,67.565191,1910,4928724454.53,72947688
2026-08-26,YPV,8.007846,3352,5607688096.36,700274213
2026-08-26,YRZ,48.934331,156,805140041.06,16453480
2026-08-26,YSA,49.254043,305,399882691.11,8118779
2026-08-26,YSH,0.985149,436,61635246.62,62564421
2026-08-26,YSL,43.915243,376,682349242.2,15537868
2026-08-26,YSO,1.658652,387,92219216.29,55598904
2026-08-26,YSU,0.17652,6125,247069853.85,1399669986
2026-08-26,YTD,0.953704,14920,1759924053.39,1845356115
2026-08-26,YTJ,70.468004,1,1238026990.72,17568640
2026-08-26,YTO,53.806023,4,710944519.83,13213103
2026-08-26,YTR,81.563176,2,631739259.58,7745398
2026-08-26,YTV,3.153525,2245,200853157.81,63691637
2026-08-26,YTY,59.802621,20715,119600237759.46,1999916306
2026-08-26,YUB,5.489986,584,397170445.02,72344524
2026-08-26,YUD,76.138726,2,258376765.37,3393500
2026-08-26,YUI,1.989271,7,953258764.44,479200096
2026-08-26,YUK,50.538999,147,1373497372.66,27176980
2026-08-26,YUN,58.777906,582,3230176496.76,54955624
2026-08-26,YUY,1.029778,2,1019852436.56,990361196
2026-08-26,YVB,1.385178,630,101060889.4,72958762
2026-08-26,YVD,4.438506,81700,46397049582.94,10453302399
2026-08-26,YVF,74.053787,4,959239146.15,12953276
2026-08-26,YVG,63.979876,1215,6070628593.14,94883407
2026-08-26,YVO,70.671868,2,740827466.98,10482636
2026-08-26,YVS,76.795531,6,443702458.15,5777712
2026-08-26,YZC,5.139212,12354,683475283.49,132992234
2026-08-26,YZF,101.799869,1,483549380.06,4750000
2026-08-26,YZG,13.73808,61049,11480996127.28,835706007
2026-08-26,YZH,10.846854,5542,641939651.26,59182105
2026-08-26,YZK,7.905343,190,211172256.2,26712599
2026-08-26,YZL,5.70831,58,540461855.06,94679828
2026-08-26,YZT,0.993774,8398,413621023.32,416212210
2026-08-26,ZA2,2.061244,566,4003211035.74,1942133650
2026-08-26,ZAD,46.492831,51,16215583.68,348776
2026-08-26,ZAV,57.947986,4866,63598954221.39,1097517947
2026-08-26,ZAY,6.433811,3301,1489613589.31,231528977
2026-08-26,ZBD,680.069988,2068,933921344.84,1373272.389
2026-08-26,ZBI,2.301249,1855,180952901.03,78632473
2026-08-26,ZBJ,5.206711,20119,68749530390.83,13204022141.583
2026-08-26,ZBN,23.743154,168,147885395.75,6228549
2026-08-26,ZBO,3.272925,231,457197378.5,139690745
2026-08-26,ZBZ,68.282665,1,358472726.61,5249835
2026-08-26,ZCA,8.653207,1,65207088.96,7535598
2026-08-26,ZCB,74.751835,3,2402598.72,32141
2026-08-26,ZCC,80.395413,2,424910256.66,5285255
2026-08-26,ZCD,4.797582,463,1360492384.99,283578769
2026-08-26,ZCE,4.714367,1,13236686727,2807733694
2026-08-26,ZCF,4.134217,1,1905866686.31,460998205
2026-08-26,ZCG,6.770234,156,1041654466.43,153857977
2026-08-26,ZCH,2.483287,1,5110590740.95,2057994652
2026-08-26,ZCK,1.874237,2363,398745815.27,212751060
2026-08-26,ZCN,4.087357,6558,588302330.29,143932200
2026-08-26,ZDD,7.549297,1417,515071834.74,68227790
2026-08-26,ZDK,15.854247,1,3322067.16,209538
2026-08-26,ZDZ,12.904718,8647,1016801675.88,78793018
2026-08-26,ZFB,7.267345,15274,1041159854.31,143265506
2026-08-26,ZFZ,70.649716,3,22708733546.05,321427105
2026-08-26,ZHH,1.472123,1055,89123957.78,60541099
2026-08-26,ZIH,0.97511,10011,643700829.66,660131205
2026-08-26,ZJB,10.465721,1743,8471236649.84,809426917
2026-08-26,ZJH,62.147365,1,210430916.99,3385999
2026-08-26,ZJI,10.836636,1680,6861747905.92,633199079
2026-08-26,ZJL,15.236592,2600,415264175.09,27254400
2026-08-26,ZJT,68.604337,1,1364894198.21,19895159
2026-08-26,ZJV,10.888388,1347,685074477.84,62917900
2026-08-26,ZK1,50.752193,107,2218260035.06,43707669
2026-08-26,ZK2,58.836251,72,1400831594.13,23808988
2026-08-26,ZKK,25.438705,1,2382779210.31,93667474
2026-08-26,ZLB,50.552915,45,478114756.81,9457709
2026-08-26,ZLG,65.043494,1,1094864903.73,16832812
2026-08-26,ZLH,11.560569,3387,453455226.8,39224300
2026-08-26,ZMT,63.8367,314,1711501751.72,26810624
2026-08-26,ZMU,0.21402,14,19322406.35,90283015
2026-08-26,ZMY,6.509339,2819,191949989.04,29488400
2026-08-26,ZNF,55.75585,1,848593887.69,15219818
2026-08-26,ZOS,1.89614,11,581207475.97,306521428
2026-08-26,ZP1,63.579711,2,64465885.47,1013938
2026-08-26,ZP2,5.812423,1,620687594.86,106786382
2026-08-26,ZP3,4.865541,1,544073717.41,111821825
2026-08-26,ZP6,58.766604,1514,5696162563.24,96928564
2026-08-26,ZP7,68.877822,1,1300845343.95,18886273
2026-08-26,ZP8,4.098738,4362,62252074072.55,15188108899
2026-08-26,ZP9,61.291339,812,2211944609.71,36089024
2026-08-26,ZPA,67.286256,901,3732169990.73,55467048
2026-08-26,ZPC,19.755081,2779,3260145819.01,165028216
2026-08-26,ZPE,35.573515,7191,1280937560.96,36008180.836
2026-08-26,ZPF,23.294436,3428,752307170.02,32295574
2026-08-26,ZPG,10.718344,6449,1572877860.47,146746345.425
2026-08-26,ZPH,1.522293,56,515186198.76,338427805
2026-08-26,ZPJ,11.603633,323,119305882.5,10281770
2026-08-26,ZPK,8.448401,29878,19219320479.83,2274906378.001
2026-08-26,ZPN,72.907961,1,1962009009.74,26910765
2026-08-26,ZPO,1.045654,1582,1482602522.54,1417870775
2026-08-26,ZPR,1.551569,931,43932894467.5,28315141491
2026-08-26,ZR2,1.467256,1,1389007165.41,946669725
2026-08-26,ZR3,0.527468,146,159658583.66,302688432
2026-08-26,ZSB,12.122685,24,3628509949.85,299315692
2026-08-26,ZSF,53.168454,1606,41163814.87,774215
2026-08-26,ZSG,4.345779,920,49254621.77,11333900
2026-08-26,ZSK,58.96686,1,2566322061.06,43521430
2026-08-26,ZSN,57.086399,2,3108928760.95,54460061
2026-08-26,ZTF,7.604051,1,2090065330.14,274862095
2026-08-26,ZTG,1.329347,1031,38686719.04,29102042
2026-08-26,ZTV,1.02801,1285,487201199.59,473926566
2026-08-26,ZUD,4.29934,1,893186115.94,207749576
2026-08-26,ZUE,5.132288,1,7853391374.22,1530193061
2026-08-26,ZUS,50.690116,3360,59771283152.5,1179150638
2026-08-26,ZVB,97.155379,11,243726605.79,2508627
2026-08-26,ZVO,3.54345,321,815367622.75,230105612
2026-08-26,ZYC,4.956569,1,9089289209.53,1833786550
2026-08-26,ZYD,4.924517,1,9081734061.92,1844187892
2026-08-26,ZZL,84.672239,15,43125180.12,509319
